#
# There is insufficient memory for the Java Runtime Environment to continue.
# Native memory allocation (malloc) failed to allocate 1034496 bytes. Error detail: Chunk::new
# Possible reasons:
#   The system is out of physical RAM or swap space
#   This process is running with CompressedOops enabled, and the Java Heap may be blocking the growth of the native heap
# Possible solutions:
#   Reduce memory load on the system
#   Increase physical memory or swap space
#   Check if swap backing store is full
#   Decrease Java heap size (-Xmx/-Xms)
#   Decrease number of Java threads
#   Decrease Java thread stack sizes (-Xss)
#   Set larger code cache with -XX:ReservedCodeCacheSize=
#   JVM is running with Unscaled Compressed Oops mode in which the Java heap is
#     placed in the first 4GB address space. The Java Heap base address is the
#     maximum limit for the native heap growth. Please use -XX:HeapBaseMinAddress
#     to set the Java Heap base and to place the Java Heap above 4GB virtual address.
# This output file may be truncated or incomplete.
#
#  Out of Memory Error (arena.cpp:191), pid=22788, tid=24712
#
# JRE version: OpenJDK Runtime Environment Temurin-17.0.18+8 (17.0.18+8) (build 17.0.18+8)
# Java VM: OpenJDK 64-Bit Server VM Temurin-17.0.18+8 (17.0.18+8, mixed mode, sharing, tiered, compressed oops, compressed class ptrs, g1 gc, windows-amd64)
# No core dump will be written. Minidumps are not enabled by default on client versions of Windows
#

---------------  S U M M A R Y ------------

Command Line: -XX:MaxMetaspaceSize=512m --add-opens=java.base/java.util=ALL-UNNAMED --add-opens=java.base/java.lang=ALL-UNNAMED --add-opens=java.base/java.lang.invoke=ALL-UNNAMED --add-opens=java.prefs/java.util.prefs=ALL-UNNAMED --add-opens=java.base/java.nio.charset=ALL-UNNAMED --add-opens=java.base/java.net=ALL-UNNAMED --add-opens=java.base/java.util.concurrent.atomic=ALL-UNNAMED -Xmx2048m -Dfile.encoding=windows-1252 -Duser.country=ID -Duser.language=en -Duser.variant -javaagent:C:\Users\HP\.gradle\wrapper\dists\gradle-8.3-all\6en3ugtfdg5xnpx44z4qbwgas\gradle-8.3\lib\agents\gradle-instrumentation-agent-8.3.jar org.gradle.launcher.daemon.bootstrap.GradleDaemon 8.3

Host: Intel(R) Core(TM) 5 120U, 12 cores, 7G,  Windows 11 , 64 bit Build 26100 (10.0.26100.8737)
Time: Thu Jun 25 13:45:16 2026 SE Asia Standard Time elapsed time: 92.903209 seconds (0d 0h 1m 32s)

---------------  T H R E A D  ---------------

Current thread (0x000001d8e97774f0):  JavaThread "C2 CompilerThread0" daemon [_thread_in_native, id=24712, stack(0x0000007a64f00000,0x0000007a65000000)]


Current CompileTask:
C2:92903 21944       4       javax.management.ObjectName::construct (1135 bytes)

Stack: [0x0000007a64f00000,0x0000007a65000000]
Native frames: (J=compiled Java code, j=interpreted, Vv=VM code, C=native code)
V  [jvm.dll+0x6846f9]
V  [jvm.dll+0x839ea5]
V  [jvm.dll+0x83b91e]
V  [jvm.dll+0x83bfa3]
V  [jvm.dll+0x248eff]
V  [jvm.dll+0xad496]
V  [jvm.dll+0xadb3c]
V  [jvm.dll+0x2b05df]
V  [jvm.dll+0x58acf5]
V  [jvm.dll+0x222e84]
V  [jvm.dll+0x22327d]
V  [jvm.dll+0x21bfdb]
V  [jvm.dll+0x2190fe]
V  [jvm.dll+0x1a4920]
V  [jvm.dll+0x22989a]
V  [jvm.dll+0x227a4b]
V  [jvm.dll+0x7f0658]
V  [jvm.dll+0x7eaaec]
V  [jvm.dll+0x6835c7]
C  [ucrtbase.dll+0x2cd30]
C  [KERNEL32.DLL+0x2e957]
C  [ntdll.dll+0xaad6c]


---------------  P R O C E S S  ---------------

Threads class SMR info:
_java_thread_list=0x000001d8fce191c0, length=220, elements={
0x000001d8cae2e0e0, 0x000001d8e9756260, 0x000001d8e975ac50, 0x000001d8e9772e70,
0x000001d8e9773740, 0x000001d8e9774010, 0x000001d8e97748e0, 0x000001d8e97774f0,
0x000001d8e977fe10, 0x000001d8e9786740, 0x000001d8e99e1270, 0x000001d8e9a7f770,
0x000001d8efb50a00, 0x000001d8eef58500, 0x000001d8ee04eb70, 0x000001d8efa7bbe0,
0x000001d8efa7c0c0, 0x000001d8f02e3c40, 0x000001d8f02e1de0, 0x000001d8f02e4150,
0x000001d8f02e22f0, 0x000001d8f02e0eb0, 0x000001d8f02e2d10, 0x000001d8f02e3220,
0x000001d8f02e2800, 0x000001d8f02e4660, 0x000001d8f0fb4810, 0x000001d8f0fb1060,
0x000001d8f0fb4d20, 0x000001d8f0fb1570, 0x000001d8f0fb38e0, 0x000001d8f0fb4300,
0x000001d8f0fb1f90, 0x000001d8f0fb5230, 0x000001d8f0fb29b0, 0x000001d8f0fb5c50,
0x000001d8f0fb89e0, 0x000001d8f0fb6670, 0x000001d8f0fb5740, 0x000001d8f0fb6b80,
0x000001d8f0fb7090, 0x000001d8f0fb75a0, 0x000001d8f0fb7ab0, 0x000001d8f0fb7fc0,
0x000001d8f21978b0, 0x000001d8f2198cf0, 0x000001d8f2196980, 0x000001d8f21982d0,
0x000001d8f21987e0, 0x000001d8f2195a50, 0x000001d8f2197dc0, 0x000001d8f2199710,
0x000001d8f2196470, 0x000001d8f21973a0, 0x000001d8f2195f60, 0x000001d8f2199c20,
0x000001d8f219a130, 0x000001d8f219a640, 0x000001d8f2196e90, 0x000001d8f219b060,
0x000001d8f219c4a0, 0x000001d8f219ab50, 0x000001d8f219d3d0, 0x000001d8f2e7a6e0,
0x000001d8f2e7b100, 0x000001d8f2e7abf0, 0x000001d8f2e7b610, 0x000001d8f2e7bb20,
0x000001d8f2e78370, 0x000001d8f2e792a0, 0x000001d8f2e7a1d0, 0x000001d8f2e78d90,
0x000001d8f2e78880, 0x000001d8f2e7c540, 0x000001d8f2e7ca50, 0x000001d8f2e7cf60,
0x000001d8f2e797b0, 0x000001d8f2e7d470, 0x000001d8f2e79cc0, 0x000001d8f2e7f7e0,
0x000001d8f2e7d980, 0x000001d8f2e7de90, 0x000001d8f2e7e3a0, 0x000001d8f2e7edc0,
0x000001d8f2e7f2d0, 0x000001d8f2e7e8b0, 0x000001d8f07f14e0, 0x000001d8f07f00a0,
0x000001d8f07f05b0, 0x000001d8f07f0ac0, 0x000001d8f07f1f00, 0x000001d8f07f0fd0,
0x000001d8f07f19f0, 0x000001d8f07ee750, 0x000001d8f07f2410, 0x000001d8f07eec60,
0x000001d8f07ef680, 0x000001d8f07efb90, 0x000001d8f07f2920, 0x000001d8f07ef170,
0x000001d8f07f4780, 0x000001d8f07f2e30, 0x000001d8f07f51a0, 0x000001d8f07f56b0,
0x000001d8f07f60d0, 0x000001d8f07f3340, 0x000001d8f07f4c90, 0x000001d8f07f5bc0,
0x000001d8f07f3850, 0x000001d8f07f3d60, 0x000001d8f0a2e3f0, 0x000001d8f0a2f320,
0x000001d8f0a2ee10, 0x000001d8f0a2fd40, 0x000001d8f0a30760, 0x000001d8f0a30250,
0x000001d8f0a2cfb0, 0x000001d8f0a30c70, 0x000001d8f0a2d4c0, 0x000001d8f0a31180,
0x000001d8f0a320b0, 0x000001d8f0a31690, 0x000001d8f9e1ad30, 0x000001d8f9e1b240,
0x000001d8f9e1bc60, 0x000001d8f9e1b750, 0x000001d8f9e1a310, 0x000001d8f9e1a820,
0x000001d8f3de7300, 0x000001d8f3de7810, 0x000001d8f3de6df0, 0x000001d8f3de54a0,
0x000001d8f3de63d0, 0x000001d8f9de1ad0, 0x000001d8f9de2f10, 0x000001d8f9de2a00,
0x000001d8f26163d0, 0x000001d8f2616df0, 0x000001d8f2617300, 0x000001d8f26168e0,
0x000001d8f2617810, 0x000001d8f2617d20, 0x000001d8f34e3d30, 0x000001d8f34e4240,
0x000001d8f3de5ec0, 0x000001d8f3de4060, 0x000001d8f3de4570, 0x000001d8f3de68e0,
0x000001d8f3de4a80, 0x000001d8f3de59b0, 0x000001d8f9040b10, 0x000001d8f9042e80,
0x000001d8f9041530, 0x000001d8f9040600, 0x000001d8f9043390, 0x000001d8f02e13c0,
0x000001d8f0a32fe0, 0x000001d8f0a325c0, 0x000001d8f0a31ba0, 0x000001d8f0a32ad0,
0x000001d8f36241c0, 0x000001d8f36246d0, 0x000001d8f3624be0, 0x000001d8f36250f0,
0x000001d8f36237a0, 0x000001d8fa144c90, 0x000001d8fa1460d0, 0x000001d8fa147000,
0x000001d8fa1465e0, 0x000001d8fa145bc0, 0x000001d8fa147510, 0x000001d8fa144270,
0x000001d8fa1451a0, 0x000001d8fa1456b0, 0x000001d8fa144780, 0x000001d8fa146af0,
0x000001d8fa147a20, 0x000001d8f9de1fe0, 0x000001d8f9de3420, 0x000001d8fa162320,
0x000001d8f0a33a00, 0x000001d8f0a334f0, 0x000001d8f02e18d0, 0x000001d8f219bf90,
0x000001d8fa10f9d0, 0x000001d8fa10e080, 0x000001d8f45106d0, 0x000001d8f45110f0,
0x000001d8f9ec71e0, 0x000001d8f9ec5380, 0x000001d8fa10efb0, 0x000001d8fa10f4c0,
0x000001d8fa10eaa0, 0x000001d8fa10c220, 0x000001d8fa10e590, 0x000001d8fa2a5760,
0x000001d8f45101c0, 0x000001d8fa2a4830, 0x000001d8fa2a3e10, 0x000001d8fa2a4d40,
0x000001d8fa2a5250, 0x000001d8f097b320, 0x000001d8f097b830, 0x000001d8f097c250,
0x000001d8f097a900, 0x000001d8f097c760, 0x000001d8f097a3f0, 0x000001d8f097bd40,
0x000001d8f371d570, 0x000001d8f34e4750, 0x000001d8f0978fb0, 0x000001d8f2bceaa0,
0x000001d8f09794c0, 0x000001d8f34e5170, 0x000001d8f34e3820, 0x000001d8f34e5680,
0x000001d8f34e5b90, 0x000001d8f34e60a0, 0x000001d8fa28b1c0, 0x000001d8fbe123c0
}

Java Threads: ( => current thread )
  0x000001d8cae2e0e0 JavaThread "main" [_thread_blocked, id=18820, stack(0x0000007a64200000,0x0000007a64300000)]
  0x000001d8e9756260 JavaThread "Reference Handler" daemon [_thread_blocked, id=1468, stack(0x0000007a64900000,0x0000007a64a00000)]
  0x000001d8e975ac50 JavaThread "Finalizer" daemon [_thread_blocked, id=25484, stack(0x0000007a64a00000,0x0000007a64b00000)]
  0x000001d8e9772e70 JavaThread "Signal Dispatcher" daemon [_thread_blocked, id=21832, stack(0x0000007a64b00000,0x0000007a64c00000)]
  0x000001d8e9773740 JavaThread "Attach Listener" daemon [_thread_blocked, id=25308, stack(0x0000007a64c00000,0x0000007a64d00000)]
  0x000001d8e9774010 JavaThread "Service Thread" daemon [_thread_blocked, id=7892, stack(0x0000007a64d00000,0x0000007a64e00000)]
  0x000001d8e97748e0 JavaThread "Monitor Deflation Thread" daemon [_thread_blocked, id=22220, stack(0x0000007a64e00000,0x0000007a64f00000)]
=>0x000001d8e97774f0 JavaThread "C2 CompilerThread0" daemon [_thread_in_native, id=24712, stack(0x0000007a64f00000,0x0000007a65000000)]
  0x000001d8e977fe10 JavaThread "C1 CompilerThread0" daemon [_thread_blocked, id=15036, stack(0x0000007a65000000,0x0000007a65100000)]
  0x000001d8e9786740 JavaThread "Sweeper thread" daemon [_thread_blocked, id=2540, stack(0x0000007a65100000,0x0000007a65200000)]
  0x000001d8e99e1270 JavaThread "Common-Cleaner" daemon [_thread_blocked, id=22400, stack(0x0000007a65200000,0x0000007a65300000)]
  0x000001d8e9a7f770 JavaThread "Notification Thread" daemon [_thread_blocked, id=12588, stack(0x0000007a65300000,0x0000007a65400000)]
  0x000001d8efb50a00 JavaThread "Daemon health stats" [_thread_blocked, id=22308, stack(0x0000007a65b00000,0x0000007a65c00000)]
  0x000001d8eef58500 JavaThread "Incoming local TCP Connector on port 65093" [_thread_in_native, id=23288, stack(0x0000007a65c00000,0x0000007a65d00000)]
  0x000001d8ee04eb70 JavaThread "Daemon periodic checks" [_thread_blocked, id=18952, stack(0x0000007a65d00000,0x0000007a65e00000)]
  0x000001d8efa7bbe0 JavaThread "Daemon" [_thread_blocked, id=18868, stack(0x0000007a65e00000,0x0000007a65f00000)]
  0x000001d8efa7c0c0 JavaThread "Handler for socket connection from /127.0.0.1:65093 to /127.0.0.1:65094" [_thread_in_native, id=22744, stack(0x0000007a65f00000,0x0000007a66000000)]
  0x000001d8f02e3c40 JavaThread "Cancel handler" [_thread_blocked, id=20728, stack(0x0000007a66000000,0x0000007a66100000)]
  0x000001d8f02e1de0 JavaThread "Daemon worker" [_thread_blocked, id=13064, stack(0x0000007a66100000,0x0000007a66200000)]
  0x000001d8f02e4150 JavaThread "Asynchronous log dispatcher for DefaultDaemonConnection: socket connection from /127.0.0.1:65093 to /127.0.0.1:65094" [_thread_blocked, id=23284, stack(0x0000007a66200000,0x0000007a66300000)]
  0x000001d8f02e22f0 JavaThread "Stdin handler" [_thread_blocked, id=4364, stack(0x0000007a66300000,0x0000007a66400000)]
  0x000001d8f02e0eb0 JavaThread "Daemon client event forwarder" [_thread_blocked, id=12520, stack(0x0000007a66400000,0x0000007a66500000)]
  0x000001d8f02e2d10 JavaThread "Cache worker for journal cache (C:\Users\HP\.gradle\caches\journal-1)" [_thread_blocked, id=15940, stack(0x0000007a66500000,0x0000007a66600000)]
  0x000001d8f02e3220 JavaThread "File lock request listener" [_thread_in_native, id=6476, stack(0x0000007a66600000,0x0000007a66700000)]
  0x000001d8f02e2800 JavaThread "Cache worker for file hash cache (C:\Users\HP\.gradle\caches\8.3\fileHashes)" [_thread_blocked, id=25764, stack(0x0000007a66700000,0x0000007a66800000)]
  0x000001d8f02e4660 JavaThread "File watcher server" daemon [_thread_in_native, id=23576, stack(0x0000007a66d00000,0x0000007a66e00000)]
  0x000001d8f0fb4810 JavaThread "File watcher consumer" daemon [_thread_blocked, id=13040, stack(0x0000007a66e00000,0x0000007a66f00000)]
  0x000001d8f0fb1060 JavaThread "Cache worker for checksums cache (D:\my project\packing_frontend\android\.gradle\8.3\checksums)" [_thread_blocked, id=23960, stack(0x0000007a65500000,0x0000007a65600000)]
  0x000001d8f0fb4d20 JavaThread "Cache worker for file hash cache (D:\my project\packing_frontend\android\.gradle\8.3\fileHashes)" [_thread_blocked, id=8296, stack(0x0000007a65600000,0x0000007a65700000)]
  0x000001d8f0fb1570 JavaThread "Cache worker for cache directory md-supplier (C:\Users\HP\.gradle\caches\8.3\md-supplier)" [_thread_blocked, id=26044, stack(0x0000007a66f00000,0x0000007a67000000)]
  0x000001d8f0fb38e0 JavaThread "Cache worker for file content cache (C:\Users\HP\.gradle\caches\8.3\fileContent)" [_thread_blocked, id=23364, stack(0x0000007a67000000,0x0000007a67100000)]
  0x000001d8f0fb4300 JavaThread "Cache worker for cache directory md-rule (C:\Users\HP\.gradle\caches\8.3\md-rule)" [_thread_blocked, id=21364, stack(0x0000007a67300000,0x0000007a67400000)]
  0x000001d8f0fb1f90 JavaThread "Cache worker for execution history cache (C:\Users\HP\.gradle\caches\8.3\executionHistory)" [_thread_blocked, id=21728, stack(0x0000007a67400000,0x0000007a67500000)]
  0x000001d8f0fb5230 JavaThread "jar transforms" [_thread_blocked, id=6412, stack(0x0000007a67700000,0x0000007a67800000)]
  0x000001d8f0fb29b0 JavaThread "jar transforms Thread 2" [_thread_blocked, id=1472, stack(0x0000007a67800000,0x0000007a67900000)]
  0x000001d8f0fb5c50 JavaThread "jar transforms Thread 3" [_thread_blocked, id=14352, stack(0x0000007a67900000,0x0000007a67a00000)]
  0x000001d8f0fb89e0 JavaThread "jar transforms Thread 4" [_thread_blocked, id=23772, stack(0x0000007a67a00000,0x0000007a67b00000)]
  0x000001d8f0fb6670 JavaThread "Cache worker for kotlin-dsl (C:\Users\HP\.gradle\caches\8.3\kotlin-dsl)" [_thread_blocked, id=19632, stack(0x0000007a67b00000,0x0000007a67c00000)]
  0x000001d8f0fb5740 JavaThread "jar transforms Thread 5" [_thread_blocked, id=10708, stack(0x0000007a67c00000,0x0000007a67d00000)]
  0x000001d8f0fb6b80 JavaThread "jar transforms Thread 6" [_thread_blocked, id=24192, stack(0x0000007a67d00000,0x0000007a67e00000)]
  0x000001d8f0fb7090 JavaThread "Unconstrained build operations" [_thread_blocked, id=22300, stack(0x0000007a67e00000,0x0000007a67f00000)]
  0x000001d8f0fb75a0 JavaThread "Unconstrained build operations Thread 2" [_thread_blocked, id=23760, stack(0x0000007a67f00000,0x0000007a68000000)]
  0x000001d8f0fb7ab0 JavaThread "jar transforms Thread 7" [_thread_blocked, id=9020, stack(0x0000007a68000000,0x0000007a68100000)]
  0x000001d8f0fb7fc0 JavaThread "jar transforms Thread 8" [_thread_blocked, id=23368, stack(0x0000007a68100000,0x0000007a68200000)]
  0x000001d8f21978b0 JavaThread "jar transforms Thread 9" [_thread_blocked, id=22472, stack(0x0000007a68200000,0x0000007a68300000)]
  0x000001d8f2198cf0 JavaThread "jar transforms Thread 10" [_thread_blocked, id=23484, stack(0x0000007a68300000,0x0000007a68400000)]
  0x000001d8f2196980 JavaThread "jar transforms Thread 11" [_thread_blocked, id=5456, stack(0x0000007a68400000,0x0000007a68500000)]
  0x000001d8f21982d0 JavaThread "jar transforms Thread 12" [_thread_blocked, id=14472, stack(0x0000007a68500000,0x0000007a68600000)]
  0x000001d8f21987e0 JavaThread "Cache worker for dependencies-accessors (D:\my project\packing_frontend\android\.gradle\8.3\dependencies-accessors)" [_thread_blocked, id=26124, stack(0x0000007a68600000,0x0000007a68700000)]
  0x000001d8f2195a50 JavaThread "Cache worker for Build Output Cleanup Cache (D:\my project\packing_frontend\node_modules\@react-native\gradle-plugin\.gradle\buildOutputCleanup)" [_thread_blocked, id=9388, stack(0x0000007a68700000,0x0000007a68800000)]
  0x000001d8f2197dc0 JavaThread "Unconstrained build operations Thread 3" [_thread_blocked, id=15780, stack(0x0000007a68800000,0x0000007a68900000)]
  0x000001d8f2199710 JavaThread "Unconstrained build operations Thread 4" [_thread_blocked, id=17356, stack(0x0000007a68900000,0x0000007a68a00000)]
  0x000001d8f2196470 JavaThread "Unconstrained build operations Thread 5" [_thread_blocked, id=19296, stack(0x0000007a68a00000,0x0000007a68b00000)]
  0x000001d8f21973a0 JavaThread "Unconstrained build operations Thread 6" [_thread_blocked, id=19076, stack(0x0000007a68b00000,0x0000007a68c00000)]
  0x000001d8f2195f60 JavaThread "Unconstrained build operations Thread 7" [_thread_blocked, id=10808, stack(0x0000007a68c00000,0x0000007a68d00000)]
  0x000001d8f2199c20 JavaThread "Unconstrained build operations Thread 8" [_thread_blocked, id=25340, stack(0x0000007a68d00000,0x0000007a68e00000)]
  0x000001d8f219a130 JavaThread "Unconstrained build operations Thread 9" [_thread_blocked, id=26348, stack(0x0000007a68e00000,0x0000007a68f00000)]
  0x000001d8f219a640 JavaThread "Unconstrained build operations Thread 10" [_thread_blocked, id=20436, stack(0x0000007a68f00000,0x0000007a69000000)]
  0x000001d8f2196e90 JavaThread "Unconstrained build operations Thread 11" [_thread_blocked, id=19200, stack(0x0000007a69000000,0x0000007a69100000)]
  0x000001d8f219b060 JavaThread "Unconstrained build operations Thread 12" [_thread_blocked, id=8428, stack(0x0000007a69100000,0x0000007a69200000)]
  0x000001d8f219c4a0 JavaThread "Unconstrained build operations Thread 13" [_thread_blocked, id=25012, stack(0x0000007a69200000,0x0000007a69300000)]
  0x000001d8f219ab50 JavaThread "Memory manager" [_thread_blocked, id=6984, stack(0x0000007a69300000,0x0000007a69400000)]
  0x000001d8f219d3d0 JavaThread "Cache worker for Build Output Cleanup Cache (D:\my project\packing_frontend\android\.gradle\buildOutputCleanup)" [_thread_blocked, id=24208, stack(0x0000007a69400000,0x0000007a69500000)]
  0x000001d8f2e7a6e0 JavaThread "ForkJoinPool.commonPool-worker-1" daemon [_thread_blocked, id=25172, stack(0x0000007a69500000,0x0000007a69600000)]
  0x000001d8f2e7b100 JavaThread "ForkJoinPool.commonPool-worker-2" daemon [_thread_blocked, id=24276, stack(0x0000007a69600000,0x0000007a69700000)]
  0x000001d8f2e7abf0 JavaThread "ForkJoinPool.commonPool-worker-3" daemon [_thread_blocked, id=9944, stack(0x0000007a69700000,0x0000007a69800000)]
  0x000001d8f2e7b610 JavaThread "ForkJoinPool.commonPool-worker-4" daemon [_thread_blocked, id=15708, stack(0x0000007a69800000,0x0000007a69900000)]
  0x000001d8f2e7bb20 JavaThread "ForkJoinPool.commonPool-worker-5" daemon [_thread_blocked, id=25784, stack(0x0000007a69900000,0x0000007a69a00000)]
  0x000001d8f2e78370 JavaThread "ForkJoinPool.commonPool-worker-6" daemon [_thread_blocked, id=26040, stack(0x0000007a69a00000,0x0000007a69b00000)]
  0x000001d8f2e792a0 JavaThread "ForkJoinPool.commonPool-worker-7" daemon [_thread_blocked, id=15176, stack(0x0000007a69b00000,0x0000007a69c00000)]
  0x000001d8f2e7a1d0 JavaThread "ForkJoinPool.commonPool-worker-8" daemon [_thread_blocked, id=20076, stack(0x0000007a69c00000,0x0000007a69d00000)]
  0x000001d8f2e78d90 JavaThread "ForkJoinPool.commonPool-worker-9" daemon [_thread_blocked, id=19780, stack(0x0000007a69d00000,0x0000007a69e00000)]
  0x000001d8f2e78880 JavaThread "ForkJoinPool.commonPool-worker-11" daemon [_thread_blocked, id=9096, stack(0x0000007a69f00000,0x0000007a6a000000)]
  0x000001d8f2e7c540 JavaThread "included builds" [_thread_blocked, id=18904, stack(0x0000007a6a000000,0x0000007a6a100000)]
  0x000001d8f2e7ca50 JavaThread "Execution worker" [_thread_blocked, id=7520, stack(0x0000007a6a100000,0x0000007a6a200000)]
  0x000001d8f2e7cf60 JavaThread "Execution worker Thread 2" [_thread_blocked, id=14072, stack(0x0000007a6a200000,0x0000007a6a300000)]
  0x000001d8f2e797b0 JavaThread "Execution worker Thread 3" [_thread_blocked, id=24484, stack(0x0000007a6a300000,0x0000007a6a400000)]
  0x000001d8f2e7d470 JavaThread "Execution worker Thread 4" [_thread_blocked, id=16584, stack(0x0000007a6a400000,0x0000007a6a500000)]
  0x000001d8f2e79cc0 JavaThread "Execution worker Thread 5" [_thread_blocked, id=19980, stack(0x0000007a6a500000,0x0000007a6a600000)]
  0x000001d8f2e7f7e0 JavaThread "Execution worker Thread 6" [_thread_blocked, id=26036, stack(0x0000007a6a600000,0x0000007a6a700000)]
  0x000001d8f2e7d980 JavaThread "Execution worker Thread 7" [_thread_blocked, id=13068, stack(0x0000007a6a700000,0x0000007a6a800000)]
  0x000001d8f2e7de90 JavaThread "Execution worker Thread 8" [_thread_blocked, id=23108, stack(0x0000007a6a800000,0x0000007a6a900000)]
  0x000001d8f2e7e3a0 JavaThread "Execution worker Thread 9" [_thread_blocked, id=7244, stack(0x0000007a6a900000,0x0000007a6aa00000)]
  0x000001d8f2e7edc0 JavaThread "Execution worker Thread 10" [_thread_blocked, id=26452, stack(0x0000007a6aa00000,0x0000007a6ab00000)]
  0x000001d8f2e7f2d0 JavaThread "Execution worker Thread 11" [_thread_blocked, id=19484, stack(0x0000007a6ab00000,0x0000007a6ac00000)]
  0x000001d8f2e7e8b0 JavaThread "Cache worker for execution history cache (D:\my project\packing_frontend\node_modules\@react-native\gradle-plugin\.gradle\8.3\executionHistory)" [_thread_blocked, id=11220, stack(0x0000007a6ac00000,0x0000007a6ad00000)]
  0x000001d8f07f14e0 JavaThread "Unconstrained build operations Thread 14" [_thread_blocked, id=23944, stack(0x0000007a6ad00000,0x0000007a6ae00000)]
  0x000001d8f07f00a0 JavaThread "Unconstrained build operations Thread 15" [_thread_blocked, id=22704, stack(0x0000007a6ae00000,0x0000007a6af00000)]
  0x000001d8f07f05b0 JavaThread "Unconstrained build operations Thread 16" [_thread_blocked, id=11872, stack(0x0000007a6af00000,0x0000007a6b000000)]
  0x000001d8f07f0ac0 JavaThread "Unconstrained build operations Thread 17" [_thread_blocked, id=21540, stack(0x0000007a6b000000,0x0000007a6b100000)]
  0x000001d8f07f1f00 JavaThread "Unconstrained build operations Thread 18" [_thread_blocked, id=6988, stack(0x0000007a6b100000,0x0000007a6b200000)]
  0x000001d8f07f0fd0 JavaThread "Unconstrained build operations Thread 19" [_thread_blocked, id=14036, stack(0x0000007a6b200000,0x0000007a6b300000)]
  0x000001d8f07f19f0 JavaThread "Unconstrained build operations Thread 20" [_thread_blocked, id=14212, stack(0x0000007a6b300000,0x0000007a6b400000)]
  0x000001d8f07ee750 JavaThread "Unconstrained build operations Thread 21" [_thread_blocked, id=18164, stack(0x0000007a6b400000,0x0000007a6b500000)]
  0x000001d8f07f2410 JavaThread "Unconstrained build operations Thread 22" [_thread_blocked, id=18188, stack(0x0000007a6b500000,0x0000007a6b600000)]
  0x000001d8f07eec60 JavaThread "Unconstrained build operations Thread 23" [_thread_blocked, id=10044, stack(0x0000007a6b600000,0x0000007a6b700000)]
  0x000001d8f07ef680 JavaThread "Unconstrained build operations Thread 24" [_thread_blocked, id=15420, stack(0x0000007a6b700000,0x0000007a6b800000)]
  0x000001d8f07efb90 JavaThread "Unconstrained build operations Thread 25" [_thread_blocked, id=24060, stack(0x0000007a6b800000,0x0000007a6b900000)]
  0x000001d8f07f2920 JavaThread "Unconstrained build operations Thread 26" [_thread_blocked, id=2968, stack(0x0000007a6b900000,0x0000007a6ba00000)]
  0x000001d8f07ef170 JavaThread "Unconstrained build operations Thread 27" [_thread_blocked, id=26400, stack(0x0000007a6ba00000,0x0000007a6bb00000)]
  0x000001d8f07f4780 JavaThread "Unconstrained build operations Thread 28" [_thread_blocked, id=16484, stack(0x0000007a6bb00000,0x0000007a6bc00000)]
  0x000001d8f07f2e30 JavaThread "Unconstrained build operations Thread 29" [_thread_blocked, id=8488, stack(0x0000007a6bc00000,0x0000007a6bd00000)]
  0x000001d8f07f51a0 JavaThread "Unconstrained build operations Thread 30" [_thread_blocked, id=8360, stack(0x0000007a6bd00000,0x0000007a6be00000)]
  0x000001d8f07f56b0 JavaThread "Unconstrained build operations Thread 31" [_thread_blocked, id=23208, stack(0x0000007a6be00000,0x0000007a6bf00000)]
  0x000001d8f07f60d0 JavaThread "Unconstrained build operations Thread 32" [_thread_blocked, id=13212, stack(0x0000007a6bf00000,0x0000007a6c000000)]
  0x000001d8f07f3340 JavaThread "Unconstrained build operations Thread 33" [_thread_blocked, id=13148, stack(0x0000007a6c000000,0x0000007a6c100000)]
  0x000001d8f07f4c90 JavaThread "Unconstrained build operations Thread 34" [_thread_blocked, id=15308, stack(0x0000007a6c100000,0x0000007a6c200000)]
  0x000001d8f07f5bc0 JavaThread "Unconstrained build operations Thread 35" [_thread_blocked, id=14400, stack(0x0000007a6c200000,0x0000007a6c300000)]
  0x000001d8f07f3850 JavaThread "Unconstrained build operations Thread 36" [_thread_blocked, id=15656, stack(0x0000007a6c300000,0x0000007a6c400000)]
  0x000001d8f07f3d60 JavaThread "Unconstrained build operations Thread 37" [_thread_blocked, id=22580, stack(0x0000007a6c400000,0x0000007a6c500000)]
  0x000001d8f0a2e3f0 JavaThread "Unconstrained build operations Thread 38" [_thread_blocked, id=24556, stack(0x0000007a6c500000,0x0000007a6c600000)]
  0x000001d8f0a2f320 JavaThread "Unconstrained build operations Thread 39" [_thread_blocked, id=19844, stack(0x0000007a6c600000,0x0000007a6c700000)]
  0x000001d8f0a2ee10 JavaThread "Unconstrained build operations Thread 40" [_thread_blocked, id=8860, stack(0x0000007a6c700000,0x0000007a6c800000)]
  0x000001d8f0a2fd40 JavaThread "Unconstrained build operations Thread 41" [_thread_blocked, id=19400, stack(0x0000007a6c800000,0x0000007a6c900000)]
  0x000001d8f0a30760 JavaThread "Unconstrained build operations Thread 42" [_thread_blocked, id=17720, stack(0x0000007a6c900000,0x0000007a6ca00000)]
  0x000001d8f0a30250 JavaThread "Unconstrained build operations Thread 43" [_thread_blocked, id=3192, stack(0x0000007a6ca00000,0x0000007a6cb00000)]
  0x000001d8f0a2cfb0 JavaThread "Unconstrained build operations Thread 44" [_thread_blocked, id=26264, stack(0x0000007a6cb00000,0x0000007a6cc00000)]
  0x000001d8f0a30c70 JavaThread "Unconstrained build operations Thread 45" [_thread_blocked, id=25808, stack(0x0000007a6cc00000,0x0000007a6cd00000)]
  0x000001d8f0a2d4c0 JavaThread "Unconstrained build operations Thread 46" [_thread_blocked, id=14404, stack(0x0000007a6cd00000,0x0000007a6ce00000)]
  0x000001d8f0a31180 JavaThread "Unconstrained build operations Thread 47" [_thread_blocked, id=2412, stack(0x0000007a6ce00000,0x0000007a6cf00000)]
  0x000001d8f0a320b0 JavaThread "Unconstrained build operations Thread 48" [_thread_blocked, id=20492, stack(0x0000007a6cf00000,0x0000007a6d000000)]
  0x000001d8f0a31690 JavaThread "Unconstrained build operations Thread 49" [_thread_blocked, id=10092, stack(0x0000007a6d000000,0x0000007a6d100000)]
  0x000001d8f9e1ad30 JavaThread "Unconstrained build operations Thread 50" [_thread_blocked, id=4456, stack(0x0000007a6d500000,0x0000007a6d600000)]
  0x000001d8f9e1b240 JavaThread "Unconstrained build operations Thread 51" [_thread_blocked, id=10716, stack(0x0000007a6d600000,0x0000007a6d700000)]
  0x000001d8f9e1bc60 JavaThread "Unconstrained build operations Thread 52" [_thread_blocked, id=11204, stack(0x0000007a6d700000,0x0000007a6d800000)]
  0x000001d8f9e1b750 JavaThread "Unconstrained build operations Thread 53" [_thread_blocked, id=24248, stack(0x0000007a6d800000,0x0000007a6d900000)]
  0x000001d8f9e1a310 JavaThread "Unconstrained build operations Thread 54" [_thread_blocked, id=14376, stack(0x0000007a6d900000,0x0000007a6da00000)]
  0x000001d8f9e1a820 JavaThread "Unconstrained build operations Thread 55" [_thread_blocked, id=26268, stack(0x0000007a6da00000,0x0000007a6db00000)]
  0x000001d8f3de7300 JavaThread "Unconstrained build operations Thread 56" [_thread_blocked, id=15192, stack(0x0000007a6db00000,0x0000007a6dc00000)]
  0x000001d8f3de7810 JavaThread "Unconstrained build operations Thread 57" [_thread_blocked, id=15000, stack(0x0000007a6dc00000,0x0000007a6dd00000)]
  0x000001d8f3de6df0 JavaThread "Unconstrained build operations Thread 58" [_thread_blocked, id=23532, stack(0x0000007a6dd00000,0x0000007a6de00000)]
  0x000001d8f3de54a0 JavaThread "Unconstrained build operations Thread 59" [_thread_blocked, id=18416, stack(0x0000007a6de00000,0x0000007a6df00000)]
  0x000001d8f3de63d0 JavaThread "Unconstrained build operations Thread 60" [_thread_blocked, id=22296, stack(0x0000007a6df00000,0x0000007a6e000000)]
  0x000001d8f9de1ad0 JavaThread "Unconstrained build operations Thread 61" [_thread_blocked, id=8452, stack(0x0000007a6e000000,0x0000007a6e100000)]
  0x000001d8f9de2f10 JavaThread "Unconstrained build operations Thread 62" [_thread_blocked, id=25372, stack(0x0000007a6e100000,0x0000007a6e200000)]
  0x000001d8f9de2a00 JavaThread "Unconstrained build operations Thread 63" [_thread_blocked, id=11160, stack(0x0000007a6e200000,0x0000007a6e300000)]
  0x000001d8f26163d0 JavaThread "Unconstrained build operations Thread 64" [_thread_blocked, id=22608, stack(0x0000007a6e300000,0x0000007a6e400000)]
  0x000001d8f2616df0 JavaThread "Unconstrained build operations Thread 65" [_thread_blocked, id=15796, stack(0x0000007a6e400000,0x0000007a6e500000)]
  0x000001d8f2617300 JavaThread "Unconstrained build operations Thread 66" [_thread_blocked, id=12188, stack(0x0000007a6e500000,0x0000007a6e600000)]
  0x000001d8f26168e0 JavaThread "Unconstrained build operations Thread 67" [_thread_blocked, id=24792, stack(0x0000007a6e600000,0x0000007a6e700000)]
  0x000001d8f2617810 JavaThread "Unconstrained build operations Thread 68" [_thread_blocked, id=24244, stack(0x0000007a6e700000,0x0000007a6e800000)]
  0x000001d8f2617d20 JavaThread "Unconstrained build operations Thread 69" [_thread_blocked, id=22260, stack(0x0000007a6e800000,0x0000007a6e900000)]
  0x000001d8f34e3d30 JavaThread "Unconstrained build operations Thread 70" [_thread_blocked, id=23912, stack(0x0000007a6e900000,0x0000007a6ea00000)]
  0x000001d8f34e4240 JavaThread "Unconstrained build operations Thread 71" [_thread_blocked, id=23892, stack(0x0000007a6ea00000,0x0000007a6eb00000)]
  0x000001d8f3de5ec0 JavaThread "Unconstrained build operations Thread 72" [_thread_blocked, id=23408, stack(0x0000007a6eb00000,0x0000007a6ec00000)]
  0x000001d8f3de4060 JavaThread "Unconstrained build operations Thread 73" [_thread_blocked, id=12200, stack(0x0000007a6ec00000,0x0000007a6ed00000)]
  0x000001d8f3de4570 JavaThread "Unconstrained build operations Thread 74" [_thread_blocked, id=23024, stack(0x0000007a6ed00000,0x0000007a6ee00000)]
  0x000001d8f3de68e0 JavaThread "Unconstrained build operations Thread 75" [_thread_blocked, id=19368, stack(0x0000007a6ee00000,0x0000007a6ef00000)]
  0x000001d8f3de4a80 JavaThread "Unconstrained build operations Thread 76" [_thread_blocked, id=23992, stack(0x0000007a6ef00000,0x0000007a6f000000)]
  0x000001d8f3de59b0 JavaThread "Unconstrained build operations Thread 77" [_thread_blocked, id=13220, stack(0x0000007a6f000000,0x0000007a6f100000)]
  0x000001d8f9040b10 JavaThread "Unconstrained build operations Thread 78" [_thread_blocked, id=25904, stack(0x0000007a6f100000,0x0000007a6f200000)]
  0x000001d8f9042e80 JavaThread "Unconstrained build operations Thread 79" [_thread_blocked, id=2764, stack(0x0000007a6f200000,0x0000007a6f300000)]
  0x000001d8f9041530 JavaThread "Unconstrained build operations Thread 80" [_thread_blocked, id=14052, stack(0x0000007a6f300000,0x0000007a6f400000)]
  0x000001d8f9040600 JavaThread "Unconstrained build operations Thread 81" [_thread_blocked, id=11808, stack(0x0000007a6f400000,0x0000007a6f500000)]
  0x000001d8f9043390 JavaThread "Unconstrained build operations Thread 82" [_thread_blocked, id=6632, stack(0x0000007a6f500000,0x0000007a6f600000)]
  0x000001d8f02e13c0 JavaThread "Unconstrained build operations Thread 83" [_thread_blocked, id=26244, stack(0x0000007a6f600000,0x0000007a6f700000)]
  0x000001d8f0a32fe0 JavaThread "Unconstrained build operations Thread 84" [_thread_blocked, id=19856, stack(0x0000007a6f700000,0x0000007a6f800000)]
  0x000001d8f0a325c0 JavaThread "Unconstrained build operations Thread 85" [_thread_blocked, id=13316, stack(0x0000007a6f800000,0x0000007a6f900000)]
  0x000001d8f0a31ba0 JavaThread "Unconstrained build operations Thread 86" [_thread_blocked, id=22828, stack(0x0000007a6f900000,0x0000007a6fa00000)]
  0x000001d8f0a32ad0 JavaThread "Unconstrained build operations Thread 87" [_thread_blocked, id=12016, stack(0x0000007a6fa00000,0x0000007a6fb00000)]
  0x000001d8f36241c0 JavaThread "Unconstrained build operations Thread 88" [_thread_blocked, id=24452, stack(0x0000007a6fb00000,0x0000007a6fc00000)]
  0x000001d8f36246d0 JavaThread "Unconstrained build operations Thread 89" [_thread_blocked, id=24800, stack(0x0000007a6fc00000,0x0000007a6fd00000)]
  0x000001d8f3624be0 JavaThread "Unconstrained build operations Thread 90" [_thread_blocked, id=8040, stack(0x0000007a6fd00000,0x0000007a6fe00000)]
  0x000001d8f36250f0 JavaThread "Unconstrained build operations Thread 91" [_thread_blocked, id=5972, stack(0x0000007a6fe00000,0x0000007a6ff00000)]
  0x000001d8f36237a0 JavaThread "Unconstrained build operations Thread 92" [_thread_blocked, id=6084, stack(0x0000007a6ff00000,0x0000007a70000000)]
  0x000001d8fa144c90 JavaThread "Unconstrained build operations Thread 93" [_thread_blocked, id=25264, stack(0x0000007a70000000,0x0000007a70100000)]
  0x000001d8fa1460d0 JavaThread "Unconstrained build operations Thread 94" [_thread_blocked, id=26532, stack(0x0000007a70100000,0x0000007a70200000)]
  0x000001d8fa147000 JavaThread "Unconstrained build operations Thread 95" [_thread_blocked, id=18532, stack(0x0000007a70200000,0x0000007a70300000)]
  0x000001d8fa1465e0 JavaThread "Unconstrained build operations Thread 96" [_thread_blocked, id=7684, stack(0x0000007a70300000,0x0000007a70400000)]
  0x000001d8fa145bc0 JavaThread "Unconstrained build operations Thread 97" [_thread_blocked, id=24456, stack(0x0000007a70400000,0x0000007a70500000)]
  0x000001d8fa147510 JavaThread "Unconstrained build operations Thread 98" [_thread_blocked, id=15292, stack(0x0000007a70500000,0x0000007a70600000)]
  0x000001d8fa144270 JavaThread "Unconstrained build operations Thread 99" [_thread_blocked, id=16740, stack(0x0000007a70600000,0x0000007a70700000)]
  0x000001d8fa1451a0 JavaThread "Unconstrained build operations Thread 100" [_thread_blocked, id=25916, stack(0x0000007a70700000,0x0000007a70800000)]
  0x000001d8fa1456b0 JavaThread "Unconstrained build operations Thread 101" [_thread_blocked, id=26028, stack(0x0000007a70800000,0x0000007a70900000)]
  0x000001d8fa144780 JavaThread "Unconstrained build operations Thread 102" [_thread_blocked, id=21768, stack(0x0000007a70900000,0x0000007a70a00000)]
  0x000001d8fa146af0 JavaThread "Unconstrained build operations Thread 103" [_thread_blocked, id=21800, stack(0x0000007a70a00000,0x0000007a70b00000)]
  0x000001d8fa147a20 JavaThread "Unconstrained build operations Thread 104" [_thread_blocked, id=19628, stack(0x0000007a70b00000,0x0000007a70c00000)]
  0x000001d8f9de1fe0 JavaThread "Unconstrained build operations Thread 105" [_thread_blocked, id=25532, stack(0x0000007a70c00000,0x0000007a70d00000)]
  0x000001d8f9de3420 JavaThread "Unconstrained build operations Thread 106" [_thread_blocked, id=21896, stack(0x0000007a70d00000,0x0000007a70e00000)]
  0x000001d8fa162320 JavaThread "Unconstrained build operations Thread 107" [_thread_blocked, id=26516, stack(0x0000007a70e00000,0x0000007a70f00000)]
  0x000001d8f0a33a00 JavaThread "Unconstrained build operations Thread 108" [_thread_blocked, id=23248, stack(0x0000007a70f00000,0x0000007a71000000)]
  0x000001d8f0a334f0 JavaThread "Unconstrained build operations Thread 109" [_thread_blocked, id=4272, stack(0x0000007a71000000,0x0000007a71100000)]
  0x000001d8f02e18d0 JavaThread "Unconstrained build operations Thread 110" [_thread_blocked, id=23456, stack(0x0000007a71100000,0x0000007a71200000)]
  0x000001d8f219bf90 JavaThread "Unconstrained build operations Thread 111" [_thread_blocked, id=19436, stack(0x0000007a71200000,0x0000007a71300000)]
  0x000001d8fa10f9d0 JavaThread "Unconstrained build operations Thread 112" [_thread_blocked, id=26056, stack(0x0000007a71300000,0x0000007a71400000)]
  0x000001d8fa10e080 JavaThread "Unconstrained build operations Thread 113" [_thread_blocked, id=24688, stack(0x0000007a71400000,0x0000007a71500000)]
  0x000001d8f45106d0 JavaThread "Unconstrained build operations Thread 114" [_thread_blocked, id=25728, stack(0x0000007a71500000,0x0000007a71600000)]
  0x000001d8f45110f0 JavaThread "Unconstrained build operations Thread 115" [_thread_blocked, id=15812, stack(0x0000007a71600000,0x0000007a71700000)]
  0x000001d8f9ec71e0 JavaThread "pool-3-thread-1" [_thread_blocked, id=5328, stack(0x0000007a71700000,0x0000007a71800000)]
  0x000001d8f9ec5380 JavaThread "build event listener" [_thread_blocked, id=23592, stack(0x0000007a71800000,0x0000007a71900000)]
  0x000001d8fa10efb0 JavaThread "Unconstrained build operations Thread 116" [_thread_blocked, id=18744, stack(0x0000007a71900000,0x0000007a71a00000)]
  0x000001d8fa10f4c0 JavaThread "Unconstrained build operations Thread 117" [_thread_blocked, id=19288, stack(0x0000007a71a00000,0x0000007a71b00000)]
  0x000001d8fa10eaa0 JavaThread "Unconstrained build operations Thread 118" [_thread_blocked, id=21656, stack(0x0000007a71b00000,0x0000007a71c00000)]
  0x000001d8fa10c220 JavaThread "Unconstrained build operations Thread 119" [_thread_blocked, id=11440, stack(0x0000007a71c00000,0x0000007a71d00000)]
  0x000001d8fa10e590 JavaThread "Unconstrained build operations Thread 120" [_thread_blocked, id=3440, stack(0x0000007a71d00000,0x0000007a71e00000)]
  0x000001d8fa2a5760 JavaThread "Cache worker for execution history cache (D:\my project\packing_frontend\android\.gradle\8.3\executionHistory)" [_thread_blocked, id=21944, stack(0x0000007a71e00000,0x0000007a71f00000)]
  0x000001d8f45101c0 JavaThread "Cache worker for Java compile cache (C:\Users\HP\.gradle\caches\8.3\javaCompile)" [_thread_blocked, id=5716, stack(0x0000007a71f00000,0x0000007a72000000)]
  0x000001d8fa2a4830 JavaThread "Build operations" [_thread_blocked, id=19880, stack(0x0000007a67600000,0x0000007a67700000)]
  0x000001d8fa2a3e10 JavaThread "Build operations Thread 2" [_thread_blocked, id=21544, stack(0x0000007a72000000,0x0000007a72100000)]
  0x000001d8fa2a4d40 JavaThread "Build operations Thread 3" [_thread_blocked, id=22604, stack(0x0000007a72100000,0x0000007a72200000)]
  0x000001d8fa2a5250 JavaThread "Build operations Thread 4" [_thread_blocked, id=21888, stack(0x0000007a72200000,0x0000007a72300000)]
  0x000001d8f097b320 JavaThread "Build operations Thread 5" [_thread_blocked, id=20132, stack(0x0000007a72300000,0x0000007a72400000)]
  0x000001d8f097b830 JavaThread "Build operations Thread 6" [_thread_blocked, id=19732, stack(0x0000007a72400000,0x0000007a72500000)]
  0x000001d8f097c250 JavaThread "Build operations Thread 7" [_thread_blocked, id=3840, stack(0x0000007a72500000,0x0000007a72600000)]
  0x000001d8f097a900 JavaThread "Build operations Thread 8" [_thread_blocked, id=23336, stack(0x0000007a72600000,0x0000007a72700000)]
  0x000001d8f097c760 JavaThread "Build operations Thread 9" [_thread_blocked, id=23096, stack(0x0000007a72700000,0x0000007a72800000)]
  0x000001d8f097a3f0 JavaThread "Build operations Thread 10" [_thread_blocked, id=18916, stack(0x0000007a72800000,0x0000007a72900000)]
  0x000001d8f097bd40 JavaThread "Build operations Thread 11" [_thread_blocked, id=19996, stack(0x0000007a72900000,0x0000007a72a00000)]
  0x000001d8f371d570 JavaThread "WorkerExecutor Queue" [_thread_in_native, id=22540, stack(0x0000007a72a00000,0x0000007a72b00000)]
  0x000001d8f34e4750 JavaThread "Exec process" [_thread_in_native, id=13124, stack(0x0000007a72c00000,0x0000007a72d00000)]
  0x000001d8f0978fb0 JavaThread "Exec process Thread 2" [_thread_in_native, id=25576, stack(0x0000007a72d00000,0x0000007a72e00000)]
  0x000001d8f2bceaa0 JavaThread "Exec process Thread 3" [_thread_in_native, id=14656, stack(0x0000007a72e00000,0x0000007a72f00000)]
  0x000001d8f09794c0 JavaThread "WorkerExecutor Queue Thread 2" [_thread_blocked, id=23200, stack(0x0000007a73000000,0x0000007a73100000)]
  0x000001d8f34e5170 JavaThread "RMI Scheduler(0)" daemon [_thread_blocked, id=4108, stack(0x0000007a73100000,0x0000007a73200000)]
  0x000001d8f34e3820 JavaThread "RMI RenewClean-[127.0.0.1:17893,org.jetbrains.kotlin.daemon.common.LoopbackNetworkInterface$ClientLoopbackSocketFactory@21a6f77e]" daemon [_thread_blocked, id=24832, stack(0x0000007a73200000,0x0000007a73300000)]
  0x000001d8f34e5680 JavaThread "RMI GC Daemon" daemon [_thread_blocked, id=24304, stack(0x0000007a73300000,0x0000007a73400000)]
  0x000001d8f34e5b90 JavaThread "RMI TCP Accept-0" daemon [_thread_in_native, id=14984, stack(0x0000007a73400000,0x0000007a73500000)]
  0x000001d8f34e60a0 JavaThread "RMI Reaper" [_thread_blocked, id=17304, stack(0x0000007a73500000,0x0000007a73600000)]
  0x000001d8fa28b1c0 JavaThread "RMI TCP Connection(idle)" daemon [_thread_blocked, id=5740, stack(0x0000007a73600000,0x0000007a73700000)]
  0x000001d8fbe123c0 JavaThread "Thread-188" [_thread_in_native, id=1880, stack(0x0000007a63f00000,0x0000007a64000000)]

Other Threads:
  0x000001d8e9753280 VMThread "VM Thread" [stack: 0x0000007a64800000,0x0000007a64900000] [id=23668]
  0x000001d8e9a81c60 WatcherThread [stack: 0x0000007a65400000,0x0000007a65500000] [id=21764]
  0x000001d8cae8a100 GCTaskThread "GC Thread#0" [stack: 0x0000007a64300000,0x0000007a64400000] [id=22548]
  0x000001d8ee041730 GCTaskThread "GC Thread#1" [stack: 0x0000007a65700000,0x0000007a65800000] [id=21828]
  0x000001d8e9bd3c60 GCTaskThread "GC Thread#2" [stack: 0x0000007a65800000,0x0000007a65900000] [id=26616]
  0x000001d8eeffd0b0 GCTaskThread "GC Thread#3" [stack: 0x0000007a65900000,0x0000007a65a00000] [id=24908]
  0x000001d8eeea00e0 GCTaskThread "GC Thread#4" [stack: 0x0000007a65a00000,0x0000007a65b00000] [id=23928]
  0x000001d8ef79e980 GCTaskThread "GC Thread#5" [stack: 0x0000007a66800000,0x0000007a66900000] [id=23664]
  0x000001d8f08c3fd0 GCTaskThread "GC Thread#6" [stack: 0x0000007a66900000,0x0000007a66a00000] [id=25980]
  0x000001d8f03910e0 GCTaskThread "GC Thread#7" [stack: 0x0000007a66a00000,0x0000007a66b00000] [id=24008]
  0x000001d8f02857a0 GCTaskThread "GC Thread#8" [stack: 0x0000007a66b00000,0x0000007a66c00000] [id=18700]
  0x000001d8efda4430 GCTaskThread "GC Thread#9" [stack: 0x0000007a66c00000,0x0000007a66d00000] [id=16688]
  0x000001d8cae9af60 ConcurrentGCThread "G1 Main Marker" [stack: 0x0000007a64400000,0x0000007a64500000] [id=24504]
  0x000001d8cae9b890 ConcurrentGCThread "G1 Conc#0" [stack: 0x0000007a64500000,0x0000007a64600000] [id=23072]
  0x000001d8f12077d0 ConcurrentGCThread "G1 Conc#1" [stack: 0x0000007a67100000,0x0000007a67200000] [id=25200]
  0x000001d8f1208010 ConcurrentGCThread "G1 Conc#2" [stack: 0x0000007a67200000,0x0000007a67300000] [id=17640]
  0x000001d8e9603cc0 ConcurrentGCThread "G1 Refine#0" [stack: 0x0000007a64600000,0x0000007a64700000] [id=24040]
  0x000001d8f08a47b0 ConcurrentGCThread "G1 Refine#1" [stack: 0x0000007a6d100000,0x0000007a6d200000] [id=26364]
  0x000001d8f08a2a50 ConcurrentGCThread "G1 Refine#2" [stack: 0x0000007a6d200000,0x0000007a6d300000] [id=24292]
  0x000001d8f08a3ee0 ConcurrentGCThread "G1 Refine#3" [stack: 0x0000007a6d300000,0x0000007a6d400000] [id=24236]
  0x000001d8f08a5370 ConcurrentGCThread "G1 Refine#4" [stack: 0x0000007a6d400000,0x0000007a6d500000] [id=16464]
  0x000001d8e96053b0 ConcurrentGCThread "G1 Service" [stack: 0x0000007a64700000,0x0000007a64800000] [id=21120]

Threads with active compile tasks:
C2 CompilerThread0  93115 21944       4       javax.management.ObjectName::construct (1135 bytes)

VM state: not at safepoint (normal execution)

VM Mutex/Monitor currently owned by a thread: None

Heap address: 0x0000000080000000, size: 2048 MB, Compressed Oops mode: 32-bit

CDS archive(s) mapped at: [0x000001d880000000-0x000001d880bb0000-0x000001d880bb0000), size 12255232, SharedBaseAddress: 0x000001d880000000, ArchiveRelocationMode: 1.
Compressed class space mapped at: 0x000001d881000000-0x000001d89b000000, reserved size: 436207616
Narrow klass base: 0x000001d880000000, Narrow klass shift: 0, Narrow klass range: 0x100000000

GC Precious Log:
 CPUs: 12 total, 12 available
 Memory: 7903M
 Large Page Support: Disabled
 NUMA Support: Disabled
 Compressed Oops: Enabled (32-bit)
 Heap Region Size: 1M
 Heap Min Capacity: 8M
 Heap Initial Capacity: 124M
 Heap Max Capacity: 2G
 Pre-touch: Disabled
 Parallel Workers: 10
 Concurrent Workers: 3
 Concurrent Refinement Workers: 10
 Periodic GC: Disabled

Heap:
 garbage-first heap   total 498688K, used 315674K [0x0000000080000000, 0x0000000100000000)
  region size 1024K, 27 young (27648K), 3 survivors (3072K)
 Metaspace       used 131190K, committed 133184K, reserved 557056K
  class space    used 18042K, committed 19008K, reserved 425984K

Heap Regions: E=young(eden), S=young(survivor), O=old, HS=humongous(starts), HC=humongous(continues), CS=collection set, F=free, OA=open archive, CA=closed archive, TAMS=top-at-mark-start (previous, next)
|   0|0x0000000080000000, 0x0000000080100000, 0x0000000080100000|100%|HS|  |TAMS 0x0000000080100000, 0x0000000080000000| Complete 
|   1|0x0000000080100000, 0x0000000080200000, 0x0000000080200000|100%|HC|  |TAMS 0x0000000080200000, 0x0000000080100000| Complete 
|   2|0x0000000080200000, 0x0000000080300000, 0x0000000080300000|100%|HC|  |TAMS 0x0000000080300000, 0x0000000080200000| Complete 
|   3|0x0000000080300000, 0x0000000080400000, 0x0000000080400000|100%|HC|  |TAMS 0x0000000080400000, 0x0000000080300000| Complete 
|   4|0x0000000080400000, 0x0000000080500000, 0x0000000080500000|100%| O|  |TAMS 0x0000000080500000, 0x0000000080400000| Untracked 
|   5|0x0000000080500000, 0x0000000080600000, 0x0000000080600000|100%| O|  |TAMS 0x0000000080600000, 0x0000000080500000| Untracked 
|   6|0x0000000080600000, 0x0000000080700000, 0x0000000080700000|100%| O|  |TAMS 0x0000000080700000, 0x0000000080600000| Untracked 
|   7|0x0000000080700000, 0x0000000080800000, 0x0000000080800000|100%| O|  |TAMS 0x0000000080800000, 0x0000000080700000| Untracked 
|   8|0x0000000080800000, 0x0000000080900000, 0x0000000080900000|100%| O|  |TAMS 0x0000000080900000, 0x0000000080800000| Untracked 
|   9|0x0000000080900000, 0x0000000080a00000, 0x0000000080a00000|100%| O|  |TAMS 0x0000000080a00000, 0x0000000080900000| Untracked 
|  10|0x0000000080a00000, 0x0000000080b00000, 0x0000000080b00000|100%| O|  |TAMS 0x0000000080b00000, 0x0000000080a00000| Untracked 
|  11|0x0000000080b00000, 0x0000000080c00000, 0x0000000080c00000|100%| O|  |TAMS 0x0000000080c00000, 0x0000000080b00000| Untracked 
|  12|0x0000000080c00000, 0x0000000080d00000, 0x0000000080d00000|100%| O|  |TAMS 0x0000000080d00000, 0x0000000080c00000| Untracked 
|  13|0x0000000080d00000, 0x0000000080e00000, 0x0000000080e00000|100%| O|  |TAMS 0x0000000080e00000, 0x0000000080d00000| Untracked 
|  14|0x0000000080e00000, 0x0000000080f00000, 0x0000000080f00000|100%| O|  |TAMS 0x0000000080f00000, 0x0000000080e00000| Untracked 
|  15|0x0000000080f00000, 0x0000000081000000, 0x0000000081000000|100%| O|  |TAMS 0x0000000081000000, 0x0000000080f00000| Untracked 
|  16|0x0000000081000000, 0x0000000081100000, 0x0000000081100000|100%| O|  |TAMS 0x0000000081100000, 0x0000000081000000| Untracked 
|  17|0x0000000081100000, 0x0000000081200000, 0x0000000081200000|100%| O|  |TAMS 0x0000000081200000, 0x0000000081100000| Untracked 
|  18|0x0000000081200000, 0x0000000081300000, 0x0000000081300000|100%| O|  |TAMS 0x0000000081300000, 0x0000000081200000| Untracked 
|  19|0x0000000081300000, 0x0000000081400000, 0x0000000081400000|100%| O|  |TAMS 0x0000000081400000, 0x0000000081300000| Untracked 
|  20|0x0000000081400000, 0x0000000081500000, 0x0000000081500000|100%| O|  |TAMS 0x0000000081500000, 0x0000000081400000| Untracked 
|  21|0x0000000081500000, 0x0000000081600000, 0x0000000081600000|100%| O|  |TAMS 0x0000000081600000, 0x0000000081500000| Untracked 
|  22|0x0000000081600000, 0x0000000081700000, 0x0000000081700000|100%| O|  |TAMS 0x0000000081700000, 0x0000000081600000| Untracked 
|  23|0x0000000081700000, 0x0000000081800000, 0x0000000081800000|100%| O|  |TAMS 0x0000000081800000, 0x0000000081700000| Untracked 
|  24|0x0000000081800000, 0x0000000081900000, 0x0000000081900000|100%| O|  |TAMS 0x0000000081900000, 0x0000000081800000| Untracked 
|  25|0x0000000081900000, 0x0000000081a00000, 0x0000000081a00000|100%| O|  |TAMS 0x0000000081a00000, 0x0000000081900000| Untracked 
|  26|0x0000000081a00000, 0x0000000081b00000, 0x0000000081b00000|100%| O|  |TAMS 0x0000000081b00000, 0x0000000081a00000| Untracked 
|  27|0x0000000081b00000, 0x0000000081c00000, 0x0000000081c00000|100%| O|  |TAMS 0x0000000081c00000, 0x0000000081b00000| Untracked 
|  28|0x0000000081c00000, 0x0000000081d00000, 0x0000000081d00000|100%| O|  |TAMS 0x0000000081d00000, 0x0000000081c00000| Untracked 
|  29|0x0000000081d00000, 0x0000000081e00000, 0x0000000081e00000|100%|HS|  |TAMS 0x0000000081e00000, 0x0000000081d00000| Complete 
|  30|0x0000000081e00000, 0x0000000081f00000, 0x0000000081f00000|100%|HC|  |TAMS 0x0000000081f00000, 0x0000000081e00000| Complete 
|  31|0x0000000081f00000, 0x0000000082000000, 0x0000000082000000|100%|HS|  |TAMS 0x0000000082000000, 0x0000000081f00000| Complete 
|  32|0x0000000082000000, 0x0000000082100000, 0x0000000082100000|100%|HC|  |TAMS 0x0000000082100000, 0x0000000082000000| Complete 
|  33|0x0000000082100000, 0x0000000082200000, 0x0000000082200000|100%| O|  |TAMS 0x0000000082200000, 0x0000000082100000| Untracked 
|  34|0x0000000082200000, 0x0000000082300000, 0x0000000082300000|100%| O|  |TAMS 0x0000000082300000, 0x0000000082200000| Untracked 
|  35|0x0000000082300000, 0x0000000082400000, 0x0000000082400000|100%| O|  |TAMS 0x0000000082400000, 0x0000000082300000| Untracked 
|  36|0x0000000082400000, 0x0000000082500000, 0x0000000082500000|100%| O|  |TAMS 0x0000000082500000, 0x0000000082400000| Untracked 
|  37|0x0000000082500000, 0x0000000082600000, 0x0000000082600000|100%| O|  |TAMS 0x0000000082600000, 0x0000000082500000| Untracked 
|  38|0x0000000082600000, 0x0000000082700000, 0x0000000082700000|100%| O|  |TAMS 0x0000000082700000, 0x0000000082600000| Untracked 
|  39|0x0000000082700000, 0x0000000082800000, 0x0000000082800000|100%|HS|  |TAMS 0x0000000082800000, 0x0000000082700000| Complete 
|  40|0x0000000082800000, 0x0000000082900000, 0x0000000082900000|100%|HC|  |TAMS 0x0000000082900000, 0x0000000082800000| Complete 
|  41|0x0000000082900000, 0x0000000082a00000, 0x0000000082a00000|100%|HC|  |TAMS 0x0000000082a00000, 0x0000000082900000| Complete 
|  42|0x0000000082a00000, 0x0000000082b00000, 0x0000000082b00000|100%|HC|  |TAMS 0x0000000082b00000, 0x0000000082a00000| Complete 
|  43|0x0000000082b00000, 0x0000000082c00000, 0x0000000082c00000|100%| O|  |TAMS 0x0000000082c00000, 0x0000000082b00000| Untracked 
|  44|0x0000000082c00000, 0x0000000082d00000, 0x0000000082d00000|100%| O|  |TAMS 0x0000000082d00000, 0x0000000082c00000| Untracked 
|  45|0x0000000082d00000, 0x0000000082e00000, 0x0000000082e00000|100%| O|  |TAMS 0x0000000082e00000, 0x0000000082d00000| Untracked 
|  46|0x0000000082e00000, 0x0000000082f00000, 0x0000000082f00000|100%| O|  |TAMS 0x0000000082f00000, 0x0000000082e00000| Untracked 
|  47|0x0000000082f00000, 0x0000000083000000, 0x0000000083000000|100%| O|  |TAMS 0x0000000083000000, 0x0000000082f00000| Untracked 
|  48|0x0000000083000000, 0x0000000083100000, 0x0000000083100000|100%| O|  |TAMS 0x0000000083100000, 0x0000000083000000| Untracked 
|  49|0x0000000083100000, 0x0000000083200000, 0x0000000083200000|100%| O|  |TAMS 0x0000000083200000, 0x0000000083100000| Untracked 
|  50|0x0000000083200000, 0x0000000083300000, 0x0000000083300000|100%| O|  |TAMS 0x0000000083300000, 0x0000000083200000| Untracked 
|  51|0x0000000083300000, 0x0000000083400000, 0x0000000083400000|100%|HS|  |TAMS 0x0000000083400000, 0x0000000083300000| Complete 
|  52|0x0000000083400000, 0x0000000083500000, 0x0000000083500000|100%|HC|  |TAMS 0x0000000083500000, 0x0000000083400000| Complete 
|  53|0x0000000083500000, 0x0000000083600000, 0x0000000083600000|100%|HC|  |TAMS 0x0000000083600000, 0x0000000083500000| Complete 
|  54|0x0000000083600000, 0x0000000083700000, 0x0000000083700000|100%|HC|  |TAMS 0x0000000083700000, 0x0000000083600000| Complete 
|  55|0x0000000083700000, 0x0000000083800000, 0x0000000083800000|100%| O|  |TAMS 0x0000000083800000, 0x0000000083700000| Untracked 
|  56|0x0000000083800000, 0x0000000083900000, 0x0000000083900000|100%| O|  |TAMS 0x0000000083900000, 0x0000000083800000| Untracked 
|  57|0x0000000083900000, 0x0000000083a00000, 0x0000000083a00000|100%| O|  |TAMS 0x0000000083a00000, 0x0000000083900000| Untracked 
|  58|0x0000000083a00000, 0x0000000083b00000, 0x0000000083b00000|100%| O|  |TAMS 0x0000000083b00000, 0x0000000083a00000| Untracked 
|  59|0x0000000083b00000, 0x0000000083c00000, 0x0000000083c00000|100%| O|  |TAMS 0x0000000083c00000, 0x0000000083b00000| Untracked 
|  60|0x0000000083c00000, 0x0000000083d00000, 0x0000000083d00000|100%| O|  |TAMS 0x0000000083d00000, 0x0000000083c00000| Untracked 
|  61|0x0000000083d00000, 0x0000000083e00000, 0x0000000083e00000|100%| O|  |TAMS 0x0000000083e00000, 0x0000000083d00000| Untracked 
|  62|0x0000000083e00000, 0x0000000083f00000, 0x0000000083f00000|100%| O|  |TAMS 0x0000000083f00000, 0x0000000083e00000| Untracked 
|  63|0x0000000083f00000, 0x0000000084000000, 0x0000000084000000|100%| O|  |TAMS 0x0000000084000000, 0x0000000083f00000| Untracked 
|  64|0x0000000084000000, 0x0000000084100000, 0x0000000084100000|100%| O|  |TAMS 0x0000000084100000, 0x0000000084000000| Untracked 
|  65|0x0000000084100000, 0x0000000084200000, 0x0000000084200000|100%|HS|  |TAMS 0x0000000084200000, 0x0000000084100000| Complete 
|  66|0x0000000084200000, 0x0000000084300000, 0x0000000084300000|100%|HS|  |TAMS 0x0000000084300000, 0x0000000084200000| Complete 
|  67|0x0000000084300000, 0x0000000084400000, 0x0000000084400000|100%|HS|  |TAMS 0x0000000084400000, 0x0000000084300000| Complete 
|  68|0x0000000084400000, 0x0000000084500000, 0x0000000084500000|100%| O|  |TAMS 0x0000000084500000, 0x0000000084400000| Untracked 
|  69|0x0000000084500000, 0x0000000084600000, 0x0000000084600000|100%|HS|  |TAMS 0x0000000084600000, 0x0000000084500000| Complete 
|  70|0x0000000084600000, 0x0000000084700000, 0x0000000084700000|100%| O|  |TAMS 0x0000000084700000, 0x0000000084600000| Untracked 
|  71|0x0000000084700000, 0x0000000084800000, 0x0000000084800000|100%| O|  |TAMS 0x0000000084800000, 0x0000000084700000| Untracked 
|  72|0x0000000084800000, 0x0000000084900000, 0x0000000084900000|100%| O|  |TAMS 0x0000000084900000, 0x0000000084800000| Untracked 
|  73|0x0000000084900000, 0x0000000084a00000, 0x0000000084a00000|100%| O|  |TAMS 0x0000000084a00000, 0x0000000084900000| Untracked 
|  74|0x0000000084a00000, 0x0000000084b00000, 0x0000000084b00000|100%| O|  |TAMS 0x0000000084b00000, 0x0000000084a00000| Untracked 
|  75|0x0000000084b00000, 0x0000000084c00000, 0x0000000084c00000|100%| O|  |TAMS 0x0000000084c00000, 0x0000000084b00000| Untracked 
|  76|0x0000000084c00000, 0x0000000084d00000, 0x0000000084d00000|100%| O|  |TAMS 0x0000000084d00000, 0x0000000084c00000| Untracked 
|  77|0x0000000084d00000, 0x0000000084e00000, 0x0000000084e00000|100%| O|  |TAMS 0x0000000084e00000, 0x0000000084d00000| Untracked 
|  78|0x0000000084e00000, 0x0000000084f00000, 0x0000000084f00000|100%| O|  |TAMS 0x0000000084f00000, 0x0000000084e00000| Untracked 
|  79|0x0000000084f00000, 0x0000000085000000, 0x0000000085000000|100%| O|  |TAMS 0x0000000085000000, 0x0000000084f00000| Untracked 
|  80|0x0000000085000000, 0x0000000085100000, 0x0000000085100000|100%| O|  |TAMS 0x0000000085100000, 0x0000000085000000| Untracked 
|  81|0x0000000085100000, 0x0000000085200000, 0x0000000085200000|100%| O|  |TAMS 0x0000000085200000, 0x0000000085100000| Untracked 
|  82|0x0000000085200000, 0x0000000085300000, 0x0000000085300000|100%| O|  |TAMS 0x0000000085300000, 0x0000000085200000| Untracked 
|  83|0x0000000085300000, 0x0000000085400000, 0x0000000085400000|100%| O|  |TAMS 0x0000000085400000, 0x0000000085300000| Untracked 
|  84|0x0000000085400000, 0x0000000085500000, 0x0000000085500000|100%| O|  |TAMS 0x0000000085500000, 0x0000000085400000| Untracked 
|  85|0x0000000085500000, 0x0000000085600000, 0x0000000085600000|100%| O|  |TAMS 0x0000000085600000, 0x0000000085500000| Untracked 
|  86|0x0000000085600000, 0x0000000085700000, 0x0000000085700000|100%| O|  |TAMS 0x0000000085700000, 0x0000000085600000| Untracked 
|  87|0x0000000085700000, 0x0000000085800000, 0x0000000085800000|100%| O|  |TAMS 0x0000000085800000, 0x0000000085700000| Untracked 
|  88|0x0000000085800000, 0x0000000085900000, 0x0000000085900000|100%| O|  |TAMS 0x0000000085900000, 0x0000000085800000| Untracked 
|  89|0x0000000085900000, 0x0000000085a00000, 0x0000000085a00000|100%| O|  |TAMS 0x0000000085a00000, 0x0000000085900000| Untracked 
|  90|0x0000000085a00000, 0x0000000085b00000, 0x0000000085b00000|100%| O|  |TAMS 0x0000000085b00000, 0x0000000085a00000| Untracked 
|  91|0x0000000085b00000, 0x0000000085c00000, 0x0000000085c00000|100%| O|  |TAMS 0x0000000085c00000, 0x0000000085b00000| Untracked 
|  92|0x0000000085c00000, 0x0000000085d00000, 0x0000000085d00000|100%| O|  |TAMS 0x0000000085d00000, 0x0000000085c00000| Untracked 
|  93|0x0000000085d00000, 0x0000000085e00000, 0x0000000085e00000|100%| O|  |TAMS 0x0000000085e00000, 0x0000000085d00000| Untracked 
|  94|0x0000000085e00000, 0x0000000085f00000, 0x0000000085f00000|100%|HS|  |TAMS 0x0000000085f00000, 0x0000000085e00000| Complete 
|  95|0x0000000085f00000, 0x0000000086000000, 0x0000000086000000|100%|HC|  |TAMS 0x0000000086000000, 0x0000000085f00000| Complete 
|  96|0x0000000086000000, 0x0000000086100000, 0x0000000086100000|100%|HS|  |TAMS 0x0000000086100000, 0x0000000086000000| Complete 
|  97|0x0000000086100000, 0x0000000086200000, 0x0000000086200000|100%|HC|  |TAMS 0x0000000086200000, 0x0000000086100000| Complete 
|  98|0x0000000086200000, 0x0000000086300000, 0x0000000086300000|100%|HC|  |TAMS 0x0000000086300000, 0x0000000086200000| Complete 
|  99|0x0000000086300000, 0x0000000086400000, 0x0000000086400000|100%|HC|  |TAMS 0x0000000086400000, 0x0000000086300000| Complete 
| 100|0x0000000086400000, 0x0000000086500000, 0x0000000086500000|100%| O|  |TAMS 0x0000000086500000, 0x0000000086400000| Untracked 
| 101|0x0000000086500000, 0x0000000086600000, 0x0000000086600000|100%| O|  |TAMS 0x0000000086600000, 0x0000000086500000| Untracked 
| 102|0x0000000086600000, 0x0000000086700000, 0x0000000086700000|100%| O|  |TAMS 0x0000000086700000, 0x0000000086600000| Untracked 
| 103|0x0000000086700000, 0x0000000086800000, 0x0000000086800000|100%|HS|  |TAMS 0x0000000086800000, 0x0000000086700000| Complete 
| 104|0x0000000086800000, 0x0000000086900000, 0x0000000086900000|100%|HC|  |TAMS 0x0000000086900000, 0x0000000086800000| Complete 
| 105|0x0000000086900000, 0x0000000086a00000, 0x0000000086a00000|100%|HC|  |TAMS 0x0000000086a00000, 0x0000000086900000| Complete 
| 106|0x0000000086a00000, 0x0000000086b00000, 0x0000000086b00000|100%|HS|  |TAMS 0x0000000086b00000, 0x0000000086a00000| Complete 
| 107|0x0000000086b00000, 0x0000000086c00000, 0x0000000086c00000|100%|HC|  |TAMS 0x0000000086c00000, 0x0000000086b00000| Complete 
| 108|0x0000000086c00000, 0x0000000086d00000, 0x0000000086d00000|100%|HS|  |TAMS 0x0000000086d00000, 0x0000000086c00000| Complete 
| 109|0x0000000086d00000, 0x0000000086e00000, 0x0000000086e00000|100%|HS|  |TAMS 0x0000000086e00000, 0x0000000086d00000| Complete 
| 110|0x0000000086e00000, 0x0000000086f00000, 0x0000000086f00000|100%| O|  |TAMS 0x0000000086f00000, 0x0000000086e00000| Untracked 
| 111|0x0000000086f00000, 0x0000000087000000, 0x0000000087000000|100%| O|  |TAMS 0x0000000087000000, 0x0000000086f00000| Untracked 
| 112|0x0000000087000000, 0x0000000087100000, 0x0000000087100000|100%| O|  |TAMS 0x0000000087100000, 0x0000000087000000| Untracked 
| 113|0x0000000087100000, 0x0000000087200000, 0x0000000087200000|100%| O|  |TAMS 0x0000000087200000, 0x0000000087100000| Untracked 
| 114|0x0000000087200000, 0x0000000087300000, 0x0000000087300000|100%| O|  |TAMS 0x0000000087300000, 0x0000000087200000| Untracked 
| 115|0x0000000087300000, 0x0000000087400000, 0x0000000087400000|100%| O|  |TAMS 0x0000000087400000, 0x0000000087300000| Untracked 
| 116|0x0000000087400000, 0x0000000087500000, 0x0000000087500000|100%| O|  |TAMS 0x0000000087500000, 0x0000000087400000| Untracked 
| 117|0x0000000087500000, 0x0000000087600000, 0x0000000087600000|100%| O|  |TAMS 0x0000000087600000, 0x0000000087500000| Untracked 
| 118|0x0000000087600000, 0x0000000087700000, 0x0000000087700000|100%| O|  |TAMS 0x0000000087700000, 0x0000000087600000| Untracked 
| 119|0x0000000087700000, 0x0000000087800000, 0x0000000087800000|100%| O|  |TAMS 0x0000000087800000, 0x0000000087700000| Untracked 
| 120|0x0000000087800000, 0x0000000087900000, 0x0000000087900000|100%| O|  |TAMS 0x0000000087900000, 0x0000000087800000| Untracked 
| 121|0x0000000087900000, 0x0000000087a00000, 0x0000000087a00000|100%| O|  |TAMS 0x0000000087a00000, 0x0000000087900000| Untracked 
| 122|0x0000000087a00000, 0x0000000087b00000, 0x0000000087b00000|100%| O|  |TAMS 0x0000000087b00000, 0x0000000087a00000| Untracked 
| 123|0x0000000087b00000, 0x0000000087c00000, 0x0000000087c00000|100%| O|  |TAMS 0x0000000087c00000, 0x0000000087b00000| Untracked 
| 124|0x0000000087c00000, 0x0000000087d00000, 0x0000000087d00000|100%| O|  |TAMS 0x0000000087d00000, 0x0000000087c00000| Untracked 
| 125|0x0000000087d00000, 0x0000000087e00000, 0x0000000087e00000|100%| O|  |TAMS 0x0000000087e00000, 0x0000000087d00000| Untracked 
| 126|0x0000000087e00000, 0x0000000087f00000, 0x0000000087f00000|100%| O|  |TAMS 0x0000000087f00000, 0x0000000087e00000| Untracked 
| 127|0x0000000087f00000, 0x0000000088000000, 0x0000000088000000|100%| O|  |TAMS 0x0000000088000000, 0x0000000087f00000| Untracked 
| 128|0x0000000088000000, 0x0000000088100000, 0x0000000088100000|100%| O|  |TAMS 0x0000000088100000, 0x0000000088000000| Untracked 
| 129|0x0000000088100000, 0x0000000088200000, 0x0000000088200000|100%| O|  |TAMS 0x0000000088200000, 0x0000000088100000| Untracked 
| 130|0x0000000088200000, 0x0000000088300000, 0x0000000088300000|100%| O|  |TAMS 0x0000000088300000, 0x0000000088200000| Untracked 
| 131|0x0000000088300000, 0x0000000088400000, 0x0000000088400000|100%| O|  |TAMS 0x0000000088400000, 0x0000000088300000| Untracked 
| 132|0x0000000088400000, 0x0000000088500000, 0x0000000088500000|100%| O|  |TAMS 0x0000000088500000, 0x0000000088400000| Untracked 
| 133|0x0000000088500000, 0x0000000088600000, 0x0000000088600000|100%| O|  |TAMS 0x0000000088600000, 0x0000000088500000| Untracked 
| 134|0x0000000088600000, 0x0000000088700000, 0x0000000088700000|100%| O|  |TAMS 0x0000000088700000, 0x0000000088600000| Untracked 
| 135|0x0000000088700000, 0x0000000088800000, 0x0000000088800000|100%|HS|  |TAMS 0x0000000088800000, 0x0000000088700000| Complete 
| 136|0x0000000088800000, 0x0000000088900000, 0x0000000088900000|100%|HC|  |TAMS 0x0000000088900000, 0x0000000088800000| Complete 
| 137|0x0000000088900000, 0x0000000088a00000, 0x0000000088a00000|100%|HS|  |TAMS 0x0000000088a00000, 0x0000000088900000| Complete 
| 138|0x0000000088a00000, 0x0000000088b00000, 0x0000000088b00000|100%| O|  |TAMS 0x0000000088b00000, 0x0000000088a00000| Untracked 
| 139|0x0000000088b00000, 0x0000000088c00000, 0x0000000088c00000|100%| O|  |TAMS 0x0000000088c00000, 0x0000000088b00000| Untracked 
| 140|0x0000000088c00000, 0x0000000088d00000, 0x0000000088d00000|100%| O|  |TAMS 0x0000000088d00000, 0x0000000088c00000| Untracked 
| 141|0x0000000088d00000, 0x0000000088e00000, 0x0000000088e00000|100%| O|  |TAMS 0x0000000088e00000, 0x0000000088d00000| Untracked 
| 142|0x0000000088e00000, 0x0000000088f00000, 0x0000000088f00000|100%| O|  |TAMS 0x0000000088f00000, 0x0000000088e00000| Untracked 
| 143|0x0000000088f00000, 0x0000000089000000, 0x0000000089000000|100%| O|  |TAMS 0x0000000089000000, 0x0000000088f00000| Untracked 
| 144|0x0000000089000000, 0x0000000089100000, 0x0000000089100000|100%| O|  |TAMS 0x0000000089100000, 0x0000000089000000| Untracked 
| 145|0x0000000089100000, 0x0000000089200000, 0x0000000089200000|100%| O|  |TAMS 0x0000000089200000, 0x0000000089100000| Untracked 
| 146|0x0000000089200000, 0x0000000089300000, 0x0000000089300000|100%| O|  |TAMS 0x0000000089300000, 0x0000000089200000| Untracked 
| 147|0x0000000089300000, 0x0000000089400000, 0x0000000089400000|100%| O|  |TAMS 0x0000000089400000, 0x0000000089300000| Untracked 
| 148|0x0000000089400000, 0x0000000089500000, 0x0000000089500000|100%| O|  |TAMS 0x0000000089500000, 0x0000000089400000| Untracked 
| 149|0x0000000089500000, 0x0000000089600000, 0x0000000089600000|100%| O|  |TAMS 0x0000000089600000, 0x0000000089500000| Untracked 
| 150|0x0000000089600000, 0x0000000089700000, 0x0000000089700000|100%| O|  |TAMS 0x0000000089700000, 0x0000000089600000| Untracked 
| 151|0x0000000089700000, 0x0000000089800000, 0x0000000089800000|100%| O|  |TAMS 0x0000000089800000, 0x0000000089700000| Untracked 
| 152|0x0000000089800000, 0x0000000089900000, 0x0000000089900000|100%| O|  |TAMS 0x0000000089900000, 0x0000000089800000| Untracked 
| 153|0x0000000089900000, 0x0000000089a00000, 0x0000000089a00000|100%| O|  |TAMS 0x0000000089a00000, 0x0000000089900000| Untracked 
| 154|0x0000000089a00000, 0x0000000089b00000, 0x0000000089b00000|100%| O|  |TAMS 0x0000000089b00000, 0x0000000089a00000| Untracked 
| 155|0x0000000089b00000, 0x0000000089c00000, 0x0000000089c00000|100%| O|  |TAMS 0x0000000089c00000, 0x0000000089b00000| Untracked 
| 156|0x0000000089c00000, 0x0000000089c00000, 0x0000000089d00000|  0%| F|  |TAMS 0x0000000089c00000, 0x0000000089c00000| Untracked 
| 157|0x0000000089d00000, 0x0000000089d00000, 0x0000000089e00000|  0%| F|  |TAMS 0x0000000089d00000, 0x0000000089d00000| Untracked 
| 158|0x0000000089e00000, 0x0000000089f00000, 0x0000000089f00000|100%| O|  |TAMS 0x0000000089e00000, 0x0000000089e00000| Untracked 
| 159|0x0000000089f00000, 0x000000008a000000, 0x000000008a000000|100%|HS|  |TAMS 0x000000008a000000, 0x0000000089f00000| Complete 
| 160|0x000000008a000000, 0x000000008a100000, 0x000000008a100000|100%|HC|  |TAMS 0x000000008a100000, 0x000000008a000000| Complete 
| 161|0x000000008a100000, 0x000000008a200000, 0x000000008a200000|100%| O|  |TAMS 0x000000008a200000, 0x000000008a100000| Untracked 
| 162|0x000000008a200000, 0x000000008a300000, 0x000000008a300000|100%| O|  |TAMS 0x000000008a300000, 0x000000008a200000| Untracked 
| 163|0x000000008a300000, 0x000000008a400000, 0x000000008a400000|100%| O|  |TAMS 0x000000008a400000, 0x000000008a300000| Untracked 
| 164|0x000000008a400000, 0x000000008a500000, 0x000000008a500000|100%| O|  |TAMS 0x000000008a500000, 0x000000008a400000| Untracked 
| 165|0x000000008a500000, 0x000000008a600000, 0x000000008a600000|100%| O|  |TAMS 0x000000008a600000, 0x000000008a500000| Untracked 
| 166|0x000000008a600000, 0x000000008a700000, 0x000000008a700000|100%| O|  |TAMS 0x000000008a700000, 0x000000008a600000| Untracked 
| 167|0x000000008a700000, 0x000000008a800000, 0x000000008a800000|100%| O|  |TAMS 0x000000008a800000, 0x000000008a700000| Untracked 
| 168|0x000000008a800000, 0x000000008a900000, 0x000000008a900000|100%| O|  |TAMS 0x000000008a900000, 0x000000008a800000| Untracked 
| 169|0x000000008a900000, 0x000000008aa00000, 0x000000008aa00000|100%| O|  |TAMS 0x000000008aa00000, 0x000000008a900000| Untracked 
| 170|0x000000008aa00000, 0x000000008ab00000, 0x000000008ab00000|100%| O|  |TAMS 0x000000008ab00000, 0x000000008aa00000| Untracked 
| 171|0x000000008ab00000, 0x000000008ac00000, 0x000000008ac00000|100%| O|  |TAMS 0x000000008ac00000, 0x000000008ab00000| Untracked 
| 172|0x000000008ac00000, 0x000000008ad00000, 0x000000008ad00000|100%| O|  |TAMS 0x000000008ac00000, 0x000000008ac00000| Untracked 
| 173|0x000000008ad00000, 0x000000008ae00000, 0x000000008ae00000|100%|HS|  |TAMS 0x000000008ae00000, 0x000000008ad00000| Complete 
| 174|0x000000008ae00000, 0x000000008af00000, 0x000000008af00000|100%|HS|  |TAMS 0x000000008af00000, 0x000000008ae00000| Complete 
| 175|0x000000008af00000, 0x000000008b000000, 0x000000008b000000|100%| O|  |TAMS 0x000000008b000000, 0x000000008af00000| Untracked 
| 176|0x000000008b000000, 0x000000008b100000, 0x000000008b100000|100%| O|  |TAMS 0x000000008b100000, 0x000000008b000000| Untracked 
| 177|0x000000008b100000, 0x000000008b200000, 0x000000008b200000|100%| O|  |TAMS 0x000000008b200000, 0x000000008b100000| Untracked 
| 178|0x000000008b200000, 0x000000008b300000, 0x000000008b300000|100%| O|  |TAMS 0x000000008b300000, 0x000000008b200000| Untracked 
| 179|0x000000008b300000, 0x000000008b400000, 0x000000008b400000|100%| O|  |TAMS 0x000000008b400000, 0x000000008b300000| Untracked 
| 180|0x000000008b400000, 0x000000008b500000, 0x000000008b500000|100%| O|  |TAMS 0x000000008b500000, 0x000000008b400000| Untracked 
| 181|0x000000008b500000, 0x000000008b600000, 0x000000008b600000|100%| O|  |TAMS 0x000000008b600000, 0x000000008b500000| Untracked 
| 182|0x000000008b600000, 0x000000008b700000, 0x000000008b700000|100%| O|  |TAMS 0x000000008b700000, 0x000000008b600000| Untracked 
| 183|0x000000008b700000, 0x000000008b800000, 0x000000008b800000|100%| O|  |TAMS 0x000000008b800000, 0x000000008b700000| Untracked 
| 184|0x000000008b800000, 0x000000008b900000, 0x000000008b900000|100%| O|  |TAMS 0x000000008b900000, 0x000000008b800000| Untracked 
| 185|0x000000008b900000, 0x000000008ba00000, 0x000000008ba00000|100%| O|  |TAMS 0x000000008ba00000, 0x000000008b900000| Untracked 
| 186|0x000000008ba00000, 0x000000008ba00000, 0x000000008bb00000|  0%| F|  |TAMS 0x000000008ba00000, 0x000000008ba00000| Untracked 
| 187|0x000000008bb00000, 0x000000008bc00000, 0x000000008bc00000|100%| O|  |TAMS 0x000000008bc00000, 0x000000008bb00000| Untracked 
| 188|0x000000008bc00000, 0x000000008bd00000, 0x000000008bd00000|100%| O|  |TAMS 0x000000008bd00000, 0x000000008bc00000| Untracked 
| 189|0x000000008bd00000, 0x000000008be00000, 0x000000008be00000|100%| O|  |TAMS 0x000000008be00000, 0x000000008bd00000| Untracked 
| 190|0x000000008be00000, 0x000000008bf00000, 0x000000008bf00000|100%| O|  |TAMS 0x000000008bf00000, 0x000000008be00000| Untracked 
| 191|0x000000008bf00000, 0x000000008c000000, 0x000000008c000000|100%| O|  |TAMS 0x000000008c000000, 0x000000008bf00000| Untracked 
| 192|0x000000008c000000, 0x000000008c100000, 0x000000008c100000|100%| O|  |TAMS 0x000000008c100000, 0x000000008c000000| Untracked 
| 193|0x000000008c100000, 0x000000008c100000, 0x000000008c200000|  0%| F|  |TAMS 0x000000008c100000, 0x000000008c100000| Untracked 
| 194|0x000000008c200000, 0x000000008c300000, 0x000000008c300000|100%| O|  |TAMS 0x000000008c300000, 0x000000008c200000| Untracked 
| 195|0x000000008c300000, 0x000000008c400000, 0x000000008c400000|100%| O|  |TAMS 0x000000008c400000, 0x000000008c300000| Untracked 
| 196|0x000000008c400000, 0x000000008c500000, 0x000000008c500000|100%| O|  |TAMS 0x000000008c500000, 0x000000008c400000| Untracked 
| 197|0x000000008c500000, 0x000000008c600000, 0x000000008c600000|100%| O|  |TAMS 0x000000008c600000, 0x000000008c500000| Untracked 
| 198|0x000000008c600000, 0x000000008c700000, 0x000000008c700000|100%| O|  |TAMS 0x000000008c700000, 0x000000008c600000| Untracked 
| 199|0x000000008c700000, 0x000000008c800000, 0x000000008c800000|100%| O|  |TAMS 0x000000008c800000, 0x000000008c700000| Untracked 
| 200|0x000000008c800000, 0x000000008c900000, 0x000000008c900000|100%| O|  |TAMS 0x000000008c900000, 0x000000008c800000| Untracked 
| 201|0x000000008c900000, 0x000000008ca00000, 0x000000008ca00000|100%| O|  |TAMS 0x000000008ca00000, 0x000000008c900000| Untracked 
| 202|0x000000008ca00000, 0x000000008cb00000, 0x000000008cb00000|100%| O|  |TAMS 0x000000008cb00000, 0x000000008ca00000| Untracked 
| 203|0x000000008cb00000, 0x000000008cc00000, 0x000000008cc00000|100%| O|  |TAMS 0x000000008cc00000, 0x000000008cb00000| Untracked 
| 204|0x000000008cc00000, 0x000000008cd00000, 0x000000008cd00000|100%| O|  |TAMS 0x000000008cd00000, 0x000000008cc00000| Untracked 
| 205|0x000000008cd00000, 0x000000008ce00000, 0x000000008ce00000|100%| O|  |TAMS 0x000000008ce00000, 0x000000008cd00000| Untracked 
| 206|0x000000008ce00000, 0x000000008cf00000, 0x000000008cf00000|100%| O|  |TAMS 0x000000008cf00000, 0x000000008ce00000| Untracked 
| 207|0x000000008cf00000, 0x000000008d000000, 0x000000008d000000|100%| O|  |TAMS 0x000000008d000000, 0x000000008cf00000| Untracked 
| 208|0x000000008d000000, 0x000000008d100000, 0x000000008d100000|100%| O|  |TAMS 0x000000008d100000, 0x000000008d000000| Untracked 
| 209|0x000000008d100000, 0x000000008d200000, 0x000000008d200000|100%| O|  |TAMS 0x000000008d200000, 0x000000008d100000| Untracked 
| 210|0x000000008d200000, 0x000000008d300000, 0x000000008d300000|100%| O|  |TAMS 0x000000008d300000, 0x000000008d200000| Untracked 
| 211|0x000000008d300000, 0x000000008d400000, 0x000000008d400000|100%| O|  |TAMS 0x000000008d400000, 0x000000008d300000| Untracked 
| 212|0x000000008d400000, 0x000000008d500000, 0x000000008d500000|100%| O|  |TAMS 0x000000008d500000, 0x000000008d400000| Untracked 
| 213|0x000000008d500000, 0x000000008d600000, 0x000000008d600000|100%| O|  |TAMS 0x000000008d600000, 0x000000008d500000| Untracked 
| 214|0x000000008d600000, 0x000000008d700000, 0x000000008d700000|100%| O|  |TAMS 0x000000008d700000, 0x000000008d600000| Untracked 
| 215|0x000000008d700000, 0x000000008d800000, 0x000000008d800000|100%| O|  |TAMS 0x000000008d800000, 0x000000008d700000| Untracked 
| 216|0x000000008d800000, 0x000000008d900000, 0x000000008d900000|100%| O|  |TAMS 0x000000008d900000, 0x000000008d800000| Untracked 
| 217|0x000000008d900000, 0x000000008da00000, 0x000000008da00000|100%| O|  |TAMS 0x000000008da00000, 0x000000008d900000| Untracked 
| 218|0x000000008da00000, 0x000000008db00000, 0x000000008db00000|100%| O|  |TAMS 0x000000008db00000, 0x000000008da00000| Untracked 
| 219|0x000000008db00000, 0x000000008dc00000, 0x000000008dc00000|100%| O|  |TAMS 0x000000008dc00000, 0x000000008db00000| Untracked 
| 220|0x000000008dc00000, 0x000000008dd00000, 0x000000008dd00000|100%| O|  |TAMS 0x000000008dd00000, 0x000000008dc00000| Untracked 
| 221|0x000000008dd00000, 0x000000008de00000, 0x000000008de00000|100%| O|  |TAMS 0x000000008de00000, 0x000000008dd00000| Untracked 
| 222|0x000000008de00000, 0x000000008df00000, 0x000000008df00000|100%| O|  |TAMS 0x000000008df00000, 0x000000008de00000| Untracked 
| 223|0x000000008df00000, 0x000000008e000000, 0x000000008e000000|100%| O|  |TAMS 0x000000008e000000, 0x000000008df00000| Untracked 
| 224|0x000000008e000000, 0x000000008e100000, 0x000000008e100000|100%| O|  |TAMS 0x000000008e100000, 0x000000008e000000| Untracked 
| 225|0x000000008e100000, 0x000000008e200000, 0x000000008e200000|100%| O|  |TAMS 0x000000008e200000, 0x000000008e100000| Untracked 
| 226|0x000000008e200000, 0x000000008e300000, 0x000000008e300000|100%| O|  |TAMS 0x000000008e300000, 0x000000008e200000| Untracked 
| 227|0x000000008e300000, 0x000000008e400000, 0x000000008e400000|100%| O|  |TAMS 0x000000008e400000, 0x000000008e300000| Untracked 
| 228|0x000000008e400000, 0x000000008e500000, 0x000000008e500000|100%| O|  |TAMS 0x000000008e500000, 0x000000008e400000| Untracked 
| 229|0x000000008e500000, 0x000000008e600000, 0x000000008e600000|100%| O|  |TAMS 0x000000008e600000, 0x000000008e500000| Untracked 
| 230|0x000000008e600000, 0x000000008e700000, 0x000000008e700000|100%| O|  |TAMS 0x000000008e700000, 0x000000008e600000| Untracked 
| 231|0x000000008e700000, 0x000000008e800000, 0x000000008e800000|100%| O|  |TAMS 0x000000008e800000, 0x000000008e700000| Untracked 
| 232|0x000000008e800000, 0x000000008e900000, 0x000000008e900000|100%| O|  |TAMS 0x000000008e900000, 0x000000008e800000| Untracked 
| 233|0x000000008e900000, 0x000000008ea00000, 0x000000008ea00000|100%| O|  |TAMS 0x000000008e900000, 0x000000008e900000| Untracked 
| 234|0x000000008ea00000, 0x000000008eb00000, 0x000000008eb00000|100%| O|  |TAMS 0x000000008eb00000, 0x000000008ea00000| Untracked 
| 235|0x000000008eb00000, 0x000000008ec00000, 0x000000008ec00000|100%| O|  |TAMS 0x000000008ec00000, 0x000000008eb00000| Untracked 
| 236|0x000000008ec00000, 0x000000008ed00000, 0x000000008ed00000|100%| O|  |TAMS 0x000000008ed00000, 0x000000008ec00000| Untracked 
| 237|0x000000008ed00000, 0x000000008ee00000, 0x000000008ee00000|100%| O|  |TAMS 0x000000008ee00000, 0x000000008ed00000| Untracked 
| 238|0x000000008ee00000, 0x000000008ee00000, 0x000000008ef00000|  0%| F|  |TAMS 0x000000008ee00000, 0x000000008ee00000| Untracked 
| 239|0x000000008ef00000, 0x000000008f000000, 0x000000008f000000|100%| O|  |TAMS 0x000000008f000000, 0x000000008ef00000| Untracked 
| 240|0x000000008f000000, 0x000000008f100000, 0x000000008f100000|100%| O|  |TAMS 0x000000008f100000, 0x000000008f000000| Untracked 
| 241|0x000000008f100000, 0x000000008f200000, 0x000000008f200000|100%| O|  |TAMS 0x000000008f200000, 0x000000008f100000| Untracked 
| 242|0x000000008f200000, 0x000000008f300000, 0x000000008f300000|100%| O|  |TAMS 0x000000008f300000, 0x000000008f200000| Untracked 
| 243|0x000000008f300000, 0x000000008f400000, 0x000000008f400000|100%| O|  |TAMS 0x000000008f400000, 0x000000008f300000| Untracked 
| 244|0x000000008f400000, 0x000000008f500000, 0x000000008f500000|100%| O|  |TAMS 0x000000008f500000, 0x000000008f400000| Untracked 
| 245|0x000000008f500000, 0x000000008f600000, 0x000000008f600000|100%| O|  |TAMS 0x000000008f600000, 0x000000008f500000| Untracked 
| 246|0x000000008f600000, 0x000000008f700000, 0x000000008f700000|100%| O|  |TAMS 0x000000008f700000, 0x000000008f600000| Untracked 
| 247|0x000000008f700000, 0x000000008f800000, 0x000000008f800000|100%| O|  |TAMS 0x000000008f800000, 0x000000008f700000| Untracked 
| 248|0x000000008f800000, 0x000000008f900000, 0x000000008f900000|100%| O|  |TAMS 0x000000008f900000, 0x000000008f800000| Untracked 
| 249|0x000000008f900000, 0x000000008fa00000, 0x000000008fa00000|100%| O|  |TAMS 0x000000008fa00000, 0x000000008f900000| Untracked 
| 250|0x000000008fa00000, 0x000000008fb00000, 0x000000008fb00000|100%| O|  |TAMS 0x000000008fb00000, 0x000000008fa00000| Untracked 
| 251|0x000000008fb00000, 0x000000008fc00000, 0x000000008fc00000|100%| O|  |TAMS 0x000000008fc00000, 0x000000008fb00000| Untracked 
| 252|0x000000008fc00000, 0x000000008fd00000, 0x000000008fd00000|100%| O|  |TAMS 0x000000008fd00000, 0x000000008fc00000| Untracked 
| 253|0x000000008fd00000, 0x000000008fe00000, 0x000000008fe00000|100%| O|  |TAMS 0x000000008fe00000, 0x000000008fd00000| Untracked 
| 254|0x000000008fe00000, 0x000000008ff00000, 0x000000008ff00000|100%| O|  |TAMS 0x000000008ff00000, 0x000000008fe00000| Untracked 
| 255|0x000000008ff00000, 0x0000000090000000, 0x0000000090000000|100%| O|  |TAMS 0x0000000090000000, 0x000000008ff00000| Untracked 
| 256|0x0000000090000000, 0x0000000090100000, 0x0000000090100000|100%| O|  |TAMS 0x0000000090100000, 0x0000000090000000| Untracked 
| 257|0x0000000090100000, 0x0000000090200000, 0x0000000090200000|100%| O|  |TAMS 0x0000000090100000, 0x0000000090100000| Untracked 
| 258|0x0000000090200000, 0x0000000090300000, 0x0000000090300000|100%| O|  |TAMS 0x0000000090300000, 0x0000000090200000| Untracked 
| 259|0x0000000090300000, 0x0000000090400000, 0x0000000090400000|100%| O|  |TAMS 0x0000000090400000, 0x0000000090300000| Untracked 
| 260|0x0000000090400000, 0x0000000090500000, 0x0000000090500000|100%| O|  |TAMS 0x0000000090400000, 0x0000000090400000| Untracked 
| 261|0x0000000090500000, 0x0000000090600000, 0x0000000090600000|100%| O|  |TAMS 0x0000000090500000, 0x0000000090500000| Untracked 
| 262|0x0000000090600000, 0x0000000090700000, 0x0000000090700000|100%| O|  |TAMS 0x0000000090700000, 0x0000000090600000| Untracked 
| 263|0x0000000090700000, 0x0000000090800000, 0x0000000090800000|100%| O|  |TAMS 0x0000000090800000, 0x0000000090700000| Untracked 
| 264|0x0000000090800000, 0x0000000090900000, 0x0000000090900000|100%| O|  |TAMS 0x0000000090800000, 0x0000000090800000| Untracked 
| 265|0x0000000090900000, 0x0000000090a00000, 0x0000000090a00000|100%| O|  |TAMS 0x0000000090900000, 0x0000000090900000| Untracked 
| 266|0x0000000090a00000, 0x0000000090a00000, 0x0000000090b00000|  0%| F|  |TAMS 0x0000000090a00000, 0x0000000090a00000| Untracked 
| 267|0x0000000090b00000, 0x0000000090c00000, 0x0000000090c00000|100%| O|  |TAMS 0x0000000090b00000, 0x0000000090b00000| Untracked 
| 268|0x0000000090c00000, 0x0000000090c00000, 0x0000000090d00000|  0%| F|  |TAMS 0x0000000090c00000, 0x0000000090c00000| Untracked 
| 269|0x0000000090d00000, 0x0000000090e00000, 0x0000000090e00000|100%| O|  |TAMS 0x0000000090d00000, 0x0000000090d00000| Untracked 
| 270|0x0000000090e00000, 0x0000000090f00000, 0x0000000090f00000|100%| O|  |TAMS 0x0000000090e00000, 0x0000000090e00000| Untracked 
| 271|0x0000000090f00000, 0x0000000091000000, 0x0000000091000000|100%| O|  |TAMS 0x0000000091000000, 0x0000000090f00000| Untracked 
| 272|0x0000000091000000, 0x0000000091000000, 0x0000000091100000|  0%| F|  |TAMS 0x0000000091000000, 0x0000000091000000| Untracked 
| 273|0x0000000091100000, 0x0000000091200000, 0x0000000091200000|100%| O|  |TAMS 0x0000000091200000, 0x0000000091100000| Untracked 
| 274|0x0000000091200000, 0x0000000091300000, 0x0000000091300000|100%| O|  |TAMS 0x0000000091300000, 0x0000000091200000| Untracked 
| 275|0x0000000091300000, 0x0000000091400000, 0x0000000091400000|100%| O|  |TAMS 0x0000000091400000, 0x0000000091300000| Untracked 
| 276|0x0000000091400000, 0x0000000091500000, 0x0000000091500000|100%| O|  |TAMS 0x0000000091500000, 0x0000000091400000| Untracked 
| 277|0x0000000091500000, 0x0000000091500000, 0x0000000091600000|  0%| F|  |TAMS 0x0000000091500000, 0x0000000091500000| Untracked 
| 278|0x0000000091600000, 0x0000000091700000, 0x0000000091700000|100%| O|  |TAMS 0x0000000091700000, 0x0000000091600000| Untracked 
| 279|0x0000000091700000, 0x0000000091800000, 0x0000000091800000|100%| O|  |TAMS 0x0000000091800000, 0x0000000091700000| Untracked 
| 280|0x0000000091800000, 0x0000000091900000, 0x0000000091900000|100%| O|  |TAMS 0x0000000091900000, 0x0000000091800000| Untracked 
| 281|0x0000000091900000, 0x0000000091a00000, 0x0000000091a00000|100%| O|  |TAMS 0x0000000091918200, 0x0000000091900000| Untracked 
| 282|0x0000000091a00000, 0x0000000091b00000, 0x0000000091b00000|100%| O|  |TAMS 0x0000000091a00000, 0x0000000091a00000| Untracked 
| 283|0x0000000091b00000, 0x0000000091c00000, 0x0000000091c00000|100%| O|  |TAMS 0x0000000091b00000, 0x0000000091b00000| Untracked 
| 284|0x0000000091c00000, 0x0000000091d00000, 0x0000000091d00000|100%| O|  |TAMS 0x0000000091c00000, 0x0000000091c00000| Untracked 
| 285|0x0000000091d00000, 0x0000000091e00000, 0x0000000091e00000|100%| O|  |TAMS 0x0000000091d00000, 0x0000000091d00000| Untracked 
| 286|0x0000000091e00000, 0x0000000091f00000, 0x0000000091f00000|100%| O|  |TAMS 0x0000000091e00000, 0x0000000091e00000| Untracked 
| 287|0x0000000091f00000, 0x0000000092000000, 0x0000000092000000|100%| O|  |TAMS 0x0000000091f00000, 0x0000000091f00000| Untracked 
| 288|0x0000000092000000, 0x0000000092100000, 0x0000000092100000|100%| O|  |TAMS 0x0000000092000000, 0x0000000092000000| Untracked 
| 289|0x0000000092100000, 0x0000000092200000, 0x0000000092200000|100%| O|  |TAMS 0x0000000092100000, 0x0000000092100000| Untracked 
| 290|0x0000000092200000, 0x0000000092300000, 0x0000000092300000|100%| O|  |TAMS 0x0000000092200000, 0x0000000092200000| Untracked 
| 291|0x0000000092300000, 0x00000000923ba400, 0x0000000092400000| 72%| O|  |TAMS 0x0000000092300000, 0x0000000092300000| Untracked 
| 292|0x0000000092400000, 0x0000000092400000, 0x0000000092500000|  0%| F|  |TAMS 0x0000000092400000, 0x0000000092400000| Untracked 
| 293|0x0000000092500000, 0x0000000092500000, 0x0000000092600000|  0%| F|  |TAMS 0x0000000092500000, 0x0000000092500000| Untracked 
| 294|0x0000000092600000, 0x0000000092600000, 0x0000000092700000|  0%| F|  |TAMS 0x0000000092600000, 0x0000000092600000| Untracked 
| 295|0x0000000092700000, 0x0000000092700000, 0x0000000092800000|  0%| F|  |TAMS 0x0000000092700000, 0x0000000092700000| Untracked 
| 296|0x0000000092800000, 0x0000000092800000, 0x0000000092900000|  0%| F|  |TAMS 0x0000000092800000, 0x0000000092800000| Untracked 
| 297|0x0000000092900000, 0x0000000092900000, 0x0000000092a00000|  0%| F|  |TAMS 0x0000000092900000, 0x0000000092900000| Untracked 
| 298|0x0000000092a00000, 0x0000000092a00000, 0x0000000092b00000|  0%| F|  |TAMS 0x0000000092a00000, 0x0000000092a00000| Untracked 
| 299|0x0000000092b00000, 0x0000000092b00000, 0x0000000092c00000|  0%| F|  |TAMS 0x0000000092b00000, 0x0000000092b00000| Untracked 
| 300|0x0000000092c00000, 0x0000000092c00000, 0x0000000092d00000|  0%| F|  |TAMS 0x0000000092c00000, 0x0000000092c00000| Untracked 
| 301|0x0000000092d00000, 0x0000000092d00000, 0x0000000092e00000|  0%| F|  |TAMS 0x0000000092d00000, 0x0000000092d00000| Untracked 
| 302|0x0000000092e00000, 0x0000000092e00000, 0x0000000092f00000|  0%| F|  |TAMS 0x0000000092e00000, 0x0000000092e00000| Untracked 
| 303|0x0000000092f00000, 0x0000000092f00000, 0x0000000093000000|  0%| F|  |TAMS 0x0000000092f00000, 0x0000000092f00000| Untracked 
| 304|0x0000000093000000, 0x0000000093000000, 0x0000000093100000|  0%| F|  |TAMS 0x0000000093000000, 0x0000000093000000| Untracked 
| 305|0x0000000093100000, 0x0000000093100000, 0x0000000093200000|  0%| F|  |TAMS 0x0000000093100000, 0x0000000093100000| Untracked 
| 306|0x0000000093200000, 0x0000000093200000, 0x0000000093300000|  0%| F|  |TAMS 0x0000000093200000, 0x0000000093200000| Untracked 
| 307|0x0000000093300000, 0x0000000093300000, 0x0000000093400000|  0%| F|  |TAMS 0x0000000093300000, 0x0000000093300000| Untracked 
| 308|0x0000000093400000, 0x0000000093400000, 0x0000000093500000|  0%| F|  |TAMS 0x0000000093400000, 0x0000000093400000| Untracked 
| 309|0x0000000093500000, 0x0000000093500000, 0x0000000093600000|  0%| F|  |TAMS 0x0000000093500000, 0x0000000093500000| Untracked 
| 310|0x0000000093600000, 0x0000000093600000, 0x0000000093700000|  0%| F|  |TAMS 0x0000000093600000, 0x0000000093600000| Untracked 
| 311|0x0000000093700000, 0x0000000093700000, 0x0000000093800000|  0%| F|  |TAMS 0x0000000093700000, 0x0000000093700000| Untracked 
| 312|0x0000000093800000, 0x0000000093800000, 0x0000000093900000|  0%| F|  |TAMS 0x0000000093800000, 0x0000000093800000| Untracked 
| 313|0x0000000093900000, 0x0000000093900000, 0x0000000093a00000|  0%| F|  |TAMS 0x0000000093900000, 0x0000000093900000| Untracked 
| 314|0x0000000093a00000, 0x0000000093a00000, 0x0000000093b00000|  0%| F|  |TAMS 0x0000000093a00000, 0x0000000093a00000| Untracked 
| 315|0x0000000093b00000, 0x0000000093b00000, 0x0000000093c00000|  0%| F|  |TAMS 0x0000000093b00000, 0x0000000093b00000| Untracked 
| 316|0x0000000093c00000, 0x0000000093c00000, 0x0000000093d00000|  0%| F|  |TAMS 0x0000000093c00000, 0x0000000093c00000| Untracked 
| 317|0x0000000093d00000, 0x0000000093d00000, 0x0000000093e00000|  0%| F|  |TAMS 0x0000000093d00000, 0x0000000093d00000| Untracked 
| 318|0x0000000093e00000, 0x0000000093e00000, 0x0000000093f00000|  0%| F|  |TAMS 0x0000000093e00000, 0x0000000093e00000| Untracked 
| 319|0x0000000093f00000, 0x0000000093f00000, 0x0000000094000000|  0%| F|  |TAMS 0x0000000093f00000, 0x0000000093f00000| Untracked 
| 320|0x0000000094000000, 0x0000000094000000, 0x0000000094100000|  0%| F|  |TAMS 0x0000000094000000, 0x0000000094000000| Untracked 
| 321|0x0000000094100000, 0x0000000094100000, 0x0000000094200000|  0%| F|  |TAMS 0x0000000094100000, 0x0000000094100000| Untracked 
| 322|0x0000000094200000, 0x0000000094200000, 0x0000000094300000|  0%| F|  |TAMS 0x0000000094200000, 0x0000000094200000| Untracked 
| 323|0x0000000094300000, 0x0000000094300000, 0x0000000094400000|  0%| F|  |TAMS 0x0000000094300000, 0x0000000094300000| Untracked 
| 324|0x0000000094400000, 0x0000000094400000, 0x0000000094500000|  0%| F|  |TAMS 0x0000000094400000, 0x0000000094400000| Untracked 
| 325|0x0000000094500000, 0x0000000094500000, 0x0000000094600000|  0%| F|  |TAMS 0x0000000094500000, 0x0000000094500000| Untracked 
| 326|0x0000000094600000, 0x0000000094600000, 0x0000000094700000|  0%| F|  |TAMS 0x0000000094600000, 0x0000000094600000| Untracked 
| 327|0x0000000094700000, 0x0000000094700000, 0x0000000094800000|  0%| F|  |TAMS 0x0000000094700000, 0x0000000094700000| Untracked 
| 328|0x0000000094800000, 0x0000000094800000, 0x0000000094900000|  0%| F|  |TAMS 0x0000000094800000, 0x0000000094800000| Untracked 
| 329|0x0000000094900000, 0x0000000094900000, 0x0000000094a00000|  0%| F|  |TAMS 0x0000000094900000, 0x0000000094900000| Untracked 
| 330|0x0000000094a00000, 0x0000000094a00000, 0x0000000094b00000|  0%| F|  |TAMS 0x0000000094a00000, 0x0000000094a00000| Untracked 
| 331|0x0000000094b00000, 0x0000000094b00000, 0x0000000094c00000|  0%| F|  |TAMS 0x0000000094b00000, 0x0000000094b00000| Untracked 
| 332|0x0000000094c00000, 0x0000000094c00000, 0x0000000094d00000|  0%| F|  |TAMS 0x0000000094c00000, 0x0000000094c00000| Untracked 
| 333|0x0000000094d00000, 0x0000000094d00000, 0x0000000094e00000|  0%| F|  |TAMS 0x0000000094d00000, 0x0000000094d00000| Untracked 
| 334|0x0000000094e00000, 0x0000000094e00000, 0x0000000094f00000|  0%| F|  |TAMS 0x0000000094e00000, 0x0000000094e00000| Untracked 
| 335|0x0000000094f00000, 0x0000000094f00000, 0x0000000095000000|  0%| F|  |TAMS 0x0000000094f00000, 0x0000000094f00000| Untracked 
| 336|0x0000000095000000, 0x0000000095000000, 0x0000000095100000|  0%| F|  |TAMS 0x0000000095000000, 0x0000000095000000| Untracked 
| 337|0x0000000095100000, 0x0000000095100000, 0x0000000095200000|  0%| F|  |TAMS 0x0000000095100000, 0x0000000095100000| Untracked 
| 338|0x0000000095200000, 0x0000000095200000, 0x0000000095300000|  0%| F|  |TAMS 0x0000000095200000, 0x0000000095200000| Untracked 
| 339|0x0000000095300000, 0x0000000095300000, 0x0000000095400000|  0%| F|  |TAMS 0x0000000095300000, 0x0000000095300000| Untracked 
| 340|0x0000000095400000, 0x0000000095400000, 0x0000000095500000|  0%| F|  |TAMS 0x0000000095400000, 0x0000000095400000| Untracked 
| 341|0x0000000095500000, 0x0000000095500000, 0x0000000095600000|  0%| F|  |TAMS 0x0000000095500000, 0x0000000095500000| Untracked 
| 342|0x0000000095600000, 0x0000000095600000, 0x0000000095700000|  0%| F|  |TAMS 0x0000000095600000, 0x0000000095600000| Untracked 
| 343|0x0000000095700000, 0x0000000095700000, 0x0000000095800000|  0%| F|  |TAMS 0x0000000095700000, 0x0000000095700000| Untracked 
| 344|0x0000000095800000, 0x0000000095800000, 0x0000000095900000|  0%| F|  |TAMS 0x0000000095800000, 0x0000000095800000| Untracked 
| 345|0x0000000095900000, 0x0000000095900000, 0x0000000095a00000|  0%| F|  |TAMS 0x0000000095900000, 0x0000000095900000| Untracked 
| 346|0x0000000095a00000, 0x0000000095a00000, 0x0000000095b00000|  0%| F|  |TAMS 0x0000000095a00000, 0x0000000095a00000| Untracked 
| 347|0x0000000095b00000, 0x0000000095b00000, 0x0000000095c00000|  0%| F|  |TAMS 0x0000000095b00000, 0x0000000095b00000| Untracked 
| 348|0x0000000095c00000, 0x0000000095c00000, 0x0000000095d00000|  0%| F|  |TAMS 0x0000000095c00000, 0x0000000095c00000| Untracked 
| 349|0x0000000095d00000, 0x0000000095d00000, 0x0000000095e00000|  0%| F|  |TAMS 0x0000000095d00000, 0x0000000095d00000| Untracked 
| 350|0x0000000095e00000, 0x0000000095e00000, 0x0000000095f00000|  0%| F|  |TAMS 0x0000000095e00000, 0x0000000095e00000| Untracked 
| 351|0x0000000095f00000, 0x0000000095f00000, 0x0000000096000000|  0%| F|  |TAMS 0x0000000095f00000, 0x0000000095f00000| Untracked 
| 352|0x0000000096000000, 0x0000000096000000, 0x0000000096100000|  0%| F|  |TAMS 0x0000000096000000, 0x0000000096000000| Untracked 
| 353|0x0000000096100000, 0x0000000096100000, 0x0000000096200000|  0%| F|  |TAMS 0x0000000096100000, 0x0000000096100000| Untracked 
| 354|0x0000000096200000, 0x0000000096200000, 0x0000000096300000|  0%| F|  |TAMS 0x0000000096200000, 0x0000000096200000| Untracked 
| 355|0x0000000096300000, 0x0000000096300000, 0x0000000096400000|  0%| F|  |TAMS 0x0000000096300000, 0x0000000096300000| Untracked 
| 356|0x0000000096400000, 0x0000000096400000, 0x0000000096500000|  0%| F|  |TAMS 0x0000000096400000, 0x0000000096400000| Untracked 
| 357|0x0000000096500000, 0x0000000096500000, 0x0000000096600000|  0%| F|  |TAMS 0x0000000096500000, 0x0000000096500000| Untracked 
| 358|0x0000000096600000, 0x0000000096600000, 0x0000000096700000|  0%| F|  |TAMS 0x0000000096600000, 0x0000000096600000| Untracked 
| 359|0x0000000096700000, 0x0000000096700000, 0x0000000096800000|  0%| F|  |TAMS 0x0000000096700000, 0x0000000096700000| Untracked 
| 360|0x0000000096800000, 0x0000000096800000, 0x0000000096900000|  0%| F|  |TAMS 0x0000000096800000, 0x0000000096800000| Untracked 
| 361|0x0000000096900000, 0x0000000096900000, 0x0000000096a00000|  0%| F|  |TAMS 0x0000000096900000, 0x0000000096900000| Untracked 
| 362|0x0000000096a00000, 0x0000000096a00000, 0x0000000096b00000|  0%| F|  |TAMS 0x0000000096a00000, 0x0000000096a00000| Untracked 
| 363|0x0000000096b00000, 0x0000000096b00000, 0x0000000096c00000|  0%| F|  |TAMS 0x0000000096b00000, 0x0000000096b00000| Untracked 
| 364|0x0000000096c00000, 0x0000000096c00000, 0x0000000096d00000|  0%| F|  |TAMS 0x0000000096c00000, 0x0000000096c00000| Untracked 
| 365|0x0000000096d00000, 0x0000000096d00000, 0x0000000096e00000|  0%| F|  |TAMS 0x0000000096d00000, 0x0000000096d00000| Untracked 
| 366|0x0000000096e00000, 0x0000000096e00000, 0x0000000096f00000|  0%| F|  |TAMS 0x0000000096e00000, 0x0000000096e00000| Untracked 
| 367|0x0000000096f00000, 0x0000000096f00000, 0x0000000097000000|  0%| F|  |TAMS 0x0000000096f00000, 0x0000000096f00000| Untracked 
| 368|0x0000000097000000, 0x0000000097000000, 0x0000000097100000|  0%| F|  |TAMS 0x0000000097000000, 0x0000000097000000| Untracked 
| 369|0x0000000097100000, 0x0000000097100000, 0x0000000097200000|  0%| F|  |TAMS 0x0000000097100000, 0x0000000097100000| Untracked 
| 370|0x0000000097200000, 0x0000000097200000, 0x0000000097300000|  0%| F|  |TAMS 0x0000000097200000, 0x0000000097200000| Untracked 
| 371|0x0000000097300000, 0x0000000097300000, 0x0000000097400000|  0%| F|  |TAMS 0x0000000097300000, 0x0000000097300000| Untracked 
| 372|0x0000000097400000, 0x0000000097400000, 0x0000000097500000|  0%| F|  |TAMS 0x0000000097400000, 0x0000000097400000| Untracked 
| 373|0x0000000097500000, 0x0000000097500000, 0x0000000097600000|  0%| F|  |TAMS 0x0000000097500000, 0x0000000097500000| Untracked 
| 374|0x0000000097600000, 0x0000000097600000, 0x0000000097700000|  0%| F|  |TAMS 0x0000000097600000, 0x0000000097600000| Untracked 
| 375|0x0000000097700000, 0x0000000097700000, 0x0000000097800000|  0%| F|  |TAMS 0x0000000097700000, 0x0000000097700000| Untracked 
| 376|0x0000000097800000, 0x0000000097800000, 0x0000000097900000|  0%| F|  |TAMS 0x0000000097800000, 0x0000000097800000| Untracked 
| 377|0x0000000097900000, 0x0000000097900000, 0x0000000097a00000|  0%| F|  |TAMS 0x0000000097900000, 0x0000000097900000| Untracked 
| 378|0x0000000097a00000, 0x0000000097a00000, 0x0000000097b00000|  0%| F|  |TAMS 0x0000000097a00000, 0x0000000097a00000| Untracked 
| 379|0x0000000097b00000, 0x0000000097b00000, 0x0000000097c00000|  0%| F|  |TAMS 0x0000000097b00000, 0x0000000097b00000| Untracked 
| 380|0x0000000097c00000, 0x0000000097c00000, 0x0000000097d00000|  0%| F|  |TAMS 0x0000000097c00000, 0x0000000097c00000| Untracked 
| 381|0x0000000097d00000, 0x0000000097d00000, 0x0000000097e00000|  0%| F|  |TAMS 0x0000000097d00000, 0x0000000097d00000| Untracked 
| 382|0x0000000097e00000, 0x0000000097e00000, 0x0000000097f00000|  0%| F|  |TAMS 0x0000000097e00000, 0x0000000097e00000| Untracked 
| 383|0x0000000097f00000, 0x0000000097f00000, 0x0000000098000000|  0%| F|  |TAMS 0x0000000097f00000, 0x0000000097f00000| Untracked 
| 384|0x0000000098000000, 0x0000000098000000, 0x0000000098100000|  0%| F|  |TAMS 0x0000000098000000, 0x0000000098000000| Untracked 
| 385|0x0000000098100000, 0x0000000098100000, 0x0000000098200000|  0%| F|  |TAMS 0x0000000098100000, 0x0000000098100000| Untracked 
| 386|0x0000000098200000, 0x0000000098200000, 0x0000000098300000|  0%| F|  |TAMS 0x0000000098200000, 0x0000000098200000| Untracked 
| 387|0x0000000098300000, 0x0000000098300000, 0x0000000098400000|  0%| F|  |TAMS 0x0000000098300000, 0x0000000098300000| Untracked 
| 388|0x0000000098400000, 0x0000000098400000, 0x0000000098500000|  0%| F|  |TAMS 0x0000000098400000, 0x0000000098400000| Untracked 
| 389|0x0000000098500000, 0x0000000098500000, 0x0000000098600000|  0%| F|  |TAMS 0x0000000098500000, 0x0000000098500000| Untracked 
| 390|0x0000000098600000, 0x0000000098600000, 0x0000000098700000|  0%| F|  |TAMS 0x0000000098600000, 0x0000000098600000| Untracked 
| 391|0x0000000098700000, 0x0000000098700000, 0x0000000098800000|  0%| F|  |TAMS 0x0000000098700000, 0x0000000098700000| Untracked 
| 392|0x0000000098800000, 0x0000000098800000, 0x0000000098900000|  0%| F|  |TAMS 0x0000000098800000, 0x0000000098800000| Untracked 
| 393|0x0000000098900000, 0x0000000098900000, 0x0000000098a00000|  0%| F|  |TAMS 0x0000000098900000, 0x0000000098900000| Untracked 
| 394|0x0000000098a00000, 0x0000000098a00000, 0x0000000098b00000|  0%| F|  |TAMS 0x0000000098a00000, 0x0000000098a00000| Untracked 
| 395|0x0000000098b00000, 0x0000000098b00000, 0x0000000098c00000|  0%| F|  |TAMS 0x0000000098b00000, 0x0000000098b00000| Untracked 
| 396|0x0000000098c00000, 0x0000000098c00000, 0x0000000098d00000|  0%| F|  |TAMS 0x0000000098c00000, 0x0000000098c00000| Untracked 
| 397|0x0000000098d00000, 0x0000000098d00000, 0x0000000098e00000|  0%| F|  |TAMS 0x0000000098d00000, 0x0000000098d00000| Untracked 
| 398|0x0000000098e00000, 0x0000000098e00000, 0x0000000098f00000|  0%| F|  |TAMS 0x0000000098e00000, 0x0000000098e00000| Untracked 
| 399|0x0000000098f00000, 0x0000000098f00000, 0x0000000099000000|  0%| F|  |TAMS 0x0000000098f00000, 0x0000000098f00000| Untracked 
| 400|0x0000000099000000, 0x0000000099000000, 0x0000000099100000|  0%| F|  |TAMS 0x0000000099000000, 0x0000000099000000| Untracked 
| 401|0x0000000099100000, 0x0000000099100000, 0x0000000099200000|  0%| F|  |TAMS 0x0000000099100000, 0x0000000099100000| Untracked 
| 402|0x0000000099200000, 0x0000000099200000, 0x0000000099300000|  0%| F|  |TAMS 0x0000000099200000, 0x0000000099200000| Untracked 
| 403|0x0000000099300000, 0x0000000099300000, 0x0000000099400000|  0%| F|  |TAMS 0x0000000099300000, 0x0000000099300000| Untracked 
| 404|0x0000000099400000, 0x0000000099400000, 0x0000000099500000|  0%| F|  |TAMS 0x0000000099400000, 0x0000000099400000| Untracked 
| 405|0x0000000099500000, 0x0000000099500000, 0x0000000099600000|  0%| F|  |TAMS 0x0000000099500000, 0x0000000099500000| Untracked 
| 406|0x0000000099600000, 0x0000000099600000, 0x0000000099700000|  0%| F|  |TAMS 0x0000000099600000, 0x0000000099600000| Untracked 
| 407|0x0000000099700000, 0x0000000099700000, 0x0000000099800000|  0%| F|  |TAMS 0x0000000099700000, 0x0000000099700000| Untracked 
| 408|0x0000000099800000, 0x0000000099800000, 0x0000000099900000|  0%| F|  |TAMS 0x0000000099800000, 0x0000000099800000| Untracked 
| 409|0x0000000099900000, 0x0000000099900000, 0x0000000099a00000|  0%| F|  |TAMS 0x0000000099900000, 0x0000000099900000| Untracked 
| 410|0x0000000099a00000, 0x0000000099a00000, 0x0000000099b00000|  0%| F|  |TAMS 0x0000000099a00000, 0x0000000099a00000| Untracked 
| 411|0x0000000099b00000, 0x0000000099b00000, 0x0000000099c00000|  0%| F|  |TAMS 0x0000000099b00000, 0x0000000099b00000| Untracked 
| 412|0x0000000099c00000, 0x0000000099c00000, 0x0000000099d00000|  0%| F|  |TAMS 0x0000000099c00000, 0x0000000099c00000| Untracked 
| 413|0x0000000099d00000, 0x0000000099d00000, 0x0000000099e00000|  0%| F|  |TAMS 0x0000000099d00000, 0x0000000099d00000| Untracked 
| 414|0x0000000099e00000, 0x0000000099e00000, 0x0000000099f00000|  0%| F|  |TAMS 0x0000000099e00000, 0x0000000099e00000| Untracked 
| 415|0x0000000099f00000, 0x0000000099f00000, 0x000000009a000000|  0%| F|  |TAMS 0x0000000099f00000, 0x0000000099f00000| Untracked 
| 416|0x000000009a000000, 0x000000009a000000, 0x000000009a100000|  0%| F|  |TAMS 0x000000009a000000, 0x000000009a000000| Untracked 
| 417|0x000000009a100000, 0x000000009a100000, 0x000000009a200000|  0%| F|  |TAMS 0x000000009a100000, 0x000000009a100000| Untracked 
| 418|0x000000009a200000, 0x000000009a200000, 0x000000009a300000|  0%| F|  |TAMS 0x000000009a200000, 0x000000009a200000| Untracked 
| 419|0x000000009a300000, 0x000000009a300000, 0x000000009a400000|  0%| F|  |TAMS 0x000000009a300000, 0x000000009a300000| Untracked 
| 420|0x000000009a400000, 0x000000009a400000, 0x000000009a500000|  0%| F|  |TAMS 0x000000009a400000, 0x000000009a400000| Untracked 
| 421|0x000000009a500000, 0x000000009a500000, 0x000000009a600000|  0%| F|  |TAMS 0x000000009a500000, 0x000000009a500000| Untracked 
| 422|0x000000009a600000, 0x000000009a600000, 0x000000009a700000|  0%| F|  |TAMS 0x000000009a600000, 0x000000009a600000| Untracked 
| 423|0x000000009a700000, 0x000000009a700000, 0x000000009a800000|  0%| F|  |TAMS 0x000000009a700000, 0x000000009a700000| Untracked 
| 424|0x000000009a800000, 0x000000009a800000, 0x000000009a900000|  0%| F|  |TAMS 0x000000009a800000, 0x000000009a800000| Untracked 
| 425|0x000000009a900000, 0x000000009a900000, 0x000000009aa00000|  0%| F|  |TAMS 0x000000009a900000, 0x000000009a900000| Untracked 
| 426|0x000000009aa00000, 0x000000009aa00000, 0x000000009ab00000|  0%| F|  |TAMS 0x000000009aa00000, 0x000000009aa00000| Untracked 
| 427|0x000000009ab00000, 0x000000009ab00000, 0x000000009ac00000|  0%| F|  |TAMS 0x000000009ab00000, 0x000000009ab00000| Untracked 
| 428|0x000000009ac00000, 0x000000009ac00000, 0x000000009ad00000|  0%| F|  |TAMS 0x000000009ac00000, 0x000000009ac00000| Untracked 
| 429|0x000000009ad00000, 0x000000009ad00000, 0x000000009ae00000|  0%| F|  |TAMS 0x000000009ad00000, 0x000000009ad00000| Untracked 
| 430|0x000000009ae00000, 0x000000009ae00000, 0x000000009af00000|  0%| F|  |TAMS 0x000000009ae00000, 0x000000009ae00000| Untracked 
| 431|0x000000009af00000, 0x000000009af00000, 0x000000009b000000|  0%| F|  |TAMS 0x000000009af00000, 0x000000009af00000| Untracked 
| 432|0x000000009b000000, 0x000000009b000000, 0x000000009b100000|  0%| F|  |TAMS 0x000000009b000000, 0x000000009b000000| Untracked 
| 433|0x000000009b100000, 0x000000009b100000, 0x000000009b200000|  0%| F|  |TAMS 0x000000009b100000, 0x000000009b100000| Untracked 
| 434|0x000000009b200000, 0x000000009b200000, 0x000000009b300000|  0%| F|  |TAMS 0x000000009b200000, 0x000000009b200000| Untracked 
| 435|0x000000009b300000, 0x000000009b300000, 0x000000009b400000|  0%| F|  |TAMS 0x000000009b300000, 0x000000009b300000| Untracked 
| 436|0x000000009b400000, 0x000000009b400000, 0x000000009b500000|  0%| F|  |TAMS 0x000000009b400000, 0x000000009b400000| Untracked 
| 437|0x000000009b500000, 0x000000009b500000, 0x000000009b600000|  0%| F|  |TAMS 0x000000009b500000, 0x000000009b500000| Untracked 
| 438|0x000000009b600000, 0x000000009b600000, 0x000000009b700000|  0%| F|  |TAMS 0x000000009b600000, 0x000000009b600000| Untracked 
| 439|0x000000009b700000, 0x000000009b700000, 0x000000009b800000|  0%| F|  |TAMS 0x000000009b700000, 0x000000009b700000| Untracked 
| 440|0x000000009b800000, 0x000000009b800000, 0x000000009b900000|  0%| F|  |TAMS 0x000000009b800000, 0x000000009b800000| Untracked 
| 441|0x000000009b900000, 0x000000009b900000, 0x000000009ba00000|  0%| F|  |TAMS 0x000000009b900000, 0x000000009b900000| Untracked 
| 442|0x000000009ba00000, 0x000000009ba00000, 0x000000009bb00000|  0%| F|  |TAMS 0x000000009ba00000, 0x000000009ba00000| Untracked 
| 443|0x000000009bb00000, 0x000000009bb00000, 0x000000009bc00000|  0%| F|  |TAMS 0x000000009bb00000, 0x000000009bb00000| Untracked 
| 444|0x000000009bc00000, 0x000000009bc00000, 0x000000009bd00000|  0%| F|  |TAMS 0x000000009bc00000, 0x000000009bc00000| Untracked 
| 445|0x000000009bd00000, 0x000000009bd00000, 0x000000009be00000|  0%| F|  |TAMS 0x000000009bd00000, 0x000000009bd00000| Untracked 
| 446|0x000000009be00000, 0x000000009be00000, 0x000000009bf00000|  0%| F|  |TAMS 0x000000009be00000, 0x000000009be00000| Untracked 
| 447|0x000000009bf00000, 0x000000009bf00000, 0x000000009c000000|  0%| F|  |TAMS 0x000000009bf00000, 0x000000009bf00000| Untracked 
| 448|0x000000009c000000, 0x000000009c000000, 0x000000009c100000|  0%| F|  |TAMS 0x000000009c000000, 0x000000009c000000| Untracked 
| 449|0x000000009c100000, 0x000000009c100000, 0x000000009c200000|  0%| F|  |TAMS 0x000000009c100000, 0x000000009c100000| Untracked 
| 450|0x000000009c200000, 0x000000009c200000, 0x000000009c300000|  0%| F|  |TAMS 0x000000009c200000, 0x000000009c200000| Untracked 
| 451|0x000000009c300000, 0x000000009c300000, 0x000000009c400000|  0%| F|  |TAMS 0x000000009c300000, 0x000000009c300000| Untracked 
| 452|0x000000009c400000, 0x000000009c400000, 0x000000009c500000|  0%| F|  |TAMS 0x000000009c400000, 0x000000009c400000| Untracked 
| 453|0x000000009c500000, 0x000000009c500000, 0x000000009c600000|  0%| F|  |TAMS 0x000000009c500000, 0x000000009c500000| Untracked 
| 454|0x000000009c600000, 0x000000009c600000, 0x000000009c700000|  0%| F|  |TAMS 0x000000009c600000, 0x000000009c600000| Untracked 
| 455|0x000000009c700000, 0x000000009c700000, 0x000000009c800000|  0%| F|  |TAMS 0x000000009c700000, 0x000000009c700000| Untracked 
| 456|0x000000009c800000, 0x000000009c800000, 0x000000009c900000|  0%| F|  |TAMS 0x000000009c800000, 0x000000009c800000| Untracked 
| 457|0x000000009c900000, 0x000000009c900000, 0x000000009ca00000|  0%| F|  |TAMS 0x000000009c900000, 0x000000009c900000| Untracked 
| 458|0x000000009ca00000, 0x000000009ca00000, 0x000000009cb00000|  0%| F|  |TAMS 0x000000009ca00000, 0x000000009ca00000| Untracked 
| 459|0x000000009cb00000, 0x000000009cb00000, 0x000000009cc00000|  0%| F|  |TAMS 0x000000009cb00000, 0x000000009cb00000| Untracked 
| 460|0x000000009cc00000, 0x000000009cc07da8, 0x000000009cd00000|  3%| E|  |TAMS 0x000000009cc00000, 0x000000009cc00000| Complete 
| 461|0x000000009cd00000, 0x000000009ce00000, 0x000000009ce00000|100%| E|CS|TAMS 0x000000009cd00000, 0x000000009cd00000| Complete 
| 462|0x000000009ce00000, 0x000000009cf00000, 0x000000009cf00000|100%| E|CS|TAMS 0x000000009ce00000, 0x000000009ce00000| Complete 
| 463|0x000000009cf00000, 0x000000009d000000, 0x000000009d000000|100%| E|CS|TAMS 0x000000009cf00000, 0x000000009cf00000| Complete 
| 464|0x000000009d000000, 0x000000009d100000, 0x000000009d100000|100%| E|CS|TAMS 0x000000009d000000, 0x000000009d000000| Complete 
| 465|0x000000009d100000, 0x000000009d200000, 0x000000009d200000|100%| E|CS|TAMS 0x000000009d100000, 0x000000009d100000| Complete 
| 466|0x000000009d200000, 0x000000009d300000, 0x000000009d300000|100%| E|CS|TAMS 0x000000009d200000, 0x000000009d200000| Complete 
| 467|0x000000009d300000, 0x000000009d400000, 0x000000009d400000|100%| E|CS|TAMS 0x000000009d300000, 0x000000009d300000| Complete 
| 468|0x000000009d400000, 0x000000009d500000, 0x000000009d500000|100%| E|CS|TAMS 0x000000009d400000, 0x000000009d400000| Complete 
| 469|0x000000009d500000, 0x000000009d600000, 0x000000009d600000|100%| E|CS|TAMS 0x000000009d500000, 0x000000009d500000| Complete 
| 470|0x000000009d600000, 0x000000009d700000, 0x000000009d700000|100%| E|CS|TAMS 0x000000009d600000, 0x000000009d600000| Complete 
| 471|0x000000009d700000, 0x000000009d800000, 0x000000009d800000|100%| E|CS|TAMS 0x000000009d700000, 0x000000009d700000| Complete 
| 472|0x000000009d800000, 0x000000009d900000, 0x000000009d900000|100%| E|CS|TAMS 0x000000009d800000, 0x000000009d800000| Complete 
| 473|0x000000009d900000, 0x000000009da00000, 0x000000009da00000|100%| E|CS|TAMS 0x000000009d900000, 0x000000009d900000| Complete 
| 474|0x000000009da00000, 0x000000009db00000, 0x000000009db00000|100%| E|CS|TAMS 0x000000009da00000, 0x000000009da00000| Complete 
| 475|0x000000009db00000, 0x000000009dc00000, 0x000000009dc00000|100%| E|CS|TAMS 0x000000009db00000, 0x000000009db00000| Complete 
| 476|0x000000009dc00000, 0x000000009dc8c6d0, 0x000000009dd00000| 54%| S|CS|TAMS 0x000000009dc00000, 0x000000009dc00000| Complete 
| 477|0x000000009dd00000, 0x000000009de00000, 0x000000009de00000|100%| S|CS|TAMS 0x000000009dd00000, 0x000000009dd00000| Complete 
| 478|0x000000009de00000, 0x000000009df00000, 0x000000009df00000|100%| S|CS|TAMS 0x000000009de00000, 0x000000009de00000| Complete 
| 479|0x000000009df00000, 0x000000009e000000, 0x000000009e000000|100%| E|CS|TAMS 0x000000009df00000, 0x000000009df00000| Complete 
| 480|0x000000009e000000, 0x000000009e100000, 0x000000009e100000|100%| E|CS|TAMS 0x000000009e000000, 0x000000009e000000| Complete 
| 481|0x000000009e100000, 0x000000009e200000, 0x000000009e200000|100%| E|CS|TAMS 0x000000009e100000, 0x000000009e100000| Complete 
| 482|0x000000009e200000, 0x000000009e300000, 0x000000009e300000|100%| E|CS|TAMS 0x000000009e200000, 0x000000009e200000| Complete 
| 483|0x000000009e300000, 0x000000009e400000, 0x000000009e400000|100%| E|CS|TAMS 0x000000009e300000, 0x000000009e300000| Complete 
| 484|0x000000009e400000, 0x000000009e500000, 0x000000009e500000|100%| E|CS|TAMS 0x000000009e400000, 0x000000009e400000| Complete 
| 485|0x000000009e500000, 0x000000009e600000, 0x000000009e600000|100%| E|CS|TAMS 0x000000009e500000, 0x000000009e500000| Complete 
| 486|0x000000009e600000, 0x000000009e700000, 0x000000009e700000|100%| E|CS|TAMS 0x000000009e600000, 0x000000009e600000| Complete 

Card table byte_map: [0x000001d8e22e0000,0x000001d8e26e0000] _byte_map_base: 0x000001d8e1ee0000

Marking Bits (Prev, Next): (CMBitMap*) 0x000001d8cae8a630, (CMBitMap*) 0x000001d8cae8a670
 Prev Bits: [0x000001d8e2ae0000, 0x000001d8e4ae0000)
 Next Bits: [0x000001d8e4ae0000, 0x000001d8e6ae0000)

Polling page: 0x000001d8c8d40000

Metaspace:

Usage:
  Non-class:    110.50 MB used.
      Class:     17.62 MB used.
       Both:    128.12 MB used.

Virtual space:
  Non-class space:      128.00 MB reserved,     111.50 MB ( 87%) committed,  2 nodes.
      Class space:      416.00 MB reserved,      18.56 MB (  4%) committed,  1 nodes.
             Both:      544.00 MB reserved,     130.06 MB ( 24%) committed. 

Chunk freelists:
   Non-Class:  74.00 KB
       Class:  13.41 MB
        Both:  13.48 MB

MaxMetaspaceSize: 512.00 MB
CompressedClassSpaceSize: 416.00 MB
Initial GC threshold: 21.00 MB
Current GC threshold: 209.50 MB
CDS: on
MetaspaceReclaimPolicy: balanced
 - commit_granule_bytes: 65536.
 - commit_granule_words: 8192.
 - virtual_space_node_default_size: 8388608.
 - enlarge_chunks_in_place: 1.
 - new_chunks_are_fully_committed: 0.
 - uncommit_free_chunks: 1.
 - use_allocation_guard: 0.
 - handle_deallocations: 1.


Internal statistics:

num_allocs_failed_limit: 12.
num_arena_births: 2816.
num_arena_deaths: 24.
num_vsnodes_births: 3.
num_vsnodes_deaths: 0.
num_space_committed: 2081.
num_space_uncommitted: 1.
num_chunks_returned_to_freelist: 64.
num_chunks_taken_from_freelist: 8992.
num_chunk_merges: 31.
num_chunk_splits: 5580.
num_chunks_enlarged: 3158.
num_inconsistent_stats: 0.

CodeHeap 'non-profiled nmethods': size=120000Kb used=13666Kb max_used=13666Kb free=106333Kb
 bounds [0x000001d8da450000, 0x000001d8db1b0000, 0x000001d8e1980000]
CodeHeap 'profiled nmethods': size=120000Kb used=34077Kb max_used=34422Kb free=85922Kb
 bounds [0x000001d8d2980000, 0x000001d8d4b30000, 0x000001d8d9eb0000]
CodeHeap 'non-nmethods': size=5760Kb used=2477Kb max_used=2533Kb free=3282Kb
 bounds [0x000001d8d9eb0000, 0x000001d8da130000, 0x000001d8da450000]
 total_blobs=18989 nmethods=17966 adapters=933
 compilation: enabled
              stopped_count=0, restarted_count=0
 full_count=0

Compilation events (20 events):
Event: 73.425 Thread 0x000001d8e97774f0 21935       4       java.lang.Character::isLetterOrDigit (5 bytes)
Event: 73.439 Thread 0x000001d8e97774f0 nmethod 21935 0x000001d8db1a6190 code [0x000001d8db1a6320, 0x000001d8db1a6418]
Event: 74.206 Thread 0x000001d8e97774f0 21936   !   4       java.util.concurrent.LinkedBlockingQueue::poll (128 bytes)
Event: 74.274 Thread 0x000001d8e97774f0 nmethod 21936 0x000001d8db1a6590 code [0x000001d8db1a67a0, 0x000001d8db1a73e0]
Event: 74.274 Thread 0x000001d8e97774f0 21937       4       org.gradle.launcher.daemon.server.exec.DaemonConnectionBackedEventConsumer$ForwardEvents::moreMessagesToSend (35 bytes)
Event: 74.277 Thread 0x000001d8e97774f0 nmethod 21937 0x000001d8db1a7c10 code [0x000001d8db1a7da0, 0x000001d8db1a7e58]
Event: 78.066 Thread 0x000001d8e97774f0 21938       4       java.util.Collections$SingletonSet::contains (9 bytes)
Event: 78.068 Thread 0x000001d8e97774f0 nmethod 21938 0x000001d8db1a7f10 code [0x000001d8db1a80a0, 0x000001d8db1a8158]
Event: 80.066 Thread 0x000001d8e977fe10 21939       3       java.util.HashMap$Values::spliterator (16 bytes)
Event: 80.068 Thread 0x000001d8e977fe10 nmethod 21939 0x000001d8d44a8610 code [0x000001d8d44a87c0, 0x000001d8d44a8988]
Event: 80.068 Thread 0x000001d8e977fe10 21940       3       java.util.HashMap$ValueSpliterator::<init> (12 bytes)
Event: 80.068 Thread 0x000001d8e977fe10 nmethod 21940 0x000001d8d455fc10 code [0x000001d8d455fdc0, 0x000001d8d455fff8]
Event: 81.303 Thread 0x000001d8e97774f0 21941       4       java.nio.channels.spi.AbstractInterruptibleChannel::isOpen (13 bytes)
Event: 81.305 Thread 0x000001d8e97774f0 nmethod 21941 0x000001d8db1a8210 code [0x000001d8db1a83a0, 0x000001d8db1a8438]
Event: 87.635 Thread 0x000001d8e977fe10 21942       3       org.gradle.internal.logging.console.StyledTextOutputBackedRenderer$OutputEventTextOutputImpl::doLineText (17 bytes)
Event: 87.644 Thread 0x000001d8e977fe10 nmethod 21942 0x000001d8d461a590 code [0x000001d8d461a760, 0x000001d8d461ab98]
Event: 88.054 Thread 0x000001d8e97774f0 21943   !   4       org.gradle.launcher.daemon.server.exec.DaemonConnectionBackedEventConsumer$ForwardEvents::getNextEvent (27 bytes)
Event: 88.093 Thread 0x000001d8e97774f0 nmethod 21943 0x000001d8db1a8510 code [0x000001d8db1a86a0, 0x000001d8db1a87a8]
Event: 90.224 Thread 0x000001d8e97774f0 21944       4       javax.management.ObjectName::construct (1135 bytes)
Event: 91.321 Thread 0x000001d8e977fe10 21945       3       org.gradle.cache.internal.DefaultFileLockManager::access$100 (4 bytes)

GC Heap History (20 events):
Event: 29.010 GC heap before
{Heap before GC invocations=66 (full 0):
 garbage-first heap   total 333824K, used 295573K [0x0000000080000000, 0x0000000100000000)
  region size 1024K, 28 young (28672K), 3 survivors (3072K)
 Metaspace       used 118885K, committed 120704K, reserved 557056K
  class space    used 16337K, committed 17152K, reserved 425984K
}
Event: 29.015 GC heap after
{Heap after GC invocations=67 (full 0):
 garbage-first heap   total 333824K, used 278092K [0x0000000080000000, 0x0000000100000000)
  region size 1024K, 4 young (4096K), 4 survivors (4096K)
 Metaspace       used 118885K, committed 120704K, reserved 557056K
  class space    used 16337K, committed 17152K, reserved 425984K
}
Event: 29.299 GC heap before
{Heap before GC invocations=67 (full 0):
 garbage-first heap   total 333824K, used 293452K [0x0000000080000000, 0x0000000100000000)
  region size 1024K, 19 young (19456K), 4 survivors (4096K)
 Metaspace       used 120621K, committed 122432K, reserved 557056K
  class space    used 16572K, committed 17408K, reserved 425984K
}
Event: 29.303 GC heap after
{Heap after GC invocations=68 (full 0):
 garbage-first heap   total 333824K, used 278422K [0x0000000080000000, 0x0000000100000000)
  region size 1024K, 3 young (3072K), 3 survivors (3072K)
 Metaspace       used 120621K, committed 122432K, reserved 557056K
  class space    used 16572K, committed 17408K, reserved 425984K
}
Event: 29.349 GC heap before
{Heap before GC invocations=68 (full 0):
 garbage-first heap   total 333824K, used 291734K [0x0000000080000000, 0x0000000100000000)
  region size 1024K, 17 young (17408K), 3 survivors (3072K)
 Metaspace       used 120632K, committed 122432K, reserved 557056K
  class space    used 16572K, committed 17408K, reserved 425984K
}
Event: 29.356 GC heap after
{Heap after GC invocations=69 (full 0):
 garbage-first heap   total 333824K, used 282400K [0x0000000080000000, 0x0000000100000000)
  region size 1024K, 3 young (3072K), 3 survivors (3072K)
 Metaspace       used 120632K, committed 122432K, reserved 557056K
  class space    used 16572K, committed 17408K, reserved 425984K
}
Event: 29.456 GC heap before
{Heap before GC invocations=69 (full 0):
 garbage-first heap   total 333824K, used 295712K [0x0000000080000000, 0x0000000100000000)
  region size 1024K, 16 young (16384K), 3 survivors (3072K)
 Metaspace       used 120767K, committed 122624K, reserved 557056K
  class space    used 16594K, committed 17472K, reserved 425984K
}
Event: 29.459 GC heap after
{Heap after GC invocations=70 (full 0):
 garbage-first heap   total 333824K, used 284881K [0x0000000080000000, 0x0000000100000000)
  region size 1024K, 2 young (2048K), 2 survivors (2048K)
 Metaspace       used 120767K, committed 122624K, reserved 557056K
  class space    used 16594K, committed 17472K, reserved 425984K
}
Event: 29.639 GC heap before
{Heap before GC invocations=70 (full 0):
 garbage-first heap   total 333824K, used 298193K [0x0000000080000000, 0x0000000100000000)
  region size 1024K, 16 young (16384K), 2 survivors (2048K)
 Metaspace       used 122021K, committed 123904K, reserved 557056K
  class space    used 16790K, committed 17664K, reserved 425984K
}
Event: 29.642 GC heap after
{Heap after GC invocations=71 (full 0):
 garbage-first heap   total 333824K, used 285942K [0x0000000080000000, 0x0000000100000000)
  region size 1024K, 1 young (1024K), 1 survivors (1024K)
 Metaspace       used 122021K, committed 123904K, reserved 557056K
  class space    used 16790K, committed 17664K, reserved 425984K
}
Event: 29.935 GC heap before
{Heap before GC invocations=72 (full 0):
 garbage-first heap   total 498688K, used 302326K [0x0000000080000000, 0x0000000100000000)
  region size 1024K, 16 young (16384K), 1 survivors (1024K)
 Metaspace       used 123193K, committed 124992K, reserved 557056K
  class space    used 16970K, committed 17856K, reserved 425984K
}
Event: 29.938 GC heap after
{Heap after GC invocations=73 (full 0):
 garbage-first heap   total 498688K, used 286352K [0x0000000080000000, 0x0000000100000000)
  region size 1024K, 2 young (2048K), 2 survivors (2048K)
 Metaspace       used 123193K, committed 124992K, reserved 557056K
  class space    used 16970K, committed 17856K, reserved 425984K
}
Event: 30.153 GC heap before
{Heap before GC invocations=73 (full 0):
 garbage-first heap   total 498688K, used 307856K [0x0000000080000000, 0x0000000100000000)
  region size 1024K, 24 young (24576K), 2 survivors (2048K)
 Metaspace       used 123674K, committed 125440K, reserved 557056K
  class space    used 17033K, committed 17856K, reserved 425984K
}
Event: 30.158 GC heap after
{Heap after GC invocations=74 (full 0):
 garbage-first heap   total 498688K, used 279648K [0x0000000080000000, 0x0000000100000000)
  region size 1024K, 3 young (3072K), 3 survivors (3072K)
 Metaspace       used 123674K, committed 125440K, reserved 557056K
  class space    used 17033K, committed 17856K, reserved 425984K
}
Event: 33.155 GC heap before
{Heap before GC invocations=74 (full 0):
 garbage-first heap   total 498688K, used 401504K [0x0000000080000000, 0x0000000100000000)
  region size 1024K, 119 young (121856K), 3 survivors (3072K)
 Metaspace       used 126248K, committed 128064K, reserved 557056K
  class space    used 17344K, committed 18176K, reserved 425984K
}
Event: 33.169 GC heap after
{Heap after GC invocations=75 (full 0):
 garbage-first heap   total 498688K, used 286816K [0x0000000080000000, 0x0000000100000000)
  region size 1024K, 10 young (10240K), 10 survivors (10240K)
 Metaspace       used 126248K, committed 128064K, reserved 557056K
  class space    used 17344K, committed 18176K, reserved 425984K
}
Event: 34.902 GC heap before
{Heap before GC invocations=76 (full 0):
 garbage-first heap   total 498688K, used 407648K [0x0000000080000000, 0x0000000100000000)
  region size 1024K, 125 young (128000K), 10 survivors (10240K)
 Metaspace       used 130303K, committed 132288K, reserved 557056K
  class space    used 17896K, committed 18816K, reserved 425984K
}
Event: 34.918 GC heap after
{Heap after GC invocations=77 (full 0):
 garbage-first heap   total 498688K, used 296125K [0x0000000080000000, 0x0000000100000000)
  region size 1024K, 16 young (16384K), 16 survivors (16384K)
 Metaspace       used 130303K, committed 132288K, reserved 557056K
  class space    used 17896K, committed 18816K, reserved 425984K
}
Event: 35.048 GC heap before
{Heap before GC invocations=77 (full 0):
 garbage-first heap   total 498688K, used 303293K [0x0000000080000000, 0x0000000100000000)
  region size 1024K, 24 young (24576K), 16 survivors (16384K)
 Metaspace       used 130349K, committed 132352K, reserved 557056K
  class space    used 17903K, committed 18816K, reserved 425984K
}
Event: 35.059 GC heap after
{Heap after GC invocations=78 (full 0):
 garbage-first heap   total 498688K, used 292122K [0x0000000080000000, 0x0000000100000000)
  region size 1024K, 3 young (3072K), 3 survivors (3072K)
 Metaspace       used 130349K, committed 132352K, reserved 557056K
  class space    used 17903K, committed 18816K, reserved 425984K
}

Dll operation events (17 events):
Event: 0.008 Loaded shared library C:\Program Files\Eclipse Adoptium\jdk-17.0.18.8-hotspot\bin\java.dll
Event: 0.021 Loaded shared library C:\Program Files\Eclipse Adoptium\jdk-17.0.18.8-hotspot\bin\jsvml.dll
Event: 0.044 Loaded shared library C:\Program Files\Eclipse Adoptium\jdk-17.0.18.8-hotspot\bin\zip.dll
Event: 0.049 Loaded shared library C:\Program Files\Eclipse Adoptium\jdk-17.0.18.8-hotspot\bin\instrument.dll
Event: 0.051 Loaded shared library C:\Program Files\Eclipse Adoptium\jdk-17.0.18.8-hotspot\bin\net.dll
Event: 0.053 Loaded shared library C:\Program Files\Eclipse Adoptium\jdk-17.0.18.8-hotspot\bin\nio.dll
Event: 0.055 Loaded shared library C:\Program Files\Eclipse Adoptium\jdk-17.0.18.8-hotspot\bin\zip.dll
Event: 0.162 Loaded shared library C:\Program Files\Eclipse Adoptium\jdk-17.0.18.8-hotspot\bin\jimage.dll
Event: 0.215 Loaded shared library C:\Program Files\Eclipse Adoptium\jdk-17.0.18.8-hotspot\bin\verify.dll
Event: 0.343 Loaded shared library C:\Users\HP\.gradle\native\68d5fa5c4cc2d200863cafc0d521ce42e7d3e7ee720ec0a83991735586a16f82\windows-amd64\native-platform.dll
Event: 0.360 Loaded shared library C:\Users\HP\.gradle\native\e376f236ea51e6404a007f0833ffe2c6e607c4080706a723a18a27aeea778392\windows-amd64\native-platform-file-events.dll
Event: 1.019 Loaded shared library C:\Program Files\Eclipse Adoptium\jdk-17.0.18.8-hotspot\bin\management.dll
Event: 1.020 Loaded shared library C:\Program Files\Eclipse Adoptium\jdk-17.0.18.8-hotspot\bin\management_ext.dll
Event: 1.161 Loaded shared library C:\Program Files\Eclipse Adoptium\jdk-17.0.18.8-hotspot\bin\extnet.dll
Event: 1.298 Loaded shared library C:\Program Files\Eclipse Adoptium\jdk-17.0.18.8-hotspot\bin\sunmscapi.dll
Event: 33.974 Loaded shared library C:\Users\HP\AppData\Local\Temp\native-platform11702888843907944794dir\native-platform.dll
Event: 35.105 Loaded shared library C:\Program Files\Eclipse Adoptium\jdk-17.0.18.8-hotspot\bin\rmi.dll

Deoptimization events (20 events):
Event: 35.323 Thread 0x000001d8f2e797b0 Uncommon trap: trap_request=0xffffffde fr.pc=0x000001d8dad8ab3c relative=0x00000000000002fc
Event: 35.323 Thread 0x000001d8f2e797b0 Uncommon trap: reason=class_check action=maybe_recompile pc=0x000001d8dad8ab3c method=com.google.common.collect.Multimaps$CustomListMultimap.createCollection()Ljava/util/List; @ 4 c2
Event: 35.323 Thread 0x000001d8f2e797b0 DEOPT PACKING pc=0x000001d8dad8ab3c sp=0x0000007a6a3fc070
Event: 35.323 Thread 0x000001d8f2e797b0 DEOPT UNPACKING pc=0x000001d8d9f069a3 sp=0x0000007a6a3fbfc8 mode 2
Event: 35.333 Thread 0x000001d8f2e797b0 Uncommon trap: trap_request=0xffffffde fr.pc=0x000001d8dad8ab3c relative=0x00000000000002fc
Event: 35.333 Thread 0x000001d8f2e797b0 Uncommon trap: reason=class_check action=maybe_recompile pc=0x000001d8dad8ab3c method=com.google.common.collect.Multimaps$CustomListMultimap.createCollection()Ljava/util/List; @ 4 c2
Event: 35.333 Thread 0x000001d8f2e797b0 DEOPT PACKING pc=0x000001d8dad8ab3c sp=0x0000007a6a3fc070
Event: 35.333 Thread 0x000001d8f2e797b0 DEOPT UNPACKING pc=0x000001d8d9f069a3 sp=0x0000007a6a3fbfc8 mode 2
Event: 35.333 Thread 0x000001d8f2e797b0 Uncommon trap: trap_request=0xffffffde fr.pc=0x000001d8dad8ab3c relative=0x00000000000002fc
Event: 35.333 Thread 0x000001d8f2e797b0 Uncommon trap: reason=class_check action=maybe_recompile pc=0x000001d8dad8ab3c method=com.google.common.collect.Multimaps$CustomListMultimap.createCollection()Ljava/util/List; @ 4 c2
Event: 35.333 Thread 0x000001d8f2e797b0 DEOPT PACKING pc=0x000001d8dad8ab3c sp=0x0000007a6a3fc070
Event: 35.333 Thread 0x000001d8f2e797b0 DEOPT UNPACKING pc=0x000001d8d9f069a3 sp=0x0000007a6a3fbfc8 mode 2
Event: 87.743 Thread 0x000001d8f0fb4810 Uncommon trap: trap_request=0xffffff45 fr.pc=0x000001d8da70affc relative=0x000000000000163c
Event: 87.747 Thread 0x000001d8f0fb4810 Uncommon trap: reason=unstable_if action=reinterpret pc=0x000001d8da70affc method=org.gradle.internal.file.FileHierarchySet$Node.contains(Ljava/lang/String;I)Z @ 69 c2
Event: 87.751 Thread 0x000001d8f0fb4810 DEOPT PACKING pc=0x000001d8da70affc sp=0x0000007a66eff020
Event: 87.759 Thread 0x000001d8f0fb4810 DEOPT UNPACKING pc=0x000001d8d9f069a3 sp=0x0000007a66efeff0 mode 2
Event: 88.570 Thread 0x000001d8fbe123c0 Uncommon trap: trap_request=0xfffffff4 fr.pc=0x000001d8db15cb78 relative=0x0000000000003db8
Event: 88.571 Thread 0x000001d8fbe123c0 Uncommon trap: reason=null_check action=make_not_entrant pc=0x000001d8db15cb78 method=org.gradle.internal.logging.sink.OutputEventTransformer.onOutput(Lorg/gradle/internal/logging/events/OutputEvent;)V @ 338 c2
Event: 88.571 Thread 0x000001d8fbe123c0 DEOPT PACKING pc=0x000001d8db15cb78 sp=0x0000007a63ffed10
Event: 88.572 Thread 0x000001d8fbe123c0 DEOPT UNPACKING pc=0x000001d8d9f069a3 sp=0x0000007a63ffed28 mode 2

Classes loaded (20 events):
Event: 35.210 Loading class sun/rmi/transport/DGCAckHandler
Event: 35.210 Loading class sun/rmi/transport/DGCAckHandler done
Event: 35.216 Loading class sun/rmi/transport/DGCAckHandler$1
Event: 35.216 Loading class sun/rmi/transport/DGCAckHandler$1 done
Event: 35.268 Loading class sun/rmi/transport/tcp/TCPTransport$ConnectionHandler
Event: 35.268 Loading class sun/rmi/transport/tcp/TCPTransport$ConnectionHandler done
Event: 35.276 Loading class sun/rmi/transport/Transport$1
Event: 35.276 Loading class sun/rmi/transport/Transport$1 done
Event: 35.278 Loading class sun/rmi/transport/DGCImpl$LeaseInfo
Event: 35.278 Loading class sun/rmi/transport/DGCImpl$LeaseInfo done
Event: 35.278 Loading class sun/rmi/transport/DGCImpl$1
Event: 35.278 Loading class sun/rmi/transport/DGCImpl$1 done
Event: 35.279 Loading class sun/rmi/transport/SequenceEntry
Event: 35.279 Loading class sun/rmi/transport/SequenceEntry done
Event: 72.219 Loading class sun/net/ConnectionResetException
Event: 72.240 Loading class sun/net/ConnectionResetException done
Event: 72.586 Loading class java/lang/Throwable$WrappedPrintWriter
Event: 72.591 Loading class java/lang/Throwable$PrintStreamOrWriter
Event: 72.594 Loading class java/lang/Throwable$PrintStreamOrWriter done
Event: 72.595 Loading class java/lang/Throwable$WrappedPrintWriter done

Classes unloaded (20 events):
Event: 29.787 Thread 0x000001d8e9753280 Unloading class 0x000001d882099448 'jdk/internal/jrtfs/SystemImage$2'
Event: 29.787 Thread 0x000001d8e9753280 Unloading class 0x000001d882099230 'jdk/internal/jrtfs/SystemImage$$Lambda$2543+0x000001d882099230'
Event: 29.787 Thread 0x000001d8e9753280 Unloading class 0x000001d882099000 'jdk/internal/jrtfs/ExplodedImage'
Event: 29.787 Thread 0x000001d8e9753280 Unloading class 0x000001d882098dc8 'jdk/internal/jrtfs/SystemImage$1'
Event: 29.787 Thread 0x000001d8e9753280 Unloading class 0x000001d882098bb0 'jdk/internal/jrtfs/SystemImage'
Event: 29.787 Thread 0x000001d8e9753280 Unloading class 0x000001d882098950 'jdk/internal/jrtfs/JrtFileStore'
Event: 29.787 Thread 0x000001d8e9753280 Unloading class 0x000001d8820985d8 'jdk/internal/jrtfs/JrtPath'
Event: 29.787 Thread 0x000001d8e9753280 Unloading class 0x000001d8820982e0 'jdk/internal/jrtfs/JrtFileSystem'
Event: 29.787 Thread 0x000001d8e9753280 Unloading class 0x000001d882098000 'jdk/internal/jrtfs/JrtFileSystemProvider'
Event: 29.787 Thread 0x000001d8e9753280 Unloading class 0x000001d881f86c00 'java/lang/invoke/LambdaForm$DMH+0x000001d881f86c00'
Event: 29.787 Thread 0x000001d8e9753280 Unloading class 0x000001d881f86800 'java/lang/invoke/LambdaForm$DMH+0x000001d881f86800'
Event: 29.787 Thread 0x000001d8e9753280 Unloading class 0x000001d881f86000 'java/lang/invoke/LambdaForm$DMH+0x000001d881f86000'
Event: 29.787 Thread 0x000001d8e9753280 Unloading class 0x000001d881f86400 'java/lang/invoke/LambdaForm$DMH+0x000001d881f86400'
Event: 29.787 Thread 0x000001d8e9753280 Unloading class 0x000001d881f85800 'java/lang/invoke/LambdaForm$DMH+0x000001d881f85800'
Event: 29.787 Thread 0x000001d8e9753280 Unloading class 0x000001d881f85c00 'java/lang/invoke/LambdaForm$DMH+0x000001d881f85c00'
Event: 29.787 Thread 0x000001d8e9753280 Unloading class 0x000001d881f85400 'java/lang/invoke/LambdaForm$DMH+0x000001d881f85400'
Event: 29.787 Thread 0x000001d8e9753280 Unloading class 0x000001d881f84c00 'java/lang/invoke/LambdaForm$DMH+0x000001d881f84c00'
Event: 29.787 Thread 0x000001d8e9753280 Unloading class 0x000001d881f85000 'java/lang/invoke/LambdaForm$DMH+0x000001d881f85000'
Event: 29.787 Thread 0x000001d8e9753280 Unloading class 0x000001d881f84800 'java/lang/invoke/LambdaForm$DMH+0x000001d881f84800'
Event: 29.787 Thread 0x000001d8e9753280 Unloading class 0x000001d881f84400 'java/lang/invoke/LambdaForm$DMH+0x000001d881f84400'

Classes redefined (0 events):
No events

Internal exceptions (20 events):
Event: 35.091 Thread 0x000001d8f371d570 Exception <a 'java/lang/NoSuchMethodError'{0x000000009e4cd250}: static Lorg/jetbrains/kotlin/daemon/common/LoopbackNetworkInterface$AbstractClientLoopbackSocketFactory;.<clinit>()V> (0x000000009e4cd250) 
thrown [s\src\hotspot\share\prims\jni.cpp, line 1112]
Event: 35.092 Thread 0x000001d8f371d570 Exception <a 'java/lang/NoSuchMethodError'{0x000000009e4d8d70}: static Lorg/jetbrains/kotlin/daemon/common/LoopbackNetworkInterface$ClientLoopbackSocketFactory;.<clinit>()V> (0x000000009e4d8d70) 
thrown [s\src\hotspot\share\prims\jni.cpp, line 1112]
Event: 35.111 Thread 0x000001d8f371d570 Exception <a 'java/lang/NoSuchMethodError'{0x000000009e25c268}: static [Ljava/rmi/server/ObjID;.<clinit>()V> (0x000000009e25c268) 
thrown [s\src\hotspot\share\prims\jni.cpp, line 1112]
Event: 35.114 Thread 0x000001d8f371d570 Exception <a 'java/lang/NoSuchMethodError'{0x000000009e27fa20}: static [B.<clinit>()V> (0x000000009e27fa20) 
thrown [s\src\hotspot\share\prims\jni.cpp, line 1112]
Event: 35.127 Thread 0x000001d8f34e3820 Exception <a 'java/lang/InterruptedException'{0x000000009e080000}> (0x000000009e080000) 
thrown [s\src\hotspot\share\runtime\objectMonitor.cpp, line 1658]
Event: 35.127 Thread 0x000001d8f34e3820 Exception <a 'java/lang/NoSuchMethodError'{0x000000009e081460}: 'java.lang.Object java.lang.invoke.DirectMethodHandle$Holder.invokeSpecial(java.lang.Object, java.lang.Object, int, java.lang.Object, long)'> (0x000000009e081460) 
thrown [s\src\hotspot\share\interpreter\linkResolver.cpp, line 759]
Event: 35.128 Thread 0x000001d8f34e3820 Exception <a 'java/lang/NoSuchMethodError'{0x000000009e0888f8}: 'java.lang.Object java.lang.invoke.DirectMethodHandle$Holder.newInvokeSpecial(java.lang.Object, java.lang.Object, int, java.lang.Object, long)'> (0x000000009e0888f8) 
thrown [s\src\hotspot\share\interpreter\linkResolver.cpp, line 759]
Event: 35.153 Thread 0x000001d8f371d570 Exception <a 'java/lang/NoSuchMethodError'{0x000000009e0e9bd8}: static Lorg/jetbrains/kotlin/daemon/common/CompileService$CallResult;.<clinit>()V> (0x000000009e0e9bd8) 
thrown [s\src\hotspot\share\prims\jni.cpp, line 1112]
Event: 35.155 Thread 0x000001d8f371d570 Exception <a 'java/lang/NoSuchMethodError'{0x000000009e0f59b8}: static Lorg/jetbrains/kotlin/daemon/common/CompileService$CallResult$Good;.<clinit>()V> (0x000000009e0f59b8) 
thrown [s\src\hotspot\share\prims\jni.cpp, line 1112]
Event: 35.156 Thread 0x000001d8f371d570 Exception <a 'java/lang/NoSuchMethodError'{0x000000009dad4110}: static Lorg/jetbrains/kotlin/daemon/common/DaemonJVMOptions;.<clinit>()V> (0x000000009dad4110) 
thrown [s\src\hotspot\share\prims\jni.cpp, line 1112]
Event: 35.163 Thread 0x000001d8f371d570 Exception <a 'java/lang/NoSuchMethodError'{0x000000009daedc08}: static Lorg/jetbrains/kotlin/daemon/common/CompileService$CallResult$Ok;.<clinit>()V> (0x000000009daedc08) 
thrown [s\src\hotspot\share\prims\jni.cpp, line 1112]
Event: 35.201 Thread 0x000001d8f371d570 Exception <a 'java/lang/NoSuchMethodError'{0x000000009d7239f8}: static [Ljava/lang/Integer;.<clinit>()V> (0x000000009d7239f8) 
thrown [s\src\hotspot\share\prims\jni.cpp, line 1112]
Event: 72.249 Thread 0x000001d8f371d570 Exception <a 'sun/net/ConnectionResetException'{0x000000009d52c150}: Connection reset> (0x000000009d52c150) 
thrown [s\src\hotspot\share\prims\jni.cpp, line 535]
Event: 72.402 Thread 0x000001d8f371d570 Exception <a 'java/net/ConnectException'{0x000000009d52ecc8}: Connection refused: connect> (0x000000009d52ecc8) 
thrown [s\src\hotspot\share\prims\jni.cpp, line 535]
Event: 72.402 Thread 0x000001d8f371d570 Exception <a 'java/net/SocketException'{0x000000009d52f2a8}: Socket is not connected: shutdown> (0x000000009d52f2a8) 
thrown [s\src\hotspot\share\prims\jni.cpp, line 535]
Event: 72.414 Thread 0x000001d8f371d570 Exception <a 'java/net/ConnectException'{0x000000009d52fd80}: Connection refused: connect> (0x000000009d52fd80) 
thrown [s\src\hotspot\share\prims\jni.cpp, line 535]
Event: 72.415 Thread 0x000001d8f371d570 Exception <a 'java/net/SocketException'{0x000000009d530360}: Socket is not connected: shutdown> (0x000000009d530360) 
thrown [s\src\hotspot\share\prims\jni.cpp, line 535]
Event: 72.427 Thread 0x000001d8f371d570 Exception <a 'java/net/ConnectException'{0x000000009d530e38}: Connection refused: connect> (0x000000009d530e38) 
thrown [s\src\hotspot\share\prims\jni.cpp, line 535]
Event: 72.427 Thread 0x000001d8f371d570 Exception <a 'java/net/SocketException'{0x000000009d531418}: Socket is not connected: shutdown> (0x000000009d531418) 
thrown [s\src\hotspot\share\prims\jni.cpp, line 535]
Event: 88.570 Thread 0x000001d8fbe123c0 Implicit null exception at 0x000001d8db15a23f to 0x000001d8db15cb64

VM Operations (20 events):
Event: 38.141 Executing VM operation: Cleanup
Event: 38.141 Executing VM operation: Cleanup done
Event: 46.146 Executing VM operation: Cleanup
Event: 46.146 Executing VM operation: Cleanup done
Event: 49.147 Executing VM operation: Cleanup
Event: 49.148 Executing VM operation: Cleanup done
Event: 50.148 Executing VM operation: Cleanup
Event: 50.148 Executing VM operation: Cleanup done
Event: 55.150 Executing VM operation: Cleanup
Event: 55.150 Executing VM operation: Cleanup done
Event: 60.231 Executing VM operation: HandshakeAllThreads
Event: 60.231 Executing VM operation: HandshakeAllThreads done
Event: 73.240 Executing VM operation: Cleanup
Event: 73.241 Executing VM operation: Cleanup done
Event: 74.241 Executing VM operation: Cleanup
Event: 74.241 Executing VM operation: Cleanup done
Event: 75.242 Executing VM operation: Cleanup
Event: 75.242 Executing VM operation: Cleanup done
Event: 89.305 Executing VM operation: Cleanup
Event: 89.310 Executing VM operation: Cleanup done

Memory protections (0 events):
No events

Nmethod flushes (20 events):
Event: 34.147 Thread 0x000001d8e9786740 flushing  nmethod 0x000001d8d493de10
Event: 34.147 Thread 0x000001d8e9786740 flushing  nmethod 0x000001d8d493e210
Event: 34.147 Thread 0x000001d8e9786740 flushing  nmethod 0x000001d8d493e710
Event: 34.147 Thread 0x000001d8e9786740 flushing  nmethod 0x000001d8d493ea90
Event: 34.147 Thread 0x000001d8e9786740 flushing  nmethod 0x000001d8d493fd10
Event: 34.147 Thread 0x000001d8e9786740 flushing  nmethod 0x000001d8d4940a10
Event: 34.147 Thread 0x000001d8e9786740 flushing  nmethod 0x000001d8d4945e10
Event: 34.147 Thread 0x000001d8e9786740 flushing osr nmethod 0x000001d8d4952d90
Event: 34.147 Thread 0x000001d8e9786740 flushing  nmethod 0x000001d8d4959610
Event: 34.148 Thread 0x000001d8e9786740 flushing  nmethod 0x000001d8d4965390
Event: 34.148 Thread 0x000001d8e9786740 flushing  nmethod 0x000001d8d4986410
Event: 34.148 Thread 0x000001d8e9786740 flushing  nmethod 0x000001d8d4988a90
Event: 34.148 Thread 0x000001d8e9786740 flushing  nmethod 0x000001d8d498c710
Event: 34.148 Thread 0x000001d8e9786740 flushing  nmethod 0x000001d8d49a4b90
Event: 34.148 Thread 0x000001d8e9786740 flushing  nmethod 0x000001d8d49e3390
Event: 34.148 Thread 0x000001d8e9786740 flushing  nmethod 0x000001d8d4a40510
Event: 34.149 Thread 0x000001d8e9786740 flushing  nmethod 0x000001d8d4a8d190
Event: 34.149 Thread 0x000001d8e9786740 flushing  nmethod 0x000001d8d4a92110
Event: 34.149 Thread 0x000001d8e9786740 flushing  nmethod 0x000001d8d4a95990
Event: 34.149 Thread 0x000001d8e9786740 flushing  nmethod 0x000001d8d4a95e10

Events (20 events):
Event: 29.982 Thread 0x000001d8e977fe10 Thread added: 0x000001d8efef8e70
Event: 32.025 Thread 0x000001d8f2e7f2d0 Thread added: 0x000001d8f34e4750
Event: 32.043 Thread 0x000001d8f34e4750 Thread added: 0x000001d8f0978fb0
Event: 32.043 Thread 0x000001d8f34e4750 Thread added: 0x000001d8f2bceaa0
Event: 32.154 Thread 0x000001d8efef8e70 Thread exited: 0x000001d8efef8e70
Event: 32.902 Thread 0x000001d8e977fe10 Thread added: 0x000001d8efef73e0
Event: 33.701 Thread 0x000001d8e977fe10 Thread added: 0x000001d8efef9e60
Event: 33.743 Thread 0x000001d8f2e7f7e0 Thread added: 0x000001d8f09794c0
Event: 34.002 Thread 0x000001d8f371d570 Thread added: 0x000001d8f09799d0
Event: 34.956 Thread 0x000001d8f09799d0 Thread exited: 0x000001d8f09799d0
Event: 35.093 Thread 0x000001d8f371d570 Thread added: 0x000001d8f34e5170
Event: 35.102 Thread 0x000001d8f371d570 Thread added: 0x000001d8f34e3820
Event: 35.106 Thread 0x000001d8f371d570 Thread added: 0x000001d8f34e5680
Event: 35.191 Thread 0x000001d8f371d570 Thread added: 0x000001d8f34e5b90
Event: 35.192 Thread 0x000001d8f371d570 Thread added: 0x000001d8f34e60a0
Event: 35.268 Thread 0x000001d8f34e5b90 Thread added: 0x000001d8fa28b1c0
Event: 36.069 Thread 0x000001d8efef9e60 Thread exited: 0x000001d8efef9e60
Event: 36.069 Thread 0x000001d8efef73e0 Thread exited: 0x000001d8efef73e0
Event: 73.532 Thread 0x000001d8f371d570 Thread added: 0x000001d8fbe123c0
Event: 82.763 Thread 0x000001d8f2e7c030 Thread exited: 0x000001d8f2e7c030


Dynamic libraries:
0x00007ff619b90000 - 0x00007ff619b9e000 	C:\Program Files\Eclipse Adoptium\jdk-17.0.18.8-hotspot\bin\java.exe
0x00007fff389c0000 - 0x00007fff38c26000 	C:\WINDOWS\SYSTEM32\ntdll.dll
0x00007fff38010000 - 0x00007fff380d9000 	C:\WINDOWS\System32\KERNEL32.DLL
0x00007fff35e90000 - 0x00007fff36290000 	C:\WINDOWS\System32\KERNELBASE.dll
0x00007fff31f00000 - 0x00007fff31fa0000 	C:\WINDOWS\SYSTEM32\apphelp.dll
0x00007fff36560000 - 0x00007fff366ac000 	C:\WINDOWS\System32\ucrtbase.dll
0x00007fff05530000 - 0x00007fff0554e000 	C:\Program Files\Eclipse Adoptium\jdk-17.0.18.8-hotspot\bin\VCRUNTIME140.dll
0x00007fff05680000 - 0x00007fff05698000 	C:\Program Files\Eclipse Adoptium\jdk-17.0.18.8-hotspot\bin\jli.dll
0x00007fff38690000 - 0x00007fff38857000 	C:\WINDOWS\System32\USER32.dll
0x00007fff0fd50000 - 0x00007fff0ffe2000 	C:\WINDOWS\WinSxS\amd64_microsoft.windows.common-controls_6595b64144ccf1df_6.0.26100.8737_none_3e092eaee333b772\COMCTL32.dll
0x00007fff366c0000 - 0x00007fff366e7000 	C:\WINDOWS\System32\win32u.dll
0x00007fff382c0000 - 0x00007fff382eb000 	C:\WINDOWS\System32\GDI32.dll
0x00007fff385e0000 - 0x00007fff38689000 	C:\WINDOWS\System32\msvcrt.dll
0x00007fff35be0000 - 0x00007fff35d09000 	C:\WINDOWS\System32\gdi32full.dll
0x00007fff36420000 - 0x00007fff364c3000 	C:\WINDOWS\System32\msvcp_win.dll
0x00007fff38380000 - 0x00007fff383b2000 	C:\WINDOWS\System32\IMM32.DLL
0x00007fff12fb0000 - 0x00007fff12fbc000 	C:\Program Files\Eclipse Adoptium\jdk-17.0.18.8-hotspot\bin\vcruntime140_1.dll
0x00007ffeb4920000 - 0x00007ffeb49ad000 	C:\Program Files\Eclipse Adoptium\jdk-17.0.18.8-hotspot\bin\msvcp140.dll
0x00007ffe87e20000 - 0x00007ffe88a8b000 	C:\Program Files\Eclipse Adoptium\jdk-17.0.18.8-hotspot\bin\server\jvm.dll
0x00007fff38200000 - 0x00007fff382b7000 	C:\WINDOWS\System32\ADVAPI32.dll
0x00007fff36770000 - 0x00007fff3681a000 	C:\WINDOWS\System32\sechost.dll
0x00007fff38860000 - 0x00007fff38978000 	C:\WINDOWS\System32\RPCRT4.dll
0x00007fff38550000 - 0x00007fff385d0000 	C:\WINDOWS\System32\WS2_32.dll
0x00007fff35a60000 - 0x00007fff35abe000 	C:\WINDOWS\SYSTEM32\POWRPROF.dll
0x00007fff320f0000 - 0x00007fff32126000 	C:\WINDOWS\SYSTEM32\WINMM.dll
0x00007fff22830000 - 0x00007fff2283b000 	C:\WINDOWS\SYSTEM32\VERSION.dll
0x00007fff35a40000 - 0x00007fff35a54000 	C:\WINDOWS\SYSTEM32\UMPDC.dll
0x00007fff348c0000 - 0x00007fff348db000 	C:\WINDOWS\SYSTEM32\kernel.appcore.dll
0x00007fff10a30000 - 0x00007fff10a3a000 	C:\Program Files\Eclipse Adoptium\jdk-17.0.18.8-hotspot\bin\jimage.dll
0x00007fff33210000 - 0x00007fff33452000 	C:\WINDOWS\SYSTEM32\DBGHELP.DLL
0x00007fff37a40000 - 0x00007fff37dc3000 	C:\WINDOWS\System32\combase.dll
0x00007fff36890000 - 0x00007fff36969000 	C:\WINDOWS\System32\OLEAUT32.dll
0x00007fff00ed0000 - 0x00007fff00f0b000 	C:\WINDOWS\SYSTEM32\dbgcore.DLL
0x00007fff362a0000 - 0x00007fff3634c000 	C:\WINDOWS\System32\bcryptPrimitives.dll
0x00007fff2ea60000 - 0x00007fff2ea6e000 	C:\Program Files\Eclipse Adoptium\jdk-17.0.18.8-hotspot\bin\instrument.dll
0x00007ffeeb1b0000 - 0x00007ffeeb1d5000 	C:\Program Files\Eclipse Adoptium\jdk-17.0.18.8-hotspot\bin\java.dll
0x00007ffeb3dd0000 - 0x00007ffeb3ea7000 	C:\Program Files\Eclipse Adoptium\jdk-17.0.18.8-hotspot\bin\jsvml.dll
0x00007fff372a0000 - 0x00007fff37a32000 	C:\WINDOWS\System32\SHELL32.dll
0x00007fff33650000 - 0x00007fff33ee2000 	C:\WINDOWS\SYSTEM32\windows.storage.dll
0x00007fff38100000 - 0x00007fff381f7000 	C:\WINDOWS\System32\SHCORE.dll
0x00007fff370e0000 - 0x00007fff37147000 	C:\WINDOWS\System32\shlwapi.dll
0x00007fff35b00000 - 0x00007fff35b29000 	C:\WINDOWS\SYSTEM32\profapi.dll
0x00007ffeb3d20000 - 0x00007ffeb3d38000 	C:\Program Files\Eclipse Adoptium\jdk-17.0.18.8-hotspot\bin\zip.dll
0x00007ffeea870000 - 0x00007ffeea88a000 	C:\Program Files\Eclipse Adoptium\jdk-17.0.18.8-hotspot\bin\net.dll
0x00007fff2f460000 - 0x00007fff2f589000 	C:\WINDOWS\SYSTEM32\WINHTTP.dll
0x00007fff34e70000 - 0x00007fff34edc000 	C:\WINDOWS\system32\mswsock.dll
0x00007ffeb6130000 - 0x00007ffeb6146000 	C:\Program Files\Eclipse Adoptium\jdk-17.0.18.8-hotspot\bin\nio.dll
0x00007fff1c420000 - 0x00007fff1c430000 	C:\Program Files\Eclipse Adoptium\jdk-17.0.18.8-hotspot\bin\verify.dll
0x00007fff2de20000 - 0x00007fff2de47000 	C:\Users\HP\.gradle\native\68d5fa5c4cc2d200863cafc0d521ce42e7d3e7ee720ec0a83991735586a16f82\windows-amd64\native-platform.dll
0x00007ffedbed0000 - 0x00007ffedc014000 	C:\Users\HP\.gradle\native\e376f236ea51e6404a007f0833ffe2c6e607c4080706a723a18a27aeea778392\windows-amd64\native-platform-file-events.dll
0x00007fff2fa60000 - 0x00007fff2fa6a000 	C:\Program Files\Eclipse Adoptium\jdk-17.0.18.8-hotspot\bin\management.dll
0x00007fff2fa40000 - 0x00007fff2fa4c000 	C:\Program Files\Eclipse Adoptium\jdk-17.0.18.8-hotspot\bin\management_ext.dll
0x00007fff36880000 - 0x00007fff36888000 	C:\WINDOWS\System32\PSAPI.DLL
0x00007fff35190000 - 0x00007fff351ab000 	C:\WINDOWS\SYSTEM32\CRYPTSP.dll
0x00007fff34820000 - 0x00007fff34859000 	C:\WINDOWS\system32\rsaenh.dll
0x00007fff34f30000 - 0x00007fff34f62000 	C:\WINDOWS\SYSTEM32\USERENV.dll
0x00007fff35ad0000 - 0x00007fff35afa000 	C:\WINDOWS\SYSTEM32\bcrypt.dll
0x00007fff35170000 - 0x00007fff3517c000 	C:\WINDOWS\SYSTEM32\CRYPTBASE.dll
0x00007fff34250000 - 0x00007fff34283000 	C:\WINDOWS\SYSTEM32\IPHLPAPI.DLL
0x00007fff37dd0000 - 0x00007fff37dda000 	C:\WINDOWS\System32\NSI.dll
0x00007fff2f6a0000 - 0x00007fff2f6bd000 	C:\WINDOWS\SYSTEM32\dhcpcsvc6.DLL
0x00007fff2f610000 - 0x00007fff2f635000 	C:\WINDOWS\SYSTEM32\dhcpcsvc.DLL
0x00007fff34290000 - 0x00007fff343e5000 	C:\WINDOWS\SYSTEM32\DNSAPI.dll
0x00007fff34c70000 - 0x00007fff34c7d000 	C:\WINDOWS\SYSTEM32\DSPARSE.dll
0x00007fff1c410000 - 0x00007fff1c419000 	C:\Program Files\Eclipse Adoptium\jdk-17.0.18.8-hotspot\bin\extnet.dll
0x00007fff2fa50000 - 0x00007fff2fa5e000 	C:\Program Files\Eclipse Adoptium\jdk-17.0.18.8-hotspot\bin\sunmscapi.dll
0x00007fff35d10000 - 0x00007fff35e88000 	C:\WINDOWS\System32\CRYPT32.dll
0x00007fff353b0000 - 0x00007fff353e0000 	C:\WINDOWS\SYSTEM32\ncrypt.dll
0x00007fff35360000 - 0x00007fff3539f000 	C:\WINDOWS\SYSTEM32\NTASN1.dll
0x00007ffefeb00000 - 0x00007ffefeb08000 	C:\WINDOWS\system32\wshunix.dll
0x00007fff00060000 - 0x00007fff00078000 	C:\WINDOWS\system32\napinsp.dll
0x00007fff00040000 - 0x00007fff00053000 	C:\WINDOWS\System32\winrnr.dll
0x00007ffefad40000 - 0x00007ffefad62000 	C:\WINDOWS\system32\nlansp_c.dll
0x00007ffef8fd0000 - 0x00007ffef8fe6000 	C:\WINDOWS\system32\wshbth.dll
0x00007fff31fb0000 - 0x00007fff31fbb000 	C:\Windows\System32\rasadhlp.dll
0x00007fff2f8a0000 - 0x00007fff2f926000 	C:\WINDOWS\System32\fwpuclnt.dll
0x00007fff31370000 - 0x00007fff3138e000 	C:\Users\HP\AppData\Local\Temp\native-platform11702888843907944794dir\native-platform.dll
0x00007fff2e9b0000 - 0x00007fff2e9b7000 	C:\Program Files\Eclipse Adoptium\jdk-17.0.18.8-hotspot\bin\rmi.dll

dbghelp: loaded successfully - version: 4.0.5 - missing functions: none
symbol engine: initialized successfully - sym options: 0x614 - pdb path: .;C:\Program Files\Eclipse Adoptium\jdk-17.0.18.8-hotspot\bin;C:\WINDOWS\SYSTEM32;C:\WINDOWS\WinSxS\amd64_microsoft.windows.common-controls_6595b64144ccf1df_6.0.26100.8737_none_3e092eaee333b772;C:\Program Files\Eclipse Adoptium\jdk-17.0.18.8-hotspot\bin\server;C:\Users\HP\.gradle\native\68d5fa5c4cc2d200863cafc0d521ce42e7d3e7ee720ec0a83991735586a16f82\windows-amd64;C:\Users\HP\.gradle\native\e376f236ea51e6404a007f0833ffe2c6e607c4080706a723a18a27aeea778392\windows-amd64;C:\Users\HP\AppData\Local\Temp\native-platform11702888843907944794dir

VM Arguments:
jvm_args: -XX:MaxMetaspaceSize=512m --add-opens=java.base/java.util=ALL-UNNAMED --add-opens=java.base/java.lang=ALL-UNNAMED --add-opens=java.base/java.lang.invoke=ALL-UNNAMED --add-opens=java.prefs/java.util.prefs=ALL-UNNAMED --add-opens=java.base/java.nio.charset=ALL-UNNAMED --add-opens=java.base/java.net=ALL-UNNAMED --add-opens=java.base/java.util.concurrent.atomic=ALL-UNNAMED -Xmx2048m -Dfile.encoding=windows-1252 -Duser.country=ID -Duser.language=en -Duser.variant -javaagent:C:\Users\HP\.gradle\wrapper\dists\gradle-8.3-all\6en3ugtfdg5xnpx44z4qbwgas\gradle-8.3\lib\agents\gradle-instrumentation-agent-8.3.jar 
java_command: org.gradle.launcher.daemon.bootstrap.GradleDaemon 8.3
java_class_path (initial): C:\Users\HP\.gradle\wrapper\dists\gradle-8.3-all\6en3ugtfdg5xnpx44z4qbwgas\gradle-8.3\lib\gradle-launcher-8.3.jar
Launcher Type: SUN_STANDARD

[Global flags]
     intx CICompilerCount                          = 4                                         {product} {ergonomic}
   size_t CompressedClassSpaceSize                 = 436207616                                 {product} {ergonomic}
     uint ConcGCThreads                            = 3                                         {product} {ergonomic}
     uint G1ConcRefinementThreads                  = 10                                        {product} {ergonomic}
   size_t G1HeapRegionSize                         = 1048576                                   {product} {ergonomic}
    uintx GCDrainStackTargetSize                   = 64                                        {product} {ergonomic}
   size_t InitialHeapSize                          = 130023424                                 {product} {ergonomic}
   size_t MarkStackSize                            = 4194304                                   {product} {ergonomic}
   size_t MaxHeapSize                              = 2147483648                                {product} {command line}
   size_t MaxMetaspaceSize                         = 536870912                                 {product} {command line}
   size_t MaxNewSize                               = 1287651328                                {product} {ergonomic}
   size_t MinHeapDeltaBytes                        = 1048576                                   {product} {ergonomic}
   size_t MinHeapSize                              = 8388608                                   {product} {ergonomic}
    uintx NonNMethodCodeHeapSize                   = 5839372                                {pd product} {ergonomic}
    uintx NonProfiledCodeHeapSize                  = 122909434                              {pd product} {ergonomic}
    uintx ProfiledCodeHeapSize                     = 122909434                              {pd product} {ergonomic}
    uintx ReservedCodeCacheSize                    = 251658240                              {pd product} {ergonomic}
     bool SegmentedCodeCache                       = true                                      {product} {ergonomic}
   size_t SoftMaxHeapSize                          = 2147483648                             {manageable} {ergonomic}
     bool UseCompressedClassPointers               = true                           {product lp64_product} {ergonomic}
     bool UseCompressedOops                        = true                           {product lp64_product} {ergonomic}
     bool UseG1GC                                  = true                                      {product} {ergonomic}
     bool UseLargePagesIndividualAllocation        = false                                  {pd product} {ergonomic}

Logging:
Log output configuration:
 #0: stdout all=warning uptime,level,tags
 #1: stderr all=off uptime,level,tags

Environment Variables:
JAVA_HOME=C:\Program Files\Eclipse Adoptium\jdk-17.0.18.8-hotspot\
CLASSPATH=D:\my project\packing_frontend\android\\gradle\wrapper\gradle-wrapper.jar
PATH=C:\Program Files\PowerShell\7;c:\Users\HP\AppData\Roaming\Code\User\globalStorage\github.copilot-chat\debugCommand;c:\Users\HP\AppData\Roaming\Code\User\globalStorage\github.copilot-chat\copilotCli;D:\Borland\Delphi7\Bin;D:\Borland\Delphi7\Projects\Bpl\;C:\Program Files\Eclipse Adoptium\jdk-17.0.18.8-hotspot\bin;C:\windows\system32;C:\windows;C:\windows\System32\Wbem;C:\windows\System32\WindowsPowerShell\v1.0\;C:\windows\System32\OpenSSH\;C:\Program Files\dotnet\;C:\Program Files\nodejs\;C:\Program Files\Git\cmd;C:\WINDOWS\system32;C:\WINDOWS;C:\WINDOWS\System32\Wbem;C:\WINDOWS\System32\WindowsPowerShell\v1.0\;C:\WINDOWS\System32\OpenSSH\;C:\Program Files\PowerShell\7\;C:\Program Files\WireGuard\;C:\Users\HP\AppData\Local\Microsoft\WindowsApps;C:\Users\HP\.dotnet\tools;C:\Users\HP\AppData\Roaming\npm;C:\Users\HP\AppData\Local\Programs\Microsoft VS Code\bin;C:\Users\HP\AppData\Local\Android\Sdk\platform-tools;C:\Users\HP\AppData\Local\Android\Sdk\emulator;C:\Program Files (x86)\Developer Express Inc\Library\Delphi7;C:\development\flutter;
USERNAME=HP
LANG=en_US.UTF-8
OS=Windows_NT
PROCESSOR_IDENTIFIER=Intel64 Family 6 Model 186 Stepping 3, GenuineIntel
TMP=C:\Users\HP\AppData\Local\Temp
TEMP=C:\Users\HP\AppData\Local\Temp



Periodic native trim disabled


---------------  S Y S T E M  ---------------

OS:
 Windows 11 , 64 bit Build 26100 (10.0.26100.8737)
OS uptime: 0 days 6:09 hours
Hyper-V role detected

CPU: total 12 (initial active 12) (6 cores per cpu, 2 threads per core) family 6 model 186 stepping 3 microcode 0x4128, cx8, cmov, fxsr, ht, mmx, 3dnowpref, sse, sse2, sse3, ssse3, sse4.1, sse4.2, popcnt, lzcnt, tsc, tscinvbit, avx, avx2, aes, erms, clmul, bmi1, bmi2, adx, sha, fma, vzeroupper, clflush, clflushopt, clwb, hv
Processor Information for all 12 processors :
  Max Mhz: 1400, Current Mhz: 1400, Mhz Limit: 1400

Memory: 4k page, system-wide physical 7903M (27M free)
TotalPageFile size 24287M (AvailPageFile size 31M)
current process WorkingSet (physical memory assigned to process): 45M, peak: 819M
current process commit charge ("private bytes"): 932M, peak: 953M

vm_info: OpenJDK 64-Bit Server VM (17.0.18+8) for windows-amd64 JRE (17.0.18+8), built on Jan 20 2026 22:28:22 by "admin" with MS VC++ 17.12 (VS2022)

END.
