#
# There is insufficient memory for the Java Runtime Environment to continue.
# Native memory allocation (mmap) failed to map 1048576 bytes. Error detail: G1 virtual space
# Possible reasons:
#   The system is out of physical RAM or swap space
#   This process is running with CompressedOops enabled, and the Java Heap may be blocking the growth of the native heap
# Possible solutions:
#   Reduce memory load on the system
#   Increase physical memory or swap space
#   Check if swap backing store is full
#   Decrease Java heap size (-Xmx/-Xms)
#   Decrease number of Java threads
#   Decrease Java thread stack sizes (-Xss)
#   Set larger code cache with -XX:ReservedCodeCacheSize=
#   JVM is running with Unscaled Compressed Oops mode in which the Java heap is
#     placed in the first 4GB address space. The Java Heap base address is the
#     maximum limit for the native heap growth. Please use -XX:HeapBaseMinAddress
#     to set the Java Heap base and to place the Java Heap above 4GB virtual address.
# This output file may be truncated or incomplete.
#
#  Out of Memory Error (os_windows.cpp:3618), pid=18048, tid=10060
#
# JRE version: OpenJDK Runtime Environment Temurin-17.0.18+8 (17.0.18+8) (build 17.0.18+8)
# Java VM: OpenJDK 64-Bit Server VM Temurin-17.0.18+8 (17.0.18+8, mixed mode, sharing, tiered, compressed oops, compressed class ptrs, g1 gc, windows-amd64)
# No core dump will be written. Minidumps are not enabled by default on client versions of Windows
#

---------------  S U M M A R Y ------------

Command Line: -XX:MaxMetaspaceSize=512m --add-opens=java.base/java.util=ALL-UNNAMED --add-opens=java.base/java.lang=ALL-UNNAMED --add-opens=java.base/java.lang.invoke=ALL-UNNAMED --add-opens=java.prefs/java.util.prefs=ALL-UNNAMED --add-opens=java.base/java.nio.charset=ALL-UNNAMED --add-opens=java.base/java.net=ALL-UNNAMED --add-opens=java.base/java.util.concurrent.atomic=ALL-UNNAMED -Xmx2048m -Dfile.encoding=windows-1252 -Duser.country=ID -Duser.language=en -Duser.variant -javaagent:C:\Users\HP\.gradle\wrapper\dists\gradle-8.3-all\6en3ugtfdg5xnpx44z4qbwgas\gradle-8.3\lib\agents\gradle-instrumentation-agent-8.3.jar org.gradle.launcher.daemon.bootstrap.GradleDaemon 8.3

Host: Intel(R) Core(TM) 5 120U, 12 cores, 7G,  Windows 11 , 64 bit Build 26100 (10.0.26100.8875)
Time: Mon Jul 27 16:33:26 2026 SE Asia Standard Time elapsed time: 346.585914 seconds (0d 0h 5m 46s)

---------------  T H R E A D  ---------------

Current thread (0x000001c6776fc4b0):  JavaThread "Unconstrained build operations Thread 93" [_thread_in_vm, id=10060, stack(0x000000032f100000,0x000000032f200000)]

Stack: [0x000000032f100000,0x000000032f200000]
Native frames: (J=compiled Java code, j=interpreted, Vv=VM code, C=native code)
V  [jvm.dll+0x6846f9]
V  [jvm.dll+0x839ea5]
V  [jvm.dll+0x83b91e]
V  [jvm.dll+0x83bfa3]
V  [jvm.dll+0x248eff]
V  [jvm.dll+0x6814b9]
V  [jvm.dll+0x6762ba]
V  [jvm.dll+0x309257]
V  [jvm.dll+0x310826]
V  [jvm.dll+0x360a7e]
V  [jvm.dll+0x3610c4]
V  [jvm.dll+0x360c68]
V  [jvm.dll+0x2e07d4]
V  [jvm.dll+0x2dc9b5]
V  [jvm.dll+0x617403]
V  [jvm.dll+0x2119e5]
V  [jvm.dll+0x8052e1]
V  [jvm.dll+0x6e07c9]
C  0x000001c63cefe629

The last pc belongs to _new_array_nozero_Java (printed below).
Java frames: (J=compiled Java code, j=interpreted, Vv=VM code)
v  ~RuntimeStub::_new_array_nozero_Java
J 19328 c2 kotlin.io.ByteStreamsKt.copyTo(Ljava/io/InputStream;Ljava/io/OutputStream;I)J (60 bytes) @ 0x000001c63da13660 [0x000001c63da12a60+0x0000000000000c00]
J 19343 c2 com.android.tools.build.jetifier.processor.archive.Archive$Builder.extractFile(Ljava/util/zip/ZipInputStream;Ljava/nio/file/Path;Ljava/nio/file/attribute/FileTime;)Lcom/android/tools/build/jetifier/processor/archive/ArchiveFile; (39 bytes) @ 0x000001c63ded2228 [0x000001c63ded2060+0x00000000000001c8]
J 19359 c1 com.android.tools.build.jetifier.processor.archive.Archive$Builder.extractArchive(Ljava/io/InputStream;Ljava/nio/file/Path;ZLjava/nio/file/attribute/FileTime;)Lcom/android/tools/build/jetifier/processor/archive/Archive; (187 bytes) @ 0x000001c635a17b4c [0x000001c635a17100+0x0000000000000a4c]
j  com.android.tools.build.jetifier.processor.archive.Archive$Builder.extract(Ljava/io/File;Z)Lcom/android/tools/build/jetifier/processor/archive/Archive;+94
j  com.android.tools.build.jetifier.processor.archive.Archive$Builder.extract$default(Lcom/android/tools/build/jetifier/processor/archive/Archive$Builder;Ljava/io/File;ZILjava/lang/Object;)Lcom/android/tools/build/jetifier/processor/archive/Archive;+11
j  com.android.tools.build.jetifier.processor.Processor.loadLibraries(Ljava/lang/Iterable;)Ljava/util/Set;+98
j  com.android.tools.build.jetifier.processor.Processor.transform2(Ljava/util/Set;ZZ)Lcom/android/tools/build/jetifier/processor/TransformationResult;+372
j  com.android.build.gradle.internal.dependency.JetifyTransform.transform(Lorg/gradle/api/artifacts/transform/TransformOutputs;)V+373
j  org.gradle.api.internal.artifacts.transform.DefaultTransform.transform(Lorg/gradle/api/provider/Provider;Ljava/io/File;Lorg/gradle/api/internal/artifacts/transform/TransformDependencies;Lorg/gradle/work/InputChanges;)Lorg/gradle/api/internal/artifacts/transform/TransformExecutionResult;+42
j  org.gradle.api.internal.artifacts.transform.AbstractTransformExecution$2.call(Lorg/gradle/internal/operations/BuildOperationContext;)Lorg/gradle/api/internal/artifacts/transform/TransformExecutionResult;+53
J 19858 c1 org.gradle.api.internal.artifacts.transform.AbstractTransformExecution$2.call(Lorg/gradle/internal/operations/BuildOperationContext;)Ljava/lang/Object; (6 bytes) @ 0x000001c637875014 [0x000001c637874fc0+0x0000000000000054]
J 10629 c1 org.gradle.internal.operations.DefaultBuildOperationRunner$CallableBuildOperationWorker.execute(Lorg/gradle/internal/operations/BuildOperation;Lorg/gradle/internal/operations/BuildOperationContext;)V (10 bytes) @ 0x000001c636490ccc [0x000001c636490a60+0x000000000000026c]
J 8677 c1 org.gradle.internal.operations.DefaultBuildOperationRunner$2.execute(Lorg/gradle/internal/operations/BuildOperationDescriptor;Lorg/gradle/internal/operations/BuildOperationState;Lorg/gradle/internal/operations/BuildOperationState;Lorg/gradle/internal/operations/DefaultBuildOperationRunner$ReadableBuildOperationContext;Lorg/gradle/internal/operations/DefaultBuildOperationRunner$BuildOperationExecutionListener;)Lorg/gradle/internal/operations/BuildOperation; (110 bytes) @ 0x000001c6367a2b34 [0x000001c6367a2940+0x00000000000001f4]
J 8714 c1 org.gradle.internal.operations.DefaultBuildOperationRunner$2.execute(Lorg/gradle/internal/operations/BuildOperationDescriptor;Lorg/gradle/internal/operations/BuildOperationState;Lorg/gradle/internal/operations/BuildOperationState;Lorg/gradle/internal/operations/DefaultBuildOperationRunner$ReadableBuildOperationContext;Lorg/gradle/internal/operations/DefaultBuildOperationRunner$BuildOperationExecutionListener;)Ljava/lang/Object; (12 bytes) @ 0x000001c6367b44b4 [0x000001c6367b4440+0x0000000000000074]
J 20294 c1 org.gradle.internal.operations.DefaultBuildOperationRunner.execute(Lorg/gradle/internal/operations/BuildOperationDescriptor$Builder;Lorg/gradle/internal/operations/BuildOperationState;Lorg/gradle/internal/operations/DefaultBuildOperationRunner$BuildOperationExecution;)Ljava/lang/Object; (147 bytes) @ 0x000001c6367602c4 [0x000001c63675f700+0x0000000000000bc4]
J 12146 c2 org.gradle.internal.operations.DefaultBuildOperationRunner.execute(Lorg/gradle/internal/operations/BuildOperation;Lorg/gradle/internal/operations/BuildOperationWorker;Lorg/gradle/internal/operations/BuildOperationState;)V (23 bytes) @ 0x000001c63da318d8 [0x000001c63da31820+0x00000000000000b8]
J 10626 c1 org.gradle.internal.operations.DefaultBuildOperationRunner.call(Lorg/gradle/internal/operations/CallableBuildOperation;)Ljava/lang/Object; (24 bytes) @ 0x000001c636491ef4 [0x000001c636491a20+0x00000000000004d4]
J 20836 c1 org.gradle.api.internal.artifacts.transform.AbstractTransformExecution.executeWithinTransformerListener(Lorg/gradle/internal/execution/UnitOfWork$ExecutionRequest;)Lorg/gradle/internal/execution/UnitOfWork$WorkOutput; (32 bytes) @ 0x000001c6364895ac [0x000001c636489300+0x00000000000002ac]
J 19872 c1 org.gradle.api.internal.artifacts.transform.AbstractTransformExecution.execute(Lorg/gradle/internal/execution/UnitOfWork$ExecutionRequest;)Lorg/gradle/internal/execution/UnitOfWork$WorkOutput; (62 bytes) @ 0x000001c636a0946c [0x000001c636a093e0+0x000000000000008c]
j  org.gradle.internal.execution.steps.ExecuteStep.executeInternal(Lorg/gradle/internal/execution/UnitOfWork;Lorg/gradle/internal/execution/steps/InputChangesContext;)Lorg/gradle/internal/execution/steps/Result;+16
J 20703 c1 org.gradle.internal.execution.steps.ExecuteStep$1.call(Lorg/gradle/internal/operations/BuildOperationContext;)Ljava/lang/Object; (6 bytes) @ 0x000001c636a24864 [0x000001c636a24760+0x0000000000000104]
J 10629 c1 org.gradle.internal.operations.DefaultBuildOperationRunner$CallableBuildOperationWorker.execute(Lorg/gradle/internal/operations/BuildOperation;Lorg/gradle/internal/operations/BuildOperationContext;)V (10 bytes) @ 0x000001c636490ccc [0x000001c636490a60+0x000000000000026c]
J 8677 c1 org.gradle.internal.operations.DefaultBuildOperationRunner$2.execute(Lorg/gradle/internal/operations/BuildOperationDescriptor;Lorg/gradle/internal/operations/BuildOperationState;Lorg/gradle/internal/operations/BuildOperationState;Lorg/gradle/internal/operations/DefaultBuildOperationRunner$ReadableBuildOperationContext;Lorg/gradle/internal/operations/DefaultBuildOperationRunner$BuildOperationExecutionListener;)Lorg/gradle/internal/operations/BuildOperation; (110 bytes) @ 0x000001c6367a2b34 [0x000001c6367a2940+0x00000000000001f4]
J 8714 c1 org.gradle.internal.operations.DefaultBuildOperationRunner$2.execute(Lorg/gradle/internal/operations/BuildOperationDescriptor;Lorg/gradle/internal/operations/BuildOperationState;Lorg/gradle/internal/operations/BuildOperationState;Lorg/gradle/internal/operations/DefaultBuildOperationRunner$ReadableBuildOperationContext;Lorg/gradle/internal/operations/DefaultBuildOperationRunner$BuildOperationExecutionListener;)Ljava/lang/Object; (12 bytes) @ 0x000001c6367b44b4 [0x000001c6367b4440+0x0000000000000074]
J 20294 c1 org.gradle.internal.operations.DefaultBuildOperationRunner.execute(Lorg/gradle/internal/operations/BuildOperationDescriptor$Builder;Lorg/gradle/internal/operations/BuildOperationState;Lorg/gradle/internal/operations/DefaultBuildOperationRunner$BuildOperationExecution;)Ljava/lang/Object; (147 bytes) @ 0x000001c6367602c4 [0x000001c63675f700+0x0000000000000bc4]
J 12146 c2 org.gradle.internal.operations.DefaultBuildOperationRunner.execute(Lorg/gradle/internal/operations/BuildOperation;Lorg/gradle/internal/operations/BuildOperationWorker;Lorg/gradle/internal/operations/BuildOperationState;)V (23 bytes) @ 0x000001c63da318d8 [0x000001c63da31820+0x00000000000000b8]
J 10626 c1 org.gradle.internal.operations.DefaultBuildOperationRunner.call(Lorg/gradle/internal/operations/CallableBuildOperation;)Ljava/lang/Object; (24 bytes) @ 0x000001c636491ef4 [0x000001c636491a20+0x00000000000004d4]
J 20697 c1 org.gradle.internal.execution.steps.ExecuteStep.execute(Lorg/gradle/internal/execution/UnitOfWork;Lorg/gradle/internal/execution/steps/ChangingOutputsContext;)Lorg/gradle/internal/execution/steps/Result; (37 bytes) @ 0x000001c637a7090c [0x000001c637a70500+0x000000000000040c]
J 20696 c1 org.gradle.internal.execution.steps.ExecuteStep.execute(Lorg/gradle/internal/execution/UnitOfWork;Lorg/gradle/internal/execution/steps/Context;)Lorg/gradle/internal/execution/steps/Result; (10 bytes) @ 0x000001c6379e0234 [0x000001c6379e00c0+0x0000000000000174]
J 20695 c1 org.gradle.internal.execution.steps.RemovePreviousOutputsStep.execute(Lorg/gradle/internal/execution/UnitOfWork;Lorg/gradle/internal/execution/steps/ChangingOutputsContext;)Lorg/gradle/internal/execution/steps/Result; (63 bytes) @ 0x000001c637a7208c [0x000001c637a712e0+0x0000000000000dac]
J 20694 c1 org.gradle.internal.execution.steps.RemovePreviousOutputsStep.execute(Lorg/gradle/internal/execution/UnitOfWork;Lorg/gradle/internal/execution/steps/Context;)Lorg/gradle/internal/execution/steps/Result; (10 bytes) @ 0x000001c6379e09b4 [0x000001c6379e0840+0x0000000000000174]
J 19805 c1 org.gradle.internal.execution.steps.CancelExecutionStep.execute(Lorg/gradle/internal/execution/UnitOfWork;Lorg/gradle/internal/execution/steps/Context;)Lorg/gradle/internal/execution/steps/Result; (168 bytes) @ 0x000001c635b6cca4 [0x000001c635b6cb40+0x0000000000000164]
J 19803 c1 org.gradle.internal.execution.steps.TimeoutStep.execute(Lorg/gradle/internal/execution/UnitOfWork;Lorg/gradle/internal/execution/steps/Context;)Lorg/gradle/internal/execution/steps/Result; (96 bytes) @ 0x000001c635d94ccc [0x000001c635d949a0+0x000000000000032c]
J 20692 c1 org.gradle.internal.execution.steps.CreateOutputsStep.execute(Lorg/gradle/internal/execution/UnitOfWork;Lorg/gradle/internal/execution/steps/ChangingOutputsContext;)Lorg/gradle/internal/execution/steps/Result; (30 bytes) @ 0x000001c63787aecc [0x000001c63787ab60+0x000000000000036c]
J 20690 c1 org.gradle.internal.execution.steps.CreateOutputsStep.execute(Lorg/gradle/internal/execution/UnitOfWork;Lorg/gradle/internal/execution/steps/Context;)Lorg/gradle/internal/execution/steps/Result; (10 bytes) @ 0x000001c6378037b4 [0x000001c637803640+0x0000000000000174]
J 20710 c1 org.gradle.internal.execution.steps.CaptureStateAfterExecutionStep.executeDelegateBroadcastingChanges(Lorg/gradle/internal/execution/UnitOfWork;Lorg/gradle/internal/execution/steps/InputChangesContext;)Lorg/gradle/internal/execution/steps/Result; (90 bytes) @ 0x000001c6378c981c [0x000001c6378c86c0+0x000000000000115c]
J 20709 c1 org.gradle.internal.execution.steps.CaptureStateAfterExecutionStep.execute(Lorg/gradle/internal/execution/UnitOfWork;Lorg/gradle/internal/execution/steps/InputChangesContext;)Lorg/gradle/internal/execution/steps/AfterExecutionResult; (43 bytes) @ 0x000001c636a27cbc [0x000001c636a27c20+0x000000000000009c]
J 20708 c1 org.gradle.internal.execution.steps.CaptureStateAfterExecutionStep.execute(Lorg/gradle/internal/execution/UnitOfWork;Lorg/gradle/internal/execution/steps/Context;)Lorg/gradle/internal/execution/steps/Result; (10 bytes) @ 0x000001c636a22634 [0x000001c636a224c0+0x0000000000000174]
J 19870 c1 org.gradle.internal.execution.steps.ResolveInputChangesStep.execute(Lorg/gradle/internal/execution/UnitOfWork;Lorg/gradle/internal/execution/steps/IncrementalChangesContext;)Lorg/gradle/internal/execution/steps/Result; (24 bytes) @ 0x000001c63740919c [0x000001c637408e80+0x000000000000031c]
J 20717 c1 org.gradle.internal.execution.steps.ResolveInputChangesStep.execute(Lorg/gradle/internal/execution/UnitOfWork;Lorg/gradle/internal/execution/steps/Context;)Lorg/gradle/internal/execution/steps/Result; (10 bytes) @ 0x000001c6378960b4 [0x000001c637895f40+0x0000000000000174]
J 20715 c1 org.gradle.internal.execution.steps.BuildCacheStep$$Lambda$1578+0x000001c64e940ad0.apply(Ljava/lang/Object;)Ljava/lang/Object; (20 bytes) @ 0x000001c637896b6c [0x000001c6378968e0+0x000000000000028c]
J 20706 c1 org.gradle.internal.execution.steps.BuildCacheStep.execute(Lorg/gradle/internal/execution/UnitOfWork;Lorg/gradle/internal/execution/steps/IncrementalChangesContext;)Lorg/gradle/internal/execution/steps/AfterExecutionResult; (27 bytes) @ 0x000001c636a2365c [0x000001c636a22b20+0x0000000000000b3c]
J 20705 c1 org.gradle.internal.execution.steps.BuildCacheStep.execute(Lorg/gradle/internal/execution/UnitOfWork;Lorg/gradle/internal/execution/steps/Context;)Lorg/gradle/internal/execution/steps/Result; (10 bytes) @ 0x000001c636a243b4 [0x000001c636a24240+0x0000000000000174]
J 19868 c1 org.gradle.internal.execution.steps.StoreExecutionStateStep.execute(Lorg/gradle/internal/execution/UnitOfWork;Lorg/gradle/internal/execution/steps/Context;)Lorg/gradle/internal/execution/steps/Result; (10 bytes) @ 0x000001c636a099ac [0x000001c636a09900+0x00000000000000ac]
J 19817 c1 org.gradle.internal.execution.steps.RecordOutputsStep.execute(Lorg/gradle/internal/execution/UnitOfWork;Lorg/gradle/internal/execution/steps/Context;)Lorg/gradle/internal/execution/steps/Result; (7 bytes) @ 0x000001c63741abd4 [0x000001c63741ab60+0x0000000000000074]
J 20720 c1 org.gradle.internal.execution.steps.SkipUpToDateStep.executeBecause(Lorg/gradle/internal/execution/UnitOfWork;Lcom/google/common/collect/ImmutableList;Lorg/gradle/internal/execution/steps/IncrementalChangesContext;)Lorg/gradle/internal/execution/steps/UpToDateResult; (61 bytes) @ 0x000001c6377e0c0c [0x000001c6377e0aa0+0x000000000000016c]
J 19816 c1 org.gradle.internal.execution.steps.SkipUpToDateStep$$Lambda$634+0x000001c64e52fb00.get()Ljava/lang/Object; (20 bytes) @ 0x000001c637018d2c [0x000001c637018cc0+0x000000000000006c]
J 19204 c2 java.util.Optional.orElseGet(Ljava/util/function/Supplier;)Ljava/lang/Object; java.base@17.0.18 (21 bytes) @ 0x000001c63d5dae6c [0x000001c63d5dae20+0x000000000000004c]
j  org.gradle.internal.execution.steps.SkipUpToDateStep.execute(Lorg/gradle/internal/execution/UnitOfWork;Lorg/gradle/internal/execution/steps/IncrementalChangesContext;)Lorg/gradle/internal/execution/steps/UpToDateResult;+65
J 20629 c1 org.gradle.internal.execution.steps.SkipUpToDateStep.execute(Lorg/gradle/internal/execution/UnitOfWork;Lorg/gradle/internal/execution/steps/Context;)Lorg/gradle/internal/execution/steps/Result; (10 bytes) @ 0x000001c6377e5cb4 [0x000001c6377e5b40+0x0000000000000174]
J 20611 c1 org.gradle.internal.execution.steps.ResolveChangesStep.execute(Lorg/gradle/internal/execution/UnitOfWork;Lorg/gradle/internal/execution/steps/CachingContext;)Lorg/gradle/internal/execution/steps/Result; (49 bytes) @ 0x000001c637413384 [0x000001c6374119a0+0x00000000000019e4]
J 20610 c1 org.gradle.internal.execution.steps.ResolveChangesStep.execute(Lorg/gradle/internal/execution/UnitOfWork;Lorg/gradle/internal/execution/steps/Context;)Lorg/gradle/internal/execution/steps/Result; (10 bytes) @ 0x000001c636320cb4 [0x000001c636320b40+0x0000000000000174]
J 20657 c1 org.gradle.internal.execution.steps.legacy.MarkSnapshottingInputsFinishedStep.execute(Lorg/gradle/internal/execution/UnitOfWork;Lorg/gradle/internal/execution/steps/Context;)Lorg/gradle/internal/execution/steps/Result; (10 bytes) @ 0x000001c6377f3a1c [0x000001c6377f3660+0x00000000000003bc]
J 20654 c1 org.gradle.internal.execution.steps.ResolveCachingStateStep.execute(Lorg/gradle/internal/execution/UnitOfWork;Lorg/gradle/internal/execution/steps/ValidationFinishedContext;)Lorg/gradle/internal/execution/steps/CachingResult; (124 bytes) @ 0x000001c63659fb74 [0x000001c63659dac0+0x00000000000020b4]
J 20653 c1 org.gradle.internal.execution.steps.ResolveCachingStateStep.execute(Lorg/gradle/internal/execution/UnitOfWork;Lorg/gradle/internal/execution/steps/Context;)Lorg/gradle/internal/execution/steps/Result; (10 bytes) @ 0x000001c6377f53b4 [0x000001c6377f5240+0x0000000000000174]
J 20596 c1 org.gradle.internal.execution.steps.ValidateStep.execute(Lorg/gradle/internal/execution/UnitOfWork;Lorg/gradle/internal/execution/steps/BeforeExecutionContext;)Lorg/gradle/internal/execution/steps/Result; (197 bytes) @ 0x000001c63783a97c [0x000001c6378375a0+0x00000000000033dc]
J 20609 c1 org.gradle.internal.execution.steps.ValidateStep.execute(Lorg/gradle/internal/execution/UnitOfWork;Lorg/gradle/internal/execution/steps/Context;)Lorg/gradle/internal/execution/steps/Result; (10 bytes) @ 0x000001c6363211b4 [0x000001c636321040+0x0000000000000174]
j  org.gradle.internal.execution.steps.CaptureStateBeforeExecutionStep.execute(Lorg/gradle/internal/execution/UnitOfWork;Lorg/gradle/internal/execution/steps/PreviousExecutionContext;)Lorg/gradle/internal/execution/steps/CachingResult;+37
j  org.gradle.internal.execution.steps.CaptureStateBeforeExecutionStep.execute(Lorg/gradle/internal/execution/UnitOfWork;Lorg/gradle/internal/execution/steps/Context;)Lorg/gradle/internal/execution/steps/Result;+6
J 20602 c1 org.gradle.internal.execution.steps.SkipEmptyWorkStep.execute(Lorg/gradle/internal/execution/UnitOfWork;Lorg/gradle/internal/execution/steps/PreviousExecutionContext;)Lorg/gradle/internal/execution/steps/CachingResult; (87 bytes) @ 0x000001c63677269c [0x000001c6367713a0+0x00000000000012fc]
J 20601 c1 org.gradle.internal.execution.steps.SkipEmptyWorkStep.execute(Lorg/gradle/internal/execution/UnitOfWork;Lorg/gradle/internal/execution/steps/Context;)Lorg/gradle/internal/execution/steps/Result; (10 bytes) @ 0x000001c637a744b4 [0x000001c637a74340+0x0000000000000174]
J 20583 c1 org.gradle.internal.execution.steps.RemoveUntrackedExecutionStateStep.execute(Lorg/gradle/internal/execution/UnitOfWork;Lorg/gradle/internal/execution/steps/Context;)Lorg/gradle/internal/execution/steps/Result; (10 bytes) @ 0x000001c635c07bdc [0x000001c635c07980+0x000000000000025c]
J 20606 c1 org.gradle.internal.execution.steps.legacy.MarkSnapshottingInputsStartedStep.execute(Lorg/gradle/internal/execution/UnitOfWork;Lorg/gradle/internal/execution/steps/Context;)Lorg/gradle/internal/execution/steps/Result; (37 bytes) @ 0x000001c636321734 [0x000001c636321560+0x00000000000001d4]
J 20579 c1 org.gradle.internal.execution.steps.LoadPreviousExecutionStateStep.execute(Lorg/gradle/internal/execution/UnitOfWork;Lorg/gradle/internal/execution/steps/WorkspaceContext;)Lorg/gradle/internal/execution/steps/Result; (48 bytes) @ 0x000001c6359ad714 [0x000001c6359acba0+0x0000000000000b74]
J 20578 c1 org.gradle.internal.execution.steps.LoadPreviousExecutionStateStep.execute(Lorg/gradle/internal/execution/UnitOfWork;Lorg/gradle/internal/execution/steps/Context;)Lorg/gradle/internal/execution/steps/Result; (10 bytes) @ 0x000001c6376f6d34 [0x000001c6376f6bc0+0x0000000000000174]
J 20599 c1 org.gradle.internal.execution.steps.CleanupStaleOutputsStep.execute(Lorg/gradle/internal/execution/UnitOfWork;Lorg/gradle/internal/execution/steps/Context;)Lorg/gradle/internal/execution/steps/Result; (10 bytes) @ 0x000001c637a74bfc [0x000001c637a74880+0x000000000000037c]
j  org.gradle.internal.execution.steps.ExecuteWorkBuildOperationFiringStep.lambda$execute$0(Lorg/gradle/internal/execution/UnitOfWork;Lorg/gradle/internal/execution/steps/IdentityContext;Lorg/gradle/internal/operations/BuildOperationContext;)Lorg/gradle/internal/execution/steps/CachingResult;+6
J 20815 c1 org.gradle.internal.execution.steps.ExecuteWorkBuildOperationFiringStep$$Lambda$2243+0x000001c64ef88660.apply(Ljava/lang/Object;)Ljava/lang/Object; (20 bytes) @ 0x000001c63789d7dc [0x000001c63789d640+0x000000000000019c]
J 20766 c2 org.gradle.internal.execution.steps.BuildOperationStep$1.call(Lorg/gradle/internal/operations/BuildOperationContext;)Ljava/lang/Object; (11 bytes) @ 0x000001c63e061364 [0x000001c63e061320+0x0000000000000044]
J 10629 c1 org.gradle.internal.operations.DefaultBuildOperationRunner$CallableBuildOperationWorker.execute(Lorg/gradle/internal/operations/BuildOperation;Lorg/gradle/internal/operations/BuildOperationContext;)V (10 bytes) @ 0x000001c636490ccc [0x000001c636490a60+0x000000000000026c]
J 8677 c1 org.gradle.internal.operations.DefaultBuildOperationRunner$2.execute(Lorg/gradle/internal/operations/BuildOperationDescriptor;Lorg/gradle/internal/operations/BuildOperationState;Lorg/gradle/internal/operations/BuildOperationState;Lorg/gradle/internal/operations/DefaultBuildOperationRunner$ReadableBuildOperationContext;Lorg/gradle/internal/operations/DefaultBuildOperationRunner$BuildOperationExecutionListener;)Lorg/gradle/internal/operations/BuildOperation; (110 bytes) @ 0x000001c6367a2b34 [0x000001c6367a2940+0x00000000000001f4]
J 8714 c1 org.gradle.internal.operations.DefaultBuildOperationRunner$2.execute(Lorg/gradle/internal/operations/BuildOperationDescriptor;Lorg/gradle/internal/operations/BuildOperationState;Lorg/gradle/internal/operations/BuildOperationState;Lorg/gradle/internal/operations/DefaultBuildOperationRunner$ReadableBuildOperationContext;Lorg/gradle/internal/operations/DefaultBuildOperationRunner$BuildOperationExecutionListener;)Ljava/lang/Object; (12 bytes) @ 0x000001c6367b44b4 [0x000001c6367b4440+0x0000000000000074]
J 20294 c1 org.gradle.internal.operations.DefaultBuildOperationRunner.execute(Lorg/gradle/internal/operations/BuildOperationDescriptor$Builder;Lorg/gradle/internal/operations/BuildOperationState;Lorg/gradle/internal/operations/DefaultBuildOperationRunner$BuildOperationExecution;)Ljava/lang/Object; (147 bytes) @ 0x000001c6367602c4 [0x000001c63675f700+0x0000000000000bc4]
J 12146 c2 org.gradle.internal.operations.DefaultBuildOperationRunner.execute(Lorg/gradle/internal/operations/BuildOperation;Lorg/gradle/internal/operations/BuildOperationWorker;Lorg/gradle/internal/operations/BuildOperationState;)V (23 bytes) @ 0x000001c63da318d8 [0x000001c63da31820+0x00000000000000b8]
J 10626 c1 org.gradle.internal.operations.DefaultBuildOperationRunner.call(Lorg/gradle/internal/operations/CallableBuildOperation;)Ljava/lang/Object; (24 bytes) @ 0x000001c636491ef4 [0x000001c636491a20+0x00000000000004d4]
J 20767 c1 org.gradle.internal.execution.steps.BuildOperationStep.operation(Ljava/util/function/Function;Lorg/gradle/internal/operations/BuildOperationDescriptor$Builder;)Ljava/lang/Object; (20 bytes) @ 0x000001c6378b5ab4 [0x000001c6378b57e0+0x00000000000002d4]
J 20809 c1 org.gradle.internal.execution.steps.ExecuteWorkBuildOperationFiringStep.lambda$execute$1(Lorg/gradle/internal/execution/UnitOfWork;Lorg/gradle/internal/execution/steps/IdentityContext;Ljava/lang/String;)Lorg/gradle/internal/execution/steps/CachingResult; (41 bytes) @ 0x000001c63789eb44 [0x000001c63789e0a0+0x0000000000000aa4]
J 20834 c1 org.gradle.internal.execution.steps.ExecuteWorkBuildOperationFiringStep$$Lambda$923+0x000001c64e699028.apply(Ljava/lang/Object;)Ljava/lang/Object; (20 bytes) @ 0x000001c63648a83c [0x000001c63648a6c0+0x000000000000017c]
J 20605 c1 org.gradle.internal.execution.steps.ExecuteWorkBuildOperationFiringStep.execute(Lorg/gradle/internal/execution/UnitOfWork;Lorg/gradle/internal/execution/steps/Context;)Lorg/gradle/internal/execution/steps/Result; (10 bytes) @ 0x000001c6377ee084 [0x000001c6377ed7c0+0x00000000000008c4]
J 20575 c1 org.gradle.internal.execution.steps.AssignWorkspaceStep.lambda$execute$0(Lorg/gradle/internal/execution/UnitOfWork;Lorg/gradle/internal/execution/steps/IdentityContext;Ljava/io/File;Lorg/gradle/internal/execution/history/ExecutionHistoryStore;)Lorg/gradle/internal/execution/steps/Result; (22 bytes) @ 0x000001c637949c2c [0x000001c6379499e0+0x000000000000024c]
J 20574 c1 org.gradle.internal.execution.steps.AssignWorkspaceStep$$Lambda$595+0x000001c64e5179e0.executeInWorkspace(Ljava/io/File;Lorg/gradle/internal/execution/history/ExecutionHistoryStore;)Ljava/lang/Object; (18 bytes) @ 0x000001c63788fd4c [0x000001c63788fcc0+0x000000000000008c]
J 20780 c1 org.gradle.internal.execution.workspace.impl.DefaultImmutableWorkspaceProvider.lambda$withWorkspace$3(Ljava/lang/String;Lorg/gradle/internal/execution/workspace/WorkspaceProvider$WorkspaceAction;)Ljava/lang/Object; (33 bytes) @ 0x000001c63790cbfc [0x000001c63790ca60+0x000000000000019c]
J 20779 c1 org.gradle.internal.execution.workspace.impl.DefaultImmutableWorkspaceProvider$$Lambda$596+0x000001c64e517c00.create()Ljava/lang/Object; (16 bytes) @ 0x000001c63790d0c4 [0x000001c63790d040+0x0000000000000084]
J 5930 c1 org.gradle.cache.internal.LockOnDemandCrossProcessCacheAccess.withFileLock(Lorg/gradle/internal/Factory;)Ljava/lang/Object; (24 bytes) @ 0x000001c635a0899c [0x000001c635a08860+0x000000000000013c]
J 20783 c1 org.gradle.cache.internal.DefaultCacheFactory$ReferenceTrackingCache.withFileLock(Lorg/gradle/internal/Factory;)Ljava/lang/Object; (14 bytes) @ 0x000001c63779f7bc [0x000001c63779f560+0x000000000000025c]
J 20776 c1 org.gradle.internal.execution.workspace.impl.DefaultImmutableWorkspaceProvider.withWorkspace(Ljava/lang/String;Lorg/gradle/internal/execution/workspace/WorkspaceProvider$WorkspaceAction;)Ljava/lang/Object; (18 bytes) @ 0x000001c637876d5c [0x000001c637876820+0x000000000000053c]
J 20572 c1 org.gradle.internal.execution.steps.AssignWorkspaceStep.execute(Lorg/gradle/internal/execution/UnitOfWork;Lorg/gradle/internal/execution/steps/IdentityContext;)Lorg/gradle/internal/execution/steps/Result; (32 bytes) @ 0x000001c637974b6c [0x000001c6379743e0+0x000000000000078c]
J 20576 c1 org.gradle.internal.execution.steps.AssignWorkspaceStep.execute(Lorg/gradle/internal/execution/UnitOfWork;Lorg/gradle/internal/execution/steps/Context;)Lorg/gradle/internal/execution/steps/Result; (10 bytes) @ 0x000001c6376f7234 [0x000001c6376f70c0+0x0000000000000174]
J 19847 c1 org.gradle.internal.execution.steps.IdentityCacheStep$$Lambda$2230+0x000001c64ef87000.get()Ljava/lang/Object; (16 bytes) @ 0x000001c6363f51dc [0x000001c6363f5160+0x000000000000007c]
J 10651 c1 org.gradle.cache.Cache$$Lambda$74+0x000001c64e0efd90.apply(Ljava/lang/Object;)Ljava/lang/Object; (9 bytes) @ 0x000001c635da50fc [0x000001c635da4fc0+0x000000000000013c]
J 20985 c1 java.util.concurrent.ConcurrentHashMap.computeIfAbsent(Ljava/lang/Object;Ljava/util/function/Function;)Ljava/lang/Object; java.base@17.0.18 (576 bytes) @ 0x000001c6378ab92c [0x000001c6378aaa40+0x0000000000000eec]
J 19985 c1 org.gradle.cache.internal.DefaultCrossBuildInMemoryCacheFactory$CrossBuildCacheRetainingDataFromPreviousBuild.get(Ljava/lang/Object;Ljava/util/function/Function;)Ljava/lang/Object; (18 bytes) @ 0x000001c636613d5c [0x000001c636613ce0+0x000000000000007c]
J 17817 c1 org.gradle.cache.Cache.get(Ljava/lang/Object;Ljava/util/function/Supplier;)Ljava/lang/Object; (14 bytes) @ 0x000001c6377b5b1c [0x000001c6377b5a40+0x00000000000000dc]
J 19576 c1 org.gradle.internal.execution.steps.IdentityCacheStep.lambda$executeDeferred$1(Lorg/gradle/cache/Cache;Lorg/gradle/internal/execution/UnitOfWork$Identity;Lorg/gradle/internal/execution/UnitOfWork;Lorg/gradle/internal/execution/steps/IdentityContext;)Lorg/gradle/internal/Try; (20 bytes) @ 0x000001c63656f3ac [0x000001c63656f260+0x000000000000014c]
J 19992 c1 org.gradle.internal.execution.steps.IdentityCacheStep$$Lambda$2144+0x000001c64ef750a0.get()Ljava/lang/Object; (24 bytes) @ 0x000001c6377b50b4 [0x000001c6377b5040+0x0000000000000074]
J 19578 c1 org.gradle.internal.Deferrable$3.completeAndGet()Ljava/lang/Object; (46 bytes) @ 0x000001c6365222f4 [0x000001c636522240+0x00000000000000b4]
J 18836 c1 org.gradle.internal.Deferrable$1.completeAndGet()Ljava/lang/Object; (18 bytes) @ 0x000001c6379d1d4c [0x000001c6379d1ce0+0x000000000000006c]
J 18836 c1 org.gradle.internal.Deferrable$1.completeAndGet()Ljava/lang/Object; (18 bytes) @ 0x000001c6379d1d4c [0x000001c6379d1ce0+0x000000000000006c]
J 20858 c1 org.gradle.internal.Deferrable$$Lambda$2219+0x000001c64ef826e0.get()Ljava/lang/Object; (14 bytes) @ 0x000001c637854b9c [0x000001c637854980+0x000000000000021c]
J 19578 c1 org.gradle.internal.Deferrable$3.completeAndGet()Ljava/lang/Object; (46 bytes) @ 0x000001c6365222f4 [0x000001c636522240+0x00000000000000b4]
J 20858 c1 org.gradle.internal.Deferrable$$Lambda$2219+0x000001c64ef826e0.get()Ljava/lang/Object; (14 bytes) @ 0x000001c637854b9c [0x000001c637854980+0x000000000000021c]
J 19578 c1 org.gradle.internal.Deferrable$3.completeAndGet()Ljava/lang/Object; (46 bytes) @ 0x000001c6365222f4 [0x000001c636522240+0x00000000000000b4]
J 20225 c2 org.gradle.api.internal.artifacts.transform.TransformingAsyncArtifactListener$TransformedArtifact.finalizeValue()Lorg/gradle/internal/Try; (168 bytes) @ 0x000001c63df8dbec [0x000001c63df8d800+0x00000000000003ec]
J 20509 c1 org.gradle.api.internal.artifacts.transform.TransformingAsyncArtifactListener$TransformedArtifact.run(Lorg/gradle/internal/operations/BuildOperationContext;)V (6 bytes) @ 0x000001c637282f34 [0x000001c637282ec0+0x0000000000000074]
J 14118 c1 org.gradle.internal.operations.DefaultBuildOperationExecutor$$Lambda$802+0x000001c64e5ccfd0.execute(Lorg/gradle/internal/operations/BuildOperation;Lorg/gradle/internal/operations/BuildOperationContext;)V (11 bytes) @ 0x000001c6372409d4 [0x000001c6372407c0+0x0000000000000214]
J 8677 c1 org.gradle.internal.operations.DefaultBuildOperationRunner$2.execute(Lorg/gradle/internal/operations/BuildOperationDescriptor;Lorg/gradle/internal/operations/BuildOperationState;Lorg/gradle/internal/operations/BuildOperationState;Lorg/gradle/internal/operations/DefaultBuildOperationRunner$ReadableBuildOperationContext;Lorg/gradle/internal/operations/DefaultBuildOperationRunner$BuildOperationExecutionListener;)Lorg/gradle/internal/operations/BuildOperation; (110 bytes) @ 0x000001c6367a2b34 [0x000001c6367a2940+0x00000000000001f4]
J 8714 c1 org.gradle.internal.operations.DefaultBuildOperationRunner$2.execute(Lorg/gradle/internal/operations/BuildOperationDescriptor;Lorg/gradle/internal/operations/BuildOperationState;Lorg/gradle/internal/operations/BuildOperationState;Lorg/gradle/internal/operations/DefaultBuildOperationRunner$ReadableBuildOperationContext;Lorg/gradle/internal/operations/DefaultBuildOperationRunner$BuildOperationExecutionListener;)Ljava/lang/Object; (12 bytes) @ 0x000001c6367b44b4 [0x000001c6367b4440+0x0000000000000074]
J 20294 c1 org.gradle.internal.operations.DefaultBuildOperationRunner.execute(Lorg/gradle/internal/operations/BuildOperationDescriptor$Builder;Lorg/gradle/internal/operations/BuildOperationState;Lorg/gradle/internal/operations/DefaultBuildOperationRunner$BuildOperationExecution;)Ljava/lang/Object; (147 bytes) @ 0x000001c6367602c4 [0x000001c63675f700+0x0000000000000bc4]
J 12146 c2 org.gradle.internal.operations.DefaultBuildOperationRunner.execute(Lorg/gradle/internal/operations/BuildOperation;Lorg/gradle/internal/operations/BuildOperationWorker;Lorg/gradle/internal/operations/BuildOperationState;)V (23 bytes) @ 0x000001c63da318d8 [0x000001c63da31820+0x00000000000000b8]
J 12897 c1 org.gradle.internal.operations.DefaultBuildOperationQueue$WorkerRunnable.runOperation(Lorg/gradle/internal/operations/BuildOperation;)V (26 bytes) @ 0x000001c636f5f5d4 [0x000001c636f5f400+0x00000000000001d4]
j  org.gradle.internal.operations.DefaultBuildOperationQueue$WorkerRunnable.doRunBatch(Lorg/gradle/internal/operations/BuildOperation;)I+28
j  org.gradle.internal.operations.DefaultBuildOperationQueue$WorkerRunnable.lambda$runBatch$0(Lorg/gradle/internal/operations/BuildOperation;)Ljava/lang/Integer;+2
j  org.gradle.internal.operations.DefaultBuildOperationQueue$WorkerRunnable$$Lambda$804+0x000001c64e5cdcb8.create()Ljava/lang/Object;+8
j  org.gradle.internal.resources.AbstractResourceLockRegistry.whileDisallowingLockChanges(Lorg/gradle/internal/Factory;)Ljava/lang/Object;+17
j  org.gradle.internal.work.DefaultWorkerLeaseService.whileDisallowingProjectLockChanges(Lorg/gradle/internal/Factory;)Ljava/lang/Object;+14
j  org.gradle.internal.operations.DefaultBuildOperationQueue$WorkerRunnable.lambda$runBatch$1(Lorg/gradle/internal/operations/BuildOperation;)Ljava/lang/Integer;+33
j  org.gradle.internal.operations.DefaultBuildOperationQueue$WorkerRunnable$$Lambda$803+0x000001c64e5cda98.create()Ljava/lang/Object;+8
j  org.gradle.internal.work.DefaultWorkerLeaseService.withLocks(Ljava/util/Collection;Lorg/gradle/internal/Factory;)Ljava/lang/Object;+28
j  org.gradle.internal.work.DefaultWorkerLeaseService.runAsWorkerThread(Lorg/gradle/internal/Factory;)Ljava/lang/Object;+33
J 20076 c1 org.gradle.internal.operations.DefaultBuildOperationQueue$WorkerRunnable.run()V (48 bytes) @ 0x000001c636f50c94 [0x000001c636f50740+0x0000000000000554]
J 14120 c2 org.gradle.internal.concurrent.ExecutorPolicy$CatchAndRecordFailures.onExecute(Ljava/lang/Runnable;)V (29 bytes) @ 0x000001c63db5f788 [0x000001c63db5f740+0x0000000000000048]
J 8730 c1 org.gradle.internal.concurrent.AbstractManagedExecutor$1.run()V (57 bytes) @ 0x000001c6367b86bc [0x000001c6367b8500+0x00000000000001bc]
j  java.util.concurrent.ThreadPoolExecutor.runWorker(Ljava/util/concurrent/ThreadPoolExecutor$Worker;)V+92 java.base@17.0.18
j  java.util.concurrent.ThreadPoolExecutor$Worker.run()V+5 java.base@17.0.18
j  java.lang.Thread.run()V+11 java.base@17.0.18
v  ~StubRoutines::call_stub
--------------------------------------------------------------------------------
Decoding CodeBlob, name: _new_array_nozero_Java, at  [0x000001c63cefe600, 0x000001c63cefe668]  104 bytes
[MachCode]
  0x000001c63cefe600: 4881 ec28 | 0000 0048 | 896c 2420 | 4989 a798 | 0200 0048 | 8bca 418b | d04d 8bc7 | 49ba 8007 
  0x000001c63cefe620: f5c1 f97f | 0000 41ff | d24d 89a7 | 9802 0000 | 4d89 a7a0 | 0200 0049 | 8b87 f002 | 0000 4d89 
  0x000001c63cefe640: a7f0 0200 | 004d 3b67 | 0875 0648 | 83c4 205d | c333 db49 | ba00 0fe0 | 3cc6 0100 | 0048 83c4 
  0x000001c63cefe660: 205d 41ff | e2f4 f4f4 
[/MachCode]
--------------------------------------------------------------------------------


Compiled method (c2) 348964 19328       4       kotlin.io.ByteStreamsKt::copyTo (60 bytes)
 total in heap  [0x000001c63da12810,0x000001c63da14ba8] = 9112
 relocation     [0x000001c63da12970,0x000001c63da12a58] = 232
 main code      [0x000001c63da12a60,0x000001c63da13d80] = 4896
 stub code      [0x000001c63da13d80,0x000001c63da13e10] = 144
 oops           [0x000001c63da13e10,0x000001c63da13e28] = 24
 metadata       [0x000001c63da13e28,0x000001c63da13ee8] = 192
 scopes data    [0x000001c63da13ee8,0x000001c63da146e8] = 2048
 scopes pcs     [0x000001c63da146e8,0x000001c63da14a38] = 848
 dependencies   [0x000001c63da14a38,0x000001c63da14a58] = 32
 handler table  [0x000001c63da14a58,0x000001c63da14b48] = 240
 nul chk table  [0x000001c63da14b48,0x000001c63da14ba8] = 96

[Constant Pool (empty)]

[MachCode]
[Verified Entry Point]
  # {method} {0x000001c674d35e90} 'copyTo' '(Ljava/io/InputStream;Ljava/io/OutputStream;I)J' in 'kotlin/io/ByteStreamsKt'
  # parm0:    rdx:rdx   = 'java/io/InputStream'
  # parm1:    r8:r8     = 'java/io/OutputStream'
  # parm2:    r9        = int
  #           [sp+0xd0]  (sp of caller)
  0x000001c63da12a60: 8984 2400 | 90ff ff55 | 4881 ecc0 | 0000 004c | 8bda 8b6a | 084d 8bd0 

  0x000001c63da12a78: ; implicit exception: dispatches to 0x000001c63da13be0
  0x000001c63da12a78: 418b 5008 | 418b f141 | 81f9 0000 | 1000 0f87 | ec0d 0000 | 4963 c941 | 81f9 0000 | 1000 0f87 
  0x000001c63da12a98: 950a 0000 | 498b 9f08 | 0100 0048 | 83c1 174c | 8bc1 4983 | e0f8 4c8b | cb4d 03c8 | 4d3b 8f18 
  0x000001c63da12ab8: 0100 000f | 8370 0a00 | 004d 898f | 0801 0000 | 488b fb48 | 83c7 1048 | c703 0100 | 0000 410f 
  0x000001c63da12ad8: 0d89 c000 

  0x000001c63da12adc: ;   {metadata({type array byte})}
  0x000001c63da12adc: 0000 c743 | 0828 6700 | 0089 730c | 410f 0d89 | 0001 0000 | 410f 0d89 | 4001 0000 | 410f 0d89 
  0x000001c63da12afc: 8001 0000 | 48c1 e903 | 4883 c1fe | 4833 c048 | 83f9 087f | 1048 ffc9 | 784f 4889 | 04cf 48ff 
  0x000001c63da12b1c: c97d f7eb | 44c5 fdef | c0e9 0d00 | 0000 c5fe | 7f07 c5fe | 7f47 2048 | 83c7 4048 | 83e9 087d 
  0x000001c63da12b3c: ed48 83c1 | 047c 0cc5 | fe7f 0748 | 83c7 2048 | 83e9 0448 | 83c1 047e | 1048 ffc9 | c5f9 d607 
  0x000001c63da12b5c: 4883 c708 | 48ff c97d | f348 895c 

  0x000001c63da12b68: ;   {metadata('java/util/zip/ZipInputStream')}
  0x000001c63da12b68: 2430 81fd | 70f4 e401 | 0f85 0a0d | 0000 4c89 | 5c24 3841 | 0fb6 6b17 | 8974 2420 | 85ed 0f85 
  0x000001c63da12b88: 100e 0000 | 4c8b db49 | 83c3 104c | 895c 2440 | 4c63 de4c | 895c 2448 | 85f6 0f84 | c805 0000 
  0x000001c63da12ba8: 4c8b 5c24 | 3845 8b43 | 3845 85c0 | 0f84 dd03 | 0000 418b | 680c 83fd | 080f 8576 | 0500 0089 
  0x000001c63da12bc8: 5424 244c | 8954 2428 | 498b d34c | 8bc3 4533 | c98b fe48 | 8beb 6690 

  0x000001c63da12be0: ;   {optimized virtual_call}
  0x000001c63da12be0: c5f8 77e8 

  0x000001c63da12be4: ; ImmutableOopMap {rbp=Oop [40]=Oop [48]=Oop [56]=Oop [64]=Derived_oop_rbp }
                      ;*invokespecial read {reexecute=0 rethrow=0 return_oop=0}
                      ; - java.util.zip.ZipInputStream::read@80 (line 196)
                      ; - java.io.FilterInputStream::read@5 (line 106)
                      ; - kotlin.io.ByteStreamsKt::copyTo@22 (line 106)
  0x000001c63da12be4: d853 3600 | 8bd8 83f8 | ff0f 8479 | 0300 004c | 8b54 2438 | 418b 7a3c 

  0x000001c63da12bfc: ; implicit exception: dispatches to 0x000001c63da13bb0
  0x000001c63da12bfc: 8b4f 0c85 | c00f 8ca9 | 0d00 008b | 6c24 202b | e885 ed0f | 8cc3 0d00 | 0085 c07e | 1b44 8b5c 
  0x000001c63da12c1c: 2420 4585 | db0f 8ecd | 0d00 008b | e8ff cd41 | 3beb 0f83 | e00d 0000 | 488b 5424 | 4044 8bc0 
  0x000001c63da12c3c: c5f8 7749 | bac0 12e0 | 3cc6 0100 | 0041 ffd2 | 8947 0c4c | 8b54 2428 | 8b54 2424 

  0x000001c63da12c58: ;   {metadata('java/io/ByteArrayOutputStream')}
  0x000001c63da12c58: 8bf3 81fa | e801 1900 | 0f85 320c | 0000 448b | 5c24 2045 | 85db 0f8e | 4c0c 0000 | 4c89 5424 
  0x000001c63da12c78: 2845 33ed | eb34 6690 | 488b 5424 | 4044 8bc0 | c5f8 7749 | bac0 12e0 | 3cc6 0100 | 0041 ffd2 
  0x000001c63da12c98: 8947 0c4c | 8b6c 2450 | 4d8b 9750 

  0x000001c63da12ca4: ; ImmutableOopMap {[40]=Oop [48]=Oop [56]=Oop [64]=Derived_oop_[48] }
                      ;*goto {reexecute=1 rethrow=0 return_oop=0}
                      ; - (reexecute) kotlin.io.ByteStreamsKt::copyTo@55 (line 110)
                      ;   {poll}
  0x000001c63da12ca4: 0300 0041 | 8502 85f6 | 0f8c b502 | 0000 488d | 9c24 b000 | 0000 4c8b | 4424 2849 | 8b00 48f7 
  0x000001c63da12cc4: c002 0000 | 0075 2448 | 83c8 0148 | 8903 f049 | 0fb1 180f | 843e 0000 | 0048 2bc4 | 4881 e007 
  0x000001c63da12ce4: f0ff ff48 | 8903 e92c | 0000 004c | 8bd8 4833 | c0f0 4d0f | b17b 3e48 | c703 0300 | 0000 0f84 
  0x000001c63da12d04: 1300 0000 | 4c3b f80f | 850a 0000 | 0049 ff83 | 8600 0000 | 4833 c00f | 85ab 0900 | 008b 6c24 
  0x000001c63da12d24: 200b ee85 | ed0f 8ca1 | 0a00 003b | 7424 200f | 8fb3 0a00 | 004c 8b54 | 2428 458b | 5210 458b 
  0x000001c63da12d44: 420c 4c8b | 5c24 2845 | 8b5b 0c8b | ee41 03eb | 412b e885 | ed0f 8f5d | 0200 0045 | 85db 0f8c 
  0x000001c63da12d64: e509 0000 | 448b 4c24 | 2044 3bce | 0f82 d709 | 0000 458b | 420c 8bce | 4103 cb44 | 3bc1 0f82 
  0x000001c63da12d84: c509 0000 | 85f6 0f8c | bd09 0000 | 4863 de85 | f674 2448 | 8b4c 2430 | 4883 c110 | 4d8b c24b 
  0x000001c63da12da4: 8d54 1a10 | 4c8b c3c5 | f877 49ba | 4080 e33c | c601 0000 | 41ff d24c | 8b54 2428 | 4101 720c 
  0x000001c63da12dc4: 488d 8424 | b000 0000 | 4c8b 5c24 | 2848 8138 | 0000 0000 | 0f84 8300 | 0000 4d8b | 1349 f7c2 
  0x000001c63da12de4: 0200 0000 | 746f 4981 | ba86 0000 | 0000 0000 | 0074 0949 | ff8a 8600 | 0000 eb51 | 498b 8296 
  0x000001c63da12e04: 0000 0049 | 0b82 8e00 | 0000 750a | 49c7 423e | 0000 0000 | eb47 4981 | ba9e 0000 | 0000 0000 
  0x000001c63da12e24: 0074 2548 | 33c0 49c7 | 423e 0000 | 0000 f083 | 0424 0049 | 81ba 9e00 | 0000 0000 | 0000 750d 
  0x000001c63da12e44: f04d 0fb1 | 7a3e 7505 | 83c8 01eb | 10f7 c000 | 0000 00eb | 084c 8b10 | f04d 0fb1 | 130f 8511 
  0x000001c63da12e64: 0900 004c | 8b54 2438 | 450f b652 | 174c 03eb | 4585 d20f | 858f 0900 | 004c 8b54 | 2438 458b 
  0x000001c63da12e84: 5238 4585 | d20f 8423 | 0100 0041 | 8b6a 0c83 | fd08 0f85 | 6802 0000 | 4c89 6c24 | 5048 8b54 
  0x000001c63da12ea4: 2438 4c8b | 4424 3045 | 33c9 8b7c | 2420 6690 

  0x000001c63da12eb4: ;   {optimized virtual_call}
  0x000001c63da12eb4: c5f8 77e8 

  0x000001c63da12eb8: ; ImmutableOopMap {[40]=Oop [48]=Oop [56]=Oop [64]=Derived_oop_[48] }
                      ;*invokespecial read {reexecute=0 rethrow=0 return_oop=0}
                      ; - java.util.zip.ZipInputStream::read@80 (line 196)
                      ; - java.io.FilterInputStream::read@5 (line 106)
                      ; - kotlin.io.ByteStreamsKt::copyTo@50 (line 110)
  0x000001c63da12eb8: 0451 3600 | 8bf0 83f8 | ff74 654c | 8b54 2438 | 418b 7a3c 

  0x000001c63da12ecc: ; implicit exception: dispatches to 0x000001c63da13b9c
  0x000001c63da12ecc: 8b4f 0c85 | c00f 8c4d | 0900 008b | 6c24 202b | e885 ed0f | 8c67 0900 | 0085 c00f | 8e93 fdff 
  0x000001c63da12eec: ff8b e8ff | cd3b 6c24 | 200f 8285 | fdff ffba | 3dff ffff | 48ff 7424 | 3848 8f44 | 2420 4c8b 
  0x000001c63da12f0c: 5424 504c | 8954 2438 | 897c 2444 | 894c 2448 | 8944 244c 

  0x000001c63da12f20: ;   {runtime_call UncommonTrapBlob}
  0x000001c63da12f20: c5f8 77e8 

  0x000001c63da12f24: ; ImmutableOopMap {[32]=Oop [40]=Oop [48]=Oop [68]=NarrowOop }
                      ;*iflt {reexecute=1 rethrow=0 return_oop=0}
                      ; - (reexecute) java.util.zip.CRC32::updateBytesCheck@36 (line 157)
                      ; - java.util.zip.CRC32::updateBytes@3 (line 138)
                      ; - java.util.zip.CRC32::update@44 (line 79)
                      ; - java.util.zip.ZipInputStream::read@117 (line 202)
                      ; - java.io.FilterInputStream::read@5 (line 106)
                      ; - kotlin.io.ByteStreamsKt::copyTo@50 (line 110)
  0x000001c63da12f24: d839 44ff | 4c8b 5424 | 3845 8b52 | 384d 8bc2 | 488b 5424 | 3866 6690 

  0x000001c63da12f3c: ;   {optimized virtual_call}
  0x000001c63da12f3c: c5f8 77e8 

  0x000001c63da12f40: ; ImmutableOopMap {[40]=Oop [48]=Oop [56]=Oop [64]=Derived_oop_[48] }
                      ;*invokevirtual readEnd {reexecute=0 rethrow=0 return_oop=0}
                      ; - java.util.zip.ZipInputStream::read@94 (line 198)
                      ; - java.io.FilterInputStream::read@5 (line 106)
                      ; - kotlin.io.ByteStreamsKt::copyTo@50 (line 110)
  0x000001c63da12f40: dcda 4c00 | 4180 7f38 | 000f 854f | 0300 004c | 8b54 2438 | 41c6 4234 | 0145 8962 | 38be ffff 
  0x000001c63da12f60: ffff e934 | fdff ff49 | 8bc5 eb2d | 488b 6c24 | 3844 8b55 | 384d 8bc2 | 488b d590 

  0x000001c63da12f7c: ;   {optimized virtual_call}
  0x000001c63da12f7c: c5f8 77e8 

  0x000001c63da12f80: ; ImmutableOopMap {rbp=Oop [40]=Oop [48]=Oop }
                      ;*invokevirtual readEnd {reexecute=0 rethrow=0 return_oop=0}
                      ; - java.util.zip.ZipInputStream::read@94 (line 198)
                      ; - java.io.FilterInputStream::read@5 (line 106)
                      ; - kotlin.io.ByteStreamsKt::copyTo@22 (line 106)
  0x000001c63da12f80: 9cda 4c00 | 4180 7f38 | 000f 856f | 0500 00c6 | 4534 0144 | 8965 3833 | c0c5 f877 | 4881 c4c0 
  0x000001c63da12fa0: 0000 005d 

  0x000001c63da12fa4: ;   {poll_return}
  0x000001c63da12fa4: 493b a748 | 0300 000f | 87a7 0d00 | 00c3 beff | ffff ffe9 | e4fc ffff | 413b e88b | d541 0f4c 
  0x000001c63da12fc4: d044 8bda | 4503 d841 | 8bcb ffc9 | 81f9 f7ff | ff7f 0f83 | 700a 0000 | 4181 fb00 | 0010 000f 
  0x000001c63da12fe4: 8717 0900 | 0049 63c8 | 4c63 ca4c | 03c9 453b | c341 8beb | 410f 4ce8 | 443b c50f | 826f 0900 
  0x000001c63da13004: 0044 3bdd | 0f82 6609 | 0000 4983 | c117 4d8b | c149 83e0 | f841 81fb | 0000 1000 | 0f87 b605 
  0x000001c63da13024: 0000 498b | 9f08 0100 | 0048 8bcb | 4903 c849 | 3b8f 1801 | 0000 0f83 | 9c05 0000 | 4989 8f08 
  0x000001c63da13044: 0100 000f | 0d89 c000 | 0000 48c7 | 0301 0000 | 000f 0d89 | 0001 0000 

  0x000001c63da1305c: ;   {metadata({type array byte})}
  0x000001c63da1305c: c743 0828 | 6700 0044 | 895b 0c0f | 0d89 4001 | 0000 0f0d | 8980 0100 | 0048 8bd3 | 4883 c210 
  0x000001c63da1307c: 49c1 e903 | 4c8b f385 | ed0f 847d | 0800 0049 | 8bca 4d8d | 5210 413b | eb0f 8c3a | 0300 0049 
  0x000001c63da1309c: 83c0 f049 | c1e8 0349 | 8bca c5f8 | 7749 ba60 | 86e3 3cc6 | 0100 0041 | ffd2 4180 | 7f38 000f 
  0x000001c63da130bc: 85aa 0300 | 004c 8b54 | 2428 4589 | 7210 458b | 5a0c 4c8b | d34c 8b44 | 2428 4d33 | d049 c1ea 
  0x000001c63da130dc: 144d 85d2 | 741a 49c1 | e809 48b9 | 0000 5645 | c601 0000 | 4903 c880 | 3904 0f85 | a703 0000 
  0x000001c63da130fc: 4c8b d3e9 | 5bfc ffff | 85ed 0f85 | 7009 0000 | 4c8b 5424 | 384d 8b52 | 284d 85d2 | 7f5d 4180 
  0x000001c63da1311c: 7f38 000f | 854d 0400 | 004c 8b54 | 2438 41c6 | 4234 0145 | 8962 38be | ffff ffff | e963 fbff 
  0x000001c63da1313c: ff85 ed0f | 857b 0900 | 004d 8b43 | 284d 85c0 | 0f8f b601 | 0000 4180 | 7f38 000f | 8540 0600 
  0x000001c63da1315c: 004c 8b54 | 2438 4589 | 6238 41c6 | 4234 01e9 | 27fe ffff | 33f6 e9e3 | faff ff4c | 8b5c 2438 
  0x000001c63da1317c: 418b 6b0c | 458b c24c | 8b5c 2448 | 4d3b da44 | 0f4e 4424 | 2044 8b5d 

  0x000001c63da13194: ;   {metadata('java/io/PushbackInputStream')}
  0x000001c63da13194: 0841 81fb | 48f7 e401 | 0f85 6209 | 0000 458b | d04c 896c | 2460 48ff | 7424 2848 | 8f44 2458 
  0x000001c63da131b4: 48ff 7424 | 4848 8f44 | 2450 48ff | 7424 4048 | 8f44 2448 | 4889 4424 | f88b 4424 | 2089 4424 
  0x000001c63da131d4: 4048 8b44 | 24f8 48ff | 7424 3048 | 8f44 2420 | 488b d54c | 8b44 2430 | 4533 c941 | 8bfa 488b 
  0x000001c63da131f4: 6c24 3890 

  0x000001c63da131f8: ;   {optimized virtual_call}
  0x000001c63da131f8: c5f8 77e8 

  0x000001c63da131fc: ; ImmutableOopMap {rbp=Oop [32]=Oop [72]=Derived_oop_[32] [88]=Oop }
                      ;*invokevirtual read {reexecute=0 rethrow=0 return_oop=0}
                      ; - java.util.zip.ZipInputStream::read@166 (line 214)
                      ; - java.io.FilterInputStream::read@5 (line 106)
                      ; - kotlin.io.ByteStreamsKt::copyTo@50 (line 110)
  0x000001c63da131fc: 80e1 43ff | 83f8 ff0f | 84cb 0800 | 004c 8bdd | 458b 433c | 4585 c00f | 84d3 0800 | 0089 4424 
  0x000001c63da1321c: 2849 8bd0 | 4c8b 4424 | 2045 33c9 | 8bf8 6690 

  0x000001c63da1322c: ;   {optimized virtual_call}
  0x000001c63da1322c: c5f8 77e8 

  0x000001c63da13230: ; ImmutableOopMap {rbp=Oop [32]=Oop [72]=Derived_oop_[32] [88]=Oop }
                      ;*invokevirtual update {reexecute=0 rethrow=0 return_oop=0}
                      ; - java.util.zip.ZipInputStream::read@192 (line 218)
                      ; - java.io.FilterInputStream::read@5 (line 106)
                      ; - kotlin.io.ByteStreamsKt::copyTo@50 (line 110)
  0x000001c63da13230: 0c93 3600 | 4889 6c24 | 384c 8b55 | 284c 635c | 2428 4d2b | d34c 8955 | 284d 85d2 | 0f84 8400 
  0x000001c63da13250: 0000 448b | 5c24 2848 | ff74 2420 | 488f 4424 | 3048 8944 | 24f8 8b44 | 2440 8944 | 2420 488b 
  0x000001c63da13270: 4424 f848 | ff74 2448 | 488f 4424 | 4048 ff74 | 2450 488f | 4424 4841 | 8bf3 48ff | 7424 5848 
  0x000001c63da13290: 8f44 2428 | 4c8b 6c24 | 60e9 02fa | ffff 4c8b | 5424 3845 | 8b5a 3845 | 85db 0f84 | 9ffc ffff 
  0x000001c63da132b0: 4d8b 5720 | 498b cb4d | 85d2 0f84 | 2806 0000 | 4d8b 5f30 | 4b89 4c13 | f849 83c2 | f84d 8957 
  0x000001c63da132d0: 20e9 79fc | ffff 448b | 5d38 4d8b | 5b18 448b | 553c 458b | 520c 4d3b | da0f 8463 | ffff ffba 
  0x000001c63da132f0: 8a00 0000 | 4c8b 5424 | 584c 8954 | 2428 6690 

  0x000001c63da13300: ;   {runtime_call UncommonTrapBlob}
  0x000001c63da13300: c5f8 77e8 

  0x000001c63da13304: ; ImmutableOopMap {[32]=Oop [40]=Oop [56]=Oop }
                      ;*new {reexecute=0 rethrow=0 return_oop=0}
                      ; - java.util.zip.ZipInputStream::read@233 (line 221)
                      ; - java.io.FilterInputStream::read@5 (line 106)
                      ; - kotlin.io.ByteStreamsKt::copyTo@50 (line 110)
  0x000001c63da13304: f835 44ff | 418b 6b0c | 458b d84c | 8b4c 2448 | 4d3b c844 | 0f4e de44 

  0x000001c63da1331c: ;   {metadata('java/io/PushbackInputStream')}
  0x000001c63da1331c: 8b4d 0841 | 81f9 48f7 | e401 0f85 | 3008 0000 | 8974 242c | 8954 2428 | 4c89 5424 | 2048 8bd5 
  0x000001c63da1333c: 4c8b c345 | 33c9 418b | fb48 8b6c | 2438 6690 

  0x000001c63da1334c: ;   {optimized virtual_call}
  0x000001c63da1334c: c5f8 77e8 

  0x000001c63da13350: ; ImmutableOopMap {rbp=Oop [32]=Oop [48]=Oop [56]=Oop [64]=Derived_oop_[48] }
                      ;*invokevirtual read {reexecute=0 rethrow=0 return_oop=0}
                      ; - java.util.zip.ZipInputStream::read@166 (line 214)
                      ; - java.io.FilterInputStream::read@5 (line 106)
                      ; - kotlin.io.ByteStreamsKt::copyTo@22 (line 106)
  0x000001c63da13350: 2ce0 43ff | 83f8 ff0f | 84d7 0700 | 004c 8bd5 | 458b 5a3c | 4585 db0f | 84d7 0700 | 0089 4424 
  0x000001c63da13370: 5049 8bd3 | 4c8b 4424 | 3045 33c9 | 8bf8 6690 

  0x000001c63da13380: ;   {optimized virtual_call}
  0x000001c63da13380: c5f8 77e8 

  0x000001c63da13384: ; ImmutableOopMap {rbp=Oop [32]=Oop [48]=Oop [56]=Oop [64]=Derived_oop_[48] }
                      ;*invokevirtual update {reexecute=0 rethrow=0 return_oop=0}
                      ; - java.util.zip.ZipInputStream::read@192 (line 218)
                      ; - java.io.FilterInputStream::read@5 (line 106)
                      ; - kotlin.io.ByteStreamsKt::copyTo@22 (line 106)
  0x000001c63da13384: b891 3600 | 4c8b 5528 | 4c63 5c24 | 504d 2bd3 | 4c8b dd4d | 8953 284d | 85d2 0f84 | 0602 0000 
  0x000001c63da133a4: 448b 5c24 | 5045 85db | 0f8c e5fb | ffff 4c8b | 5424 208b | 5424 2848 | 8944 24f8 | 8b44 242c 
  0x000001c63da133c4: 8944 2420 | 488b 4424 | f841 8bf3 | e985 f8ff | ff4c 63c5 | 4d8b d849 | 83c3 1049 | 8bcb 4883 
  0x000001c63da133e4: e1f8 488b | fb48 03f9 | 49c1 eb03 | 4d2b cb49 | 8bc9 4833 | c048 83f9 | 087f 1048 | ffc9 784f 
  0x000001c63da13404: 4889 04cf | 48ff c97d | f7eb 44c5 | fdef c0e9 | 0d00 0000 | c5fe 7f07 | c5fe 7f47 | 2048 83c7 
  0x000001c63da13424: 4048 83e9 | 087d ed48 | 83c1 047c | 0cc5 fe7f | 0748 83c7 | 2048 83e9 | 0448 83c1 | 047e 1048 
  0x000001c63da13444: ffc9 c5f9 | d607 4883 | c708 48ff | c97d f349 | 8bca c5f8 | 7749 ba60 | 7fe3 3cc6 | 0100 0041 
  0x000001c63da13464: ffd2 e94b | fcff ff4c | 8b54 2428 | 458b 5a10 | 4585 db0f | 8444 fcff | ff4d 8b57 | 2049 8bcb 
  0x000001c63da13484: 4d85 d20f | 84a7 0500 | 004d 8b5f | 304b 894c | 13f8 4983 | c2f8 4d89 | 5720 e91e | fcff ff4d 
  0x000001c63da134a4: 8b57 404d | 8b5f 50f0 | 8344 24c0 | 0080 3900 | 742a 4488 | 214d 85d2 | 740f 4b89 | 4c13 f849 
  0x000001c63da134c4: 83c2 f84d | 8957 40eb | 1349 8bd7 | c5f8 7749 | baf0 69b4 | c1f9 7f00 | 0041 ffd2 | 4c8b 5424 
  0x000001c63da134e4: 2845 8b5a | 0c45 8b52 | 1045 85d2 | 0f84 7e06 | 0000 498b | dae9 fefb | ffff 448b | 5d38 4585 
  0x000001c63da13504: db0f 8484 | faff ff4d | 8b57 2049 | 8bcb 4d85 | d20f 8475 | 0500 004d | 8b5f 304b | 894c 13f8 
  0x000001c63da13524: 4983 c2f8 | 4d89 5720 | e95e faff | ff89 5424 | 3489 7424 | 304c 8954 | 2428 4c89 

  0x000001c63da13540: ;   {metadata({type array byte})}
  0x000001c63da13540: 5c24 2048 | ba28 6700 | 4dc6 0100 | 0044 8bc6 

  0x000001c63da13550: ;   {runtime_call _new_array_Java}
  0x000001c63da13550: c5f8 77e8 

  0x000001c63da13554: ; ImmutableOopMap {[32]=Oop [40]=Oop }
                      ;*newarray {reexecute=0 rethrow=0 return_oop=1}
                      ; - kotlin.io.ByteStreamsKt::copyTo@15 (line 105)
  0x000001c63da13554: a8ad 4eff | 4c8b 5c24 | 204c 8b54 | 2428 8b74 | 2430 8b54 | 2434 488b | d8e9 f3f5 | ffff 4c8b 
  0x000001c63da13574: 5424 3845 | 8b5a 3845 | 85db 0f84 | a1fb ffff | 4d8b 5720 | 498b cb4d | 85d2 0f84 | 1405 0000 
  0x000001c63da13594: 4d8b 5f30 | 4b89 4c13 | f849 83c2 | f84d 8957 | 20e9 7bfb | ffff 458b | 5b38 4d8b | 5b18 448b 
  0x000001c63da135b4: 553c 458b | 520c 4d3b | da0f 84e1 | fdff ffba | 8a00 0000 | 4c8b 5424 | 304c 8954 | 2428 6690 
  0x000001c63da135d4: ;   {runtime_call UncommonTrapBlob}
  0x000001c63da135d4: c5f8 77e8 

  0x000001c63da135d8: ; ImmutableOopMap {rbp=Oop [32]=Oop [40]=Oop }
                      ;*new {reexecute=0 rethrow=0 return_oop=0}
                      ; - java.util.zip.ZipInputStream::read@233 (line 221)
                      ; - java.io.FilterInputStream::read@5 (line 106)
                      ; - kotlin.io.ByteStreamsKt::copyTo@22 (line 106)
  0x000001c63da135d8: 2433 44ff | 4c89 8424 | 8000 0000 | 4c89 4c24 | 7844 895c | 2470 4489 | 5424 5c4c | 896c 2468 
  0x000001c63da135f8: 48ff 7424 | 2848 8f44 | 2460 8974 | 2458 48ff | 7424 4848 | 8f44 2450 | 48ff 7424 | 4048 8f44 
  0x000001c63da13618: 2448 4889 | 4424 f88b | 4424 2089 | 4424 4048 | 8b44 24f8 | 48ff 7424 | 3848 8f44 | 2428 48ff 
  0x000001c63da13638: 7424 3048 | 8f44 2420 

  0x000001c63da13640: ;   {metadata({type array byte})}
  0x000001c63da13640: 48ba 2867 | 004d c601 | 0000 458b | c348 ff74 | 2460 488f | 4424 3090 

  0x000001c63da13658: ;   {runtime_call _new_array_nozero_Java}
  0x000001c63da13658: c5f8 77e8 

  0x000001c63da1365c: ; ImmutableOopMap {[32]=Oop [40]=Oop [48]=Oop [72]=Derived_oop_[32] [92]=NarrowOop [96]=Oop }
                      ;*newarray {reexecute=0 rethrow=0 return_oop=1}
                      ; - java.util.Arrays::copyOf@1 (line 3537)
                      ; - java.io.ByteArrayOutputStream::ensureCapacity@25 (line 100)
                      ; - java.io.ByteArrayOutputStream::write@15 (line 130)
                      ; - kotlin.io.ByteStreamsKt::copyTo@38 (line 108)
  0x000001c63da1365c: a0af 4eff | 48ff 7424 | 2048 8f44 | 2430 48ff | 7424 2848 | 8f44 2438 | 4889 4424 | f88b 4424 
  0x000001c63da1367c: 4089 4424 | 2048 8b44 | 24f8 48ff | 7424 4848 | 8f44 2440 | 48ff 7424 | 5048 8f44 | 2448 8b74 
  0x000001c63da1369c: 2458 48ff | 7424 6048 | 8f44 2428 | 4c8b 6c24 | 6844 8b54 | 245c 448b | 5c24 704c | 8b4c 2478 
  0x000001c63da136bc: 4c8b 8424 | 8000 0000 | 488b d8e9 | a9f9 ffff | 4c89 6c24 | 5848 ff74 | 2428 488f | 4424 5089 
  0x000001c63da136dc: 7424 2c48 | 8944 24f8 | 8b44 2420 | 8944 2428 | 488b 4424 | f848 ff74 | 2438 488f | 4424 2048 
  0x000001c63da136fc: 8b6c 2430 | 498b d04c | 8d84 24b0 | 0000 0090 

  0x000001c63da1370c: ;   {runtime_call _complete_monitor_locking_Java}
  0x000001c63da1370c: c5f8 77e8 

  0x000001c63da13710: ; ImmutableOopMap {rbp=Oop [32]=Oop [64]=Derived_oop_rbp [80]=Oop }
                      ;*synchronization entry
                      ; - java.io.ByteArrayOutputStream::write@-1 (line 129)
                      ; - kotlin.io.ByteStreamsKt::copyTo@38 (line 108)
  0x000001c63da13710: 6c76 4eff | 4889 6c24 | 3048 ff74 | 2420 488f | 4424 3848 | 8944 24f8 | 8b44 2428 | 8944 2420 
  0x000001c63da13730: 488b 4424 | f88b 7424 | 2c48 ff74 | 2450 488f | 4424 284c | 8b6c 2458 | e9d4 f5ff | ffba ccff 
  0x000001c63da13750: ffff 488b | 6c24 384c | 896c 2438 | 8974 2444 | 4489 5424 | 5044 895c | 2454 8974 | 2458 6690 
  0x000001c63da13770: ;   {runtime_call UncommonTrapBlob}
  0x000001c63da13770: c5f8 77e8 

  0x000001c63da13774: ; ImmutableOopMap {rbp=Oop [40]=Oop [48]=Oop [80]=NarrowOop }
                      ;*invokestatic arraycopy {reexecute=0 rethrow=0 return_oop=0}
                      ; - java.io.ByteArrayOutputStream::write@29 (line 131)
                      ; - kotlin.io.ByteStreamsKt::copyTo@38 (line 108)
  0x000001c63da13774: 8831 44ff | 488b 4c24 | 2848 8d94 | 24b0 0000 | 004d 8bc7 | c5f8 7749 | ba60 8ff5 | c1f9 7f00 
  0x000001c63da13794: 0041 ffd2 | e9ca f6ff | ff45 8b5b | 3845 85db | 0f84 b3f9 | ffff 4d8b | 5720 498b | cb4d 85d2 
  0x000001c63da137b4: 0f84 6203 | 0000 4d8b | 5f30 4b89 | 4c13 f849 | 83c2 f84d | 8957 20e9 | 8df9 ffff | ba45 ffff 
  0x000001c63da137d4: ff4c 896c | 2440 8974 | 2458 8974 | 245c 6690 

  0x000001c63da137e4: ;   {runtime_call UncommonTrapBlob}
  0x000001c63da137e4: c5f8 77e8 

  0x000001c63da137e8: ; ImmutableOopMap {[40]=Oop [48]=Oop [56]=Oop }
                      ;*iflt {reexecute=1 rethrow=0 return_oop=0}
                      ; - (reexecute) jdk.internal.util.Preconditions::checkFromIndexSize@5 (line 360)
                      ; - java.util.Objects::checkFromIndexSize@4 (line 413)
                      ; - java.io.ByteArrayOutputStream::write@4 (line 129)
                      ; - kotlin.io.ByteStreamsKt::copyTo@38 (line 108)
  0x000001c63da137e8: 1431 44ff | ba45 ffff | ff48 8b6c | 2438 4c89 | 6c24 3889 | 7424 5089 | 7424 5490 

  0x000001c63da13804: ;   {runtime_call UncommonTrapBlob}
  0x000001c63da13804: c5f8 77e8 

  0x000001c63da13808: ; ImmutableOopMap {rbp=Oop [40]=Oop [48]=Oop }
                      ;*if_icmple {reexecute=1 rethrow=0 return_oop=0}
                      ; - (reexecute) jdk.internal.util.Preconditions::checkFromIndexSize@12 (line 360)
                      ; - java.util.Objects::checkFromIndexSize@4 (line 413)
                      ; - java.io.ByteArrayOutputStream::write@4 (line 129)
                      ; - kotlin.io.ByteStreamsKt::copyTo@38 (line 108)
  0x000001c63da13808: f430 44ff | ba45 ffff | ff4c 896c | 2440 4489 | 5424 2490 

  0x000001c63da1381c: ;   {runtime_call UncommonTrapBlob}
  0x000001c63da1381c: c5f8 77e8 

  0x000001c63da13820: ; ImmutableOopMap {[40]=Oop [48]=Oop [56]=Oop }
                      ;*ifeq {reexecute=1 rethrow=0 return_oop=0}
                      ; - (reexecute) java.util.zip.ZipInputStream::ensureOpen@4 (line 68)
                      ; - java.util.zip.ZipInputStream::read@1 (line 184)
                      ; - java.io.FilterInputStream::read@5 (line 106)
                      ; - kotlin.io.ByteStreamsKt::copyTo@50 (line 110)
  0x000001c63da13820: dc30 44ff | ba45 ffff | ff48 8b6c | 2438 4c8b | 5424 284c | 8954 2420 | 897c 243c | 8944 2448 
  0x000001c63da13840: 8944 244c 

  0x000001c63da13844: ;   {runtime_call UncommonTrapBlob}
  0x000001c63da13844: c5f8 77e8 

  0x000001c63da13848: ; ImmutableOopMap {rbp=Oop [32]=Oop [48]=Oop [60]=NarrowOop }
                      ;*iflt {reexecute=1 rethrow=0 return_oop=0}
                      ; - (reexecute) java.util.zip.CRC32::update@17 (line 76)
                      ; - java.util.zip.ZipInputStream::read@117 (line 202)
                      ; - java.io.FilterInputStream::read@5 (line 106)
                      ; - kotlin.io.ByteStreamsKt::copyTo@50 (line 110)
  0x000001c63da13848: b430 44ff | ba45 ffff | ff48 ff74 | 2438 488f | 4424 204c | 8b54 2450 | 4c89 5424 | 3889 7c24 
  0x000001c63da13868: 4489 4424 | 5066 6690 

  0x000001c63da13870: ;   {runtime_call UncommonTrapBlob}
  0x000001c63da13870: c5f8 77e8 

  0x000001c63da13874: ; ImmutableOopMap {[32]=Oop [40]=Oop [48]=Oop [68]=NarrowOop }
                      ;*if_icmple {reexecute=1 rethrow=0 return_oop=0}
                      ; - (reexecute) java.util.zip.CRC32::update@25 (line 76)
                      ; - java.util.zip.ZipInputStream::read@117 (line 202)
                      ; - java.io.FilterInputStream::read@5 (line 106)
                      ; - kotlin.io.ByteStreamsKt::copyTo@50 (line 110)
  0x000001c63da13874: 8830 44ff | 4963 c9e9 | 0ff2 ffff | bade ffff | ff4c 8954 | 2420 4c89 | 5c24 3890 

  0x000001c63da13890: ;   {runtime_call UncommonTrapBlob}
  0x000001c63da13890: c5f8 77e8 

  0x000001c63da13894: ; ImmutableOopMap {[32]=Oop [48]=Oop [56]=Oop }
                      ;*invokevirtual read {reexecute=0 rethrow=0 return_oop=0}
                      ; - kotlin.io.ByteStreamsKt::copyTo@22 (line 106)
  0x000001c63da13894: 6830 44ff | ba76 ffff | ff48 8b6c | 2438 4c89 | 5424 2048 | ff74 2430 | 488f 4424 | 2889 7424 
  0x000001c63da138b4: 3466 6690 

  0x000001c63da138b8: ;   {runtime_call UncommonTrapBlob}
  0x000001c63da138b8: c5f8 77e8 

  0x000001c63da138bc: ; ImmutableOopMap {rbp=Oop [32]=Oop [40]=Oop }
                      ;*iflt {reexecute=1 rethrow=0 return_oop=0}
                      ; - (reexecute) kotlin.io.ByteStreamsKt::copyTo@29 (line 107)
  0x000001c63da138bc: 4030 44ff | babe ffff | ff48 8b6c | 2438 4c89 | 5424 2048 | ff74 2430 | 488f 4424 | 2889 7424 
  0x000001c63da138dc: 3466 6690 

  0x000001c63da138e0: ;   {runtime_call UncommonTrapBlob}
  0x000001c63da138e0: c5f8 77e8 

  0x000001c63da138e4: ; ImmutableOopMap {rbp=Oop [32]=Oop [40]=Oop }
                      ;*iflt {reexecute=1 rethrow=0 return_oop=0}
                      ; - (reexecute) kotlin.io.ByteStreamsKt::copyTo@29 (line 107)
  0x000001c63da138e4: 1830 44ff | 498b d7c5 | f877 49ba | 106a b4c1 | f97f 0000 | 41ff d2e9 | 4ff6 ffff | 4d63 cbe9 
  0x000001c63da13904: eaf6 ffff | 4983 c1fe | 498b c948 | 8bfa 4833 | c048 83f9 | 087f 1048 | ffc9 784f | 4889 04cf 
  0x000001c63da13924: 48ff c97d | f7eb 44c5 | fdef c0e9 | 0d00 0000 | c5fe 7f07 | c5fe 7f47 | 2048 83c7 | 4048 83e9 
  0x000001c63da13944: 087d ed48 | 83c1 047c | 0cc5 fe7f | 0748 83c7 | 2048 83e9 | 0448 83c1 | 047e 1048 | ffc9 c5f9 
  0x000001c63da13964: d607 4883 | c708 48ff | c97d f3e9 | 42f7 ffff | bacc ffff | ff48 8b6c | 2438 4c89 | 6c24 3889 
  0x000001c63da13984: 7424 4444 | 8954 2460 | 4489 5c24 | 6866 6690 

  0x000001c63da13994: ;   {runtime_call UncommonTrapBlob}
  0x000001c63da13994: c5f8 77e8 

  0x000001c63da13998: ; ImmutableOopMap {rbp=Oop [40]=Oop [48]=Oop [96]=NarrowOop }
                      ;*newarray {reexecute=1 rethrow=0 return_oop=0}
                      ; - (reexecute) java.util.Arrays::copyOf@1 (line 3537)
                      ; - java.io.ByteArrayOutputStream::ensureCapacity@25 (line 100)
                      ; - java.io.ByteArrayOutputStream::write@15 (line 130)
                      ; - kotlin.io.ByteStreamsKt::copyTo@38 (line 108)
  0x000001c63da13998: 642f 44ff | ba45 ffff | ff4c 8954 | 2440 6690 

  0x000001c63da139a8: ;   {runtime_call UncommonTrapBlob}
  0x000001c63da139a8: c5f8 77e8 

  0x000001c63da139ac: ; ImmutableOopMap {[48]=Oop [56]=Oop [64]=Oop }
                      ;*ifeq {reexecute=1 rethrow=0 return_oop=0}
                      ; - (reexecute) java.util.zip.ZipInputStream::ensureOpen@4 (line 68)
                      ; - java.util.zip.ZipInputStream::read@1 (line 184)
                      ; - java.io.FilterInputStream::read@5 (line 106)
                      ; - kotlin.io.ByteStreamsKt::copyTo@22 (line 106)
  0x000001c63da139ac: 502f 44ff | ba45 ffff | ff49 8bea | 48ff 7424 | 2848 8f44 | 2420 897c | 243c 8944 | 2440 8944 
  0x000001c63da139cc: 2444 6690 

  0x000001c63da139d0: ;   {runtime_call UncommonTrapBlob}
  0x000001c63da139d0: c5f8 77e8 

  0x000001c63da139d4: ; ImmutableOopMap {rbp=Oop [32]=Oop [48]=Oop [60]=NarrowOop }
                      ;*iflt {reexecute=1 rethrow=0 return_oop=0}
                      ; - (reexecute) java.util.zip.CRC32::update@17 (line 76)
                      ; - java.util.zip.ZipInputStream::read@117 (line 202)
                      ; - java.io.FilterInputStream::read@5 (line 106)
                      ; - kotlin.io.ByteStreamsKt::copyTo@22 (line 106)
  0x000001c63da139d4: 282f 44ff | ba45 ffff | ff4c 8954 | 2420 897c | 243c 8944 | 2448 6690 

  0x000001c63da139ec: ;   {runtime_call UncommonTrapBlob}
  0x000001c63da139ec: c5f8 77e8 

  0x000001c63da139f0: ; ImmutableOopMap {[32]=Oop [40]=Oop [48]=Oop [60]=NarrowOop }
                      ;*if_icmple {reexecute=1 rethrow=0 return_oop=0}
                      ; - (reexecute) java.util.zip.CRC32::update@25 (line 76)
                      ; - java.util.zip.ZipInputStream::read@117 (line 202)
                      ; - java.io.FilterInputStream::read@5 (line 106)
                      ; - kotlin.io.ByteStreamsKt::copyTo@22 (line 106)
  0x000001c63da139f0: 0c2f 44ff | ba45 ffff | ff49 8bea | 897c 2440 | 894c 2444 | 8944 2448 | 8944 244c 

  0x000001c63da13a0c: ;   {runtime_call UncommonTrapBlob}
  0x000001c63da13a0c: c5f8 77e8 

  0x000001c63da13a10: ; ImmutableOopMap {rbp=Oop [40]=Oop [48]=Oop [64]=NarrowOop }
                      ;*if_icmplt {reexecute=1 rethrow=0 return_oop=0}
                      ; - (reexecute) java.util.zip.CRC32::updateBytesCheck@17 (line 152)
                      ; - java.util.zip.CRC32::updateBytes@3 (line 138)
                      ; - java.util.zip.CRC32::update@44 (line 79)
                      ; - java.util.zip.ZipInputStream::read@117 (line 202)
                      ; - java.io.FilterInputStream::read@5 (line 106)
                      ; - kotlin.io.ByteStreamsKt::copyTo@22 (line 106)
  0x000001c63da13a10: ec2e 44ff | ba3d ffff | ff4c 8954 | 2420 897c | 243c 894c | 2440 8944 | 2444 6690 

  0x000001c63da13a2c: ;   {runtime_call UncommonTrapBlob}
  0x000001c63da13a2c: c5f8 77e8 

  0x000001c63da13a30: ; ImmutableOopMap {[32]=Oop [40]=Oop [48]=Oop [60]=NarrowOop }
                      ;*iflt {reexecute=1 rethrow=0 return_oop=0}
                      ; - (reexecute) java.util.zip.CRC32::updateBytesCheck@36 (line 157)
                      ; - java.util.zip.CRC32::updateBytes@3 (line 138)
                      ; - java.util.zip.CRC32::update@44 (line 79)
                      ; - java.util.zip.ZipInputStream::read@117 (line 202)
                      ; - java.io.FilterInputStream::read@5 (line 106)
                      ; - kotlin.io.ByteStreamsKt::copyTo@22 (line 106)
  0x000001c63da13a30: cc2e 44ff | 498b d7c5 | f877 49ba | 106a b4c1 | f97f 0000 | 41ff d2e9 | 75f6 ffff | ba3d ffff 
  0x000001c63da13a50: ff48 ff74 | 2438 488f | 4424 204c | 896c 2438 | 8974 2444 | 4489 5424 | 6844 8944 | 246c 4489 
  0x000001c63da13a70: 5c24 7490 

  0x000001c63da13a74: ;   {runtime_call UncommonTrapBlob}
  0x000001c63da13a74: c5f8 77e8 

  0x000001c63da13a78: ; ImmutableOopMap {[32]=Oop [40]=Oop [48]=Oop [104]=NarrowOop }
                      ;*if_icmpge {reexecute=1 rethrow=0 return_oop=0}
                      ; - (reexecute) jdk.internal.util.ArraysSupport::newLength@10 (line 638)
                      ; - java.io.ByteArrayOutputStream::ensureCapacity@22 (line 100)
                      ; - java.io.ByteArrayOutputStream::write@15 (line 130)
                      ; - kotlin.io.ByteStreamsKt::copyTo@38 (line 108)
  0x000001c63da13a78: 842e 44ff | ba45 ffff | ff4c 896c | 2440 6690 

  0x000001c63da13a88: ;   {runtime_call UncommonTrapBlob}
  0x000001c63da13a88: c5f8 77e8 

  0x000001c63da13a8c: ; ImmutableOopMap {[40]=Oop [48]=Oop [56]=Oop }
                      ;*lookupswitch {reexecute=1 rethrow=0 return_oop=0}
                      ; - (reexecute) java.util.zip.ZipInputStream::read@50 (line 194)
                      ; - java.io.FilterInputStream::read@5 (line 106)
                      ; - kotlin.io.ByteStreamsKt::copyTo@50 (line 110)
  0x000001c63da13a8c: 702e 44ff | 498b d7c5 | f877 49ba | 106a b4c1 | f97f 0000 | 41ff d2e9 | e7f4 ffff | 498b d7c5 
  0x000001c63da13aac: f877 49ba | 106a b4c1 | f97f 0000 | 41ff d2e9 | 65f6 ffff | ba45 ffff | ff4c 8954 | 2440 6690 
  0x000001c63da13acc: ;   {runtime_call UncommonTrapBlob}
  0x000001c63da13acc: c5f8 77e8 

  0x000001c63da13ad0: ; ImmutableOopMap {[48]=Oop [56]=Oop [64]=Oop }
                      ;*lookupswitch {reexecute=1 rethrow=0 return_oop=0}
                      ; - (reexecute) java.util.zip.ZipInputStream::read@50 (line 194)
                      ; - java.io.FilterInputStream::read@5 (line 106)
                      ; - kotlin.io.ByteStreamsKt::copyTo@22 (line 106)
  0x000001c63da13ad0: 2c2e 44ff | ba8a 0000 | 004c 8b54 | 2458 4c89 | 5424 2890 

  0x000001c63da13ae4: ;   {runtime_call UncommonTrapBlob}
  0x000001c63da13ae4: c5f8 77e8 

  0x000001c63da13ae8: ; ImmutableOopMap {rbp=Oop [32]=Oop [40]=Oop }
                      ;*new {reexecute=0 rethrow=0 return_oop=0}
                      ; - java.util.zip.ZipInputStream::read@175 (line 216)
                      ; - java.io.FilterInputStream::read@5 (line 106)
                      ; - kotlin.io.ByteStreamsKt::copyTo@50 (line 110)
  0x000001c63da13ae8: 142e 44ff | baf6 ffff | ff48 8b6c | 2420 8944 | 2420 6690 

  0x000001c63da13afc: ;   {runtime_call UncommonTrapBlob}
  0x000001c63da13afc: c5f8 77e8 

  0x000001c63da13b00: ; ImmutableOopMap {rbp=Oop }
                      ;*invokevirtual update {reexecute=0 rethrow=0 return_oop=0}
                      ; - java.util.zip.ZipInputStream::read@192 (line 218)
                      ; - java.io.FilterInputStream::read@5 (line 106)
                      ; - kotlin.io.ByteStreamsKt::copyTo@50 (line 110)
  0x000001c63da13b00: fc2d 44ff | bade ffff | ff4c 896c | 2440 4489 | 4424 5890 

  0x000001c63da13b14: ;   {runtime_call UncommonTrapBlob}
  0x000001c63da13b14: c5f8 77e8 

  0x000001c63da13b18: ; ImmutableOopMap {rbp=NarrowOop [40]=Oop [48]=Oop [56]=Oop }
                      ;*invokevirtual read {reexecute=0 rethrow=0 return_oop=0}
                      ; - java.util.zip.ZipInputStream::read@166 (line 214)
                      ; - java.io.FilterInputStream::read@5 (line 106)
                      ; - kotlin.io.ByteStreamsKt::copyTo@50 (line 110)
  0x000001c63da13b18: e42d 44ff | 498b d7c5 | f877 49ba | 106a b4c1 | f97f 0000 | 41ff d2e9 | 29f6 ffff | ba8a 0000 
  0x000001c63da13b38: 0066 6690 

  0x000001c63da13b3c: ;   {runtime_call UncommonTrapBlob}
  0x000001c63da13b3c: c5f8 77e8 

  0x000001c63da13b40: ; ImmutableOopMap {rbp=Oop [32]=Oop [48]=Oop }
                      ;*new {reexecute=0 rethrow=0 return_oop=0}
                      ; - java.util.zip.ZipInputStream::read@175 (line 216)
                      ; - java.io.FilterInputStream::read@5 (line 106)
                      ; - kotlin.io.ByteStreamsKt::copyTo@22 (line 106)
  0x000001c63da13b40: bc2d 44ff | baf6 ffff | ff48 8b6c | 2430 8944 | 2420 6690 

  0x000001c63da13b54: ;   {runtime_call UncommonTrapBlob}
  0x000001c63da13b54: c5f8 77e8 

  0x000001c63da13b58: ; ImmutableOopMap {rbp=Oop }
                      ;*invokevirtual update {reexecute=0 rethrow=0 return_oop=0}
                      ; - java.util.zip.ZipInputStream::read@192 (line 218)
                      ; - java.io.FilterInputStream::read@5 (line 106)
                      ; - kotlin.io.ByteStreamsKt::copyTo@22 (line 106)
  0x000001c63da13b58: a42d 44ff | bade ffff | ff4c 8954 | 2428 4489 | 5c24 5090 

  0x000001c63da13b6c: ;   {runtime_call UncommonTrapBlob}
  0x000001c63da13b6c: c5f8 77e8 

  0x000001c63da13b70: ; ImmutableOopMap {rbp=NarrowOop [40]=Oop [48]=Oop [56]=Oop }
                      ;*invokevirtual read {reexecute=0 rethrow=0 return_oop=0}
                      ; - java.util.zip.ZipInputStream::read@166 (line 214)
                      ; - java.io.FilterInputStream::read@5 (line 106)
                      ; - kotlin.io.ByteStreamsKt::copyTo@22 (line 106)
  0x000001c63da13b70: 8c2d 44ff | baf6 ffff | ff44 895c | 2420 8974 | 2424 6690 

  0x000001c63da13b84: ;   {runtime_call UncommonTrapBlob}
  0x000001c63da13b84: c5f8 77e8 

  0x000001c63da13b88: ; ImmutableOopMap {[40]=Oop [48]=Oop }
                      ;*invokestatic arraycopy {reexecute=0 rethrow=0 return_oop=0}
                      ; - java.io.ByteArrayOutputStream::write@29 (line 131)
                      ; - kotlin.io.ByteStreamsKt::copyTo@38 (line 108)
  0x000001c63da13b88: 742d 44ff | baf6 ffff | ff66 6690 

  0x000001c63da13b94: ;   {runtime_call UncommonTrapBlob}
  0x000001c63da13b94: c5f8 77e8 

  0x000001c63da13b98: ; ImmutableOopMap {[40]=Oop }
                      ;*arraylength {reexecute=0 rethrow=0 return_oop=0}
                      ; - java.io.ByteArrayOutputStream::ensureCapacity@4 (line 97)
                      ; - java.io.ByteArrayOutputStream::write@15 (line 130)
                      ; - kotlin.io.ByteStreamsKt::copyTo@38 (line 108)
  0x000001c63da13b98: 642d 44ff | baf6 ffff | ff89 4424 | 2066 6690 

  0x000001c63da13ba8: ;   {runtime_call UncommonTrapBlob}
  0x000001c63da13ba8: c5f8 77e8 

  0x000001c63da13bac: ; ImmutableOopMap {[48]=Oop }
                      ;*invokevirtual update {reexecute=0 rethrow=0 return_oop=0}
                      ; - java.util.zip.ZipInputStream::read@117 (line 202)
                      ; - java.io.FilterInputStream::read@5 (line 106)
                      ; - kotlin.io.ByteStreamsKt::copyTo@50 (line 110)
  0x000001c63da13bac: 502d 44ff | baf6 ffff | ff89 4424 | 2066 6690 

  0x000001c63da13bbc: ;   {runtime_call UncommonTrapBlob}
  0x000001c63da13bbc: c5f8 77e8 

  0x000001c63da13bc0: ; ImmutableOopMap {rbp=Oop }
                      ;*invokevirtual update {reexecute=0 rethrow=0 return_oop=0}
                      ; - java.util.zip.ZipInputStream::read@117 (line 202)
                      ; - java.io.FilterInputStream::read@5 (line 106)
                      ; - kotlin.io.ByteStreamsKt::copyTo@22 (line 106)
  0x000001c63da13bc0: 3c2d 44ff | ba45 ffff | ff4c 8944 | 2420 4489 | 4c24 284c | 895c 2430 

  0x000001c63da13bd8: ;   {runtime_call UncommonTrapBlob}
  0x000001c63da13bd8: c5f8 77e8 

  0x000001c63da13bdc: ; ImmutableOopMap {[32]=Oop [48]=Oop }
                      ;*ifnonnull {reexecute=1 rethrow=0 return_oop=0}
                      ; - (reexecute) kotlin.jvm.internal.Intrinsics::checkNotNullParameter@1 (line 130)
                      ; - kotlin.io.ByteStreamsKt::copyTo@3
  0x000001c63da13bdc: 202d 44ff | ba45 ffff | ff49 8beb | 4489 4c24 | 284c 8944 | 2430 6690 

  0x000001c63da13bf4: ;   {runtime_call UncommonTrapBlob}
  0x000001c63da13bf4: c5f8 77e8 

  0x000001c63da13bf8: ; ImmutableOopMap {rbp=Oop [48]=Oop }
                      ;*ifnonnull {reexecute=1 rethrow=0 return_oop=0}
                      ; - (reexecute) kotlin.jvm.internal.Intrinsics::checkNotNullParameter@1 (line 130)
                      ; - kotlin.io.ByteStreamsKt::copyTo@9
  0x000001c63da13bf8: 042d 44ff | baf6 ffff | ff44 8944 | 2420 6690 

  0x000001c63da13c08: ;   {runtime_call UncommonTrapBlob}
  0x000001c63da13c08: c5f8 77e8 

  0x000001c63da13c0c: ; ImmutableOopMap {[48]=Oop }
                      ;*invokevirtual read {reexecute=0 rethrow=0 return_oop=0}
                      ; - java.util.zip.ZipInputStream::read@166 (line 214)
                      ; - java.io.FilterInputStream::read@5 (line 106)
                      ; - kotlin.io.ByteStreamsKt::copyTo@50 (line 110)
  0x000001c63da13c0c: f02c 44ff | baf6 ffff | ff66 6690 

  0x000001c63da13c18: ;   {runtime_call UncommonTrapBlob}
  0x000001c63da13c18: c5f8 77e8 

  0x000001c63da13c1c: ; ImmutableOopMap {}
                      ;*getfield crc {reexecute=1 rethrow=0 return_oop=0}
                      ; - (reexecute) java.util.zip.ZipInputStream::read@219 (line 220)
                      ; - java.io.FilterInputStream::read@5 (line 106)
                      ; - kotlin.io.ByteStreamsKt::copyTo@50 (line 110)
  0x000001c63da13c1c: e02c 44ff | baf6 ffff | ff66 6690 

  0x000001c63da13c28: ;   {runtime_call UncommonTrapBlob}
  0x000001c63da13c28: c5f8 77e8 

  0x000001c63da13c2c: ; ImmutableOopMap {}
                      ;*invokevirtual getValue {reexecute=0 rethrow=0 return_oop=0}
                      ; - java.util.zip.ZipInputStream::read@226 (line 220)
                      ; - java.io.FilterInputStream::read@5 (line 106)
                      ; - kotlin.io.ByteStreamsKt::copyTo@50 (line 110)
  0x000001c63da13c2c: d02c 44ff | baf6 ffff | ff48 8beb | 4489 5c24 | 2066 6690 

  0x000001c63da13c40: ;   {runtime_call UncommonTrapBlob}
  0x000001c63da13c40: c5f8 77e8 

  0x000001c63da13c44: ; ImmutableOopMap {rbp=Oop }
                      ;*invokevirtual read {reexecute=0 rethrow=0 return_oop=0}
                      ; - java.util.zip.ZipInputStream::read@166 (line 214)
                      ; - java.io.FilterInputStream::read@5 (line 106)
                      ; - kotlin.io.ByteStreamsKt::copyTo@22 (line 106)
  0x000001c63da13c44: b82c 44ff | 488b d84c | 8b5c 2430 | 488d 8424 | b000 0000 | 4881 3800 | 0000 000f | 8483 0000 
  0x000001c63da13c64: 004d 8b13 | 49f7 c202 | 0000 0074 | 6f49 81ba | 8600 0000 | 0000 0000 | 7409 49ff | 8a86 0000 
  0x000001c63da13c84: 00eb 5149 | 8b82 9600 | 0000 490b | 828e 0000 | 0075 0a49 | c742 3e00 | 0000 00eb | 4749 81ba 
  0x000001c63da13ca4: 9e00 0000 | 0000 0000 | 7425 4833 | c049 c742 | 3e00 0000 | 00f0 8304 | 2400 4981 | ba9e 0000 
  0x000001c63da13cc4: 0000 0000 | 0075 0df0 | 4d0f b17a | 3e75 0583 | c801 eb10 | f7c0 0000 | 0000 eb08 | 4c8b 10f0 
  0x000001c63da13ce4: 4d0f b113 | 752e 488b | d3eb 1948 | 8bd0 eb14 | eb08 eb06 | eb0b eb09 | eb00 488b | d0eb 05eb 
  0x000001c63da13d04: 0048 8bd0 | c5f8 7748 | 81c4 c000 

  0x000001c63da13d10: ;   {runtime_call _rethrow_Java}
  0x000001c63da13d10: 0000 5de9 | e8d9 4eff | 498b cb48 | 8d94 24b0 | 0000 004d | 8bc7 c5f8 | 7749 ba60 | 8ff5 c1f9 
  0x000001c63da13d30: 7f00 0041 | ffd2 ebb2 | baf6 ffff | ff66 6690 

  0x000001c63da13d40: ;   {runtime_call UncommonTrapBlob}
  0x000001c63da13d40: c5f8 77e8 

  0x000001c63da13d44: ; ImmutableOopMap {}
                      ;*getfield crc {reexecute=1 rethrow=0 return_oop=0}
                      ; - (reexecute) java.util.zip.ZipInputStream::read@219 (line 220)
                      ; - java.io.FilterInputStream::read@5 (line 106)
                      ; - kotlin.io.ByteStreamsKt::copyTo@22 (line 106)
  0x000001c63da13d44: b82b 44ff | baf6 ffff | ff66 6690 

  0x000001c63da13d50: ;   {runtime_call UncommonTrapBlob}
  0x000001c63da13d50: c5f8 77e8 

  0x000001c63da13d54: ; ImmutableOopMap {}
                      ;*invokevirtual getValue {reexecute=0 rethrow=0 return_oop=0}
                      ; - java.util.zip.ZipInputStream::read@226 (line 220)
                      ; - java.io.FilterInputStream::read@5 (line 106)
                      ; - kotlin.io.ByteStreamsKt::copyTo@22 (line 106)
  0x000001c63da13d54: a82b 44ff 

  0x000001c63da13d58: ;   {internal_word}
  0x000001c63da13d58: 49ba a42f | a13d c601 | 0000 4d89 | 9760 0300 

  0x000001c63da13d68: ;   {runtime_call SafepointBlob}
  0x000001c63da13d68: 00e9 923c | 44ff f4f4 | f4f4 f4f4 | f4f4 f4f4 | f4f4 f4f4 | f4f4 f4f4 
[Stub Code]
  0x000001c63da13d80: ;   {no_reloc}
  0x000001c63da13d80: 48bb 0000 | 0000 0000 

  0x000001c63da13d88: ;   {runtime_call}
  0x000001c63da13d88: 0000 e9fb 

  0x000001c63da13d8c: ;   {static_stub}
  0x000001c63da13d8c: ffff ff48 | bb00 0000 | 0000 0000 

  0x000001c63da13d98: ;   {runtime_call}
  0x000001c63da13d98: 00e9 fbff 

  0x000001c63da13d9c: ;   {static_stub}
  0x000001c63da13d9c: ffff 48bb | 0000 0000 | 0000 0000 

  0x000001c63da13da8: ;   {runtime_call}
  0x000001c63da13da8: e9fb ffff 

  0x000001c63da13dac: ;   {static_stub}
  0x000001c63da13dac: ff48 bb00 | 0000 0000 

  0x000001c63da13db4: ;   {runtime_call}
  0x000001c63da13db4: 0000 00e9 | fbff ffff 

  0x000001c63da13dbc: ;   {static_stub}
  0x000001c63da13dbc: 48bb 0000 | 0000 0000 

  0x000001c63da13dc4: ;   {runtime_call}
  0x000001c63da13dc4: 0000 e9fb 

  0x000001c63da13dc8: ;   {static_stub}
  0x000001c63da13dc8: ffff ff48 | bb00 0000 | 0000 0000 

  0x000001c63da13dd4: ;   {runtime_call}
  0x000001c63da13dd4: 00e9 fbff 

  0x000001c63da13dd8: ;   {static_stub}
  0x000001c63da13dd8: ffff 48bb | 0000 0000 | 0000 0000 

  0x000001c63da13de4: ;   {runtime_call}
  0x000001c63da13de4: e9fb ffff 

  0x000001c63da13de8: ;   {static_stub}
  0x000001c63da13de8: ff48 bb00 | 0000 0000 

  0x000001c63da13df0: ;   {runtime_call}
  0x000001c63da13df0: 0000 00e9 | fbff ffff 
[Exception Handler]
  0x000001c63da13df8: ;   {runtime_call ExceptionBlob}
  0x000001c63da13df8: e983 024e | ffe8 0000 | 0000 4883 

  0x000001c63da13e04: ;   {runtime_call DeoptimizationBlob}
  0x000001c63da13e04: 2c24 05e9 | 942e 44ff | f4f4 f4f4 
[/MachCode]


Compiled method (c2) 349036 19343       4       com.android.tools.build.jetifier.processor.archive.Archive$Builder::extractFile (39 bytes)
 total in heap  [0x000001c63ded1e90,0x000001c63ded3178] = 4840
 relocation     [0x000001c63ded1ff0,0x000001c63ded2060] = 112
 main code      [0x000001c63ded2060,0x000001c63ded2c40] = 3040
 stub code      [0x000001c63ded2c40,0x000001c63ded2c78] = 56
 oops           [0x000001c63ded2c78,0x000001c63ded2cb8] = 64
 metadata       [0x000001c63ded2cb8,0x000001c63ded2d50] = 152
 scopes data    [0x000001c63ded2d50,0x000001c63ded2f70] = 544
 scopes pcs     [0x000001c63ded2f70,0x000001c63ded30b0] = 320
 dependencies   [0x000001c63ded30b0,0x000001c63ded30c0] = 16
 handler table  [0x000001c63ded30c0,0x000001c63ded3150] = 144
 nul chk table  [0x000001c63ded3150,0x000001c63ded3178] = 40

[Constant Pool (empty)]

[MachCode]
[Entry Point]
  # {method} {0x000001c674d48ea0} 'extractFile' '(Ljava/util/zip/ZipInputStream;Ljava/nio/file/Path;Ljava/nio/file/attribute/FileTime;)Lcom/android/tools/build/jetifier/processor/archive/ArchiveFile;' in 'com/android/tools/build/jetifier/processor/archive/Archive$Builder'
  # this:     rdx:rdx   = 'com/android/tools/build/jetifier/processor/archive/Archive$Builder'
  # parm0:    r8:r8     = 'java/util/zip/ZipInputStream'
  # parm1:    r9:r9     = 'java/nio/file/Path'
  # parm2:    rdi:rdi   = 'java/nio/file/attribute/FileTime'
  #           [sp+0x80]  (sp of caller)
  0x000001c63ded2060: 448b 5208 | 49bb 0000 | 004d c601 | 0000 4d03 | d349 3bc2 

  0x000001c63ded2074: ;   {runtime_call ic_miss_stub}
  0x000001c63ded2074: 0f85 06f0 | f7fe 6690 | 0f1f 4000 
[Verified Entry Point]
  0x000001c63ded2080: 8984 2400 | 90ff ff55 | 4883 ec70 | 4889 7c24 | 384c 894c | 2428 4c89 

  0x000001c63ded2098: ;   {oop(a 'java/lang/Class'{0x0000000085fa96a8} = 'com/android/tools/build/jetifier/core/utils/Log')}
  0x000001c63ded2098: 4424 3049 | baa8 96fa | 8500 0000 | 0045 8b5a | 7045 85db | 0f84 5608 | 0000 bdfd | ffff ff41 
  0x000001c63ded20b8: 036b 0c85 | ed0f 8d9d | 0900 0041 | 0fb6 6817 | 498b 8708 | 0100 004c | 8bd0 4983 | c218 4d3b 
  0x000001c63ded20d8: 9718 0100 | 000f 8376 | 0700 004d | 8997 0801 | 0000 410f | 0d8a c000 | 0000 48c7 | 0001 0000 
  0x000001c63ded20f8: ;   {metadata('java/io/ByteArrayOutputStream')}
  0x000001c63ded20f8: 00c7 4008 | e801 1900 | 4489 600c | 4c89 6010 | 4889 4424 | 4085 ed0f | 8563 0900 | 004c 8b54 
  0x000001c63ded2118: 2430 410f | b66a 3485 | ed0f 8575 | 0900 004d | 8b87 0801 | 0000 4d8b | d049 81c2 | 1020 0000 
  0x000001c63ded2138: 4d3b 9718 | 0100 000f | 832c 0700 | 004d 8997 | 0801 0000 | 410f 0d8a | c000 0000 | 49c7 0001 
  0x000001c63ded2158: 0000 0041 | 0f0d 8a00 

  0x000001c63ded2160: ;   {metadata({type array byte})}
  0x000001c63ded2160: 0100 0041 | c740 0828 | 6700 0041 | 0f0d 8a40 | 0100 0041 | c740 0c00 | 2000 0041 | 0f0d 8a80 
  0x000001c63ded2180: 0100 0049 | 8bf8 4883 | c710 b900 | 0400 00c5 | fdef c0e9 | 0d00 0000 | c5fe 7f07 | c5fe 7f47 
  0x000001c63ded21a0: 2048 83c7 | 4048 83e9 | 087d ed48 | 83c1 047c | 0cc5 fe7f | 0748 83c7 | 2048 83e9 | 0448 83c1 
  0x000001c63ded21c0: 047e 1048 | ffc9 c5f9 | d607 4883 | c708 48ff | c97d f34c | 8b54 2440 | 4d8b d84c | 8b4c 2440 
  0x000001c63ded21e0: 4589 5910 | 4d8b d84d | 33da 49c1 | eb14 4d85 | db74 1a49 | c1ea 0948 | b900 0056 | 45c6 0100 
  0x000001c63ded2200: 0049 03ca | 8039 040f | 85db 0400 | 0048 8b54 | 2430 4c8b | 4424 4041 | b900 2000 | 0066 6690 
  0x000001c63ded2220: ;   {static_call}
  0x000001c63ded2220: c5f8 77e8 

  0x000001c63ded2224: ; ImmutableOopMap {[40]=Oop [56]=Oop [64]=Oop }
                      ;*invokestatic copyTo {reexecute=0 rethrow=0 return_oop=0}
                      ; - kotlin.io.ByteStreamsKt::copyTo$default@13 (line 103)
                      ; - kotlin.io.ByteStreamsKt::readBytes@32 (line 136)
                      ; - com.android.tools.build.jetifier.processor.archive.Archive$Builder::extractFile@22 (line 217)
  0x000001c63ded2224: 3808 b4ff | 488d 5c24 | 604c 8b44 | 2440 498b | 0048 f7c0 | 0200 0000 | 7524 4883 | c801 4889 
  0x000001c63ded2244: 03f0 490f | b118 0f84 | 3e00 0000 | 482b c448 | 81e0 07f0 | ffff 4889 | 03e9 2c00 | 0000 4c8b 
  0x000001c63ded2264: d848 33c0 | f04d 0fb1 | 7b3e 48c7 | 0303 0000 | 000f 8413 | 0000 004c | 3bf8 0f85 | 0a00 0000 
  0x000001c63ded2284: 49ff 8386 | 0000 0048 | 33c0 0f85 | f806 0000 | 4c8b 5424 | 4045 8b5a | 0c41 81fb | 0000 1000 
  0x000001c63ded22a4: 0f87 6e06 | 0000 4d63 | cb4c 8b54 | 2440 458b | 4210 418b | 580c 413b | db41 8bcb | 0f4c cb3b 
  0x000001c63ded22c4: d90f 82de | 0600 0044 | 3bd9 0f82 | d506 0000 | 4983 c117 | 498b d948 | 83e3 f841 | 81fb 0000 
  0x000001c63ded22e4: 1000 0f87 | c905 0000 | 498b bf08 | 0100 004c | 8bd7 4c03 | d34d 3b97 | 1801 0000 | 0f83 af05 
  0x000001c63ded2304: 0000 4d89 | 9708 0100 | 0041 0f0d | 8ac0 0000 | 0048 c707 | 0100 0000 | 410f 0d8a | 0001 0000 
  0x000001c63ded2324: ;   {metadata({type array byte})}
  0x000001c63ded2324: c747 0828 | 6700 0044 | 895f 0c41 | 0f0d 8a40 | 0100 0041 | 0f0d 8a80 | 0100 0048 | 897c 2448 
  0x000001c63ded2344: 488b d748 | 83c2 1049 | c1e9 0385 | c90f 84c9 | 0500 004d | 8bd0 498d | 7010 413b | cb0f 8c55 
  0x000001c63ded2364: 0200 0048 | 83c3 f048 | c1eb 0348 | 8bce 4c8b | c3c5 f877 | 49ba 6086 | e33c c601 | 0000 41ff 
  0x000001c63ded2384: d248 8d44 | 2460 4c8b | 5c24 4048 | 8138 0000 | 0000 0f84 | 8300 0000 | 4d8b 1349 | f7c2 0200 
  0x000001c63ded23a4: 0000 746f | 4981 ba86 | 0000 0000 | 0000 0074 | 0949 ff8a | 8600 0000 | eb51 498b | 8296 0000 
  0x000001c63ded23c4: 0049 0b82 | 8e00 0000 | 750a 49c7 | 423e 0000 | 0000 eb47 | 4981 ba9e | 0000 0000 | 0000 0074 
  0x000001c63ded23e4: 2548 33c0 | 49c7 423e | 0000 0000 | f083 0424 | 0049 81ba | 9e00 0000 | 0000 0000 | 750d f04d 
  0x000001c63ded2404: 0fb1 7a3e | 7505 83c8 | 01eb 10f7 | c000 0000 | 00eb 084c | 8b10 f04d | 0fb1 130f | 85ab 0500 
  0x000001c63ded2424: 0049 8b87 | 0801 0000 | 4c8b d049 | 83c2 204d | 3b97 1801 | 0000 0f83 | 5804 0000 | 4d89 9708 
  0x000001c63ded2444: 0100 0041 | 0f0d 8ac0 | 0000 0048 | c700 0100 

  0x000001c63ded2454: ;   {metadata('com/android/tools/build/jetifier/processor/archive/ArchiveFile')}
  0x000001c63ded2454: 0000 c740 | 08f8 c1f9 | 0144 8960 | 0c4c 8960 | 104c 8960 | 1848 8be8 | 488b 7424 | 288b 7e08 
  0x000001c63ded2474: 4c8b d54c | 8b4c 2438 | 4d8b c144 | 8945 1c4d | 8bd9 4d33 | da48 8bde | 49c1 eb14 | 4d85 db74 
  0x000001c63ded2494: 1f4d 85c9 | 741a 49c1 | ea09 48b9 | 0000 5645 | c601 0000 | 4903 ca80 | 3904 0f85 | 1303 0000 
  0x000001c63ded24b4: 4180 7f38 | 000f 8590 | 0100 0089 | 5d10 4c8b | d64c 8bdd | 4d33 d349 | c1ea 144d | 85d2 741a 
  0x000001c63ded24d4: 49c1 eb09 | 48b9 0000 | 5645 c601 | 0000 4903 | cb80 3904 | 0f85 4302 

  0x000001c63ded24ec: ;   {metadata('sun/nio/fs/WindowsPath')}
  0x000001c63ded24ec: 0000 81ff | 08a9 1100 | 0f85 f604 | 0000 488b | d666 6690 

  0x000001c63ded2500: ;   {optimized virtual_call}
  0x000001c63ded2500: c5f8 77e8 

  0x000001c63ded2504: ; ImmutableOopMap {rbp=Oop [72]=Oop }
                      ;*invokeinterface getFileName {reexecute=0 rethrow=0 return_oop=1}
                      ; - com.android.tools.build.jetifier.processor.archive.ArchiveFile::<init>@28 (line 37)
                      ; - com.android.tools.build.jetifier.processor.archive.Archive$Builder::extractFile@35 (line 218)
  0x000001c63ded2504: f811 bfff | 488b d844 

  0x000001c63ded250c: ;   {metadata('sun/nio/fs/WindowsPath')}
  0x000001c63ded250c: 8b50 0841 | 81fa 08a9 | 1100 0f85 | e804 0000 | 4180 7f38 | 000f 858e | 0100 0044 | 8b53 1c44 
  0x000001c63ded252c: 8955 1448 | 8b7c 2448 | 488b df4d | 8bda 4c8b | c54d 33d8 | 49c1 eb14 | 4d85 db74 | 1f45 85d2 
  0x000001c63ded254c: 741a 49c1 | e809 48b9 | 0000 5645 | c601 0000 | 4903 c880 | 3904 0f85 | a802 0000 | 4180 7f38 
  0x000001c63ded256c: 000f 850f | 0100 0089 | 5d18 4c8b | d74c 8bdd | 4d33 d349 | c1ea 144d | 85d2 741b | 49c1 eb09 
  0x000001c63ded258c: 49b8 0000 | 5645 c601 | 0000 4d03 | c341 8038 | 040f 85d7 | 0100 0048 | 8bc5 c5f8 | 7748 83c4 
  0x000001c63ded25ac: ;   {poll_return}
  0x000001c63ded25ac: 705d 493b | a748 0300 | 000f 8753 | 0600 00c3 | 4c63 c14d | 8bd0 4983 | c210 4d8b | da49 83e3 
  0x000001c63ded25cc: f849 03fb | 49c1 ea03 | 4d2b ca49 | 8bc9 4833 | c048 83f9 | 087f 1048 | ffc9 784f | 4889 04cf 
  0x000001c63ded25ec: 48ff c97d | f7eb 44c5 | fdef c0e9 | 0d00 0000 | c5fe 7f07 | c5fe 7f47 | 2048 83c7 | 4048 83e9 
  0x000001c63ded260c: 087d ed48 | 83c1 047c | 0cc5 fe7f | 0748 83c7 | 2048 83e9 | 0448 83c1 | 047e 1048 | ffc9 c5f9 
  0x000001c63ded262c: d607 4883 | c708 48ff | c97d f348 | 8bce c5f8 | 7749 ba60 | 7fe3 3cc6 | 0100 0041 | ffd2 e936 
  0x000001c63ded264c: fdff ff44 | 8b55 1045 | 85d2 0f84 | 63fe ffff | 4d8b 5f20 | 498b ca4d | 85db 0f84 | ac03 0000 
  0x000001c63ded266c: 4d8b 5730 | 4b89 4c1a | f849 83c3 | f84d 895f | 20e9 3dfe | ffff 448b | 5d18 4585 | db0f 84e4 
  0x000001c63ded268c: feff ff4d | 8b57 2049 | 8bcb 4d85 | d20f 8491 | 0300 004d | 8b5f 304b | 894c 13f8 | 4983 c2f8 
  0x000001c63ded26ac: 4d89 5720 | e9be feff | ff44 8b5d | 1445 85db | 0f84 65fe | ffff 4d8b | 5720 498b | cb4d 85d2 
  0x000001c63ded26cc: 0f84 7603 | 0000 4d8b | 5f30 4b89 | 4c13 f849 | 83c2 f84d | 8957 20e9 | 3ffe ffff | 4d8b 5740 
  0x000001c63ded26ec: 4d8b 5f50 | f083 4424 | c000 8039 | 000f 840e | fbff ff44 | 8821 4d85 | d275 1849 | 8bd7 c5f8 
  0x000001c63ded270c: 7749 baf0 | 69b4 c1f9 | 7f00 0041 | ffd2 e9ee | faff ff4b | 894c 13f8 | 4983 c2f8 | 4d89 5740 
  0x000001c63ded272c: e9dc faff | ff4d 8b57 | 404d 8b5f | 50f0 8344 | 24c0 0080 | 3900 0f84 | a6fd ffff | 4488 214d 
  0x000001c63ded274c: 85d2 7518 | 498b d7c5 | f877 49ba | f069 b4c1 | f97f 0000 | 41ff d2e9 | 86fd ffff | 4b89 4c13 
  0x000001c63ded276c: f849 83c2 | f84d 8957 | 40e9 74fd | ffff 4d8b | 5740 4d8b | 5f50 f083 | 4424 c000 | 4180 3800 
  0x000001c63ded278c: 0f84 11fe | ffff 4588 | 204d 85d2 | 751b 498b | c849 8bd7 | c5f8 7749 | baf0 69b4 | c1f9 7f00 
  0x000001c63ded27ac: 0041 ffd2 | e9ee fdff | ff4f 8944 | 13f8 4983 | c2f8 4d89 | 5740 e9dc | fdff ff4d | 8b57 404d 
  0x000001c63ded27cc: 8b5f 50f0 | 8344 24c0 | 0080 3900 | 0f84 d6fc | ffff 4488 | 214d 85d2 | 7518 498b | d7c5 f877 
  0x000001c63ded27ec: 49ba f069 | b4c1 f97f | 0000 41ff | d2e9 b6fc | ffff 4b89 | 4c13 f849 | 83c2 f84d | 8957 40e9 
  0x000001c63ded280c: a4fc ffff | 4d8b 5740 | 4d8b 5f50 | f083 4424 | c000 8039 | 000f 8441 | fdff ff44 | 8821 4d85 
  0x000001c63ded282c: d275 1849 | 8bd7 c5f8 | 7749 baf0 | 69b4 c1f9 | 7f00 0041 | ffd2 e921 | fdff ff4b | 894c 13f8 
  0x000001c63ded284c: 4983 c2f8 | 4d89 5740 | e90f fdff 

  0x000001c63ded2858: ;   {metadata('java/io/ByteArrayOutputStream')}
  0x000001c63ded2858: ff48 bae8 | 0119 4dc6 | 0100 0090 

  0x000001c63ded2864: ;   {runtime_call _new_instance_Java}
  0x000001c63ded2864: c5f8 77e8 

  0x000001c63ded2868: ; ImmutableOopMap {[40]=Oop [48]=Oop [56]=Oop }
                      ;*new {reexecute=0 rethrow=0 return_oop=1}
                      ; - kotlin.io.ByteStreamsKt::readBytes@6 (line 135)
                      ; - com.android.tools.build.jetifier.processor.archive.Archive$Builder::extractFile@22 (line 217)
  0x000001c63ded2868: 94b7 02ff | e997 f8ff 

  0x000001c63ded2870: ;   {metadata({type array byte})}
  0x000001c63ded2870: ff48 ba28 | 6700 4dc6 | 0100 0041 | b800 2000 | 0048 8b6c | 2428 6690 

  0x000001c63ded2888: ;   {runtime_call _new_array_Java}
  0x000001c63ded2888: c5f8 77e8 

  0x000001c63ded288c: ; ImmutableOopMap {rbp=Oop [40]=Oop [48]=Oop [56]=Oop [64]=Oop }
                      ;*newarray {reexecute=0 rethrow=0 return_oop=1}
                      ; - java.io.ByteArrayOutputStream::<init>@37 (line 81)
                      ; - kotlin.io.ByteStreamsKt::readBytes@20 (line 135)
                      ; - com.android.tools.build.jetifier.processor.archive.Archive$Builder::extractFile@22 (line 217)
  0x000001c63ded288c: 70ba 02ff | 4c8b c0e9 | 3bf9 ffff 

  0x000001c63ded2898: ;   {metadata('com/android/tools/build/jetifier/processor/archive/ArchiveFile')}
  0x000001c63ded2898: 48ba f8c1 | f94e c601 | 0000 488b | 6c24 2890 

  0x000001c63ded28a8: ;   {runtime_call _new_instance_Java}
  0x000001c63ded28a8: c5f8 77e8 

  0x000001c63ded28ac: ; ImmutableOopMap {rbp=Oop [40]=Oop [56]=Oop [72]=Oop }
                      ;*new {reexecute=0 rethrow=0 return_oop=1}
                      ; - com.android.tools.build.jetifier.processor.archive.Archive$Builder::extractFile@27 (line 218)
  0x000001c63ded28ac: 50b7 02ff | e9b4 fbff | ff48 895c | 2450 894c | 2448 4489 | 4424 244c | 894c 2430 | 4489 5c24 
  0x000001c63ded28cc: 2048 8b6c 

  0x000001c63ded28d0: ;   {metadata({type array byte})}
  0x000001c63ded28d0: 2440 48ba | 2867 004d | c601 0000 | 458b c390 

  0x000001c63ded28e0: ;   {runtime_call _new_array_nozero_Java}
  0x000001c63ded28e0: c5f8 77e8 

  0x000001c63ded28e4: ; ImmutableOopMap {rbp=Oop [36]=NarrowOop [40]=Oop [56]=Oop [64]=Oop }
                      ;*newarray {reexecute=0 rethrow=0 return_oop=1}
                      ; - java.util.Arrays::copyOf@1 (line 3537)
                      ; - java.io.ByteArrayOutputStream::toByteArray@8 (line 185)
                      ; - kotlin.io.ByteStreamsKt::readBytes@37 (line 137)
                      ; - com.android.tools.build.jetifier.processor.archive.Archive$Builder::extractFile@22 (line 217)
  0x000001c63ded28e4: 18bd 02ff | 448b 5c24 | 204c 8b4c | 2430 448b | 4424 248b | 4c24 4848 | 8b5c 2450 | 488b f8e9 
  0x000001c63ded2904: 37fa ffff | baf6 ffff | ff66 6690 

  0x000001c63ded2910: ;   {runtime_call UncommonTrapBlob}
  0x000001c63ded2910: c5f8 77e8 

  0x000001c63ded2914: ; ImmutableOopMap {}
                      ;*invokevirtual compareTo {reexecute=0 rethrow=0 return_oop=0}
                      ; - com.android.tools.build.jetifier.core.utils.Log::v@27 (line 54)
                      ; - com.android.tools.build.jetifier.processor.archive.Archive$Builder::extractFile@15 (line 215)
  0x000001c63ded2914: e83f f8fe | 4d63 cbe9 | 8df9 ffff | 4983 c1fe | 498b c948 | 8bfa 4833 | c048 83f9 | 087f 1048 
  0x000001c63ded2934: ffc9 784f | 4889 04cf | 48ff c97d | f7eb 44c5 | fdef c0e9 | 0d00 0000 | c5fe 7f07 | c5fe 7f47 
  0x000001c63ded2954: 2048 83c7 | 4048 83e9 | 087d ed48 | 83c1 047c | 0cc5 fe7f | 0748 83c7 | 2048 83e9 | 0448 83c1 
  0x000001c63ded2974: 047e 1048 | ffc9 c5f9 | d607 4883 | c708 48ff | c97d f3e9 | f9f9 ffff | 498b d04c | 8d44 2460 
  0x000001c63ded2994: 488b 6c24 | 2866 6690 

  0x000001c63ded299c: ;   {runtime_call _complete_monitor_locking_Java}
  0x000001c63ded299c: c5f8 77e8 

  0x000001c63ded29a0: ; ImmutableOopMap {rbp=Oop [40]=Oop [56]=Oop [64]=Oop }
                      ;*synchronization entry
                      ; - java.io.ByteArrayOutputStream::toByteArray@-1 (line 185)
                      ; - kotlin.io.ByteStreamsKt::readBytes@37 (line 137)
                      ; - com.android.tools.build.jetifier.processor.archive.Archive$Builder::extractFile@22 (line 217)
  0x000001c63ded29a0: dc83 02ff | e9eb f8ff | ffba ccff | ffff 488b | 6c24 284c | 8b54 2438 | 4c89 5424 | 2044 8944 
  0x000001c63ded29c0: 2430 4489 | 5c24 3890 

  0x000001c63ded29c8: ;   {runtime_call UncommonTrapBlob}
  0x000001c63ded29c8: c5f8 77e8 

  0x000001c63ded29cc: ; ImmutableOopMap {rbp=Oop [32]=Oop [48]=NarrowOop [64]=Oop }
                      ;*newarray {reexecute=1 rethrow=0 return_oop=0}
                      ; - (reexecute) java.util.Arrays::copyOf@1 (line 3537)
                      ; - java.io.ByteArrayOutputStream::toByteArray@8 (line 185)
                      ; - kotlin.io.ByteStreamsKt::readBytes@37 (line 137)
                      ; - com.android.tools.build.jetifier.processor.archive.Archive$Builder::extractFile@22 (line 217)
  0x000001c63ded29cc: 303f f8fe | 498b cb48 | 8d54 2460 | 4d8b c7c5 | f877 49ba | 608f f5c1 | f97f 0000 | 41ff d2e9 
  0x000001c63ded29ec: 35fa ffff | ba66 ffff | ff48 8974 | 2420 6690 

  0x000001c63ded29fc: ;   {runtime_call UncommonTrapBlob}
  0x000001c63ded29fc: c5f8 77e8 

  0x000001c63ded2a00: ; ImmutableOopMap {rbp=Oop [32]=Oop [72]=Oop }
                      ;*invokeinterface getFileName {reexecute=0 rethrow=0 return_oop=0}
                      ; - com.android.tools.build.jetifier.processor.archive.ArchiveFile::<init>@28 (line 37)
                      ; - com.android.tools.build.jetifier.processor.archive.Archive$Builder::extractFile@35 (line 218)
  0x000001c63ded2a00: fc3e f8fe | bade ffff | ff48 8944 | 2430 6690 

  0x000001c63ded2a10: ;   {runtime_call UncommonTrapBlob}
  0x000001c63ded2a10: c5f8 77e8 

  0x000001c63ded2a14: ; ImmutableOopMap {rbp=Oop [48]=Oop [72]=Oop }
                      ;*invokevirtual toString {reexecute=0 rethrow=0 return_oop=0}
                      ; - com.android.tools.build.jetifier.processor.archive.ArchiveFile::<init>@33 (line 37)
                      ; - com.android.tools.build.jetifier.processor.archive.Archive$Builder::extractFile@35 (line 218)
  0x000001c63ded2a14: e83e f8fe | 498b d7c5 | f877 49ba | 106a b4c1 | f97f 0000 | 41ff d2e9 | 8ffa ffff | 498b d7c5 
  0x000001c63ded2a34: f877 49ba | 106a b4c1 | f97f 0000 | 41ff d2e9 | 2bfb ffff | 498b d7c5 | f877 49ba | 106a b4c1 
  0x000001c63ded2a54: f97f 0000 | 41ff d2e9 | c7fa ffff | ba45 ffff | ff4c 8944 | 2420 4889 | 7c24 3090 

  0x000001c63ded2a70: ;   {runtime_call UncommonTrapBlob}
  0x000001c63ded2a70: c5f8 77e8 

  0x000001c63ded2a74: ; ImmutableOopMap {[32]=Oop [40]=Oop [48]=Oop }
                      ;*iflt {reexecute=1 rethrow=0 return_oop=0}
                      ; - (reexecute) com.android.tools.build.jetifier.core.utils.Log::v@30 (line 54)
                      ; - com.android.tools.build.jetifier.processor.archive.Archive$Builder::extractFile@15 (line 215)
  0x000001c63ded2a74: 883e f8fe | ba45 ffff | ff4c 8b54 | 2428 4c89 | 5424 204c | 8b54 2438 | 4c89 5424 | 2866 6690 
  0x000001c63ded2a94: ;   {runtime_call UncommonTrapBlob}
  0x000001c63ded2a94: c5f8 77e8 

  0x000001c63ded2a98: ; ImmutableOopMap {[32]=Oop [40]=Oop [48]=Oop [64]=Oop }
                      ;*ifeq {reexecute=1 rethrow=0 return_oop=0}
                      ; - (reexecute) java.util.zip.ZipInputStream::ensureOpen@4 (line 68)
                      ; - java.util.zip.ZipInputStream::available@1 (line 158)
                      ; - kotlin.io.ByteStreamsKt::readBytes@14 (line 135)
                      ; - com.android.tools.build.jetifier.processor.archive.Archive$Builder::extractFile@22 (line 217)
  0x000001c63ded2a98: 643e f8fe | ba45 ffff | ff4c 8b54 | 2428 4c89 | 5424 204c | 8b54 2438 | 4c89 5424 | 2866 6690 
  0x000001c63ded2ab8: ;   {runtime_call UncommonTrapBlob}
  0x000001c63ded2ab8: c5f8 77e8 

  0x000001c63ded2abc: ; ImmutableOopMap {[32]=Oop [40]=Oop [48]=Oop [64]=Oop }
                      ;*ifeq {reexecute=1 rethrow=0 return_oop=0}
                      ; - (reexecute) java.util.zip.ZipInputStream::available@8 (line 159)
                      ; - kotlin.io.ByteStreamsKt::readBytes@14 (line 135)
                      ; - com.android.tools.build.jetifier.processor.archive.Archive$Builder::extractFile@22 (line 217)
  0x000001c63ded2abc: 403e f8fe | ba5c ffff | ff49 8be9 

  0x000001c63ded2ac8: ;   {runtime_call UncommonTrapBlob}
  0x000001c63ded2ac8: c5f8 77e8 

  0x000001c63ded2acc: ; ImmutableOopMap {rbp=Oop [48]=Oop [56]=Oop }
                      ;*ifnonnull {reexecute=1 rethrow=0 return_oop=0}
                      ; - (reexecute) kotlin.jvm.internal.Intrinsics::checkNotNullParameter@1 (line 130)
                      ; - kotlin.io.ByteStreamsKt::readBytes@3
                      ; - com.android.tools.build.jetifier.processor.archive.Archive$Builder::extractFile@22 (line 217)
  0x000001c63ded2acc: 303e f8fe | baf6 ffff | ff48 8b6c | 2428 4c8b | 5424 384c | 8954 2420 | 4489 4424 | 3044 895c 
  0x000001c63ded2aec: 2438 6690 

  0x000001c63ded2af0: ;   {runtime_call UncommonTrapBlob}
  0x000001c63ded2af0: c5f8 77e8 

  0x000001c63ded2af4: ; ImmutableOopMap {rbp=Oop [32]=Oop [48]=NarrowOop [64]=Oop }
                      ;*newarray {reexecute=1 rethrow=0 return_oop=0}
                      ; - (reexecute) java.util.Arrays::copyOf@1 (line 3537)
                      ; - java.io.ByteArrayOutputStream::toByteArray@8 (line 185)
                      ; - kotlin.io.ByteStreamsKt::readBytes@37 (line 137)
                      ; - com.android.tools.build.jetifier.processor.archive.Archive$Builder::extractFile@22 (line 217)
  0x000001c63ded2af4: 083e f8fe | ba5c ffff | ff48 8974 | 2420 4c8b | 5424 384c | 8954 2428 

  0x000001c63ded2b0c: ;   {runtime_call UncommonTrapBlob}
  0x000001c63ded2b0c: c5f8 77e8 

  0x000001c63ded2b10: ; ImmutableOopMap {rbp=Oop [32]=Oop [40]=Oop [72]=Oop }
                      ;*ifnonnull {reexecute=1 rethrow=0 return_oop=0}
                      ; - (reexecute) kotlin.jvm.internal.Intrinsics::checkParameterIsNotNull@1 (line 124)
                      ; - com.android.tools.build.jetifier.processor.archive.ArchiveFile::<init>@3
                      ; - com.android.tools.build.jetifier.processor.archive.Archive$Builder::extractFile@35 (line 218)
  0x000001c63ded2b10: ec3d f8fe | baf6 ffff | ff66 6690 

  0x000001c63ded2b1c: ;   {runtime_call UncommonTrapBlob}
  0x000001c63ded2b1c: c5f8 77e8 

  0x000001c63ded2b20: ; ImmutableOopMap {}
                      ;*invokevirtual toString {reexecute=0 rethrow=0 return_oop=0}
                      ; - com.android.tools.build.jetifier.processor.archive.ArchiveFile::<init>@33 (line 37)
                      ; - com.android.tools.build.jetifier.processor.archive.Archive$Builder::extractFile@35 (line 218)
  0x000001c63ded2b20: dc3d f8fe | 488b d0e9 | d500 0000 | 488b d8e9 | c500 0000 | 488b d8e9 | bd00 0000 | 488b d84c 
  0x000001c63ded2b40: 8bdd 488d | 4424 6048 | 8138 0000 | 0000 0f84 | 8300 0000 | 4d8b 1349 | f7c2 0200 | 0000 746f 
  0x000001c63ded2b60: 4981 ba86 | 0000 0000 | 0000 0074 | 0949 ff8a | 8600 0000 | eb51 498b | 8296 0000 | 0049 0b82 
  0x000001c63ded2b80: 8e00 0000 | 750a 49c7 | 423e 0000 | 0000 eb47 | 4981 ba9e | 0000 0000 | 0000 0074 | 2548 33c0 
  0x000001c63ded2ba0: 49c7 423e | 0000 0000 | f083 0424 | 0049 81ba | 9e00 0000 | 0000 0000 | 750d f04d | 0fb1 7a3e 
  0x000001c63ded2bc0: 7505 83c8 | 01eb 10f7 | c000 0000 | 00eb 084c | 8b10 f04d | 0fb1 1374 | 2049 8bcb | 488d 5424 
  0x000001c63ded2be0: 604d 8bc7 | c5f8 7749 | ba60 8ff5 | c1f9 7f00 | 0041 ffd2 | eb03 488b | d848 8bd3 | eb03 488b 
  0x000001c63ded2c00: d0c5 f877 | 4883 c470 

  0x000001c63ded2c08: ;   {runtime_call _rethrow_Java}
  0x000001c63ded2c08: 5de9 f2ea 

  0x000001c63ded2c0c: ;   {internal_word}
  0x000001c63ded2c0c: 02ff 49ba | ae25 ed3d | c601 0000 | 4d89 9760 

  0x000001c63ded2c1c: ;   {runtime_call SafepointBlob}
  0x000001c63ded2c1c: 0300 00e9 | dc4d f8fe | f4f4 f4f4 | f4f4 f4f4 | f4f4 f4f4 | f4f4 f4f4 | f4f4 f4f4 | f4f4 f4f4 
  0x000001c63ded2c3c: f4f4 f4f4 
[Stub Code]
  0x000001c63ded2c40: ;   {no_reloc}
  0x000001c63ded2c40: 48bb 0000 | 0000 0000 

  0x000001c63ded2c48: ;   {runtime_call}
  0x000001c63ded2c48: 0000 e9fb 

  0x000001c63ded2c4c: ;   {static_stub}
  0x000001c63ded2c4c: ffff ff48 | bb00 0000 | 0000 0000 

  0x000001c63ded2c58: ;   {runtime_call}
  0x000001c63ded2c58: 00e9 fbff 

  0x000001c63ded2c5c: ;   {runtime_call ExceptionBlob}
  0x000001c63ded2c5c: ffff e91d | 1402 ffe8 | 0000 0000 | 4883 2c24 

  0x000001c63ded2c6c: ;   {runtime_call DeoptimizationBlob}
  0x000001c63ded2c6c: 05e9 2e40 | f8fe f4f4 | f4f4 f4f4 
[/MachCode]


---------------  P R O C E S S  ---------------

Threads class SMR info:
_java_thread_list=0x000001c67740f920, length=207, elements={
0x000001c62c75fd50, 0x000001c64c5d98a0, 0x000001c64c5dc180, 0x000001c64c5f2f60,
0x000001c64c5f3830, 0x000001c64c5f4100, 0x000001c64c5f49d0, 0x000001c64c5f75e0,
0x000001c64c609f10, 0x000001c64c60e500, 0x000001c66c105040, 0x000001c66c2070a0,
0x000001c66d37fc80, 0x000001c66d68f630, 0x000001c66d6698a0, 0x000001c66d8d7f20,
0x000001c66ce793f0, 0x000001c66d68bdd0, 0x000001c66d68c2e0, 0x000001c66d68c7f0,
0x000001c66d68cd00, 0x000001c66d68a480, 0x000001c66d689f70, 0x000001c66d68d210,
0x000001c66d68a990, 0x000001c66d68b8c0, 0x000001c66d68aea0, 0x000001c66d68b3b0,
0x000001c66e2ee780, 0x000001c66e2ed850, 0x000001c66e2ec920, 0x000001c66e2edd60,
0x000001c66e2eafd0, 0x000001c66e2ed340, 0x000001c66e2ebf00, 0x000001c66e2eb4e0,
0x000001c66e2ef1a0, 0x000001c66e2f2950, 0x000001c66e2ef6b0, 0x000001c66e2f00d0,
0x000001c66e2f05e0, 0x000001c66e2ece30, 0x000001c66e2f1a20, 0x000001c66e2f0af0,
0x000001c66e2f1000, 0x000001c66e2f2440, 0x000001c66e2f1510, 0x000001c66e2f1f30,
0x000001c66e6f05a0, 0x000001c66e6f0ab0, 0x000001c66e6f0fc0, 0x000001c66e6f19e0,
0x000001c66e6f3840, 0x000001c66e6f14d0, 0x000001c66e6f1ef0, 0x000001c66e6f2400,
0x000001c66e6f2910, 0x000001c66e6f0090, 0x000001c66e6f56a0, 0x000001c66e6f3330,
0x000001c66e6f4770, 0x000001c66e6f4260, 0x000001c66e6f60c0, 0x000001c66e6f4c80,
0x000001c66e6f5bb0, 0x000001c66e6f65d0, 0x000001c66e6f6ae0, 0x000001c66e6f7500,
0x000001c66fc42d00, 0x000001c66fc43c30, 0x000001c66fc43720, 0x000001c66fc413b0,
0x000001c66fc43210, 0x000001c66fc44650, 0x000001c66fc40ea0, 0x000001c66fc422e0,
0x000001c66fc44140, 0x000001c66fc44b60, 0x000001c66fc45070, 0x000001c66fc418c0,
0x000001c66fc45580, 0x000001c66fc45a90, 0x000001c66fc47e00, 0x000001c66fc48310,
0x000001c66fc46ed0, 0x000001c66fc478f0, 0x000001c66fc48820, 0x000001c66fc45fa0,
0x000001c66fc473e0, 0x000001c66fc464b0, 0x000001c66fc469c0, 0x000001c66e47f450,
0x000001c66e4817c0, 0x000001c66e47e520, 0x000001c66e480890, 0x000001c66e4812b0,
0x000001c66e480da0, 0x000001c66e47e010, 0x000001c66e481cd0, 0x000001c66e4821e0,
0x000001c66e47ea30, 0x000001c66e4826f0, 0x000001c66e47ef40, 0x000001c66e482c00,
0x000001c66e483110, 0x000001c66e484550, 0x000001c66e484a60, 0x000001c6777d1ad0,
0x000001c6777d3420, 0x000001c6777d1fe0, 0x000001c6777d3930, 0x000001c6777d24f0,
0x000001c6777d2a00, 0x000001c6777d2f10, 0x000001c6777d3e40, 0x000001c6777d0690,
0x000001c6777d4350, 0x000001c6777d0ba0, 0x000001c6777d4d70, 0x000001c6777d15c0,
0x000001c6777d5280, 0x000001c6777d7b00, 0x000001c6777d8010, 0x000001c6777d6bd0,
0x000001c6777d5790, 0x000001c6777d5ca0, 0x000001c6777d61b0, 0x000001c6777d70e0,
0x000001c6777d66c0, 0x000001c6715fd2e0, 0x000001c6715ff140, 0x000001c6715ff650,
0x000001c6715ffb60, 0x000001c6715fd7f0, 0x000001c6715fdd00, 0x000001c6715fc8c0,
0x000001c6715fc3b0, 0x000001c6715fe720, 0x000001c671600070, 0x000001c6715fec30,
0x000001c671600fa0, 0x000001c6716014b0, 0x000001c6716019c0, 0x000001c6715fe210,
0x000001c671603310, 0x000001c671601ed0, 0x000001c6716023e0, 0x000001c6716028f0,
0x000001c671602e00, 0x000001c671603820, 0x000001c671603d30, 0x000001c6776fc9c0,
0x000001c6776fced0, 0x000001c6776f9720, 0x000001c6776fba90, 0x000001c6776fbfa0,
0x000001c6776fd3e0, 0x000001c6776fb580, 0x000001c6776fb070, 0x000001c6776f9c30,
0x000001c6776fa140, 0x000001c6776fc4b0, 0x000001c6776fde00, 0x000001c6776fa650,
0x000001c6776fe310, 0x000001c6776fab60, 0x000001c6776ff750, 0x000001c6776fe820,
0x000001c6776ffc60, 0x000001c677700170, 0x000001c6776fed30, 0x000001c6776ff240,
0x000001c677700680, 0x000001c6777010a0, 0x000001c66d68d720, 0x000001c677e9c670,
0x000001c677e9ad20, 0x000001c677e9b230, 0x000001c677e9c160, 0x000001c677e99df0,
0x000001c677e9bc50, 0x000001c677e9cb80, 0x000001c677e9b740, 0x000001c677e993d0,
0x000001c677e9d090, 0x000001c677e998e0, 0x000001c677e9f400, 0x000001c677e9dfc0,
0x000001c677e9e4d0, 0x000001c677e9e9e0, 0x000001c677e9eef0, 0x000001c677e9fe20,
0x000001c677ea0330, 0x000001c677e9f910, 0x000001c6798cfdb0, 0x000001c6798ce460,
0x000001c6798cf8a0, 0x000001c6798cee80, 0x000001c6798cda40, 0x000001c6798d02c0,
0x000001c6798ce970, 0x000001c6798cdf50, 0x000001c6798cd530, 0x000001c6798d07d0,
0x000001c6798cd020, 0x000001c6798d11f0, 0x000001c6798d3a70
}

Java Threads: ( => current thread )
  0x000001c62c75fd50 JavaThread "main" [_thread_blocked, id=26504, stack(0x0000000323d00000,0x0000000323e00000)]
  0x000001c64c5d98a0 JavaThread "Reference Handler" daemon [_thread_blocked, id=21892, stack(0x0000000324400000,0x0000000324500000)]
  0x000001c64c5dc180 JavaThread "Finalizer" daemon [_thread_blocked, id=24156, stack(0x0000000324500000,0x0000000324600000)]
  0x000001c64c5f2f60 JavaThread "Signal Dispatcher" daemon [_thread_blocked, id=23368, stack(0x0000000324600000,0x0000000324700000)]
  0x000001c64c5f3830 JavaThread "Attach Listener" daemon [_thread_blocked, id=3356, stack(0x0000000324700000,0x0000000324800000)]
  0x000001c64c5f4100 JavaThread "Service Thread" daemon [_thread_blocked, id=15080, stack(0x0000000324800000,0x0000000324900000)]
  0x000001c64c5f49d0 JavaThread "Monitor Deflation Thread" daemon [_thread_blocked, id=25024, stack(0x0000000324900000,0x0000000324a00000)]
  0x000001c64c5f75e0 JavaThread "C2 CompilerThread0" daemon [_thread_blocked, id=24044, stack(0x0000000324a00000,0x0000000324b00000)]
  0x000001c64c609f10 JavaThread "C1 CompilerThread0" daemon [_thread_blocked, id=16800, stack(0x0000000324b00000,0x0000000324c00000)]
  0x000001c64c60e500 JavaThread "Sweeper thread" daemon [_thread_blocked, id=25708, stack(0x0000000324c00000,0x0000000324d00000)]
  0x000001c66c105040 JavaThread "Common-Cleaner" daemon [_thread_blocked, id=4832, stack(0x0000000324d00000,0x0000000324e00000)]
  0x000001c66c2070a0 JavaThread "Notification Thread" daemon [_thread_blocked, id=19576, stack(0x0000000324e00000,0x0000000324f00000)]
  0x000001c66d37fc80 JavaThread "Daemon health stats" [_thread_blocked, id=21108, stack(0x0000000325400000,0x0000000325500000)]
  0x000001c66d68f630 JavaThread "Incoming local TCP Connector on port 56264" [_thread_in_native, id=6280, stack(0x0000000325500000,0x0000000325600000)]
  0x000001c66d6698a0 JavaThread "Daemon periodic checks" [_thread_blocked, id=3408, stack(0x0000000325600000,0x0000000325700000)]
  0x000001c66d8d7f20 JavaThread "Daemon" [_thread_blocked, id=17988, stack(0x0000000325700000,0x0000000325800000)]
  0x000001c66ce793f0 JavaThread "Handler for socket connection from /127.0.0.1:56264 to /127.0.0.1:64073" [_thread_in_native, id=1184, stack(0x0000000325800000,0x0000000325900000)]
  0x000001c66d68bdd0 JavaThread "Cancel handler" [_thread_blocked, id=11016, stack(0x0000000325900000,0x0000000325a00000)]
  0x000001c66d68c2e0 JavaThread "Daemon worker" [_thread_blocked, id=8952, stack(0x0000000325a00000,0x0000000325b00000)]
  0x000001c66d68c7f0 JavaThread "Asynchronous log dispatcher for DefaultDaemonConnection: socket connection from /127.0.0.1:56264 to /127.0.0.1:64073" [_thread_blocked, id=11792, stack(0x0000000325b00000,0x0000000325c00000)]
  0x000001c66d68cd00 JavaThread "Stdin handler" [_thread_blocked, id=3708, stack(0x0000000325c00000,0x0000000325d00000)]
  0x000001c66d68a480 JavaThread "Daemon client event forwarder" [_thread_blocked, id=18124, stack(0x0000000325d00000,0x0000000325e00000)]
  0x000001c66d689f70 JavaThread "Cache worker for journal cache (C:\Users\HP\.gradle\caches\journal-1)" [_thread_blocked, id=19588, stack(0x0000000325e00000,0x0000000325f00000)]
  0x000001c66d68d210 JavaThread "File lock request listener" [_thread_in_native, id=7476, stack(0x0000000325f00000,0x0000000326000000)]
  0x000001c66d68a990 JavaThread "Cache worker for file hash cache (C:\Users\HP\.gradle\caches\8.3\fileHashes)" [_thread_blocked, id=15964, stack(0x0000000326000000,0x0000000326100000)]
  0x000001c66d68b8c0 JavaThread "File watcher server" daemon [_thread_blocked, id=21524, stack(0x0000000326600000,0x0000000326700000)]
  0x000001c66d68aea0 JavaThread "File watcher consumer" daemon [_thread_blocked, id=10900, stack(0x0000000326700000,0x0000000326800000)]
  0x000001c66d68b3b0 JavaThread "Cache worker for checksums cache (D:\my project\packing_frontend\android\.gradle\8.3\checksums)" [_thread_blocked, id=23432, stack(0x0000000326800000,0x0000000326900000)]
  0x000001c66e2ee780 JavaThread "Cache worker for file hash cache (D:\my project\packing_frontend\android\.gradle\8.3\fileHashes)" [_thread_blocked, id=10300, stack(0x0000000326900000,0x0000000326a00000)]
  0x000001c66e2ed850 JavaThread "Cache worker for cache directory md-supplier (C:\Users\HP\.gradle\caches\8.3\md-supplier)" [_thread_blocked, id=19948, stack(0x0000000326a00000,0x0000000326b00000)]
  0x000001c66e2ec920 JavaThread "Cache worker for file content cache (C:\Users\HP\.gradle\caches\8.3\fileContent)" [_thread_blocked, id=2488, stack(0x0000000326b00000,0x0000000326c00000)]
  0x000001c66e2edd60 JavaThread "Cache worker for cache directory md-rule (C:\Users\HP\.gradle\caches\8.3\md-rule)" [_thread_blocked, id=22104, stack(0x0000000326e00000,0x0000000326f00000)]
  0x000001c66e2eafd0 JavaThread "Cache worker for execution history cache (C:\Users\HP\.gradle\caches\8.3\executionHistory)" [_thread_blocked, id=20256, stack(0x0000000326f00000,0x0000000327000000)]
  0x000001c66e2ed340 JavaThread "jar transforms" [_thread_blocked, id=8256, stack(0x0000000327100000,0x0000000327200000)]
  0x000001c66e2ebf00 JavaThread "jar transforms Thread 2" [_thread_blocked, id=22340, stack(0x0000000327200000,0x0000000327300000)]
  0x000001c66e2eb4e0 JavaThread "jar transforms Thread 3" [_thread_blocked, id=3300, stack(0x0000000327300000,0x0000000327400000)]
  0x000001c66e2ef1a0 JavaThread "jar transforms Thread 4" [_thread_blocked, id=11768, stack(0x0000000327400000,0x0000000327500000)]
  0x000001c66e2f2950 JavaThread "Cache worker for kotlin-dsl (C:\Users\HP\.gradle\caches\8.3\kotlin-dsl)" [_thread_blocked, id=17592, stack(0x0000000323a00000,0x0000000323b00000)]
  0x000001c66e2ef6b0 JavaThread "jar transforms Thread 5" [_thread_blocked, id=22472, stack(0x0000000323c00000,0x0000000323d00000)]
  0x000001c66e2f00d0 JavaThread "jar transforms Thread 6" [_thread_blocked, id=14352, stack(0x0000000327000000,0x0000000327100000)]
  0x000001c66e2f05e0 JavaThread "Unconstrained build operations" [_thread_blocked, id=22768, stack(0x0000000327700000,0x0000000327800000)]
  0x000001c66e2ece30 JavaThread "Unconstrained build operations Thread 2" [_thread_blocked, id=17912, stack(0x0000000327800000,0x0000000327900000)]
  0x000001c66e2f1a20 JavaThread "jar transforms Thread 7" [_thread_blocked, id=25280, stack(0x0000000327900000,0x0000000327a00000)]
  0x000001c66e2f0af0 JavaThread "jar transforms Thread 8" [_thread_blocked, id=21316, stack(0x0000000327a00000,0x0000000327b00000)]
  0x000001c66e2f1000 JavaThread "jar transforms Thread 9" [_thread_blocked, id=12712, stack(0x0000000327b00000,0x0000000327c00000)]
  0x000001c66e2f2440 JavaThread "jar transforms Thread 10" [_thread_blocked, id=26448, stack(0x0000000327c00000,0x0000000327d00000)]
  0x000001c66e2f1510 JavaThread "jar transforms Thread 11" [_thread_blocked, id=9636, stack(0x0000000327d00000,0x0000000327e00000)]
  0x000001c66e2f1f30 JavaThread "jar transforms Thread 12" [_thread_blocked, id=12216, stack(0x0000000327e00000,0x0000000327f00000)]
  0x000001c66e6f05a0 JavaThread "Cache worker for dependencies-accessors (D:\my project\packing_frontend\android\.gradle\8.3\dependencies-accessors)" [_thread_blocked, id=14468, stack(0x0000000327f00000,0x0000000328000000)]
  0x000001c66e6f0ab0 JavaThread "Cache worker for Build Output Cleanup Cache (D:\my project\packing_frontend\node_modules\@react-native\gradle-plugin\.gradle\buildOutputCleanup)" [_thread_blocked, id=14816, stack(0x0000000328000000,0x0000000328100000)]
  0x000001c66e6f0fc0 JavaThread "Unconstrained build operations Thread 3" [_thread_blocked, id=7528, stack(0x0000000328100000,0x0000000328200000)]
  0x000001c66e6f19e0 JavaThread "Unconstrained build operations Thread 4" [_thread_blocked, id=24632, stack(0x0000000328200000,0x0000000328300000)]
  0x000001c66e6f3840 JavaThread "Unconstrained build operations Thread 5" [_thread_blocked, id=16860, stack(0x0000000328300000,0x0000000328400000)]
  0x000001c66e6f14d0 JavaThread "Unconstrained build operations Thread 6" [_thread_blocked, id=23628, stack(0x0000000328400000,0x0000000328500000)]
  0x000001c66e6f1ef0 JavaThread "Unconstrained build operations Thread 7" [_thread_blocked, id=23580, stack(0x0000000328500000,0x0000000328600000)]
  0x000001c66e6f2400 JavaThread "Unconstrained build operations Thread 8" [_thread_blocked, id=21476, stack(0x0000000328600000,0x0000000328700000)]
  0x000001c66e6f2910 JavaThread "Unconstrained build operations Thread 9" [_thread_blocked, id=16836, stack(0x0000000328700000,0x0000000328800000)]
  0x000001c66e6f0090 JavaThread "Unconstrained build operations Thread 10" [_thread_blocked, id=15236, stack(0x0000000328800000,0x0000000328900000)]
  0x000001c66e6f56a0 JavaThread "Unconstrained build operations Thread 11" [_thread_blocked, id=17084, stack(0x0000000328900000,0x0000000328a00000)]
  0x000001c66e6f3330 JavaThread "Unconstrained build operations Thread 12" [_thread_blocked, id=22408, stack(0x0000000328a00000,0x0000000328b00000)]
  0x000001c66e6f4770 JavaThread "Unconstrained build operations Thread 13" [_thread_blocked, id=21548, stack(0x0000000328b00000,0x0000000328c00000)]
  0x000001c66e6f4260 JavaThread "Memory manager" [_thread_blocked, id=20472, stack(0x0000000328c00000,0x0000000328d00000)]
  0x000001c66e6f60c0 JavaThread "Cache worker for Build Output Cleanup Cache (D:\my project\packing_frontend\android\.gradle\buildOutputCleanup)" [_thread_blocked, id=16976, stack(0x0000000328d00000,0x0000000328e00000)]
  0x000001c66e6f4c80 JavaThread "ForkJoinPool.commonPool-worker-1" daemon [_thread_blocked, id=24500, stack(0x0000000328e00000,0x0000000328f00000)]
  0x000001c66e6f5bb0 JavaThread "ForkJoinPool.commonPool-worker-3" daemon [_thread_blocked, id=17736, stack(0x0000000329000000,0x0000000329100000)]
  0x000001c66e6f65d0 JavaThread "ForkJoinPool.commonPool-worker-4" daemon [_thread_blocked, id=20248, stack(0x0000000329100000,0x0000000329200000)]
  0x000001c66e6f6ae0 JavaThread "ForkJoinPool.commonPool-worker-5" daemon [_thread_blocked, id=24380, stack(0x0000000329200000,0x0000000329300000)]
  0x000001c66e6f7500 JavaThread "ForkJoinPool.commonPool-worker-7" daemon [_thread_blocked, id=24996, stack(0x0000000329400000,0x0000000329500000)]
  0x000001c66fc42d00 JavaThread "ForkJoinPool.commonPool-worker-9" daemon [_thread_blocked, id=14412, stack(0x0000000329600000,0x0000000329700000)]
  0x000001c66fc43c30 JavaThread "Execution worker" [_thread_blocked, id=14032, stack(0x0000000329800000,0x0000000329900000)]
  0x000001c66fc43720 JavaThread "Execution worker Thread 2" [_thread_blocked, id=24600, stack(0x0000000329900000,0x0000000329a00000)]
  0x000001c66fc413b0 JavaThread "Execution worker Thread 3" [_thread_blocked, id=25520, stack(0x0000000329a00000,0x0000000329b00000)]
  0x000001c66fc43210 JavaThread "Execution worker Thread 4" [_thread_blocked, id=22884, stack(0x0000000329b00000,0x0000000329c00000)]
  0x000001c66fc44650 JavaThread "Execution worker Thread 5" [_thread_blocked, id=24708, stack(0x0000000329c00000,0x0000000329d00000)]
  0x000001c66fc40ea0 JavaThread "Execution worker Thread 6" [_thread_blocked, id=23640, stack(0x0000000329d00000,0x0000000329e00000)]
  0x000001c66fc422e0 JavaThread "Execution worker Thread 7" [_thread_blocked, id=23172, stack(0x0000000329e00000,0x0000000329f00000)]
  0x000001c66fc44140 JavaThread "Execution worker Thread 8" [_thread_blocked, id=20320, stack(0x0000000329f00000,0x000000032a000000)]
  0x000001c66fc44b60 JavaThread "Execution worker Thread 9" [_thread_blocked, id=14148, stack(0x000000032a000000,0x000000032a100000)]
  0x000001c66fc45070 JavaThread "Execution worker Thread 10" [_thread_blocked, id=19416, stack(0x000000032a100000,0x000000032a200000)]
  0x000001c66fc418c0 JavaThread "Execution worker Thread 11" [_thread_blocked, id=22080, stack(0x000000032a200000,0x000000032a300000)]
  0x000001c66fc45580 JavaThread "Cache worker for execution history cache (D:\my project\packing_frontend\node_modules\@react-native\gradle-plugin\.gradle\8.3\executionHistory)" [_thread_blocked, id=12984, stack(0x000000032a300000,0x000000032a400000)]
  0x000001c66fc45a90 JavaThread "Unconstrained build operations Thread 14" [_thread_blocked, id=1160, stack(0x000000032a400000,0x000000032a500000)]
  0x000001c66fc47e00 JavaThread "Unconstrained build operations Thread 15" [_thread_blocked, id=15408, stack(0x000000032a500000,0x000000032a600000)]
  0x000001c66fc48310 JavaThread "Unconstrained build operations Thread 16" [_thread_blocked, id=21252, stack(0x000000032a600000,0x000000032a700000)]
  0x000001c66fc46ed0 JavaThread "Unconstrained build operations Thread 17" [_thread_blocked, id=25048, stack(0x000000032a700000,0x000000032a800000)]
  0x000001c66fc478f0 JavaThread "Unconstrained build operations Thread 18" [_thread_blocked, id=19496, stack(0x000000032a800000,0x000000032a900000)]
  0x000001c66fc48820 JavaThread "Unconstrained build operations Thread 19" [_thread_blocked, id=25312, stack(0x000000032a900000,0x000000032aa00000)]
  0x000001c66fc45fa0 JavaThread "Unconstrained build operations Thread 20" [_thread_blocked, id=21412, stack(0x000000032aa00000,0x000000032ab00000)]
  0x000001c66fc473e0 JavaThread "Unconstrained build operations Thread 21" [_thread_blocked, id=23996, stack(0x000000032ab00000,0x000000032ac00000)]
  0x000001c66fc464b0 JavaThread "Unconstrained build operations Thread 22" [_thread_blocked, id=18900, stack(0x000000032ac00000,0x000000032ad00000)]
  0x000001c66fc469c0 JavaThread "Unconstrained build operations Thread 23" [_thread_blocked, id=4920, stack(0x000000032ad00000,0x000000032ae00000)]
  0x000001c66e47f450 JavaThread "Unconstrained build operations Thread 24" [_thread_blocked, id=6460, stack(0x000000032ae00000,0x000000032af00000)]
  0x000001c66e4817c0 JavaThread "Unconstrained build operations Thread 25" [_thread_blocked, id=24744, stack(0x000000032af00000,0x000000032b000000)]
  0x000001c66e47e520 JavaThread "Unconstrained build operations Thread 26" [_thread_blocked, id=25324, stack(0x000000032b000000,0x000000032b100000)]
  0x000001c66e480890 JavaThread "Unconstrained build operations Thread 27" [_thread_blocked, id=17448, stack(0x000000032b100000,0x000000032b200000)]
  0x000001c66e4812b0 JavaThread "Unconstrained build operations Thread 28" [_thread_blocked, id=2028, stack(0x000000032b200000,0x000000032b300000)]
  0x000001c66e480da0 JavaThread "Unconstrained build operations Thread 29" [_thread_blocked, id=23348, stack(0x000000032b300000,0x000000032b400000)]
  0x000001c66e47e010 JavaThread "Unconstrained build operations Thread 30" [_thread_blocked, id=12496, stack(0x000000032b400000,0x000000032b500000)]
  0x000001c66e481cd0 JavaThread "Unconstrained build operations Thread 31" [_thread_blocked, id=24216, stack(0x000000032b500000,0x000000032b600000)]
  0x000001c66e4821e0 JavaThread "Unconstrained build operations Thread 32" [_thread_blocked, id=24048, stack(0x000000032b600000,0x000000032b700000)]
  0x000001c66e47ea30 JavaThread "Unconstrained build operations Thread 33" [_thread_blocked, id=8248, stack(0x000000032b700000,0x000000032b800000)]
  0x000001c66e4826f0 JavaThread "Unconstrained build operations Thread 34" [_thread_blocked, id=14424, stack(0x000000032b800000,0x000000032b900000)]
  0x000001c66e47ef40 JavaThread "Unconstrained build operations Thread 35" [_thread_blocked, id=2840, stack(0x000000032b900000,0x000000032ba00000)]
  0x000001c66e482c00 JavaThread "Unconstrained build operations Thread 36" [_thread_blocked, id=22276, stack(0x000000032ba00000,0x000000032bb00000)]
  0x000001c66e483110 JavaThread "Unconstrained build operations Thread 37" [_thread_blocked, id=1488, stack(0x000000032bb00000,0x000000032bc00000)]
  0x000001c66e484550 JavaThread "Unconstrained build operations Thread 38" [_thread_blocked, id=26244, stack(0x0000000328f00000,0x0000000329000000)]
  0x000001c66e484a60 JavaThread "File lock release action executor Thread 3" [_thread_blocked, id=4896, stack(0x0000000329700000,0x0000000329800000)]
  0x000001c6777d1ad0 JavaThread "Unconstrained build operations Thread 39" [_thread_blocked, id=18848, stack(0x0000000327600000,0x0000000327700000)]
  0x000001c6777d3420 JavaThread "Unconstrained build operations Thread 40" [_thread_blocked, id=21364, stack(0x000000032bc00000,0x000000032bd00000)]
  0x000001c6777d1fe0 JavaThread "Unconstrained build operations Thread 41" [_thread_blocked, id=7288, stack(0x000000032bd00000,0x000000032be00000)]
  0x000001c6777d3930 JavaThread "Unconstrained build operations Thread 42" [_thread_blocked, id=13096, stack(0x000000032be00000,0x000000032bf00000)]
  0x000001c6777d24f0 JavaThread "Unconstrained build operations Thread 43" [_thread_blocked, id=20816, stack(0x000000032bf00000,0x000000032c000000)]
  0x000001c6777d2a00 JavaThread "Unconstrained build operations Thread 44" [_thread_blocked, id=19780, stack(0x000000032c000000,0x000000032c100000)]
  0x000001c6777d2f10 JavaThread "Unconstrained build operations Thread 45" [_thread_blocked, id=24288, stack(0x000000032c100000,0x000000032c200000)]
  0x000001c6777d3e40 JavaThread "Unconstrained build operations Thread 46" [_thread_blocked, id=23244, stack(0x000000032c200000,0x000000032c300000)]
  0x000001c6777d0690 JavaThread "Unconstrained build operations Thread 47" [_thread_blocked, id=5012, stack(0x000000032c300000,0x000000032c400000)]
  0x000001c6777d4350 JavaThread "Unconstrained build operations Thread 48" [_thread_blocked, id=25084, stack(0x000000032c400000,0x000000032c500000)]
  0x000001c6777d0ba0 JavaThread "Unconstrained build operations Thread 49" [_thread_blocked, id=12900, stack(0x000000032c500000,0x000000032c600000)]
  0x000001c6777d4d70 JavaThread "Unconstrained build operations Thread 50" [_thread_blocked, id=23780, stack(0x000000032c600000,0x000000032c700000)]
  0x000001c6777d15c0 JavaThread "Unconstrained build operations Thread 51" [_thread_blocked, id=26556, stack(0x000000032c700000,0x000000032c800000)]
  0x000001c6777d5280 JavaThread "Unconstrained build operations Thread 52" [_thread_blocked, id=26444, stack(0x000000032c800000,0x000000032c900000)]
  0x000001c6777d7b00 JavaThread "Unconstrained build operations Thread 53" [_thread_blocked, id=21820, stack(0x000000032c900000,0x000000032ca00000)]
  0x000001c6777d8010 JavaThread "Unconstrained build operations Thread 54" [_thread_blocked, id=19420, stack(0x000000032ca00000,0x000000032cb00000)]
  0x000001c6777d6bd0 JavaThread "Unconstrained build operations Thread 55" [_thread_blocked, id=4444, stack(0x000000032cb00000,0x000000032cc00000)]
  0x000001c6777d5790 JavaThread "Unconstrained build operations Thread 56" [_thread_blocked, id=15160, stack(0x000000032cc00000,0x000000032cd00000)]
  0x000001c6777d5ca0 JavaThread "Unconstrained build operations Thread 57" [_thread_blocked, id=15544, stack(0x000000032cd00000,0x000000032ce00000)]
  0x000001c6777d61b0 JavaThread "Unconstrained build operations Thread 58" [_thread_blocked, id=16156, stack(0x000000032ce00000,0x000000032cf00000)]
  0x000001c6777d70e0 JavaThread "Unconstrained build operations Thread 59" [_thread_blocked, id=23676, stack(0x000000032cf00000,0x000000032d000000)]
  0x000001c6777d66c0 JavaThread "Unconstrained build operations Thread 60" [_thread_blocked, id=13292, stack(0x000000032d000000,0x000000032d100000)]
  0x000001c6715fd2e0 JavaThread "Unconstrained build operations Thread 61" [_thread_blocked, id=22648, stack(0x000000032d100000,0x000000032d200000)]
  0x000001c6715ff140 JavaThread "Unconstrained build operations Thread 62" [_thread_blocked, id=16196, stack(0x000000032d200000,0x000000032d300000)]
  0x000001c6715ff650 JavaThread "Unconstrained build operations Thread 63" [_thread_blocked, id=26020, stack(0x000000032d300000,0x000000032d400000)]
  0x000001c6715ffb60 JavaThread "Unconstrained build operations Thread 64" [_thread_blocked, id=22808, stack(0x000000032d400000,0x000000032d500000)]
  0x000001c6715fd7f0 JavaThread "Unconstrained build operations Thread 65" [_thread_blocked, id=11040, stack(0x000000032d500000,0x000000032d600000)]
  0x000001c6715fdd00 JavaThread "Unconstrained build operations Thread 66" [_thread_blocked, id=24232, stack(0x000000032d600000,0x000000032d700000)]
  0x000001c6715fc8c0 JavaThread "Unconstrained build operations Thread 67" [_thread_blocked, id=24324, stack(0x000000032d700000,0x000000032d800000)]
  0x000001c6715fc3b0 JavaThread "Unconstrained build operations Thread 68" [_thread_blocked, id=21488, stack(0x000000032d800000,0x000000032d900000)]
  0x000001c6715fe720 JavaThread "Unconstrained build operations Thread 69" [_thread_blocked, id=26048, stack(0x000000032d900000,0x000000032da00000)]
  0x000001c671600070 JavaThread "Unconstrained build operations Thread 70" [_thread_blocked, id=26364, stack(0x000000032da00000,0x000000032db00000)]
  0x000001c6715fec30 JavaThread "Unconstrained build operations Thread 71" [_thread_blocked, id=13352, stack(0x000000032db00000,0x000000032dc00000)]
  0x000001c671600fa0 JavaThread "Unconstrained build operations Thread 72" [_thread_blocked, id=8180, stack(0x000000032dc00000,0x000000032dd00000)]
  0x000001c6716014b0 JavaThread "Unconstrained build operations Thread 73" [_thread_blocked, id=24792, stack(0x000000032dd00000,0x000000032de00000)]
  0x000001c6716019c0 JavaThread "Unconstrained build operations Thread 74" [_thread_blocked, id=11108, stack(0x000000032de00000,0x000000032df00000)]
  0x000001c6715fe210 JavaThread "Unconstrained build operations Thread 75" [_thread_blocked, id=25308, stack(0x000000032df00000,0x000000032e000000)]
  0x000001c671603310 JavaThread "Unconstrained build operations Thread 76" [_thread_blocked, id=16328, stack(0x000000032e000000,0x000000032e100000)]
  0x000001c671601ed0 JavaThread "Unconstrained build operations Thread 77" [_thread_blocked, id=17004, stack(0x000000032e100000,0x000000032e200000)]
  0x000001c6716023e0 JavaThread "Unconstrained build operations Thread 78" [_thread_blocked, id=21180, stack(0x000000032e200000,0x000000032e300000)]
  0x000001c6716028f0 JavaThread "Unconstrained build operations Thread 79" [_thread_blocked, id=7164, stack(0x000000032e300000,0x000000032e400000)]
  0x000001c671602e00 JavaThread "Unconstrained build operations Thread 80" [_thread_blocked, id=6156, stack(0x000000032e400000,0x000000032e500000)]
  0x000001c671603820 JavaThread "Unconstrained build operations Thread 81" [_thread_blocked, id=2140, stack(0x000000032e500000,0x000000032e600000)]
  0x000001c671603d30 JavaThread "Unconstrained build operations Thread 82" [_thread_blocked, id=25528, stack(0x000000032e600000,0x000000032e700000)]
  0x000001c6776fc9c0 JavaThread "Unconstrained build operations Thread 83" [_thread_blocked, id=10532, stack(0x000000032e700000,0x000000032e800000)]
  0x000001c6776fced0 JavaThread "Unconstrained build operations Thread 84" [_thread_blocked, id=24020, stack(0x000000032e800000,0x000000032e900000)]
  0x000001c6776f9720 JavaThread "Unconstrained build operations Thread 85" [_thread_blocked, id=2892, stack(0x000000032e900000,0x000000032ea00000)]
  0x000001c6776fba90 JavaThread "Unconstrained build operations Thread 86" [_thread_blocked, id=14380, stack(0x000000032ea00000,0x000000032eb00000)]
  0x000001c6776fbfa0 JavaThread "Unconstrained build operations Thread 87" [_thread_blocked, id=18636, stack(0x000000032eb00000,0x000000032ec00000)]
  0x000001c6776fd3e0 JavaThread "Unconstrained build operations Thread 88" [_thread_blocked, id=23892, stack(0x000000032ec00000,0x000000032ed00000)]
  0x000001c6776fb580 JavaThread "Unconstrained build operations Thread 89" [_thread_blocked, id=22320, stack(0x000000032ed00000,0x000000032ee00000)]
  0x000001c6776fb070 JavaThread "Unconstrained build operations Thread 90" [_thread_blocked, id=12064, stack(0x000000032ee00000,0x000000032ef00000)]
  0x000001c6776f9c30 JavaThread "Unconstrained build operations Thread 91" [_thread_blocked, id=19228, stack(0x000000032ef00000,0x000000032f000000)]
  0x000001c6776fa140 JavaThread "Unconstrained build operations Thread 92" [_thread_blocked, id=21420, stack(0x000000032f000000,0x000000032f100000)]
=>0x000001c6776fc4b0 JavaThread "Unconstrained build operations Thread 93" [_thread_in_vm, id=10060, stack(0x000000032f100000,0x000000032f200000)]
  0x000001c6776fde00 JavaThread "Unconstrained build operations Thread 94" [_thread_blocked, id=9960, stack(0x000000032f200000,0x000000032f300000)]
  0x000001c6776fa650 JavaThread "Unconstrained build operations Thread 95" [_thread_blocked, id=25300, stack(0x000000032f300000,0x000000032f400000)]
  0x000001c6776fe310 JavaThread "Unconstrained build operations Thread 96" [_thread_blocked, id=22772, stack(0x000000032f400000,0x000000032f500000)]
  0x000001c6776fab60 JavaThread "Unconstrained build operations Thread 97" [_thread_blocked, id=25888, stack(0x000000032f500000,0x000000032f600000)]
  0x000001c6776ff750 JavaThread "Unconstrained build operations Thread 98" [_thread_blocked, id=18612, stack(0x000000032f600000,0x000000032f700000)]
  0x000001c6776fe820 JavaThread "Unconstrained build operations Thread 99" [_thread_blocked, id=9688, stack(0x000000032f700000,0x000000032f800000)]
  0x000001c6776ffc60 JavaThread "Unconstrained build operations Thread 100" [_thread_blocked, id=21876, stack(0x000000032f800000,0x000000032f900000)]
  0x000001c677700170 JavaThread "Unconstrained build operations Thread 101" [_thread_blocked, id=15676, stack(0x000000032f900000,0x000000032fa00000)]
  0x000001c6776fed30 JavaThread "Unconstrained build operations Thread 102" [_thread_blocked, id=20048, stack(0x000000032fa00000,0x000000032fb00000)]
  0x000001c6776ff240 JavaThread "Unconstrained build operations Thread 103" [_thread_blocked, id=15952, stack(0x000000032fb00000,0x000000032fc00000)]
  0x000001c677700680 JavaThread "Unconstrained build operations Thread 104" [_thread_blocked, id=11968, stack(0x000000032fc00000,0x000000032fd00000)]
  0x000001c6777010a0 JavaThread "Unconstrained build operations Thread 105" [_thread_blocked, id=11708, stack(0x000000032fd00000,0x000000032fe00000)]
  0x000001c66d68d720 JavaThread "Unconstrained build operations Thread 106" [_thread_blocked, id=21152, stack(0x000000032fe00000,0x000000032ff00000)]
  0x000001c677e9c670 JavaThread "Unconstrained build operations Thread 107" [_thread_blocked, id=9564, stack(0x000000032ff00000,0x0000000330000000)]
  0x000001c677e9ad20 JavaThread "Unconstrained build operations Thread 108" [_thread_blocked, id=21748, stack(0x0000000330000000,0x0000000330100000)]
  0x000001c677e9b230 JavaThread "Unconstrained build operations Thread 109" [_thread_blocked, id=22404, stack(0x0000000330100000,0x0000000330200000)]
  0x000001c677e9c160 JavaThread "Unconstrained build operations Thread 110" [_thread_blocked, id=16000, stack(0x0000000330200000,0x0000000330300000)]
  0x000001c677e99df0 JavaThread "Unconstrained build operations Thread 111" [_thread_blocked, id=21300, stack(0x0000000330300000,0x0000000330400000)]
  0x000001c677e9bc50 JavaThread "Unconstrained build operations Thread 112" [_thread_blocked, id=21768, stack(0x0000000330400000,0x0000000330500000)]
  0x000001c677e9cb80 JavaThread "Unconstrained build operations Thread 113" [_thread_blocked, id=21620, stack(0x0000000330500000,0x0000000330600000)]
  0x000001c677e9b740 JavaThread "Unconstrained build operations Thread 114" [_thread_blocked, id=20828, stack(0x0000000330600000,0x0000000330700000)]
  0x000001c677e993d0 JavaThread "Unconstrained build operations Thread 115" [_thread_blocked, id=25848, stack(0x0000000330700000,0x0000000330800000)]
  0x000001c677e9d090 JavaThread "ForkJoinPool.commonPool-worker-10" daemon [_thread_blocked, id=8796, stack(0x0000000330900000,0x0000000330a00000)]
  0x000001c677e998e0 JavaThread "ForkJoinPool.commonPool-worker-11" daemon [_thread_blocked, id=22868, stack(0x0000000330a00000,0x0000000330b00000)]
  0x000001c677e9f400 JavaThread "pool-3-thread-1" [_thread_blocked, id=8660, stack(0x0000000330d00000,0x0000000330e00000)]
  0x000001c677e9dfc0 JavaThread "build event listener" [_thread_blocked, id=25080, stack(0x0000000330e00000,0x0000000330f00000)]
  0x000001c677e9e4d0 JavaThread "included builds Thread 2" [_thread_blocked, id=12640, stack(0x0000000330f00000,0x0000000331000000)]
  0x000001c677e9e9e0 JavaThread "Unconstrained build operations Thread 116" [_thread_blocked, id=15896, stack(0x0000000331000000,0x0000000331100000)]
  0x000001c677e9eef0 JavaThread "Unconstrained build operations Thread 117" [_thread_blocked, id=23272, stack(0x0000000331100000,0x0000000331200000)]
  0x000001c677e9fe20 JavaThread "Unconstrained build operations Thread 118" [_thread_blocked, id=22332, stack(0x0000000331200000,0x0000000331300000)]
  0x000001c677ea0330 JavaThread "Unconstrained build operations Thread 119" [_thread_blocked, id=22228, stack(0x0000000331300000,0x0000000331400000)]
  0x000001c677e9f910 JavaThread "Unconstrained build operations Thread 120" [_thread_blocked, id=19600, stack(0x0000000331400000,0x0000000331500000)]
  0x000001c6798cfdb0 JavaThread "Cache worker for execution history cache (D:\my project\packing_frontend\android\.gradle\8.3\executionHistory)" [_thread_blocked, id=24860, stack(0x0000000323b00000,0x0000000323c00000)]
  0x000001c6798ce460 JavaThread "WorkerExecutor Queue" [_thread_blocked, id=4216, stack(0x0000000331500000,0x0000000331600000)]
  0x000001c6798cf8a0 JavaThread "WorkerExecutor Queue Thread 2" [_thread_blocked, id=4396, stack(0x0000000331600000,0x0000000331700000)]
  0x000001c6798cee80 JavaThread "WorkerExecutor Queue Thread 3" [_thread_blocked, id=19524, stack(0x0000000331700000,0x0000000331800000)]
  0x000001c6798cda40 JavaThread "WorkerExecutor Queue Thread 4" [_thread_blocked, id=3564, stack(0x0000000331800000,0x0000000331900000)]
  0x000001c6798d02c0 JavaThread "WorkerExecutor Queue Thread 5" [_thread_blocked, id=4456, stack(0x0000000331900000,0x0000000331a00000)]
  0x000001c6798ce970 JavaThread "WorkerExecutor Queue Thread 6" [_thread_blocked, id=9600, stack(0x0000000331a00000,0x0000000331b00000)]
  0x000001c6798cdf50 JavaThread "WorkerExecutor Queue Thread 7" [_thread_blocked, id=20820, stack(0x0000000331b00000,0x0000000331c00000)]
  0x000001c6798cd530 JavaThread "WorkerExecutor Queue Thread 8" [_thread_blocked, id=19140, stack(0x0000000331c00000,0x0000000331d00000)]
  0x000001c6798d07d0 JavaThread "WorkerExecutor Queue Thread 9" [_thread_blocked, id=12188, stack(0x0000000331d00000,0x0000000331e00000)]
  0x000001c6798cd020 JavaThread "WorkerExecutor Queue Thread 10" [_thread_blocked, id=18780, stack(0x0000000331e00000,0x0000000331f00000)]
  0x000001c6798d11f0 JavaThread "WorkerExecutor Queue Thread 11" [_thread_blocked, id=22248, stack(0x0000000331f00000,0x0000000332000000)]
  0x000001c6798d3a70 JavaThread "WorkerExecutor Queue Thread 12" [_thread_blocked, id=14636, stack(0x0000000332000000,0x0000000332100000)]

Other Threads:
  0x000001c64c5d58c0 VMThread "VM Thread" [stack: 0x0000000324300000,0x0000000324400000] [id=2304]
  0x000001c66c207580 WatcherThread [stack: 0x0000000324f00000,0x0000000325000000] [id=14080]
  0x000001c62c7bec90 GCTaskThread "GC Thread#0" [stack: 0x0000000323e00000,0x0000000323f00000] [id=26476]
  0x000001c66cb4d2a0 GCTaskThread "GC Thread#1" [stack: 0x0000000325000000,0x0000000325100000] [id=16212]
  0x000001c66c9d88b0 GCTaskThread "GC Thread#2" [stack: 0x0000000325100000,0x0000000325200000] [id=8476]
  0x000001c66cb8e860 GCTaskThread "GC Thread#3" [stack: 0x0000000325200000,0x0000000325300000] [id=21832]
  0x000001c66cdec0e0 GCTaskThread "GC Thread#4" [stack: 0x0000000325300000,0x0000000325400000] [id=12572]
  0x000001c66d1a6160 GCTaskThread "GC Thread#5" [stack: 0x0000000326100000,0x0000000326200000] [id=10512]
  0x000001c66f387c30 GCTaskThread "GC Thread#6" [stack: 0x0000000326200000,0x0000000326300000] [id=26472]
  0x000001c66f387ef0 GCTaskThread "GC Thread#7" [stack: 0x0000000326300000,0x0000000326400000] [id=24144]
  0x000001c66f3881b0 GCTaskThread "GC Thread#8" [stack: 0x0000000326400000,0x0000000326500000] [id=26568]
  0x000001c66e5abfa0 GCTaskThread "GC Thread#9" [stack: 0x0000000326500000,0x0000000326600000] [id=23868]
  0x000001c62c7cfaf0 ConcurrentGCThread "G1 Main Marker" [stack: 0x0000000323f00000,0x0000000324000000] [id=24520]
  0x000001c62c7d2b40 ConcurrentGCThread "G1 Conc#0" [stack: 0x0000000324000000,0x0000000324100000] [id=2620]
  0x000001c66f348330 ConcurrentGCThread "G1 Conc#1" [stack: 0x0000000326c00000,0x0000000326d00000] [id=25120]
  0x000001c66f348070 ConcurrentGCThread "G1 Conc#2" [stack: 0x0000000326d00000,0x0000000326e00000] [id=23844]
  0x000001c62c80e6a0 ConcurrentGCThread "G1 Refine#0" [stack: 0x0000000324100000,0x0000000324200000] [id=8292]
  0x000001c670b21940 ConcurrentGCThread "G1 Refine#1" [stack: 0x0000000330800000,0x0000000330900000] [id=13456]
  0x000001c670b24260 ConcurrentGCThread "G1 Refine#2" [stack: 0x0000000330b00000,0x0000000330c00000] [id=16244]
  0x000001c670b23990 ConcurrentGCThread "G1 Refine#3" [stack: 0x0000000330c00000,0x0000000330d00000] [id=1324]
  0x000001c64c47bfb0 ConcurrentGCThread "G1 Service" [stack: 0x0000000324200000,0x0000000324300000] [id=25244]

Threads with active compile tasks:

VM state: not at safepoint (normal execution)

VM Mutex/Monitor currently owned by a thread:  ([mutex/lock_event])
[0x000001c62c75e600] Heap_lock - owner thread: 0x000001c6776fc4b0

Heap address: 0x0000000080000000, size: 2048 MB, Compressed Oops mode: 32-bit

CDS archive(s) mapped at: [0x000001c64d000000-0x000001c64dbb0000-0x000001c64dbb0000), size 12255232, SharedBaseAddress: 0x000001c64d000000, ArchiveRelocationMode: 1.
Compressed class space mapped at: 0x000001c64e000000-0x000001c668000000, reserved size: 436207616
Narrow klass base: 0x000001c64d000000, Narrow klass shift: 0, Narrow klass range: 0x100000000

GC Precious Log:
 CPUs: 12 total, 12 available
 Memory: 7903M
 Large Page Support: Disabled
 NUMA Support: Disabled
 Compressed Oops: Enabled (32-bit)
 Heap Region Size: 1M
 Heap Min Capacity: 8M
 Heap Initial Capacity: 124M
 Heap Max Capacity: 2G
 Pre-touch: Disabled
 Parallel Workers: 10
 Concurrent Workers: 3
 Concurrent Refinement Workers: 10
 Periodic GC: Disabled

Heap:
 garbage-first heap   total 1850368K, used 1318060K [0x0000000080000000, 0x0000000100000000)
  region size 1024K, 27 young (27648K), 3 survivors (3072K)
 Metaspace       used 112488K, committed 114304K, reserved 557056K
  class space    used 15393K, committed 16256K, reserved 425984K

Heap Regions: E=young(eden), S=young(survivor), O=old, HS=humongous(starts), HC=humongous(continues), CS=collection set, F=free, OA=open archive, CA=closed archive, TAMS=top-at-mark-start (previous, next)
|   0|0x0000000080000000, 0x0000000080100000, 0x0000000080100000|100%|HS|  |TAMS 0x0000000080100000, 0x0000000080100000| Complete 
|   1|0x0000000080100000, 0x0000000080200000, 0x0000000080200000|100%|HC|  |TAMS 0x0000000080200000, 0x0000000080200000| Complete 
|   2|0x0000000080200000, 0x0000000080300000, 0x0000000080300000|100%|HC|  |TAMS 0x0000000080300000, 0x0000000080300000| Complete 
|   3|0x0000000080300000, 0x0000000080400000, 0x0000000080400000|100%|HC|  |TAMS 0x0000000080400000, 0x0000000080400000| Complete 
|   4|0x0000000080400000, 0x0000000080500000, 0x0000000080500000|100%| O|  |TAMS 0x0000000080500000, 0x0000000080500000| Untracked 
|   5|0x0000000080500000, 0x0000000080600000, 0x0000000080600000|100%| O|  |TAMS 0x0000000080600000, 0x0000000080600000| Untracked 
|   6|0x0000000080600000, 0x0000000080700000, 0x0000000080700000|100%| O|  |TAMS 0x0000000080700000, 0x0000000080700000| Untracked 
|   7|0x0000000080700000, 0x0000000080800000, 0x0000000080800000|100%| O|  |TAMS 0x0000000080800000, 0x0000000080800000| Untracked 
|   8|0x0000000080800000, 0x0000000080900000, 0x0000000080900000|100%| O|  |TAMS 0x0000000080900000, 0x0000000080900000| Untracked 
|   9|0x0000000080900000, 0x0000000080a00000, 0x0000000080a00000|100%| O|  |TAMS 0x0000000080a00000, 0x0000000080a00000| Untracked 
|  10|0x0000000080a00000, 0x0000000080b00000, 0x0000000080b00000|100%| O|  |TAMS 0x0000000080b00000, 0x0000000080b00000| Untracked 
|  11|0x0000000080b00000, 0x0000000080c00000, 0x0000000080c00000|100%| O|  |TAMS 0x0000000080c00000, 0x0000000080c00000| Untracked 
|  12|0x0000000080c00000, 0x0000000080d00000, 0x0000000080d00000|100%| O|  |TAMS 0x0000000080d00000, 0x0000000080d00000| Untracked 
|  13|0x0000000080d00000, 0x0000000080e00000, 0x0000000080e00000|100%| O|  |TAMS 0x0000000080e00000, 0x0000000080e00000| Untracked 
|  14|0x0000000080e00000, 0x0000000080f00000, 0x0000000080f00000|100%| O|  |TAMS 0x0000000080f00000, 0x0000000080f00000| Untracked 
|  15|0x0000000080f00000, 0x0000000081000000, 0x0000000081000000|100%| O|  |TAMS 0x0000000081000000, 0x0000000081000000| Untracked 
|  16|0x0000000081000000, 0x0000000081100000, 0x0000000081100000|100%| O|  |TAMS 0x0000000081100000, 0x0000000081100000| Untracked 
|  17|0x0000000081100000, 0x0000000081200000, 0x0000000081200000|100%| O|  |TAMS 0x0000000081200000, 0x0000000081200000| Untracked 
|  18|0x0000000081200000, 0x0000000081300000, 0x0000000081300000|100%| O|  |TAMS 0x0000000081300000, 0x0000000081300000| Untracked 
|  19|0x0000000081300000, 0x0000000081400000, 0x0000000081400000|100%| O|  |TAMS 0x0000000081400000, 0x0000000081400000| Untracked 
|  20|0x0000000081400000, 0x0000000081500000, 0x0000000081500000|100%| O|  |TAMS 0x0000000081500000, 0x0000000081500000| Untracked 
|  21|0x0000000081500000, 0x0000000081600000, 0x0000000081600000|100%| O|  |TAMS 0x0000000081600000, 0x0000000081600000| Untracked 
|  22|0x0000000081600000, 0x0000000081700000, 0x0000000081700000|100%| O|  |TAMS 0x0000000081700000, 0x0000000081700000| Untracked 
|  23|0x0000000081700000, 0x0000000081800000, 0x0000000081800000|100%| O|  |TAMS 0x0000000081800000, 0x0000000081800000| Untracked 
|  24|0x0000000081800000, 0x0000000081900000, 0x0000000081900000|100%| O|  |TAMS 0x0000000081900000, 0x0000000081900000| Untracked 
|  25|0x0000000081900000, 0x0000000081a00000, 0x0000000081a00000|100%| O|  |TAMS 0x0000000081a00000, 0x0000000081a00000| Untracked 
|  26|0x0000000081a00000, 0x0000000081b00000, 0x0000000081b00000|100%| O|  |TAMS 0x0000000081b00000, 0x0000000081b00000| Untracked 
|  27|0x0000000081b00000, 0x0000000081c00000, 0x0000000081c00000|100%| O|  |TAMS 0x0000000081c00000, 0x0000000081c00000| Untracked 
|  28|0x0000000081c00000, 0x0000000081d00000, 0x0000000081d00000|100%|HS|  |TAMS 0x0000000081d00000, 0x0000000081d00000| Complete 
|  29|0x0000000081d00000, 0x0000000081e00000, 0x0000000081e00000|100%|HC|  |TAMS 0x0000000081e00000, 0x0000000081e00000| Complete 
|  30|0x0000000081e00000, 0x0000000081f00000, 0x0000000081f00000|100%| O|  |TAMS 0x0000000081f00000, 0x0000000081f00000| Untracked 
|  31|0x0000000081f00000, 0x0000000082000000, 0x0000000082000000|100%| O|  |TAMS 0x0000000082000000, 0x0000000082000000| Untracked 
|  32|0x0000000082000000, 0x0000000082100000, 0x0000000082100000|100%| O|  |TAMS 0x0000000082100000, 0x0000000082100000| Untracked 
|  33|0x0000000082100000, 0x0000000082200000, 0x0000000082200000|100%| O|  |TAMS 0x0000000082200000, 0x0000000082200000| Untracked 
|  34|0x0000000082200000, 0x0000000082300000, 0x0000000082300000|100%| O|  |TAMS 0x0000000082300000, 0x0000000082300000| Untracked 
|  35|0x0000000082300000, 0x0000000082400000, 0x0000000082400000|100%| O|  |TAMS 0x0000000082400000, 0x0000000082400000| Untracked 
|  36|0x0000000082400000, 0x0000000082500000, 0x0000000082500000|100%| O|  |TAMS 0x0000000082500000, 0x0000000082500000| Untracked 
|  37|0x0000000082500000, 0x0000000082600000, 0x0000000082600000|100%| O|  |TAMS 0x0000000082600000, 0x0000000082600000| Untracked 
|  38|0x0000000082600000, 0x0000000082700000, 0x0000000082700000|100%| O|  |TAMS 0x0000000082700000, 0x0000000082700000| Untracked 
|  39|0x0000000082700000, 0x0000000082800000, 0x0000000082800000|100%| O|  |TAMS 0x0000000082800000, 0x0000000082800000| Untracked 
|  40|0x0000000082800000, 0x0000000082900000, 0x0000000082900000|100%|HS|  |TAMS 0x0000000082900000, 0x0000000082900000| Complete 
|  41|0x0000000082900000, 0x0000000082a00000, 0x0000000082a00000|100%|HC|  |TAMS 0x0000000082a00000, 0x0000000082a00000| Complete 
|  42|0x0000000082a00000, 0x0000000082b00000, 0x0000000082b00000|100%| O|  |TAMS 0x0000000082b00000, 0x0000000082b00000| Untracked 
|  43|0x0000000082b00000, 0x0000000082c00000, 0x0000000082c00000|100%| O|  |TAMS 0x0000000082c00000, 0x0000000082c00000| Untracked 
|  44|0x0000000082c00000, 0x0000000082d00000, 0x0000000082d00000|100%|HS|  |TAMS 0x0000000082d00000, 0x0000000082d00000| Complete 
|  45|0x0000000082d00000, 0x0000000082e00000, 0x0000000082e00000|100%|HC|  |TAMS 0x0000000082e00000, 0x0000000082e00000| Complete 
|  46|0x0000000082e00000, 0x0000000082f00000, 0x0000000082f00000|100%|HC|  |TAMS 0x0000000082f00000, 0x0000000082f00000| Complete 
|  47|0x0000000082f00000, 0x0000000083000000, 0x0000000083000000|100%|HC|  |TAMS 0x0000000083000000, 0x0000000083000000| Complete 
|  48|0x0000000083000000, 0x0000000083100000, 0x0000000083100000|100%| O|  |TAMS 0x0000000083100000, 0x0000000083100000| Untracked 
|  49|0x0000000083100000, 0x0000000083200000, 0x0000000083200000|100%| O|  |TAMS 0x0000000083200000, 0x0000000083200000| Untracked 
|  50|0x0000000083200000, 0x0000000083300000, 0x0000000083300000|100%| O|  |TAMS 0x0000000083300000, 0x0000000083300000| Untracked 
|  51|0x0000000083300000, 0x0000000083400000, 0x0000000083400000|100%|HS|  |TAMS 0x0000000083400000, 0x0000000083400000| Complete 
|  52|0x0000000083400000, 0x0000000083500000, 0x0000000083500000|100%|HC|  |TAMS 0x0000000083500000, 0x0000000083500000| Complete 
|  53|0x0000000083500000, 0x0000000083600000, 0x0000000083600000|100%|HC|  |TAMS 0x0000000083600000, 0x0000000083600000| Complete 
|  54|0x0000000083600000, 0x0000000083700000, 0x0000000083700000|100%|HC|  |TAMS 0x0000000083700000, 0x0000000083700000| Complete 
|  55|0x0000000083700000, 0x0000000083800000, 0x0000000083800000|100%| O|  |TAMS 0x0000000083800000, 0x0000000083800000| Untracked 
|  56|0x0000000083800000, 0x0000000083900000, 0x0000000083900000|100%| O|  |TAMS 0x0000000083900000, 0x0000000083900000| Untracked 
|  57|0x0000000083900000, 0x0000000083a00000, 0x0000000083a00000|100%| O|  |TAMS 0x0000000083a00000, 0x0000000083a00000| Untracked 
|  58|0x0000000083a00000, 0x0000000083b00000, 0x0000000083b00000|100%| O|  |TAMS 0x0000000083b00000, 0x0000000083b00000| Untracked 
|  59|0x0000000083b00000, 0x0000000083c00000, 0x0000000083c00000|100%|HS|  |TAMS 0x0000000083c00000, 0x0000000083c00000| Complete 
|  60|0x0000000083c00000, 0x0000000083d00000, 0x0000000083d00000|100%| O|  |TAMS 0x0000000083d00000, 0x0000000083d00000| Untracked 
|  61|0x0000000083d00000, 0x0000000083e00000, 0x0000000083e00000|100%| O|  |TAMS 0x0000000083e00000, 0x0000000083e00000| Untracked 
|  62|0x0000000083e00000, 0x0000000083f00000, 0x0000000083f00000|100%| O|  |TAMS 0x0000000083f00000, 0x0000000083f00000| Untracked 
|  63|0x0000000083f00000, 0x0000000084000000, 0x0000000084000000|100%| O|  |TAMS 0x0000000084000000, 0x0000000084000000| Untracked 
|  64|0x0000000084000000, 0x0000000084100000, 0x0000000084100000|100%| O|  |TAMS 0x0000000084100000, 0x0000000084100000| Untracked 
|  65|0x0000000084100000, 0x0000000084200000, 0x0000000084200000|100%| O|  |TAMS 0x0000000084200000, 0x0000000084200000| Untracked 
|  66|0x0000000084200000, 0x0000000084300000, 0x0000000084300000|100%| O|  |TAMS 0x0000000084300000, 0x0000000084300000| Untracked 
|  67|0x0000000084300000, 0x0000000084400000, 0x0000000084400000|100%| O|  |TAMS 0x0000000084400000, 0x0000000084400000| Untracked 
|  68|0x0000000084400000, 0x0000000084500000, 0x0000000084500000|100%| O|  |TAMS 0x0000000084500000, 0x0000000084500000| Untracked 
|  69|0x0000000084500000, 0x0000000084600000, 0x0000000084600000|100%|HS|  |TAMS 0x0000000084500000, 0x0000000084500000| Complete 
|  70|0x0000000084600000, 0x0000000084700000, 0x0000000084700000|100%|HS|  |TAMS 0x0000000084700000, 0x0000000084700000| Complete 
|  71|0x0000000084700000, 0x0000000084800000, 0x0000000084800000|100%|HS|  |TAMS 0x0000000084800000, 0x0000000084800000| Complete 
|  72|0x0000000084800000, 0x0000000084900000, 0x0000000084900000|100%|HS|  |TAMS 0x0000000084900000, 0x0000000084900000| Complete 
|  73|0x0000000084900000, 0x0000000084a00000, 0x0000000084a00000|100%| O|  |TAMS 0x0000000084a00000, 0x0000000084a00000| Untracked 
|  74|0x0000000084a00000, 0x0000000084b00000, 0x0000000084b00000|100%|HS|  |TAMS 0x0000000084b00000, 0x0000000084b00000| Complete 
|  75|0x0000000084b00000, 0x0000000084c00000, 0x0000000084c00000|100%|HS|  |TAMS 0x0000000084c00000, 0x0000000084c00000| Complete 
|  76|0x0000000084c00000, 0x0000000084d00000, 0x0000000084d00000|100%| O|  |TAMS 0x0000000084d00000, 0x0000000084d00000| Untracked 
|  77|0x0000000084d00000, 0x0000000084e00000, 0x0000000084e00000|100%| O|  |TAMS 0x0000000084e00000, 0x0000000084e00000| Untracked 
|  78|0x0000000084e00000, 0x0000000084f00000, 0x0000000084f00000|100%| O|  |TAMS 0x0000000084f00000, 0x0000000084f00000| Untracked 
|  79|0x0000000084f00000, 0x0000000085000000, 0x0000000085000000|100%| O|  |TAMS 0x0000000085000000, 0x0000000085000000| Untracked 
|  80|0x0000000085000000, 0x0000000085100000, 0x0000000085100000|100%| O|  |TAMS 0x0000000085100000, 0x0000000085100000| Untracked 
|  81|0x0000000085100000, 0x0000000085200000, 0x0000000085200000|100%| O|  |TAMS 0x0000000085200000, 0x0000000085200000| Untracked 
|  82|0x0000000085200000, 0x0000000085300000, 0x0000000085300000|100%| O|  |TAMS 0x0000000085300000, 0x0000000085300000| Untracked 
|  83|0x0000000085300000, 0x0000000085400000, 0x0000000085400000|100%| O|  |TAMS 0x0000000085400000, 0x0000000085400000| Untracked 
|  84|0x0000000085400000, 0x0000000085500000, 0x0000000085500000|100%| O|  |TAMS 0x0000000085500000, 0x0000000085500000| Untracked 
|  85|0x0000000085500000, 0x0000000085600000, 0x0000000085600000|100%| O|  |TAMS 0x0000000085600000, 0x0000000085600000| Untracked 
|  86|0x0000000085600000, 0x0000000085700000, 0x0000000085700000|100%| O|  |TAMS 0x0000000085700000, 0x0000000085700000| Untracked 
|  87|0x0000000085700000, 0x0000000085800000, 0x0000000085800000|100%| O|  |TAMS 0x0000000085800000, 0x0000000085800000| Untracked 
|  88|0x0000000085800000, 0x0000000085900000, 0x0000000085900000|100%| O|  |TAMS 0x0000000085900000, 0x0000000085900000| Untracked 
|  89|0x0000000085900000, 0x0000000085a00000, 0x0000000085a00000|100%| O|  |TAMS 0x0000000085a00000, 0x0000000085a00000| Untracked 
|  90|0x0000000085a00000, 0x0000000085b00000, 0x0000000085b00000|100%| O|  |TAMS 0x0000000085b00000, 0x0000000085b00000| Untracked 
|  91|0x0000000085b00000, 0x0000000085c00000, 0x0000000085c00000|100%| O|  |TAMS 0x0000000085c00000, 0x0000000085c00000| Untracked 
|  92|0x0000000085c00000, 0x0000000085d00000, 0x0000000085d00000|100%| O|  |TAMS 0x0000000085d00000, 0x0000000085d00000| Untracked 
|  93|0x0000000085d00000, 0x0000000085e00000, 0x0000000085e00000|100%| O|  |TAMS 0x0000000085e00000, 0x0000000085e00000| Untracked 
|  94|0x0000000085e00000, 0x0000000085f00000, 0x0000000085f00000|100%| O|  |TAMS 0x0000000085f00000, 0x0000000085f00000| Untracked 
|  95|0x0000000085f00000, 0x0000000086000000, 0x0000000086000000|100%| O|  |TAMS 0x0000000086000000, 0x0000000086000000| Untracked 
|  96|0x0000000086000000, 0x0000000086100000, 0x0000000086100000|100%| O|  |TAMS 0x0000000086100000, 0x0000000086100000| Untracked 
|  97|0x0000000086100000, 0x0000000086200000, 0x0000000086200000|100%| O|  |TAMS 0x0000000086200000, 0x0000000086200000| Untracked 
|  98|0x0000000086200000, 0x0000000086300000, 0x0000000086300000|100%| O|  |TAMS 0x0000000086300000, 0x0000000086300000| Untracked 
|  99|0x0000000086300000, 0x0000000086400000, 0x0000000086400000|100%| O|  |TAMS 0x0000000086400000, 0x0000000086400000| Untracked 
| 100|0x0000000086400000, 0x0000000086500000, 0x0000000086500000|100%| O|  |TAMS 0x0000000086500000, 0x0000000086500000| Untracked 
| 101|0x0000000086500000, 0x0000000086600000, 0x0000000086600000|100%| O|  |TAMS 0x0000000086600000, 0x0000000086600000| Untracked 
| 102|0x0000000086600000, 0x0000000086700000, 0x0000000086700000|100%| O|  |TAMS 0x0000000086700000, 0x0000000086700000| Untracked 
| 103|0x0000000086700000, 0x0000000086800000, 0x0000000086800000|100%|HS|  |TAMS 0x0000000086800000, 0x0000000086800000| Complete 
| 104|0x0000000086800000, 0x0000000086900000, 0x0000000086900000|100%| O|  |TAMS 0x0000000086900000, 0x0000000086900000| Untracked 
| 105|0x0000000086900000, 0x0000000086a00000, 0x0000000086a00000|100%|HS|  |TAMS 0x0000000086a00000, 0x0000000086a00000| Complete 
| 106|0x0000000086a00000, 0x0000000086b00000, 0x0000000086b00000|100%|HC|  |TAMS 0x0000000086b00000, 0x0000000086b00000| Complete 
| 107|0x0000000086b00000, 0x0000000086c00000, 0x0000000086c00000|100%|HS|  |TAMS 0x0000000086c00000, 0x0000000086c00000| Complete 
| 108|0x0000000086c00000, 0x0000000086d00000, 0x0000000086d00000|100%|HC|  |TAMS 0x0000000086d00000, 0x0000000086d00000| Complete 
| 109|0x0000000086d00000, 0x0000000086e00000, 0x0000000086e00000|100%|HC|  |TAMS 0x0000000086e00000, 0x0000000086e00000| Complete 
| 110|0x0000000086e00000, 0x0000000086f00000, 0x0000000086f00000|100%|HC|  |TAMS 0x0000000086f00000, 0x0000000086f00000| Complete 
| 111|0x0000000086f00000, 0x0000000087000000, 0x0000000087000000|100%| O|  |TAMS 0x0000000087000000, 0x0000000087000000| Untracked 
| 112|0x0000000087000000, 0x0000000087100000, 0x0000000087100000|100%| O|  |TAMS 0x0000000087100000, 0x0000000087100000| Untracked 
| 113|0x0000000087100000, 0x0000000087200000, 0x0000000087200000|100%| O|  |TAMS 0x0000000087200000, 0x0000000087200000| Untracked 
| 114|0x0000000087200000, 0x0000000087300000, 0x0000000087300000|100%| O|  |TAMS 0x0000000087300000, 0x0000000087300000| Untracked 
| 115|0x0000000087300000, 0x0000000087400000, 0x0000000087400000|100%| O|  |TAMS 0x0000000087400000, 0x0000000087400000| Untracked 
| 116|0x0000000087400000, 0x0000000087500000, 0x0000000087500000|100%| O|  |TAMS 0x0000000087500000, 0x0000000087500000| Untracked 
| 117|0x0000000087500000, 0x0000000087600000, 0x0000000087600000|100%| O|  |TAMS 0x0000000087600000, 0x0000000087600000| Untracked 
| 118|0x0000000087600000, 0x0000000087700000, 0x0000000087700000|100%| O|  |TAMS 0x0000000087700000, 0x0000000087700000| Untracked 
| 119|0x0000000087700000, 0x0000000087800000, 0x0000000087800000|100%| O|  |TAMS 0x0000000087800000, 0x0000000087800000| Untracked 
| 120|0x0000000087800000, 0x0000000087900000, 0x0000000087900000|100%| O|  |TAMS 0x0000000087900000, 0x0000000087900000| Untracked 
| 121|0x0000000087900000, 0x0000000087a00000, 0x0000000087a00000|100%| O|  |TAMS 0x0000000087a00000, 0x0000000087a00000| Untracked 
| 122|0x0000000087a00000, 0x0000000087b00000, 0x0000000087b00000|100%| O|  |TAMS 0x0000000087b00000, 0x0000000087b00000| Untracked 
| 123|0x0000000087b00000, 0x0000000087c00000, 0x0000000087c00000|100%| O|  |TAMS 0x0000000087c00000, 0x0000000087c00000| Untracked 
| 124|0x0000000087c00000, 0x0000000087d00000, 0x0000000087d00000|100%|HS|  |TAMS 0x0000000087d00000, 0x0000000087d00000| Complete 
| 125|0x0000000087d00000, 0x0000000087e00000, 0x0000000087e00000|100%| O|  |TAMS 0x0000000087e00000, 0x0000000087e00000| Untracked 
| 126|0x0000000087e00000, 0x0000000087f00000, 0x0000000087f00000|100%| O|  |TAMS 0x0000000087f00000, 0x0000000087f00000| Untracked 
| 127|0x0000000087f00000, 0x0000000088000000, 0x0000000088000000|100%| O|  |TAMS 0x0000000088000000, 0x0000000088000000| Untracked 
| 128|0x0000000088000000, 0x0000000088100000, 0x0000000088100000|100%| O|  |TAMS 0x0000000088100000, 0x0000000088100000| Untracked 
| 129|0x0000000088100000, 0x0000000088200000, 0x0000000088200000|100%| O|  |TAMS 0x0000000088200000, 0x0000000088200000| Untracked 
| 130|0x0000000088200000, 0x0000000088300000, 0x0000000088300000|100%| O|  |TAMS 0x0000000088300000, 0x0000000088300000| Untracked 
| 131|0x0000000088300000, 0x0000000088400000, 0x0000000088400000|100%| O|  |TAMS 0x0000000088400000, 0x0000000088400000| Untracked 
| 132|0x0000000088400000, 0x0000000088500000, 0x0000000088500000|100%| O|  |TAMS 0x0000000088500000, 0x0000000088500000| Untracked 
| 133|0x0000000088500000, 0x0000000088600000, 0x0000000088600000|100%| O|  |TAMS 0x0000000088600000, 0x0000000088600000| Untracked 
| 134|0x0000000088600000, 0x0000000088700000, 0x0000000088700000|100%| O|  |TAMS 0x0000000088700000, 0x0000000088700000| Untracked 
| 135|0x0000000088700000, 0x0000000088800000, 0x0000000088800000|100%| O|  |TAMS 0x0000000088800000, 0x0000000088800000| Untracked 
| 136|0x0000000088800000, 0x0000000088900000, 0x0000000088900000|100%| O|  |TAMS 0x0000000088900000, 0x0000000088900000| Untracked 
| 137|0x0000000088900000, 0x0000000088a00000, 0x0000000088a00000|100%| O|  |TAMS 0x0000000088a00000, 0x0000000088a00000| Untracked 
| 138|0x0000000088a00000, 0x0000000088b00000, 0x0000000088b00000|100%| O|  |TAMS 0x0000000088b00000, 0x0000000088b00000| Untracked 
| 139|0x0000000088b00000, 0x0000000088c00000, 0x0000000088c00000|100%| O|  |TAMS 0x0000000088c00000, 0x0000000088c00000| Untracked 
| 140|0x0000000088c00000, 0x0000000088d00000, 0x0000000088d00000|100%| O|  |TAMS 0x0000000088d00000, 0x0000000088d00000| Untracked 
| 141|0x0000000088d00000, 0x0000000088e00000, 0x0000000088e00000|100%| O|  |TAMS 0x0000000088e00000, 0x0000000088e00000| Untracked 
| 142|0x0000000088e00000, 0x0000000088f00000, 0x0000000088f00000|100%|HS|  |TAMS 0x0000000088f00000, 0x0000000088f00000| Complete 
| 143|0x0000000088f00000, 0x0000000089000000, 0x0000000089000000|100%|HC|  |TAMS 0x0000000089000000, 0x0000000089000000| Complete 
| 144|0x0000000089000000, 0x0000000089100000, 0x0000000089100000|100%|HC|  |TAMS 0x0000000089100000, 0x0000000089100000| Complete 
| 145|0x0000000089100000, 0x0000000089200000, 0x0000000089200000|100%|HS|  |TAMS 0x0000000089200000, 0x0000000089200000| Complete 
| 146|0x0000000089200000, 0x0000000089300000, 0x0000000089300000|100%|HC|  |TAMS 0x0000000089300000, 0x0000000089300000| Complete 
| 147|0x0000000089300000, 0x0000000089400000, 0x0000000089400000|100%| O|  |TAMS 0x0000000089400000, 0x0000000089400000| Untracked 
| 148|0x0000000089400000, 0x0000000089500000, 0x0000000089500000|100%| O|  |TAMS 0x0000000089500000, 0x0000000089500000| Untracked 
| 149|0x0000000089500000, 0x0000000089600000, 0x0000000089600000|100%| O|  |TAMS 0x0000000089600000, 0x0000000089600000| Untracked 
| 150|0x0000000089600000, 0x0000000089700000, 0x0000000089700000|100%| O|  |TAMS 0x0000000089700000, 0x0000000089700000| Untracked 
| 151|0x0000000089700000, 0x0000000089800000, 0x0000000089800000|100%| O|  |TAMS 0x0000000089800000, 0x0000000089800000| Untracked 
| 152|0x0000000089800000, 0x0000000089900000, 0x0000000089900000|100%| O|  |TAMS 0x0000000089900000, 0x0000000089900000| Untracked 
| 153|0x0000000089900000, 0x0000000089a00000, 0x0000000089a00000|100%| O|  |TAMS 0x0000000089a00000, 0x0000000089a00000| Untracked 
| 154|0x0000000089a00000, 0x0000000089b00000, 0x0000000089b00000|100%|HS|  |TAMS 0x0000000089b00000, 0x0000000089b00000| Complete 
| 155|0x0000000089b00000, 0x0000000089c00000, 0x0000000089c00000|100%| O|  |TAMS 0x0000000089c00000, 0x0000000089c00000| Untracked 
| 156|0x0000000089c00000, 0x0000000089d00000, 0x0000000089d00000|100%| O|  |TAMS 0x0000000089d00000, 0x0000000089d00000| Untracked 
| 157|0x0000000089d00000, 0x0000000089e00000, 0x0000000089e00000|100%|HS|  |TAMS 0x0000000089e00000, 0x0000000089e00000| Complete 
| 158|0x0000000089e00000, 0x0000000089f00000, 0x0000000089f00000|100%| O|  |TAMS 0x0000000089f00000, 0x0000000089f00000| Untracked 
| 159|0x0000000089f00000, 0x000000008a000000, 0x000000008a000000|100%|HS|  |TAMS 0x000000008a000000, 0x000000008a000000| Complete 
| 160|0x000000008a000000, 0x000000008a100000, 0x000000008a100000|100%|HC|  |TAMS 0x000000008a100000, 0x000000008a100000| Complete 
| 161|0x000000008a100000, 0x000000008a200000, 0x000000008a200000|100%| O|  |TAMS 0x000000008a200000, 0x000000008a200000| Untracked 
| 162|0x000000008a200000, 0x000000008a300000, 0x000000008a300000|100%| O|  |TAMS 0x000000008a300000, 0x000000008a300000| Untracked 
| 163|0x000000008a300000, 0x000000008a400000, 0x000000008a400000|100%| O|  |TAMS 0x000000008a400000, 0x000000008a400000| Untracked 
| 164|0x000000008a400000, 0x000000008a500000, 0x000000008a500000|100%| O|  |TAMS 0x000000008a500000, 0x000000008a500000| Untracked 
| 165|0x000000008a500000, 0x000000008a600000, 0x000000008a600000|100%| O|  |TAMS 0x000000008a600000, 0x000000008a600000| Untracked 
| 166|0x000000008a600000, 0x000000008a700000, 0x000000008a700000|100%| O|  |TAMS 0x000000008a700000, 0x000000008a700000| Untracked 
| 167|0x000000008a700000, 0x000000008a800000, 0x000000008a800000|100%| O|  |TAMS 0x000000008a800000, 0x000000008a800000| Untracked 
| 168|0x000000008a800000, 0x000000008a900000, 0x000000008a900000|100%| O|  |TAMS 0x000000008a900000, 0x000000008a900000| Untracked 
| 169|0x000000008a900000, 0x000000008aa00000, 0x000000008aa00000|100%|HS|  |TAMS 0x000000008aa00000, 0x000000008aa00000| Complete 
| 170|0x000000008aa00000, 0x000000008ab00000, 0x000000008ab00000|100%| O|  |TAMS 0x000000008ab00000, 0x000000008ab00000| Untracked 
| 171|0x000000008ab00000, 0x000000008ac00000, 0x000000008ac00000|100%| O|  |TAMS 0x000000008ac00000, 0x000000008ac00000| Untracked 
| 172|0x000000008ac00000, 0x000000008ad00000, 0x000000008ad00000|100%|HS|  |TAMS 0x000000008ad00000, 0x000000008ad00000| Complete 
| 173|0x000000008ad00000, 0x000000008ae00000, 0x000000008ae00000|100%| O|  |TAMS 0x000000008ae00000, 0x000000008ae00000| Untracked 
| 174|0x000000008ae00000, 0x000000008af00000, 0x000000008af00000|100%| O|  |TAMS 0x000000008af00000, 0x000000008af00000| Untracked 
| 175|0x000000008af00000, 0x000000008b000000, 0x000000008b000000|100%| O|  |TAMS 0x000000008b000000, 0x000000008b000000| Untracked 
| 176|0x000000008b000000, 0x000000008b100000, 0x000000008b100000|100%| O|  |TAMS 0x000000008b100000, 0x000000008b100000| Untracked 
| 177|0x000000008b100000, 0x000000008b200000, 0x000000008b200000|100%| O|  |TAMS 0x000000008b200000, 0x000000008b200000| Untracked 
| 178|0x000000008b200000, 0x000000008b300000, 0x000000008b300000|100%| O|  |TAMS 0x000000008b300000, 0x000000008b300000| Untracked 
| 179|0x000000008b300000, 0x000000008b400000, 0x000000008b400000|100%| O|  |TAMS 0x000000008b400000, 0x000000008b400000| Untracked 
| 180|0x000000008b400000, 0x000000008b500000, 0x000000008b500000|100%| O|  |TAMS 0x000000008b500000, 0x000000008b500000| Untracked 
| 181|0x000000008b500000, 0x000000008b600000, 0x000000008b600000|100%| O|  |TAMS 0x000000008b600000, 0x000000008b600000| Untracked 
| 182|0x000000008b600000, 0x000000008b700000, 0x000000008b700000|100%|HS|  |TAMS 0x000000008b700000, 0x000000008b700000| Complete 
| 183|0x000000008b700000, 0x000000008b800000, 0x000000008b800000|100%|HS|  |TAMS 0x000000008b800000, 0x000000008b800000| Complete 
| 184|0x000000008b800000, 0x000000008b900000, 0x000000008b900000|100%|HC|  |TAMS 0x000000008b900000, 0x000000008b900000| Complete 
| 185|0x000000008b900000, 0x000000008ba00000, 0x000000008ba00000|100%| O|  |TAMS 0x000000008ba00000, 0x000000008ba00000| Untracked 
| 186|0x000000008ba00000, 0x000000008bb00000, 0x000000008bb00000|100%| O|  |TAMS 0x000000008bb00000, 0x000000008bb00000| Untracked 
| 187|0x000000008bb00000, 0x000000008bc00000, 0x000000008bc00000|100%| O|  |TAMS 0x000000008bc00000, 0x000000008bc00000| Untracked 
| 188|0x000000008bc00000, 0x000000008bd00000, 0x000000008bd00000|100%| O|  |TAMS 0x000000008bd00000, 0x000000008bd00000| Untracked 
| 189|0x000000008bd00000, 0x000000008be00000, 0x000000008be00000|100%| O|  |TAMS 0x000000008be00000, 0x000000008be00000| Untracked 
| 190|0x000000008be00000, 0x000000008bf00000, 0x000000008bf00000|100%| O|  |TAMS 0x000000008bf00000, 0x000000008bf00000| Untracked 
| 191|0x000000008bf00000, 0x000000008c000000, 0x000000008c000000|100%| O|  |TAMS 0x000000008c000000, 0x000000008c000000| Untracked 
| 192|0x000000008c000000, 0x000000008c100000, 0x000000008c100000|100%| O|  |TAMS 0x000000008c100000, 0x000000008c100000| Untracked 
| 193|0x000000008c100000, 0x000000008c200000, 0x000000008c200000|100%| O|  |TAMS 0x000000008c200000, 0x000000008c200000| Untracked 
| 194|0x000000008c200000, 0x000000008c300000, 0x000000008c300000|100%| O|  |TAMS 0x000000008c300000, 0x000000008c300000| Untracked 
| 195|0x000000008c300000, 0x000000008c400000, 0x000000008c400000|100%| O|  |TAMS 0x000000008c400000, 0x000000008c400000| Untracked 
| 196|0x000000008c400000, 0x000000008c500000, 0x000000008c500000|100%| O|  |TAMS 0x000000008c500000, 0x000000008c500000| Untracked 
| 197|0x000000008c500000, 0x000000008c600000, 0x000000008c600000|100%| O|  |TAMS 0x000000008c600000, 0x000000008c600000| Untracked 
| 198|0x000000008c600000, 0x000000008c700000, 0x000000008c700000|100%| O|  |TAMS 0x000000008c700000, 0x000000008c700000| Untracked 
| 199|0x000000008c700000, 0x000000008c800000, 0x000000008c800000|100%| O|  |TAMS 0x000000008c800000, 0x000000008c800000| Untracked 
| 200|0x000000008c800000, 0x000000008c900000, 0x000000008c900000|100%| O|  |TAMS 0x000000008c900000, 0x000000008c900000| Untracked 
| 201|0x000000008c900000, 0x000000008ca00000, 0x000000008ca00000|100%| O|  |TAMS 0x000000008ca00000, 0x000000008ca00000| Untracked 
| 202|0x000000008ca00000, 0x000000008cb00000, 0x000000008cb00000|100%| O|  |TAMS 0x000000008cb00000, 0x000000008cb00000| Untracked 
| 203|0x000000008cb00000, 0x000000008cc00000, 0x000000008cc00000|100%| O|  |TAMS 0x000000008cc00000, 0x000000008cc00000| Untracked 
| 204|0x000000008cc00000, 0x000000008cd00000, 0x000000008cd00000|100%| O|  |TAMS 0x000000008cd00000, 0x000000008cd00000| Untracked 
| 205|0x000000008cd00000, 0x000000008ce00000, 0x000000008ce00000|100%| O|  |TAMS 0x000000008ce00000, 0x000000008ce00000| Untracked 
| 206|0x000000008ce00000, 0x000000008cf00000, 0x000000008cf00000|100%| O|  |TAMS 0x000000008cf00000, 0x000000008cf00000| Untracked 
| 207|0x000000008cf00000, 0x000000008d000000, 0x000000008d000000|100%| O|  |TAMS 0x000000008d000000, 0x000000008d000000| Untracked 
| 208|0x000000008d000000, 0x000000008d100000, 0x000000008d100000|100%| O|  |TAMS 0x000000008d100000, 0x000000008d100000| Untracked 
| 209|0x000000008d100000, 0x000000008d200000, 0x000000008d200000|100%| O|  |TAMS 0x000000008d200000, 0x000000008d200000| Untracked 
| 210|0x000000008d200000, 0x000000008d300000, 0x000000008d300000|100%| O|  |TAMS 0x000000008d300000, 0x000000008d300000| Untracked 
| 211|0x000000008d300000, 0x000000008d400000, 0x000000008d400000|100%| O|  |TAMS 0x000000008d400000, 0x000000008d400000| Untracked 
| 212|0x000000008d400000, 0x000000008d500000, 0x000000008d500000|100%| O|  |TAMS 0x000000008d500000, 0x000000008d500000| Untracked 
| 213|0x000000008d500000, 0x000000008d600000, 0x000000008d600000|100%| O|  |TAMS 0x000000008d600000, 0x000000008d600000| Untracked 
| 214|0x000000008d600000, 0x000000008d700000, 0x000000008d700000|100%| O|  |TAMS 0x000000008d700000, 0x000000008d700000| Untracked 
| 215|0x000000008d700000, 0x000000008d800000, 0x000000008d800000|100%| O|  |TAMS 0x000000008d800000, 0x000000008d800000| Untracked 
| 216|0x000000008d800000, 0x000000008d900000, 0x000000008d900000|100%| O|  |TAMS 0x000000008d900000, 0x000000008d900000| Untracked 
| 217|0x000000008d900000, 0x000000008da00000, 0x000000008da00000|100%| O|  |TAMS 0x000000008da00000, 0x000000008da00000| Untracked 
| 218|0x000000008da00000, 0x000000008db00000, 0x000000008db00000|100%| O|  |TAMS 0x000000008db00000, 0x000000008db00000| Untracked 
| 219|0x000000008db00000, 0x000000008db00000, 0x000000008dc00000|  0%| F|  |TAMS 0x000000008db00000, 0x000000008db00000| Untracked 
| 220|0x000000008dc00000, 0x000000008dd00000, 0x000000008dd00000|100%|HS|  |TAMS 0x000000008dd00000, 0x000000008dd00000| Complete 
| 221|0x000000008dd00000, 0x000000008de00000, 0x000000008de00000|100%| O|  |TAMS 0x000000008de00000, 0x000000008de00000| Untracked 
| 222|0x000000008de00000, 0x000000008df00000, 0x000000008df00000|100%| O|  |TAMS 0x000000008df00000, 0x000000008df00000| Untracked 
| 223|0x000000008df00000, 0x000000008e000000, 0x000000008e000000|100%| O|  |TAMS 0x000000008e000000, 0x000000008e000000| Untracked 
| 224|0x000000008e000000, 0x000000008e100000, 0x000000008e100000|100%| O|  |TAMS 0x000000008e100000, 0x000000008e100000| Untracked 
| 225|0x000000008e100000, 0x000000008e200000, 0x000000008e200000|100%| O|  |TAMS 0x000000008e200000, 0x000000008e200000| Untracked 
| 226|0x000000008e200000, 0x000000008e300000, 0x000000008e300000|100%| O|  |TAMS 0x000000008e300000, 0x000000008e300000| Untracked 
| 227|0x000000008e300000, 0x000000008e300000, 0x000000008e400000|  0%| F|  |TAMS 0x000000008e300000, 0x000000008e300000| Untracked 
| 228|0x000000008e400000, 0x000000008e500000, 0x000000008e500000|100%| O|  |TAMS 0x000000008e500000, 0x000000008e500000| Untracked 
| 229|0x000000008e500000, 0x000000008e500000, 0x000000008e600000|  0%| F|  |TAMS 0x000000008e500000, 0x000000008e500000| Untracked 
| 230|0x000000008e600000, 0x000000008e700000, 0x000000008e700000|100%| O|  |TAMS 0x000000008e700000, 0x000000008e700000| Untracked 
| 231|0x000000008e700000, 0x000000008e800000, 0x000000008e800000|100%| O|  |TAMS 0x000000008e800000, 0x000000008e800000| Untracked 
| 232|0x000000008e800000, 0x000000008e900000, 0x000000008e900000|100%| O|  |TAMS 0x000000008e900000, 0x000000008e900000| Untracked 
| 233|0x000000008e900000, 0x000000008ea00000, 0x000000008ea00000|100%| O|  |TAMS 0x000000008ea00000, 0x000000008ea00000| Untracked 
| 234|0x000000008ea00000, 0x000000008ea00000, 0x000000008eb00000|  0%| F|  |TAMS 0x000000008ea00000, 0x000000008ea00000| Untracked 
| 235|0x000000008eb00000, 0x000000008ec00000, 0x000000008ec00000|100%| O|  |TAMS 0x000000008ec00000, 0x000000008ec00000| Untracked 
| 236|0x000000008ec00000, 0x000000008ed00000, 0x000000008ed00000|100%| O|  |TAMS 0x000000008ed00000, 0x000000008ed00000| Untracked 
| 237|0x000000008ed00000, 0x000000008ee00000, 0x000000008ee00000|100%|HS|  |TAMS 0x000000008ee00000, 0x000000008ee00000| Complete 
| 238|0x000000008ee00000, 0x000000008ef00000, 0x000000008ef00000|100%| O|  |TAMS 0x000000008ef00000, 0x000000008ef00000| Untracked 
| 239|0x000000008ef00000, 0x000000008f000000, 0x000000008f000000|100%| O|  |TAMS 0x000000008f000000, 0x000000008f000000| Untracked 
| 240|0x000000008f000000, 0x000000008f000000, 0x000000008f100000|  0%| F|  |TAMS 0x000000008f000000, 0x000000008f000000| Untracked 
| 241|0x000000008f100000, 0x000000008f200000, 0x000000008f200000|100%| O|  |TAMS 0x000000008f200000, 0x000000008f200000| Untracked 
| 242|0x000000008f200000, 0x000000008f300000, 0x000000008f300000|100%|HS|  |TAMS 0x000000008f300000, 0x000000008f300000| Complete 
| 243|0x000000008f300000, 0x000000008f400000, 0x000000008f400000|100%|HS|  |TAMS 0x000000008f400000, 0x000000008f400000| Complete 
| 244|0x000000008f400000, 0x000000008f500000, 0x000000008f500000|100%| O|  |TAMS 0x000000008f500000, 0x000000008f500000| Untracked 
| 245|0x000000008f500000, 0x000000008f600000, 0x000000008f600000|100%| O|  |TAMS 0x000000008f600000, 0x000000008f600000| Untracked 
| 246|0x000000008f600000, 0x000000008f700000, 0x000000008f700000|100%| O|  |TAMS 0x000000008f700000, 0x000000008f700000| Untracked 
| 247|0x000000008f700000, 0x000000008f800000, 0x000000008f800000|100%| O|  |TAMS 0x000000008f800000, 0x000000008f800000| Untracked 
| 248|0x000000008f800000, 0x000000008f800000, 0x000000008f900000|  0%| F|  |TAMS 0x000000008f800000, 0x000000008f800000| Untracked 
| 249|0x000000008f900000, 0x000000008fa00000, 0x000000008fa00000|100%| O|  |TAMS 0x000000008fa00000, 0x000000008fa00000| Untracked 
| 250|0x000000008fa00000, 0x000000008fa00000, 0x000000008fb00000|  0%| F|  |TAMS 0x000000008fa00000, 0x000000008fa00000| Untracked 
| 251|0x000000008fb00000, 0x000000008fc00000, 0x000000008fc00000|100%| O|  |TAMS 0x000000008fc00000, 0x000000008fc00000| Untracked 
| 252|0x000000008fc00000, 0x000000008fd00000, 0x000000008fd00000|100%| O|  |TAMS 0x000000008fd00000, 0x000000008fd00000| Untracked 
| 253|0x000000008fd00000, 0x000000008fe00000, 0x000000008fe00000|100%| O|  |TAMS 0x000000008fe00000, 0x000000008fe00000| Untracked 
| 254|0x000000008fe00000, 0x000000008ff00000, 0x000000008ff00000|100%| O|  |TAMS 0x000000008ff00000, 0x000000008ff00000| Untracked 
| 255|0x000000008ff00000, 0x0000000090000000, 0x0000000090000000|100%| O|  |TAMS 0x0000000090000000, 0x0000000090000000| Untracked 
| 256|0x0000000090000000, 0x0000000090100000, 0x0000000090100000|100%| O|  |TAMS 0x0000000090100000, 0x0000000090100000| Untracked 
| 257|0x0000000090100000, 0x0000000090200000, 0x0000000090200000|100%| O|  |TAMS 0x0000000090200000, 0x0000000090200000| Untracked 
| 258|0x0000000090200000, 0x0000000090300000, 0x0000000090300000|100%| O|  |TAMS 0x0000000090300000, 0x0000000090300000| Untracked 
| 259|0x0000000090300000, 0x0000000090400000, 0x0000000090400000|100%|HS|  |TAMS 0x0000000090300000, 0x0000000090300000| Complete 
| 260|0x0000000090400000, 0x0000000090500000, 0x0000000090500000|100%|HC|  |TAMS 0x0000000090400000, 0x0000000090400000| Complete 
| 261|0x0000000090500000, 0x0000000090500000, 0x0000000090600000|  0%| F|  |TAMS 0x0000000090500000, 0x0000000090500000| Untracked 
| 262|0x0000000090600000, 0x0000000090700000, 0x0000000090700000|100%| O|  |TAMS 0x0000000090700000, 0x0000000090700000| Untracked 
| 263|0x0000000090700000, 0x0000000090800000, 0x0000000090800000|100%|HS|  |TAMS 0x0000000090800000, 0x0000000090800000| Complete 
| 264|0x0000000090800000, 0x0000000090900000, 0x0000000090900000|100%| O|  |TAMS 0x0000000090900000, 0x0000000090900000| Untracked 
| 265|0x0000000090900000, 0x0000000090a00000, 0x0000000090a00000|100%| O|  |TAMS 0x0000000090a00000, 0x0000000090a00000| Untracked 
| 266|0x0000000090a00000, 0x0000000090b00000, 0x0000000090b00000|100%| O|  |TAMS 0x0000000090b00000, 0x0000000090b00000| Untracked 
| 267|0x0000000090b00000, 0x0000000090c00000, 0x0000000090c00000|100%| O|  |TAMS 0x0000000090c00000, 0x0000000090c00000| Untracked 
| 268|0x0000000090c00000, 0x0000000090d00000, 0x0000000090d00000|100%| O|  |TAMS 0x0000000090d00000, 0x0000000090d00000| Untracked 
| 269|0x0000000090d00000, 0x0000000090e00000, 0x0000000090e00000|100%| O|  |TAMS 0x0000000090e00000, 0x0000000090e00000| Untracked 
| 270|0x0000000090e00000, 0x0000000090f00000, 0x0000000090f00000|100%| O|  |TAMS 0x0000000090f00000, 0x0000000090f00000| Untracked 
| 271|0x0000000090f00000, 0x0000000091000000, 0x0000000091000000|100%| O|  |TAMS 0x0000000091000000, 0x0000000091000000| Untracked 
| 272|0x0000000091000000, 0x0000000091100000, 0x0000000091100000|100%| O|  |TAMS 0x0000000091100000, 0x0000000091100000| Untracked 
| 273|0x0000000091100000, 0x0000000091100000, 0x0000000091200000|  0%| F|  |TAMS 0x0000000091100000, 0x0000000091100000| Untracked 
| 274|0x0000000091200000, 0x0000000091200000, 0x0000000091300000|  0%| F|  |TAMS 0x0000000091200000, 0x0000000091200000| Untracked 
| 275|0x0000000091300000, 0x0000000091400000, 0x0000000091400000|100%| O|  |TAMS 0x0000000091400000, 0x0000000091400000| Untracked 
| 276|0x0000000091400000, 0x0000000091400000, 0x0000000091500000|  0%| F|  |TAMS 0x0000000091400000, 0x0000000091400000| Untracked 
| 277|0x0000000091500000, 0x0000000091600000, 0x0000000091600000|100%| O|  |TAMS 0x0000000091600000, 0x0000000091600000| Untracked 
| 278|0x0000000091600000, 0x0000000091600000, 0x0000000091700000|  0%| F|  |TAMS 0x0000000091600000, 0x0000000091600000| Untracked 
| 279|0x0000000091700000, 0x0000000091700000, 0x0000000091800000|  0%| F|  |TAMS 0x0000000091700000, 0x0000000091700000| Untracked 
| 280|0x0000000091800000, 0x0000000091900000, 0x0000000091900000|100%|HS|  |TAMS 0x0000000091900000, 0x0000000091900000| Complete 
| 281|0x0000000091900000, 0x0000000091a00000, 0x0000000091a00000|100%|HC|  |TAMS 0x0000000091a00000, 0x0000000091a00000| Complete 
| 282|0x0000000091a00000, 0x0000000091b00000, 0x0000000091b00000|100%|HC|  |TAMS 0x0000000091b00000, 0x0000000091b00000| Complete 
| 283|0x0000000091b00000, 0x0000000091c00000, 0x0000000091c00000|100%|HC|  |TAMS 0x0000000091c00000, 0x0000000091c00000| Complete 
| 284|0x0000000091c00000, 0x0000000091d00000, 0x0000000091d00000|100%|HC|  |TAMS 0x0000000091d00000, 0x0000000091d00000| Complete 
| 285|0x0000000091d00000, 0x0000000091e00000, 0x0000000091e00000|100%| O|  |TAMS 0x0000000091e00000, 0x0000000091e00000| Untracked 
| 286|0x0000000091e00000, 0x0000000091f00000, 0x0000000091f00000|100%| O|  |TAMS 0x0000000091f00000, 0x0000000091f00000| Untracked 
| 287|0x0000000091f00000, 0x0000000092000000, 0x0000000092000000|100%| O|  |TAMS 0x0000000091f00000, 0x0000000092000000| Untracked 
| 288|0x0000000092000000, 0x0000000092100000, 0x0000000092100000|100%|HS|  |TAMS 0x0000000092100000, 0x0000000092100000| Complete 
| 289|0x0000000092100000, 0x0000000092200000, 0x0000000092200000|100%|HC|  |TAMS 0x0000000092200000, 0x0000000092200000| Complete 
| 290|0x0000000092200000, 0x0000000092300000, 0x0000000092300000|100%|HC|  |TAMS 0x0000000092300000, 0x0000000092300000| Complete 
| 291|0x0000000092300000, 0x0000000092400000, 0x0000000092400000|100%| O|  |TAMS 0x0000000092400000, 0x0000000092400000| Untracked 
| 292|0x0000000092400000, 0x0000000092500000, 0x0000000092500000|100%| O|  |TAMS 0x0000000092400000, 0x0000000092500000| Untracked 
| 293|0x0000000092500000, 0x0000000092600000, 0x0000000092600000|100%|HS|  |TAMS 0x0000000092600000, 0x0000000092600000| Complete 
| 294|0x0000000092600000, 0x0000000092700000, 0x0000000092700000|100%|HC|  |TAMS 0x0000000092700000, 0x0000000092700000| Complete 
| 295|0x0000000092700000, 0x0000000092800000, 0x0000000092800000|100%|HC|  |TAMS 0x0000000092800000, 0x0000000092800000| Complete 
| 296|0x0000000092800000, 0x0000000092900000, 0x0000000092900000|100%| O|  |TAMS 0x0000000092900000, 0x0000000092900000| Untracked 
| 297|0x0000000092900000, 0x0000000092a00000, 0x0000000092a00000|100%| O|  |TAMS 0x0000000092a00000, 0x0000000092a00000| Untracked 
| 298|0x0000000092a00000, 0x0000000092b00000, 0x0000000092b00000|100%| O|  |TAMS 0x0000000092a00000, 0x0000000092b00000| Untracked 
| 299|0x0000000092b00000, 0x0000000092c00000, 0x0000000092c00000|100%|HS|  |TAMS 0x0000000092c00000, 0x0000000092c00000| Complete 
| 300|0x0000000092c00000, 0x0000000092d00000, 0x0000000092d00000|100%|HC|  |TAMS 0x0000000092d00000, 0x0000000092d00000| Complete 
| 301|0x0000000092d00000, 0x0000000092e00000, 0x0000000092e00000|100%|HS|  |TAMS 0x0000000092e00000, 0x0000000092e00000| Complete 
| 302|0x0000000092e00000, 0x0000000092f00000, 0x0000000092f00000|100%|HC|  |TAMS 0x0000000092f00000, 0x0000000092f00000| Complete 
| 303|0x0000000092f00000, 0x0000000093000000, 0x0000000093000000|100%| O|  |TAMS 0x0000000093000000, 0x0000000093000000| Untracked 
| 304|0x0000000093000000, 0x0000000093100000, 0x0000000093100000|100%| O|  |TAMS 0x0000000093100000, 0x0000000093100000| Untracked 
| 305|0x0000000093100000, 0x0000000093200000, 0x0000000093200000|100%| O|  |TAMS 0x0000000093200000, 0x0000000093200000| Untracked 
| 306|0x0000000093200000, 0x0000000093300000, 0x0000000093300000|100%|HS|  |TAMS 0x0000000093300000, 0x0000000093300000| Complete 
| 307|0x0000000093300000, 0x0000000093400000, 0x0000000093400000|100%|HS|  |TAMS 0x0000000093400000, 0x0000000093400000| Complete 
| 308|0x0000000093400000, 0x0000000093500000, 0x0000000093500000|100%| O|  |TAMS 0x0000000093500000, 0x0000000093500000| Untracked 
| 309|0x0000000093500000, 0x0000000093600000, 0x0000000093600000|100%| O|  |TAMS 0x00000000935db600, 0x0000000093600000| Untracked 
| 310|0x0000000093600000, 0x0000000093700000, 0x0000000093700000|100%|HS|  |TAMS 0x0000000093700000, 0x0000000093700000| Complete 
| 311|0x0000000093700000, 0x0000000093800000, 0x0000000093800000|100%|HS|  |TAMS 0x0000000093800000, 0x0000000093800000| Complete 
| 312|0x0000000093800000, 0x0000000093900000, 0x0000000093900000|100%|HC|  |TAMS 0x0000000093900000, 0x0000000093900000| Complete 
| 313|0x0000000093900000, 0x0000000093a00000, 0x0000000093a00000|100%| O|  |TAMS 0x0000000093a00000, 0x0000000093a00000| Untracked 
| 314|0x0000000093a00000, 0x0000000093b00000, 0x0000000093b00000|100%|HS|  |TAMS 0x0000000093b00000, 0x0000000093b00000| Complete 
| 315|0x0000000093b00000, 0x0000000093c00000, 0x0000000093c00000|100%|HS|  |TAMS 0x0000000093c00000, 0x0000000093c00000| Complete 
| 316|0x0000000093c00000, 0x0000000093d00000, 0x0000000093d00000|100%|HS|  |TAMS 0x0000000093d00000, 0x0000000093d00000| Complete 
| 317|0x0000000093d00000, 0x0000000093e00000, 0x0000000093e00000|100%| O|  |TAMS 0x0000000093d00000, 0x0000000093e00000| Untracked 
| 318|0x0000000093e00000, 0x0000000093f00000, 0x0000000093f00000|100%| O|  |TAMS 0x0000000093f00000, 0x0000000093f00000| Untracked 
| 319|0x0000000093f00000, 0x0000000094000000, 0x0000000094000000|100%|HS|  |TAMS 0x0000000094000000, 0x0000000094000000| Complete 
| 320|0x0000000094000000, 0x0000000094100000, 0x0000000094100000|100%|HS|  |TAMS 0x0000000094000000, 0x0000000094000000| Complete 
| 321|0x0000000094100000, 0x0000000094200000, 0x0000000094200000|100%|HC|  |TAMS 0x0000000094100000, 0x0000000094100000| Complete 
| 322|0x0000000094200000, 0x0000000094300000, 0x0000000094300000|100%|HC|  |TAMS 0x0000000094200000, 0x0000000094200000| Complete 
| 323|0x0000000094300000, 0x0000000094400000, 0x0000000094400000|100%|HS|  |TAMS 0x0000000094400000, 0x0000000094400000| Complete 
| 324|0x0000000094400000, 0x0000000094500000, 0x0000000094500000|100%|HS|  |TAMS 0x0000000094500000, 0x0000000094500000| Complete 
| 325|0x0000000094500000, 0x0000000094600000, 0x0000000094600000|100%|HS|  |TAMS 0x0000000094600000, 0x0000000094600000| Complete 
| 326|0x0000000094600000, 0x0000000094700000, 0x0000000094700000|100%|HC|  |TAMS 0x0000000094700000, 0x0000000094700000| Complete 
| 327|0x0000000094700000, 0x0000000094800000, 0x0000000094800000|100%|HS|  |TAMS 0x0000000094800000, 0x0000000094800000| Complete 
| 328|0x0000000094800000, 0x0000000094900000, 0x0000000094900000|100%|HS|  |TAMS 0x0000000094900000, 0x0000000094900000| Complete 
| 329|0x0000000094900000, 0x0000000094a00000, 0x0000000094a00000|100%|HS|  |TAMS 0x0000000094900000, 0x0000000094a00000| Complete 
| 330|0x0000000094a00000, 0x0000000094b00000, 0x0000000094b00000|100%|HC|  |TAMS 0x0000000094a00000, 0x0000000094b00000| Complete 
| 331|0x0000000094b00000, 0x0000000094c00000, 0x0000000094c00000|100%|HC|  |TAMS 0x0000000094b00000, 0x0000000094c00000| Complete 
| 332|0x0000000094c00000, 0x0000000094d00000, 0x0000000094d00000|100%|HS|  |TAMS 0x0000000094d00000, 0x0000000094d00000| Complete 
| 333|0x0000000094d00000, 0x0000000094e00000, 0x0000000094e00000|100%|HS|  |TAMS 0x0000000094e00000, 0x0000000094e00000| Complete 
| 334|0x0000000094e00000, 0x0000000094f00000, 0x0000000094f00000|100%|HS|  |TAMS 0x0000000094f00000, 0x0000000094f00000| Complete 
| 335|0x0000000094f00000, 0x0000000095000000, 0x0000000095000000|100%|HS|  |TAMS 0x0000000095000000, 0x0000000095000000| Complete 
| 336|0x0000000095000000, 0x0000000095100000, 0x0000000095100000|100%|HC|  |TAMS 0x0000000095100000, 0x0000000095100000| Complete 
| 337|0x0000000095100000, 0x0000000095200000, 0x0000000095200000|100%|HS|  |TAMS 0x0000000095200000, 0x0000000095200000| Complete 
| 338|0x0000000095200000, 0x0000000095300000, 0x0000000095300000|100%|HC|  |TAMS 0x0000000095300000, 0x0000000095300000| Complete 
| 339|0x0000000095300000, 0x0000000095400000, 0x0000000095400000|100%|HC|  |TAMS 0x0000000095400000, 0x0000000095400000| Complete 
| 340|0x0000000095400000, 0x0000000095500000, 0x0000000095500000|100%|HC|  |TAMS 0x0000000095500000, 0x0000000095500000| Complete 
| 341|0x0000000095500000, 0x0000000095600000, 0x0000000095600000|100%|HS|  |TAMS 0x0000000095600000, 0x0000000095600000| Complete 
| 342|0x0000000095600000, 0x0000000095700000, 0x0000000095700000|100%|HS|  |TAMS 0x0000000095600000, 0x0000000095600000| Complete 
| 343|0x0000000095700000, 0x0000000095800000, 0x0000000095800000|100%|HC|  |TAMS 0x0000000095700000, 0x0000000095700000| Complete 
| 344|0x0000000095800000, 0x0000000095900000, 0x0000000095900000|100%|HC|  |TAMS 0x0000000095800000, 0x0000000095800000| Complete 
| 345|0x0000000095900000, 0x0000000095a00000, 0x0000000095a00000|100%|HC|  |TAMS 0x0000000095900000, 0x0000000095900000| Complete 
| 346|0x0000000095a00000, 0x0000000095b00000, 0x0000000095b00000|100%|HC|  |TAMS 0x0000000095a00000, 0x0000000095a00000| Complete 
| 347|0x0000000095b00000, 0x0000000095b00000, 0x0000000095c00000|  0%| F|  |TAMS 0x0000000095b00000, 0x0000000095b00000| Untracked 
| 348|0x0000000095c00000, 0x0000000095c00000, 0x0000000095d00000|  0%| F|  |TAMS 0x0000000095c00000, 0x0000000095c00000| Untracked 
| 349|0x0000000095d00000, 0x0000000095e00000, 0x0000000095e00000|100%|HS|  |TAMS 0x0000000095e00000, 0x0000000095e00000| Complete 
| 350|0x0000000095e00000, 0x0000000095f00000, 0x0000000095f00000|100%|HS|  |TAMS 0x0000000095e00000, 0x0000000095f00000| Complete 
| 351|0x0000000095f00000, 0x0000000096000000, 0x0000000096000000|100%|HC|  |TAMS 0x0000000095f00000, 0x0000000096000000| Complete 
| 352|0x0000000096000000, 0x0000000096100000, 0x0000000096100000|100%|HS|  |TAMS 0x0000000096100000, 0x0000000096100000| Complete 
| 353|0x0000000096100000, 0x0000000096200000, 0x0000000096200000|100%|HC|  |TAMS 0x0000000096200000, 0x0000000096200000| Complete 
| 354|0x0000000096200000, 0x0000000096200000, 0x0000000096300000|  0%| F|  |TAMS 0x0000000096200000, 0x0000000096200000| Untracked 
| 355|0x0000000096300000, 0x0000000096300000, 0x0000000096400000|  0%| F|  |TAMS 0x0000000096300000, 0x0000000096300000| Untracked 
| 356|0x0000000096400000, 0x0000000096500000, 0x0000000096500000|100%|HS|  |TAMS 0x0000000096500000, 0x0000000096500000| Complete 
| 357|0x0000000096500000, 0x0000000096600000, 0x0000000096600000|100%|HS|  |TAMS 0x0000000096600000, 0x0000000096600000| Complete 
| 358|0x0000000096600000, 0x0000000096700000, 0x0000000096700000|100%|HS|  |TAMS 0x0000000096700000, 0x0000000096700000| Complete 
| 359|0x0000000096700000, 0x0000000096700000, 0x0000000096800000|  0%| F|  |TAMS 0x0000000096700000, 0x0000000096700000| Untracked 
| 360|0x0000000096800000, 0x0000000096800000, 0x0000000096900000|  0%| F|  |TAMS 0x0000000096800000, 0x0000000096800000| Untracked 
| 361|0x0000000096900000, 0x0000000096900000, 0x0000000096a00000|  0%| F|  |TAMS 0x0000000096900000, 0x0000000096900000| Untracked 
| 362|0x0000000096a00000, 0x0000000096a00000, 0x0000000096b00000|  0%| F|  |TAMS 0x0000000096a00000, 0x0000000096a00000| Untracked 
| 363|0x0000000096b00000, 0x0000000096b00000, 0x0000000096c00000|  0%| F|  |TAMS 0x0000000096b00000, 0x0000000096b00000| Untracked 
| 364|0x0000000096c00000, 0x0000000096d00000, 0x0000000096d00000|100%|HS|  |TAMS 0x0000000096d00000, 0x0000000096d00000| Complete 
| 365|0x0000000096d00000, 0x0000000096e00000, 0x0000000096e00000|100%|HS|  |TAMS 0x0000000096e00000, 0x0000000096e00000| Complete 
| 366|0x0000000096e00000, 0x0000000096f00000, 0x0000000096f00000|100%|HS|  |TAMS 0x0000000096f00000, 0x0000000096f00000| Complete 
| 367|0x0000000096f00000, 0x0000000097000000, 0x0000000097000000|100%|HC|  |TAMS 0x0000000097000000, 0x0000000097000000| Complete 
| 368|0x0000000097000000, 0x0000000097100000, 0x0000000097100000|100%|HC|  |TAMS 0x0000000097100000, 0x0000000097100000| Complete 
| 369|0x0000000097100000, 0x0000000097200000, 0x0000000097200000|100%|HC|  |TAMS 0x0000000097200000, 0x0000000097200000| Complete 
| 370|0x0000000097200000, 0x0000000097300000, 0x0000000097300000|100%|HC|  |TAMS 0x0000000097300000, 0x0000000097300000| Complete 
| 371|0x0000000097300000, 0x0000000097400000, 0x0000000097400000|100%|HC|  |TAMS 0x0000000097400000, 0x0000000097400000| Complete 
| 372|0x0000000097400000, 0x0000000097500000, 0x0000000097500000|100%|HS|  |TAMS 0x0000000097500000, 0x0000000097500000| Complete 
| 373|0x0000000097500000, 0x0000000097600000, 0x0000000097600000|100%|HC|  |TAMS 0x0000000097600000, 0x0000000097600000| Complete 
| 374|0x0000000097600000, 0x0000000097700000, 0x0000000097700000|100%| O|  |TAMS 0x0000000097600000, 0x0000000097700000| Untracked 
| 375|0x0000000097700000, 0x0000000097800000, 0x0000000097800000|100%|HS|  |TAMS 0x0000000097800000, 0x0000000097800000| Complete 
| 376|0x0000000097800000, 0x0000000097900000, 0x0000000097900000|100%|HC|  |TAMS 0x0000000097900000, 0x0000000097900000| Complete 
| 377|0x0000000097900000, 0x0000000097a00000, 0x0000000097a00000|100%|HC|  |TAMS 0x0000000097a00000, 0x0000000097a00000| Complete 
| 378|0x0000000097a00000, 0x0000000097b00000, 0x0000000097b00000|100%|HC|  |TAMS 0x0000000097b00000, 0x0000000097b00000| Complete 
| 379|0x0000000097b00000, 0x0000000097c00000, 0x0000000097c00000|100%|HC|  |TAMS 0x0000000097c00000, 0x0000000097c00000| Complete 
| 380|0x0000000097c00000, 0x0000000097c00000, 0x0000000097d00000|  0%| F|  |TAMS 0x0000000097c00000, 0x0000000097c00000| Untracked 
| 381|0x0000000097d00000, 0x0000000097d00000, 0x0000000097e00000|  0%| F|  |TAMS 0x0000000097d00000, 0x0000000097d00000| Untracked 
| 382|0x0000000097e00000, 0x0000000097f00000, 0x0000000097f00000|100%|HS|  |TAMS 0x0000000097f00000, 0x0000000097f00000| Complete 
| 383|0x0000000097f00000, 0x0000000098000000, 0x0000000098000000|100%|HC|  |TAMS 0x0000000098000000, 0x0000000098000000| Complete 
| 384|0x0000000098000000, 0x0000000098100000, 0x0000000098100000|100%|HC|  |TAMS 0x0000000098100000, 0x0000000098100000| Complete 
| 385|0x0000000098100000, 0x0000000098200000, 0x0000000098200000|100%|HC|  |TAMS 0x0000000098200000, 0x0000000098200000| Complete 
| 386|0x0000000098200000, 0x0000000098300000, 0x0000000098300000|100%|HS|  |TAMS 0x0000000098300000, 0x0000000098300000| Complete 
| 387|0x0000000098300000, 0x0000000098400000, 0x0000000098400000|100%|HC|  |TAMS 0x0000000098400000, 0x0000000098400000| Complete 
| 388|0x0000000098400000, 0x0000000098500000, 0x0000000098500000|100%|HC|  |TAMS 0x0000000098500000, 0x0000000098500000| Complete 
| 389|0x0000000098500000, 0x0000000098600000, 0x0000000098600000|100%|HC|  |TAMS 0x0000000098600000, 0x0000000098600000| Complete 
| 390|0x0000000098600000, 0x0000000098700000, 0x0000000098700000|100%|HC|  |TAMS 0x0000000098700000, 0x0000000098700000| Complete 
| 391|0x0000000098700000, 0x0000000098800000, 0x0000000098800000|100%|HC|  |TAMS 0x0000000098800000, 0x0000000098800000| Complete 
| 392|0x0000000098800000, 0x0000000098900000, 0x0000000098900000|100%|HS|  |TAMS 0x0000000098900000, 0x0000000098900000| Complete 
| 393|0x0000000098900000, 0x0000000098a00000, 0x0000000098a00000|100%|HS|  |TAMS 0x0000000098a00000, 0x0000000098a00000| Complete 
| 394|0x0000000098a00000, 0x0000000098b00000, 0x0000000098b00000|100%|HC|  |TAMS 0x0000000098b00000, 0x0000000098b00000| Complete 
| 395|0x0000000098b00000, 0x0000000098c00000, 0x0000000098c00000|100%|HC|  |TAMS 0x0000000098c00000, 0x0000000098c00000| Complete 
| 396|0x0000000098c00000, 0x0000000098d00000, 0x0000000098d00000|100%|HS|  |TAMS 0x0000000098d00000, 0x0000000098d00000| Complete 
| 397|0x0000000098d00000, 0x0000000098e00000, 0x0000000098e00000|100%|HC|  |TAMS 0x0000000098e00000, 0x0000000098e00000| Complete 
| 398|0x0000000098e00000, 0x0000000098f00000, 0x0000000098f00000|100%|HC|  |TAMS 0x0000000098f00000, 0x0000000098f00000| Complete 
| 399|0x0000000098f00000, 0x0000000099000000, 0x0000000099000000|100%|HS|  |TAMS 0x0000000099000000, 0x0000000099000000| Complete 
| 400|0x0000000099000000, 0x0000000099100000, 0x0000000099100000|100%|HS|  |TAMS 0x0000000099100000, 0x0000000099100000| Complete 
| 401|0x0000000099100000, 0x0000000099200000, 0x0000000099200000|100%|HC|  |TAMS 0x0000000099200000, 0x0000000099200000| Complete 
| 402|0x0000000099200000, 0x0000000099300000, 0x0000000099300000|100%|HC|  |TAMS 0x0000000099300000, 0x0000000099300000| Complete 
| 403|0x0000000099300000, 0x0000000099400000, 0x0000000099400000|100%|HC|  |TAMS 0x0000000099400000, 0x0000000099400000| Complete 
| 404|0x0000000099400000, 0x0000000099500000, 0x0000000099500000|100%|HC|  |TAMS 0x0000000099500000, 0x0000000099500000| Complete 
| 405|0x0000000099500000, 0x0000000099600000, 0x0000000099600000|100%|HS|  |TAMS 0x0000000099600000, 0x0000000099600000| Complete 
| 406|0x0000000099600000, 0x0000000099700000, 0x0000000099700000|100%|HC|  |TAMS 0x0000000099700000, 0x0000000099700000| Complete 
| 407|0x0000000099700000, 0x0000000099800000, 0x0000000099800000|100%|HS|  |TAMS 0x0000000099800000, 0x0000000099800000| Complete 
| 408|0x0000000099800000, 0x0000000099900000, 0x0000000099900000|100%|HC|  |TAMS 0x0000000099900000, 0x0000000099900000| Complete 
| 409|0x0000000099900000, 0x0000000099a00000, 0x0000000099a00000|100%|HC|  |TAMS 0x0000000099a00000, 0x0000000099a00000| Complete 
| 410|0x0000000099a00000, 0x0000000099b00000, 0x0000000099b00000|100%|HC|  |TAMS 0x0000000099b00000, 0x0000000099b00000| Complete 
| 411|0x0000000099b00000, 0x0000000099c00000, 0x0000000099c00000|100%|HC|  |TAMS 0x0000000099c00000, 0x0000000099c00000| Complete 
| 412|0x0000000099c00000, 0x0000000099d00000, 0x0000000099d00000|100%|HC|  |TAMS 0x0000000099d00000, 0x0000000099d00000| Complete 
| 413|0x0000000099d00000, 0x0000000099d00000, 0x0000000099e00000|  0%| F|  |TAMS 0x0000000099d00000, 0x0000000099d00000| Untracked 
| 414|0x0000000099e00000, 0x0000000099e00000, 0x0000000099f00000|  0%| F|  |TAMS 0x0000000099e00000, 0x0000000099e00000| Untracked 
| 415|0x0000000099f00000, 0x000000009a000000, 0x000000009a000000|100%|HS|  |TAMS 0x000000009a000000, 0x000000009a000000| Complete 
| 416|0x000000009a000000, 0x000000009a100000, 0x000000009a100000|100%|HC|  |TAMS 0x000000009a100000, 0x000000009a100000| Complete 
| 417|0x000000009a100000, 0x000000009a200000, 0x000000009a200000|100%|HS|  |TAMS 0x000000009a200000, 0x000000009a200000| Complete 
| 418|0x000000009a200000, 0x000000009a300000, 0x000000009a300000|100%|HC|  |TAMS 0x000000009a300000, 0x000000009a300000| Complete 
| 419|0x000000009a300000, 0x000000009a400000, 0x000000009a400000|100%|HC|  |TAMS 0x000000009a400000, 0x000000009a400000| Complete 
| 420|0x000000009a400000, 0x000000009a500000, 0x000000009a500000|100%|HC|  |TAMS 0x000000009a500000, 0x000000009a500000| Complete 
| 421|0x000000009a500000, 0x000000009a600000, 0x000000009a600000|100%|HS|  |TAMS 0x000000009a600000, 0x000000009a600000| Complete 
| 422|0x000000009a600000, 0x000000009a600000, 0x000000009a700000|  0%| F|  |TAMS 0x000000009a600000, 0x000000009a600000| Untracked 
| 423|0x000000009a700000, 0x000000009a700000, 0x000000009a800000|  0%| F|  |TAMS 0x000000009a700000, 0x000000009a700000| Untracked 
| 424|0x000000009a800000, 0x000000009a800000, 0x000000009a900000|  0%| F|  |TAMS 0x000000009a800000, 0x000000009a800000| Untracked 
| 425|0x000000009a900000, 0x000000009aa00000, 0x000000009aa00000|100%|HS|  |TAMS 0x000000009aa00000, 0x000000009aa00000| Complete 
| 426|0x000000009aa00000, 0x000000009ab00000, 0x000000009ab00000|100%| O|  |TAMS 0x000000009aa00000, 0x000000009ab00000| Untracked 
| 427|0x000000009ab00000, 0x000000009ac00000, 0x000000009ac00000|100%| O|  |TAMS 0x000000009ab00000, 0x000000009ac00000| Untracked 
| 428|0x000000009ac00000, 0x000000009ad00000, 0x000000009ad00000|100%|HS|  |TAMS 0x000000009ad00000, 0x000000009ad00000| Complete 
| 429|0x000000009ad00000, 0x000000009ae00000, 0x000000009ae00000|100%|HS|  |TAMS 0x000000009ae00000, 0x000000009ae00000| Complete 
| 430|0x000000009ae00000, 0x000000009af00000, 0x000000009af00000|100%|HS|  |TAMS 0x000000009af00000, 0x000000009af00000| Complete 
| 431|0x000000009af00000, 0x000000009b000000, 0x000000009b000000|100%|HC|  |TAMS 0x000000009b000000, 0x000000009b000000| Complete 
| 432|0x000000009b000000, 0x000000009b100000, 0x000000009b100000|100%|HC|  |TAMS 0x000000009b100000, 0x000000009b100000| Complete 
| 433|0x000000009b100000, 0x000000009b200000, 0x000000009b200000|100%|HC|  |TAMS 0x000000009b200000, 0x000000009b200000| Complete 
| 434|0x000000009b200000, 0x000000009b300000, 0x000000009b300000|100%|HC|  |TAMS 0x000000009b300000, 0x000000009b300000| Complete 
| 435|0x000000009b300000, 0x000000009b400000, 0x000000009b400000|100%| O|  |TAMS 0x000000009b300000, 0x000000009b400000| Untracked 
| 436|0x000000009b400000, 0x000000009b500000, 0x000000009b500000|100%| O|  |TAMS 0x000000009b400000, 0x000000009b500000| Untracked 
| 437|0x000000009b500000, 0x000000009b600000, 0x000000009b600000|100%|HS|  |TAMS 0x000000009b600000, 0x000000009b600000| Complete 
| 438|0x000000009b600000, 0x000000009b700000, 0x000000009b700000|100%|HC|  |TAMS 0x000000009b700000, 0x000000009b700000| Complete 
| 439|0x000000009b700000, 0x000000009b700000, 0x000000009b800000|  0%| F|  |TAMS 0x000000009b700000, 0x000000009b700000| Untracked 
| 440|0x000000009b800000, 0x000000009b800000, 0x000000009b900000|  0%| F|  |TAMS 0x000000009b800000, 0x000000009b800000| Untracked 
| 441|0x000000009b900000, 0x000000009b900000, 0x000000009ba00000|  0%| F|  |TAMS 0x000000009b900000, 0x000000009b900000| Untracked 
| 442|0x000000009ba00000, 0x000000009bb00000, 0x000000009bb00000|100%|HS|  |TAMS 0x000000009bb00000, 0x000000009bb00000| Complete 
| 443|0x000000009bb00000, 0x000000009bc00000, 0x000000009bc00000|100%|HS|  |TAMS 0x000000009bc00000, 0x000000009bc00000| Complete 
| 444|0x000000009bc00000, 0x000000009bd00000, 0x000000009bd00000|100%|HC|  |TAMS 0x000000009bd00000, 0x000000009bd00000| Complete 
| 445|0x000000009bd00000, 0x000000009be00000, 0x000000009be00000|100%|HC|  |TAMS 0x000000009be00000, 0x000000009be00000| Complete 
| 446|0x000000009be00000, 0x000000009bf00000, 0x000000009bf00000|100%|HC|  |TAMS 0x000000009bf00000, 0x000000009bf00000| Complete 
| 447|0x000000009bf00000, 0x000000009c000000, 0x000000009c000000|100%|HS|  |TAMS 0x000000009c000000, 0x000000009c000000| Complete 
| 448|0x000000009c000000, 0x000000009c000000, 0x000000009c100000|  0%| F|  |TAMS 0x000000009c000000, 0x000000009c000000| Untracked 
| 449|0x000000009c100000, 0x000000009c100000, 0x000000009c200000|  0%| F|  |TAMS 0x000000009c100000, 0x000000009c100000| Untracked 
| 450|0x000000009c200000, 0x000000009c200000, 0x000000009c300000|  0%| F|  |TAMS 0x000000009c200000, 0x000000009c200000| Untracked 
| 451|0x000000009c300000, 0x000000009c300000, 0x000000009c400000|  0%| F|  |TAMS 0x000000009c300000, 0x000000009c300000| Untracked 
| 452|0x000000009c400000, 0x000000009c400000, 0x000000009c500000|  0%| F|  |TAMS 0x000000009c400000, 0x000000009c400000| Untracked 
| 453|0x000000009c500000, 0x000000009c600000, 0x000000009c600000|100%|HS|  |TAMS 0x000000009c500000, 0x000000009c600000| Complete 
| 454|0x000000009c600000, 0x000000009c700000, 0x000000009c700000|100%|HC|  |TAMS 0x000000009c600000, 0x000000009c700000| Complete 
| 455|0x000000009c700000, 0x000000009c800000, 0x000000009c800000|100%|HC|  |TAMS 0x000000009c700000, 0x000000009c800000| Complete 
| 456|0x000000009c800000, 0x000000009c900000, 0x000000009c900000|100%|HC|  |TAMS 0x000000009c800000, 0x000000009c900000| Complete 
| 457|0x000000009c900000, 0x000000009ca00000, 0x000000009ca00000|100%| O|  |TAMS 0x000000009c900000, 0x000000009ca00000| Untracked 
| 458|0x000000009ca00000, 0x000000009cb00000, 0x000000009cb00000|100%|HS|  |TAMS 0x000000009cb00000, 0x000000009cb00000| Complete 
| 459|0x000000009cb00000, 0x000000009cc00000, 0x000000009cc00000|100%|HC|  |TAMS 0x000000009cc00000, 0x000000009cc00000| Complete 
| 460|0x000000009cc00000, 0x000000009cd00000, 0x000000009cd00000|100%|HC|  |TAMS 0x000000009cd00000, 0x000000009cd00000| Complete 
| 461|0x000000009cd00000, 0x000000009ce00000, 0x000000009ce00000|100%|HC|  |TAMS 0x000000009ce00000, 0x000000009ce00000| Complete 
| 462|0x000000009ce00000, 0x000000009ce00000, 0x000000009cf00000|  0%| F|  |TAMS 0x000000009ce00000, 0x000000009ce00000| Untracked 
| 463|0x000000009cf00000, 0x000000009cf00000, 0x000000009d000000|  0%| F|  |TAMS 0x000000009cf00000, 0x000000009cf00000| Untracked 
| 464|0x000000009d000000, 0x000000009d000000, 0x000000009d100000|  0%| F|  |TAMS 0x000000009d000000, 0x000000009d000000| Untracked 
| 465|0x000000009d100000, 0x000000009d100000, 0x000000009d200000|  0%| F|  |TAMS 0x000000009d100000, 0x000000009d100000| Untracked 
| 466|0x000000009d200000, 0x000000009d200000, 0x000000009d300000|  0%| F|  |TAMS 0x000000009d200000, 0x000000009d200000| Untracked 
| 467|0x000000009d300000, 0x000000009d400000, 0x000000009d400000|100%| O|  |TAMS 0x000000009d300000, 0x000000009d400000| Untracked 
| 468|0x000000009d400000, 0x000000009d500000, 0x000000009d500000|100%|HS|  |TAMS 0x000000009d500000, 0x000000009d500000| Complete 
| 469|0x000000009d500000, 0x000000009d600000, 0x000000009d600000|100%|HC|  |TAMS 0x000000009d600000, 0x000000009d600000| Complete 
| 470|0x000000009d600000, 0x000000009d700000, 0x000000009d700000|100%|HC|  |TAMS 0x000000009d700000, 0x000000009d700000| Complete 
| 471|0x000000009d700000, 0x000000009d800000, 0x000000009d800000|100%|HC|  |TAMS 0x000000009d800000, 0x000000009d800000| Complete 
| 472|0x000000009d800000, 0x000000009d900000, 0x000000009d900000|100%|HC|  |TAMS 0x000000009d900000, 0x000000009d900000| Complete 
| 473|0x000000009d900000, 0x000000009da00000, 0x000000009da00000|100%|HS|  |TAMS 0x000000009d900000, 0x000000009da00000| Complete 
| 474|0x000000009da00000, 0x000000009db00000, 0x000000009db00000|100%|HC|  |TAMS 0x000000009da00000, 0x000000009db00000| Complete 
| 475|0x000000009db00000, 0x000000009dc00000, 0x000000009dc00000|100%|HC|  |TAMS 0x000000009db00000, 0x000000009dc00000| Complete 
| 476|0x000000009dc00000, 0x000000009dd00000, 0x000000009dd00000|100%|HC|  |TAMS 0x000000009dc00000, 0x000000009dd00000| Complete 
| 477|0x000000009dd00000, 0x000000009de00000, 0x000000009de00000|100%| O|  |TAMS 0x000000009dd00000, 0x000000009de00000| Untracked 
| 478|0x000000009de00000, 0x000000009df00000, 0x000000009df00000|100%|HS|  |TAMS 0x000000009df00000, 0x000000009df00000| Complete 
| 479|0x000000009df00000, 0x000000009e000000, 0x000000009e000000|100%|HC|  |TAMS 0x000000009e000000, 0x000000009e000000| Complete 
| 480|0x000000009e000000, 0x000000009e100000, 0x000000009e100000|100%|HC|  |TAMS 0x000000009e100000, 0x000000009e100000| Complete 
| 481|0x000000009e100000, 0x000000009e200000, 0x000000009e200000|100%|HC|  |TAMS 0x000000009e200000, 0x000000009e200000| Complete 
| 482|0x000000009e200000, 0x000000009e300000, 0x000000009e300000|100%|HC|  |TAMS 0x000000009e300000, 0x000000009e300000| Complete 
| 483|0x000000009e300000, 0x000000009e400000, 0x000000009e400000|100%|HC|  |TAMS 0x000000009e400000, 0x000000009e400000| Complete 
| 484|0x000000009e400000, 0x000000009e500000, 0x000000009e500000|100%|HS|  |TAMS 0x000000009e500000, 0x000000009e500000| Complete 
| 485|0x000000009e500000, 0x000000009e600000, 0x000000009e600000|100%|HC|  |TAMS 0x000000009e600000, 0x000000009e600000| Complete 
| 486|0x000000009e600000, 0x000000009e700000, 0x000000009e700000|100%|HC|  |TAMS 0x000000009e700000, 0x000000009e700000| Complete 
| 487|0x000000009e700000, 0x000000009e700000, 0x000000009e800000|  0%| F|  |TAMS 0x000000009e700000, 0x000000009e700000| Untracked 
| 488|0x000000009e800000, 0x000000009e800000, 0x000000009e900000|  0%| F|  |TAMS 0x000000009e800000, 0x000000009e800000| Untracked 
| 489|0x000000009e900000, 0x000000009e900000, 0x000000009ea00000|  0%| F|  |TAMS 0x000000009e900000, 0x000000009e900000| Untracked 
| 490|0x000000009ea00000, 0x000000009eb00000, 0x000000009eb00000|100%|HS|  |TAMS 0x000000009eb00000, 0x000000009eb00000| Complete 
| 491|0x000000009eb00000, 0x000000009ec00000, 0x000000009ec00000|100%|HS|  |TAMS 0x000000009ec00000, 0x000000009ec00000| Complete 
| 492|0x000000009ec00000, 0x000000009ed00000, 0x000000009ed00000|100%|HC|  |TAMS 0x000000009ed00000, 0x000000009ed00000| Complete 
| 493|0x000000009ed00000, 0x000000009ee00000, 0x000000009ee00000|100%|HC|  |TAMS 0x000000009ee00000, 0x000000009ee00000| Complete 
| 494|0x000000009ee00000, 0x000000009ef00000, 0x000000009ef00000|100%|HC|  |TAMS 0x000000009ef00000, 0x000000009ef00000| Complete 
| 495|0x000000009ef00000, 0x000000009f000000, 0x000000009f000000|100%| O|  |TAMS 0x000000009ef00000, 0x000000009f000000| Untracked 
| 496|0x000000009f000000, 0x000000009f100000, 0x000000009f100000|100%|HS|  |TAMS 0x000000009f100000, 0x000000009f100000| Complete 
| 497|0x000000009f100000, 0x000000009f200000, 0x000000009f200000|100%|HC|  |TAMS 0x000000009f200000, 0x000000009f200000| Complete 
| 498|0x000000009f200000, 0x000000009f300000, 0x000000009f300000|100%|HC|  |TAMS 0x000000009f300000, 0x000000009f300000| Complete 
| 499|0x000000009f300000, 0x000000009f400000, 0x000000009f400000|100%|HC|  |TAMS 0x000000009f400000, 0x000000009f400000| Complete 
| 500|0x000000009f400000, 0x000000009f500000, 0x000000009f500000|100%| O|  |TAMS 0x000000009f400000, 0x000000009f500000| Untracked 
| 501|0x000000009f500000, 0x000000009f600000, 0x000000009f600000|100%|HS|  |TAMS 0x000000009f600000, 0x000000009f600000| Complete 
| 502|0x000000009f600000, 0x000000009f700000, 0x000000009f700000|100%|HC|  |TAMS 0x000000009f700000, 0x000000009f700000| Complete 
| 503|0x000000009f700000, 0x000000009f700000, 0x000000009f800000|  0%| F|  |TAMS 0x000000009f700000, 0x000000009f700000| Untracked 
| 504|0x000000009f800000, 0x000000009f800000, 0x000000009f900000|  0%| F|  |TAMS 0x000000009f800000, 0x000000009f800000| Untracked 
| 505|0x000000009f900000, 0x000000009f900000, 0x000000009fa00000|  0%| F|  |TAMS 0x000000009f900000, 0x000000009f900000| Untracked 
| 506|0x000000009fa00000, 0x000000009fb00000, 0x000000009fb00000|100%|HS|  |TAMS 0x000000009fb00000, 0x000000009fb00000| Complete 
| 507|0x000000009fb00000, 0x000000009fb52400, 0x000000009fc00000| 32%| O|  |TAMS 0x000000009fb00000, 0x000000009fb52400| Untracked 
| 508|0x000000009fc00000, 0x000000009fc00000, 0x000000009fd00000|  0%| F|  |TAMS 0x000000009fc00000, 0x000000009fc00000| Untracked 
| 509|0x000000009fd00000, 0x000000009fd00000, 0x000000009fe00000|  0%| F|  |TAMS 0x000000009fd00000, 0x000000009fd00000| Untracked 
| 510|0x000000009fe00000, 0x000000009ff00000, 0x000000009ff00000|100%|HS|  |TAMS 0x000000009ff00000, 0x000000009ff00000| Complete 
| 511|0x000000009ff00000, 0x000000009ff00000, 0x00000000a0000000|  0%| F|  |TAMS 0x000000009ff00000, 0x000000009ff00000| Untracked 
| 512|0x00000000a0000000, 0x00000000a0000000, 0x00000000a0100000|  0%| F|  |TAMS 0x00000000a0000000, 0x00000000a0000000| Untracked 
| 513|0x00000000a0100000, 0x00000000a0100000, 0x00000000a0200000|  0%| F|  |TAMS 0x00000000a0100000, 0x00000000a0100000| Untracked 
| 514|0x00000000a0200000, 0x00000000a0300000, 0x00000000a0300000|100%|HS|  |TAMS 0x00000000a0300000, 0x00000000a0300000| Complete 
| 515|0x00000000a0300000, 0x00000000a0300000, 0x00000000a0400000|  0%| F|  |TAMS 0x00000000a0300000, 0x00000000a0300000| Untracked 
| 516|0x00000000a0400000, 0x00000000a0400000, 0x00000000a0500000|  0%| F|  |TAMS 0x00000000a0400000, 0x00000000a0400000| Untracked 
| 517|0x00000000a0500000, 0x00000000a0500000, 0x00000000a0600000|  0%| F|  |TAMS 0x00000000a0500000, 0x00000000a0500000| Untracked 
| 518|0x00000000a0600000, 0x00000000a0700000, 0x00000000a0700000|100%|HS|  |TAMS 0x00000000a0700000, 0x00000000a0700000| Complete 
| 519|0x00000000a0700000, 0x00000000a0800000, 0x00000000a0800000|100%|HS|  |TAMS 0x00000000a0800000, 0x00000000a0800000| Complete 
| 520|0x00000000a0800000, 0x00000000a0900000, 0x00000000a0900000|100%|HC|  |TAMS 0x00000000a0900000, 0x00000000a0900000| Complete 
| 521|0x00000000a0900000, 0x00000000a0900000, 0x00000000a0a00000|  0%| F|  |TAMS 0x00000000a0900000, 0x00000000a0900000| Untracked 
| 522|0x00000000a0a00000, 0x00000000a0b00000, 0x00000000a0b00000|100%|HS|  |TAMS 0x00000000a0b00000, 0x00000000a0b00000| Complete 
| 523|0x00000000a0b00000, 0x00000000a0c00000, 0x00000000a0c00000|100%|HS|  |TAMS 0x00000000a0c00000, 0x00000000a0c00000| Complete 
| 524|0x00000000a0c00000, 0x00000000a0d00000, 0x00000000a0d00000|100%|HC|  |TAMS 0x00000000a0d00000, 0x00000000a0d00000| Complete 
| 525|0x00000000a0d00000, 0x00000000a0e00000, 0x00000000a0e00000|100%|HC|  |TAMS 0x00000000a0e00000, 0x00000000a0e00000| Complete 
| 526|0x00000000a0e00000, 0x00000000a0f00000, 0x00000000a0f00000|100%|HC|  |TAMS 0x00000000a0f00000, 0x00000000a0f00000| Complete 
| 527|0x00000000a0f00000, 0x00000000a1000000, 0x00000000a1000000|100%|HS|  |TAMS 0x00000000a1000000, 0x00000000a1000000| Complete 
| 528|0x00000000a1000000, 0x00000000a1000000, 0x00000000a1100000|  0%| F|  |TAMS 0x00000000a1000000, 0x00000000a1000000| Untracked 
| 529|0x00000000a1100000, 0x00000000a1100000, 0x00000000a1200000|  0%| F|  |TAMS 0x00000000a1100000, 0x00000000a1100000| Untracked 
| 530|0x00000000a1200000, 0x00000000a1200000, 0x00000000a1300000|  0%| F|  |TAMS 0x00000000a1200000, 0x00000000a1200000| Untracked 
| 531|0x00000000a1300000, 0x00000000a1400000, 0x00000000a1400000|100%|HS|  |TAMS 0x00000000a1400000, 0x00000000a1400000| Complete 
| 532|0x00000000a1400000, 0x00000000a1500000, 0x00000000a1500000|100%|HS|  |TAMS 0x00000000a1500000, 0x00000000a1500000| Complete 
| 533|0x00000000a1500000, 0x00000000a1600000, 0x00000000a1600000|100%|HC|  |TAMS 0x00000000a1600000, 0x00000000a1600000| Complete 
| 534|0x00000000a1600000, 0x00000000a1700000, 0x00000000a1700000|100%|HC|  |TAMS 0x00000000a1700000, 0x00000000a1700000| Complete 
| 535|0x00000000a1700000, 0x00000000a1800000, 0x00000000a1800000|100%|HC|  |TAMS 0x00000000a1800000, 0x00000000a1800000| Complete 
| 536|0x00000000a1800000, 0x00000000a1900000, 0x00000000a1900000|100%|HC|  |TAMS 0x00000000a1900000, 0x00000000a1900000| Complete 
| 537|0x00000000a1900000, 0x00000000a1a00000, 0x00000000a1a00000|100%|HC|  |TAMS 0x00000000a1a00000, 0x00000000a1a00000| Complete 
| 538|0x00000000a1a00000, 0x00000000a1b00000, 0x00000000a1b00000|100%|HS|  |TAMS 0x00000000a1b00000, 0x00000000a1b00000| Complete 
| 539|0x00000000a1b00000, 0x00000000a1c00000, 0x00000000a1c00000|100%|HC|  |TAMS 0x00000000a1c00000, 0x00000000a1c00000| Complete 
| 540|0x00000000a1c00000, 0x00000000a1c00000, 0x00000000a1d00000|  0%| F|  |TAMS 0x00000000a1c00000, 0x00000000a1c00000| Untracked 
| 541|0x00000000a1d00000, 0x00000000a1d00000, 0x00000000a1e00000|  0%| F|  |TAMS 0x00000000a1d00000, 0x00000000a1d00000| Untracked 
| 542|0x00000000a1e00000, 0x00000000a1e00000, 0x00000000a1f00000|  0%| F|  |TAMS 0x00000000a1e00000, 0x00000000a1e00000| Untracked 
| 543|0x00000000a1f00000, 0x00000000a1f00000, 0x00000000a2000000|  0%| F|  |TAMS 0x00000000a1f00000, 0x00000000a1f00000| Untracked 
| 544|0x00000000a2000000, 0x00000000a2000000, 0x00000000a2100000|  0%| F|  |TAMS 0x00000000a2000000, 0x00000000a2000000| Untracked 
| 545|0x00000000a2100000, 0x00000000a2200000, 0x00000000a2200000|100%|HS|  |TAMS 0x00000000a2200000, 0x00000000a2200000| Complete 
| 546|0x00000000a2200000, 0x00000000a2300000, 0x00000000a2300000|100%|HC|  |TAMS 0x00000000a2300000, 0x00000000a2300000| Complete 
| 547|0x00000000a2300000, 0x00000000a2400000, 0x00000000a2400000|100%|HC|  |TAMS 0x00000000a2400000, 0x00000000a2400000| Complete 
| 548|0x00000000a2400000, 0x00000000a2500000, 0x00000000a2500000|100%|HC|  |TAMS 0x00000000a2500000, 0x00000000a2500000| Complete 
| 549|0x00000000a2500000, 0x00000000a2600000, 0x00000000a2600000|100%|HS|  |TAMS 0x00000000a2600000, 0x00000000a2600000| Complete 
| 550|0x00000000a2600000, 0x00000000a2700000, 0x00000000a2700000|100%|HC|  |TAMS 0x00000000a2700000, 0x00000000a2700000| Complete 
| 551|0x00000000a2700000, 0x00000000a2800000, 0x00000000a2800000|100%|HS|  |TAMS 0x00000000a2800000, 0x00000000a2800000| Complete 
| 552|0x00000000a2800000, 0x00000000a2900000, 0x00000000a2900000|100%|HC|  |TAMS 0x00000000a2900000, 0x00000000a2900000| Complete 
| 553|0x00000000a2900000, 0x00000000a2a00000, 0x00000000a2a00000|100%|HC|  |TAMS 0x00000000a2a00000, 0x00000000a2a00000| Complete 
| 554|0x00000000a2a00000, 0x00000000a2b00000, 0x00000000a2b00000|100%|HS|  |TAMS 0x00000000a2b00000, 0x00000000a2b00000| Complete 
| 555|0x00000000a2b00000, 0x00000000a2c00000, 0x00000000a2c00000|100%|HC|  |TAMS 0x00000000a2c00000, 0x00000000a2c00000| Complete 
| 556|0x00000000a2c00000, 0x00000000a2d00000, 0x00000000a2d00000|100%|HC|  |TAMS 0x00000000a2d00000, 0x00000000a2d00000| Complete 
| 557|0x00000000a2d00000, 0x00000000a2e00000, 0x00000000a2e00000|100%|HC|  |TAMS 0x00000000a2e00000, 0x00000000a2e00000| Complete 
| 558|0x00000000a2e00000, 0x00000000a2f00000, 0x00000000a2f00000|100%|HC|  |TAMS 0x00000000a2f00000, 0x00000000a2f00000| Complete 
| 559|0x00000000a2f00000, 0x00000000a3000000, 0x00000000a3000000|100%|HC|  |TAMS 0x00000000a3000000, 0x00000000a3000000| Complete 
| 560|0x00000000a3000000, 0x00000000a3100000, 0x00000000a3100000|100%|HS|  |TAMS 0x00000000a3100000, 0x00000000a3100000| Complete 
| 561|0x00000000a3100000, 0x00000000a3200000, 0x00000000a3200000|100%|HC|  |TAMS 0x00000000a3200000, 0x00000000a3200000| Complete 
| 562|0x00000000a3200000, 0x00000000a3200000, 0x00000000a3300000|  0%| F|  |TAMS 0x00000000a3200000, 0x00000000a3200000| Untracked 
| 563|0x00000000a3300000, 0x00000000a3300000, 0x00000000a3400000|  0%| F|  |TAMS 0x00000000a3300000, 0x00000000a3300000| Untracked 
| 564|0x00000000a3400000, 0x00000000a3400000, 0x00000000a3500000|  0%| F|  |TAMS 0x00000000a3400000, 0x00000000a3400000| Untracked 
| 565|0x00000000a3500000, 0x00000000a3600000, 0x00000000a3600000|100%|HS|  |TAMS 0x00000000a3600000, 0x00000000a3600000| Complete 
| 566|0x00000000a3600000, 0x00000000a3700000, 0x00000000a3700000|100%|HS|  |TAMS 0x00000000a3700000, 0x00000000a3700000| Complete 
| 567|0x00000000a3700000, 0x00000000a3800000, 0x00000000a3800000|100%|HC|  |TAMS 0x00000000a3800000, 0x00000000a3800000| Complete 
| 568|0x00000000a3800000, 0x00000000a3800000, 0x00000000a3900000|  0%| F|  |TAMS 0x00000000a3800000, 0x00000000a3800000| Untracked 
| 569|0x00000000a3900000, 0x00000000a3a00000, 0x00000000a3a00000|100%|HS|  |TAMS 0x00000000a3a00000, 0x00000000a3a00000| Complete 
| 570|0x00000000a3a00000, 0x00000000a3a00000, 0x00000000a3b00000|  0%| F|  |TAMS 0x00000000a3a00000, 0x00000000a3a00000| Untracked 
| 571|0x00000000a3b00000, 0x00000000a3b00000, 0x00000000a3c00000|  0%| F|  |TAMS 0x00000000a3b00000, 0x00000000a3b00000| Untracked 
| 572|0x00000000a3c00000, 0x00000000a3d00000, 0x00000000a3d00000|100%| O|  |TAMS 0x00000000a3d00000, 0x00000000a3d00000| Untracked 
| 573|0x00000000a3d00000, 0x00000000a3e00000, 0x00000000a3e00000|100%|HS|  |TAMS 0x00000000a3e00000, 0x00000000a3e00000| Complete 
| 574|0x00000000a3e00000, 0x00000000a3f00000, 0x00000000a3f00000|100%|HS|  |TAMS 0x00000000a3f00000, 0x00000000a3f00000| Complete 
| 575|0x00000000a3f00000, 0x00000000a4000000, 0x00000000a4000000|100%|HC|  |TAMS 0x00000000a4000000, 0x00000000a4000000| Complete 
| 576|0x00000000a4000000, 0x00000000a4100000, 0x00000000a4100000|100%|HS|  |TAMS 0x00000000a4100000, 0x00000000a4100000| Complete 
| 577|0x00000000a4100000, 0x00000000a4200000, 0x00000000a4200000|100%|HS|  |TAMS 0x00000000a4200000, 0x00000000a4200000| Complete 
| 578|0x00000000a4200000, 0x00000000a4200000, 0x00000000a4300000|  0%| F|  |TAMS 0x00000000a4200000, 0x00000000a4200000| Untracked 
| 579|0x00000000a4300000, 0x00000000a4300000, 0x00000000a4400000|  0%| F|  |TAMS 0x00000000a4300000, 0x00000000a4300000| Untracked 
| 580|0x00000000a4400000, 0x00000000a4400000, 0x00000000a4500000|  0%| F|  |TAMS 0x00000000a4400000, 0x00000000a4400000| Untracked 
| 581|0x00000000a4500000, 0x00000000a4500000, 0x00000000a4600000|  0%| F|  |TAMS 0x00000000a4500000, 0x00000000a4500000| Untracked 
| 582|0x00000000a4600000, 0x00000000a4600000, 0x00000000a4700000|  0%| F|  |TAMS 0x00000000a4600000, 0x00000000a4600000| Untracked 
| 583|0x00000000a4700000, 0x00000000a4800000, 0x00000000a4800000|100%|HS|  |TAMS 0x00000000a4800000, 0x00000000a4800000| Complete 
| 584|0x00000000a4800000, 0x00000000a4900000, 0x00000000a4900000|100%|HC|  |TAMS 0x00000000a4900000, 0x00000000a4900000| Complete 
| 585|0x00000000a4900000, 0x00000000a4a00000, 0x00000000a4a00000|100%|HS|  |TAMS 0x00000000a4a00000, 0x00000000a4a00000| Complete 
| 586|0x00000000a4a00000, 0x00000000a4b00000, 0x00000000a4b00000|100%|HC|  |TAMS 0x00000000a4b00000, 0x00000000a4b00000| Complete 
| 587|0x00000000a4b00000, 0x00000000a4b00000, 0x00000000a4c00000|  0%| F|  |TAMS 0x00000000a4b00000, 0x00000000a4b00000| Untracked 
| 588|0x00000000a4c00000, 0x00000000a4c00000, 0x00000000a4d00000|  0%| F|  |TAMS 0x00000000a4c00000, 0x00000000a4c00000| Untracked 
| 589|0x00000000a4d00000, 0x00000000a4d00000, 0x00000000a4e00000|  0%| F|  |TAMS 0x00000000a4d00000, 0x00000000a4d00000| Untracked 
| 590|0x00000000a4e00000, 0x00000000a4f00000, 0x00000000a4f00000|100%|HS|  |TAMS 0x00000000a4f00000, 0x00000000a4f00000| Complete 
| 591|0x00000000a4f00000, 0x00000000a5000000, 0x00000000a5000000|100%|HS|  |TAMS 0x00000000a5000000, 0x00000000a5000000| Complete 
| 592|0x00000000a5000000, 0x00000000a5100000, 0x00000000a5100000|100%|HC|  |TAMS 0x00000000a5100000, 0x00000000a5100000| Complete 
| 593|0x00000000a5100000, 0x00000000a5200000, 0x00000000a5200000|100%|HC|  |TAMS 0x00000000a5200000, 0x00000000a5200000| Complete 
| 594|0x00000000a5200000, 0x00000000a5300000, 0x00000000a5300000|100%|HC|  |TAMS 0x00000000a5300000, 0x00000000a5300000| Complete 
| 595|0x00000000a5300000, 0x00000000a5400000, 0x00000000a5400000|100%| O|  |TAMS 0x00000000a5400000, 0x00000000a5400000| Untracked 
| 596|0x00000000a5400000, 0x00000000a5500000, 0x00000000a5500000|100%|HS|  |TAMS 0x00000000a5500000, 0x00000000a5500000| Complete 
| 597|0x00000000a5500000, 0x00000000a5600000, 0x00000000a5600000|100%|HC|  |TAMS 0x00000000a5600000, 0x00000000a5600000| Complete 
| 598|0x00000000a5600000, 0x00000000a5700000, 0x00000000a5700000|100%|HC|  |TAMS 0x00000000a5700000, 0x00000000a5700000| Complete 
| 599|0x00000000a5700000, 0x00000000a5800000, 0x00000000a5800000|100%|HC|  |TAMS 0x00000000a5800000, 0x00000000a5800000| Complete 
| 600|0x00000000a5800000, 0x00000000a5800000, 0x00000000a5900000|  0%| F|  |TAMS 0x00000000a5800000, 0x00000000a5800000| Untracked 
| 601|0x00000000a5900000, 0x00000000a5900000, 0x00000000a5a00000|  0%| F|  |TAMS 0x00000000a5900000, 0x00000000a5900000| Untracked 
| 602|0x00000000a5a00000, 0x00000000a5a00000, 0x00000000a5b00000|  0%| F|  |TAMS 0x00000000a5a00000, 0x00000000a5a00000| Untracked 
| 603|0x00000000a5b00000, 0x00000000a5b00000, 0x00000000a5c00000|  0%| F|  |TAMS 0x00000000a5b00000, 0x00000000a5b00000| Untracked 
| 604|0x00000000a5c00000, 0x00000000a5c00000, 0x00000000a5d00000|  0%| F|  |TAMS 0x00000000a5c00000, 0x00000000a5c00000| Untracked 
| 605|0x00000000a5d00000, 0x00000000a5e00000, 0x00000000a5e00000|100%|HS|  |TAMS 0x00000000a5e00000, 0x00000000a5e00000| Complete 
| 606|0x00000000a5e00000, 0x00000000a5f00000, 0x00000000a5f00000|100%|HC|  |TAMS 0x00000000a5f00000, 0x00000000a5f00000| Complete 
| 607|0x00000000a5f00000, 0x00000000a6000000, 0x00000000a6000000|100%|HC|  |TAMS 0x00000000a6000000, 0x00000000a6000000| Complete 
| 608|0x00000000a6000000, 0x00000000a6100000, 0x00000000a6100000|100%|HC|  |TAMS 0x00000000a6100000, 0x00000000a6100000| Complete 
| 609|0x00000000a6100000, 0x00000000a6200000, 0x00000000a6200000|100%|HS|  |TAMS 0x00000000a6200000, 0x00000000a6200000| Complete 
| 610|0x00000000a6200000, 0x00000000a6300000, 0x00000000a6300000|100%|HC|  |TAMS 0x00000000a6300000, 0x00000000a6300000| Complete 
| 611|0x00000000a6300000, 0x00000000a6400000, 0x00000000a6400000|100%|HS|  |TAMS 0x00000000a6400000, 0x00000000a6400000| Complete 
| 612|0x00000000a6400000, 0x00000000a6500000, 0x00000000a6500000|100%|HC|  |TAMS 0x00000000a6500000, 0x00000000a6500000| Complete 
| 613|0x00000000a6500000, 0x00000000a6600000, 0x00000000a6600000|100%|HC|  |TAMS 0x00000000a6600000, 0x00000000a6600000| Complete 
| 614|0x00000000a6600000, 0x00000000a6700000, 0x00000000a6700000|100%|HC|  |TAMS 0x00000000a6700000, 0x00000000a6700000| Complete 
| 615|0x00000000a6700000, 0x00000000a6800000, 0x00000000a6800000|100%| O|  |TAMS 0x00000000a6800000, 0x00000000a6800000| Untracked 
| 616|0x00000000a6800000, 0x00000000a6900000, 0x00000000a6900000|100%|HS|  |TAMS 0x00000000a6900000, 0x00000000a6900000| Complete 
| 617|0x00000000a6900000, 0x00000000a6a00000, 0x00000000a6a00000|100%|HC|  |TAMS 0x00000000a6a00000, 0x00000000a6a00000| Complete 
| 618|0x00000000a6a00000, 0x00000000a6a00000, 0x00000000a6b00000|  0%| F|  |TAMS 0x00000000a6a00000, 0x00000000a6a00000| Untracked 
| 619|0x00000000a6b00000, 0x00000000a6b00000, 0x00000000a6c00000|  0%| F|  |TAMS 0x00000000a6b00000, 0x00000000a6b00000| Untracked 
| 620|0x00000000a6c00000, 0x00000000a6c00000, 0x00000000a6d00000|  0%| F|  |TAMS 0x00000000a6c00000, 0x00000000a6c00000| Untracked 
| 621|0x00000000a6d00000, 0x00000000a6d00000, 0x00000000a6e00000|  0%| F|  |TAMS 0x00000000a6d00000, 0x00000000a6d00000| Untracked 
| 622|0x00000000a6e00000, 0x00000000a6e00000, 0x00000000a6f00000|  0%| F|  |TAMS 0x00000000a6e00000, 0x00000000a6e00000| Untracked 
| 623|0x00000000a6f00000, 0x00000000a7000000, 0x00000000a7000000|100%|HS|  |TAMS 0x00000000a7000000, 0x00000000a7000000| Complete 
| 624|0x00000000a7000000, 0x00000000a7100000, 0x00000000a7100000|100%|HS|  |TAMS 0x00000000a7100000, 0x00000000a7100000| Complete 
| 625|0x00000000a7100000, 0x00000000a7200000, 0x00000000a7200000|100%|HC|  |TAMS 0x00000000a7200000, 0x00000000a7200000| Complete 
| 626|0x00000000a7200000, 0x00000000a7300000, 0x00000000a7300000|100%| O|  |TAMS 0x00000000a7300000, 0x00000000a7300000| Untracked 
| 627|0x00000000a7300000, 0x00000000a7400000, 0x00000000a7400000|100%|HS|  |TAMS 0x00000000a7400000, 0x00000000a7400000| Complete 
| 628|0x00000000a7400000, 0x00000000a7400000, 0x00000000a7500000|  0%| F|  |TAMS 0x00000000a7400000, 0x00000000a7400000| Untracked 
| 629|0x00000000a7500000, 0x00000000a7500000, 0x00000000a7600000|  0%| F|  |TAMS 0x00000000a7500000, 0x00000000a7500000| Untracked 
| 630|0x00000000a7600000, 0x00000000a7700000, 0x00000000a7700000|100%| O|  |TAMS 0x00000000a7700000, 0x00000000a7700000| Untracked 
| 631|0x00000000a7700000, 0x00000000a7800000, 0x00000000a7800000|100%|HS|  |TAMS 0x00000000a7800000, 0x00000000a7800000| Complete 
| 632|0x00000000a7800000, 0x00000000a7900000, 0x00000000a7900000|100%|HS|  |TAMS 0x00000000a7800000, 0x00000000a7900000| Complete 
| 633|0x00000000a7900000, 0x00000000a7a00000, 0x00000000a7a00000|100%|HC|  |TAMS 0x00000000a7900000, 0x00000000a7a00000| Complete 
| 634|0x00000000a7a00000, 0x00000000a7b00000, 0x00000000a7b00000|100%|HC|  |TAMS 0x00000000a7a00000, 0x00000000a7b00000| Complete 
| 635|0x00000000a7b00000, 0x00000000a7c00000, 0x00000000a7c00000|100%|HC|  |TAMS 0x00000000a7b00000, 0x00000000a7c00000| Complete 
| 636|0x00000000a7c00000, 0x00000000a7d00000, 0x00000000a7d00000|100%|HC|  |TAMS 0x00000000a7c00000, 0x00000000a7d00000| Complete 
| 637|0x00000000a7d00000, 0x00000000a7e00000, 0x00000000a7e00000|100%|HC|  |TAMS 0x00000000a7d00000, 0x00000000a7e00000| Complete 
| 638|0x00000000a7e00000, 0x00000000a7f00000, 0x00000000a7f00000|100%|HC|  |TAMS 0x00000000a7e00000, 0x00000000a7f00000| Complete 
| 639|0x00000000a7f00000, 0x00000000a8000000, 0x00000000a8000000|100%|HC|  |TAMS 0x00000000a7f00000, 0x00000000a8000000| Complete 
| 640|0x00000000a8000000, 0x00000000a8100000, 0x00000000a8100000|100%|HC|  |TAMS 0x00000000a8000000, 0x00000000a8100000| Complete 
| 641|0x00000000a8100000, 0x00000000a8200000, 0x00000000a8200000|100%|HS|  |TAMS 0x00000000a8100000, 0x00000000a8100000| Complete 
| 642|0x00000000a8200000, 0x00000000a8300000, 0x00000000a8300000|100%|HC|  |TAMS 0x00000000a8200000, 0x00000000a8200000| Complete 
| 643|0x00000000a8300000, 0x00000000a8400000, 0x00000000a8400000|100%|HC|  |TAMS 0x00000000a8300000, 0x00000000a8300000| Complete 
| 644|0x00000000a8400000, 0x00000000a8500000, 0x00000000a8500000|100%|HC|  |TAMS 0x00000000a8400000, 0x00000000a8400000| Complete 
| 645|0x00000000a8500000, 0x00000000a8600000, 0x00000000a8600000|100%|HC|  |TAMS 0x00000000a8500000, 0x00000000a8500000| Complete 
| 646|0x00000000a8600000, 0x00000000a8700000, 0x00000000a8700000|100%|HC|  |TAMS 0x00000000a8600000, 0x00000000a8600000| Complete 
| 647|0x00000000a8700000, 0x00000000a8800000, 0x00000000a8800000|100%|HC|  |TAMS 0x00000000a8700000, 0x00000000a8700000| Complete 
| 648|0x00000000a8800000, 0x00000000a8900000, 0x00000000a8900000|100%|HC|  |TAMS 0x00000000a8800000, 0x00000000a8800000| Complete 
| 649|0x00000000a8900000, 0x00000000a8a00000, 0x00000000a8a00000|100%|HC|  |TAMS 0x00000000a8900000, 0x00000000a8900000| Complete 
| 650|0x00000000a8a00000, 0x00000000a8a00000, 0x00000000a8b00000|  0%| F|  |TAMS 0x00000000a8a00000, 0x00000000a8a00000| Untracked 
| 651|0x00000000a8b00000, 0x00000000a8b00000, 0x00000000a8c00000|  0%| F|  |TAMS 0x00000000a8b00000, 0x00000000a8b00000| Untracked 
| 652|0x00000000a8c00000, 0x00000000a8c00000, 0x00000000a8d00000|  0%| F|  |TAMS 0x00000000a8c00000, 0x00000000a8c00000| Untracked 
| 653|0x00000000a8d00000, 0x00000000a8e00000, 0x00000000a8e00000|100%|HS|  |TAMS 0x00000000a8e00000, 0x00000000a8e00000| Complete 
| 654|0x00000000a8e00000, 0x00000000a8f00000, 0x00000000a8f00000|100%|HC|  |TAMS 0x00000000a8f00000, 0x00000000a8f00000| Complete 
| 655|0x00000000a8f00000, 0x00000000a9000000, 0x00000000a9000000|100%|HC|  |TAMS 0x00000000a9000000, 0x00000000a9000000| Complete 
| 656|0x00000000a9000000, 0x00000000a9100000, 0x00000000a9100000|100%|HC|  |TAMS 0x00000000a9100000, 0x00000000a9100000| Complete 
| 657|0x00000000a9100000, 0x00000000a9200000, 0x00000000a9200000|100%|HC|  |TAMS 0x00000000a9200000, 0x00000000a9200000| Complete 
| 658|0x00000000a9200000, 0x00000000a9300000, 0x00000000a9300000|100%|HC|  |TAMS 0x00000000a9300000, 0x00000000a9300000| Complete 
| 659|0x00000000a9300000, 0x00000000a9400000, 0x00000000a9400000|100%|HC|  |TAMS 0x00000000a9400000, 0x00000000a9400000| Complete 
| 660|0x00000000a9400000, 0x00000000a9500000, 0x00000000a9500000|100%|HC|  |TAMS 0x00000000a9500000, 0x00000000a9500000| Complete 
| 661|0x00000000a9500000, 0x00000000a9600000, 0x00000000a9600000|100%|HC|  |TAMS 0x00000000a9600000, 0x00000000a9600000| Complete 
| 662|0x00000000a9600000, 0x00000000a9700000, 0x00000000a9700000|100%|HC|  |TAMS 0x00000000a9700000, 0x00000000a9700000| Complete 
| 663|0x00000000a9700000, 0x00000000a9800000, 0x00000000a9800000|100%|HC|  |TAMS 0x00000000a9800000, 0x00000000a9800000| Complete 
| 664|0x00000000a9800000, 0x00000000a9900000, 0x00000000a9900000|100%|HC|  |TAMS 0x00000000a9900000, 0x00000000a9900000| Complete 
| 665|0x00000000a9900000, 0x00000000a9a00000, 0x00000000a9a00000|100%|HC|  |TAMS 0x00000000a9a00000, 0x00000000a9a00000| Complete 
| 666|0x00000000a9a00000, 0x00000000a9b00000, 0x00000000a9b00000|100%|HC|  |TAMS 0x00000000a9b00000, 0x00000000a9b00000| Complete 
| 667|0x00000000a9b00000, 0x00000000a9c00000, 0x00000000a9c00000|100%|HC|  |TAMS 0x00000000a9c00000, 0x00000000a9c00000| Complete 
| 668|0x00000000a9c00000, 0x00000000a9d00000, 0x00000000a9d00000|100%|HC|  |TAMS 0x00000000a9d00000, 0x00000000a9d00000| Complete 
| 669|0x00000000a9d00000, 0x00000000a9e00000, 0x00000000a9e00000|100%|HC|  |TAMS 0x00000000a9e00000, 0x00000000a9e00000| Complete 
| 670|0x00000000a9e00000, 0x00000000a9f00000, 0x00000000a9f00000|100%|HC|  |TAMS 0x00000000a9f00000, 0x00000000a9f00000| Complete 
| 671|0x00000000a9f00000, 0x00000000aa000000, 0x00000000aa000000|100%|HC|  |TAMS 0x00000000aa000000, 0x00000000aa000000| Complete 
| 672|0x00000000aa000000, 0x00000000aa100000, 0x00000000aa100000|100%|HC|  |TAMS 0x00000000aa100000, 0x00000000aa100000| Complete 
| 673|0x00000000aa100000, 0x00000000aa200000, 0x00000000aa200000|100%|HC|  |TAMS 0x00000000aa200000, 0x00000000aa200000| Complete 
| 674|0x00000000aa200000, 0x00000000aa300000, 0x00000000aa300000|100%|HC|  |TAMS 0x00000000aa300000, 0x00000000aa300000| Complete 
| 675|0x00000000aa300000, 0x00000000aa400000, 0x00000000aa400000|100%|HC|  |TAMS 0x00000000aa400000, 0x00000000aa400000| Complete 
| 676|0x00000000aa400000, 0x00000000aa500000, 0x00000000aa500000|100%|HC|  |TAMS 0x00000000aa500000, 0x00000000aa500000| Complete 
| 677|0x00000000aa500000, 0x00000000aa600000, 0x00000000aa600000|100%|HC|  |TAMS 0x00000000aa600000, 0x00000000aa600000| Complete 
| 678|0x00000000aa600000, 0x00000000aa700000, 0x00000000aa700000|100%|HC|  |TAMS 0x00000000aa700000, 0x00000000aa700000| Complete 
| 679|0x00000000aa700000, 0x00000000aa800000, 0x00000000aa800000|100%|HS|  |TAMS 0x00000000aa800000, 0x00000000aa800000| Complete 
| 680|0x00000000aa800000, 0x00000000aa900000, 0x00000000aa900000|100%|HC|  |TAMS 0x00000000aa900000, 0x00000000aa900000| Complete 
| 681|0x00000000aa900000, 0x00000000aaa00000, 0x00000000aaa00000|100%|HC|  |TAMS 0x00000000aaa00000, 0x00000000aaa00000| Complete 
| 682|0x00000000aaa00000, 0x00000000aab00000, 0x00000000aab00000|100%|HC|  |TAMS 0x00000000aab00000, 0x00000000aab00000| Complete 
| 683|0x00000000aab00000, 0x00000000aac00000, 0x00000000aac00000|100%|HC|  |TAMS 0x00000000aac00000, 0x00000000aac00000| Complete 
| 684|0x00000000aac00000, 0x00000000aad00000, 0x00000000aad00000|100%|HC|  |TAMS 0x00000000aad00000, 0x00000000aad00000| Complete 
| 685|0x00000000aad00000, 0x00000000aae00000, 0x00000000aae00000|100%|HC|  |TAMS 0x00000000aae00000, 0x00000000aae00000| Complete 
| 686|0x00000000aae00000, 0x00000000aaf00000, 0x00000000aaf00000|100%|HC|  |TAMS 0x00000000aaf00000, 0x00000000aaf00000| Complete 
| 687|0x00000000aaf00000, 0x00000000ab000000, 0x00000000ab000000|100%|HS|  |TAMS 0x00000000ab000000, 0x00000000ab000000| Complete 
| 688|0x00000000ab000000, 0x00000000ab100000, 0x00000000ab100000|100%|HC|  |TAMS 0x00000000ab100000, 0x00000000ab100000| Complete 
| 689|0x00000000ab100000, 0x00000000ab200000, 0x00000000ab200000|100%|HC|  |TAMS 0x00000000ab200000, 0x00000000ab200000| Complete 
| 690|0x00000000ab200000, 0x00000000ab300000, 0x00000000ab300000|100%|HC|  |TAMS 0x00000000ab300000, 0x00000000ab300000| Complete 
| 691|0x00000000ab300000, 0x00000000ab400000, 0x00000000ab400000|100%|HC|  |TAMS 0x00000000ab400000, 0x00000000ab400000| Complete 
| 692|0x00000000ab400000, 0x00000000ab500000, 0x00000000ab500000|100%|HC|  |TAMS 0x00000000ab500000, 0x00000000ab500000| Complete 
| 693|0x00000000ab500000, 0x00000000ab500000, 0x00000000ab600000|  0%| F|  |TAMS 0x00000000ab500000, 0x00000000ab500000| Untracked 
| 694|0x00000000ab600000, 0x00000000ab600000, 0x00000000ab700000|  0%| F|  |TAMS 0x00000000ab600000, 0x00000000ab600000| Untracked 
| 695|0x00000000ab700000, 0x00000000ab700000, 0x00000000ab800000|  0%| F|  |TAMS 0x00000000ab700000, 0x00000000ab700000| Untracked 
| 696|0x00000000ab800000, 0x00000000ab800000, 0x00000000ab900000|  0%| F|  |TAMS 0x00000000ab800000, 0x00000000ab800000| Untracked 
| 697|0x00000000ab900000, 0x00000000ab900000, 0x00000000aba00000|  0%| F|  |TAMS 0x00000000ab900000, 0x00000000ab900000| Untracked 
| 698|0x00000000aba00000, 0x00000000aba00000, 0x00000000abb00000|  0%| F|  |TAMS 0x00000000aba00000, 0x00000000aba00000| Untracked 
| 699|0x00000000abb00000, 0x00000000abb00000, 0x00000000abc00000|  0%| F|  |TAMS 0x00000000abb00000, 0x00000000abb00000| Untracked 
| 700|0x00000000abc00000, 0x00000000abc00000, 0x00000000abd00000|  0%| F|  |TAMS 0x00000000abc00000, 0x00000000abc00000| Untracked 
| 701|0x00000000abd00000, 0x00000000abd00000, 0x00000000abe00000|  0%| F|  |TAMS 0x00000000abd00000, 0x00000000abd00000| Untracked 
| 702|0x00000000abe00000, 0x00000000abe00000, 0x00000000abf00000|  0%| F|  |TAMS 0x00000000abe00000, 0x00000000abe00000| Untracked 
| 703|0x00000000abf00000, 0x00000000abf00000, 0x00000000ac000000|  0%| F|  |TAMS 0x00000000abf00000, 0x00000000abf00000| Untracked 
| 704|0x00000000ac000000, 0x00000000ac000000, 0x00000000ac100000|  0%| F|  |TAMS 0x00000000ac000000, 0x00000000ac000000| Untracked 
| 705|0x00000000ac100000, 0x00000000ac200000, 0x00000000ac200000|100%| O|  |TAMS 0x00000000ac200000, 0x00000000ac200000| Untracked 
| 706|0x00000000ac200000, 0x00000000ac300000, 0x00000000ac300000|100%|HS|  |TAMS 0x00000000ac300000, 0x00000000ac300000| Complete 
| 707|0x00000000ac300000, 0x00000000ac400000, 0x00000000ac400000|100%|HC|  |TAMS 0x00000000ac400000, 0x00000000ac400000| Complete 
| 708|0x00000000ac400000, 0x00000000ac500000, 0x00000000ac500000|100%|HC|  |TAMS 0x00000000ac500000, 0x00000000ac500000| Complete 
| 709|0x00000000ac500000, 0x00000000ac600000, 0x00000000ac600000|100%|HC|  |TAMS 0x00000000ac600000, 0x00000000ac600000| Complete 
| 710|0x00000000ac600000, 0x00000000ac700000, 0x00000000ac700000|100%|HC|  |TAMS 0x00000000ac700000, 0x00000000ac700000| Complete 
| 711|0x00000000ac700000, 0x00000000ac800000, 0x00000000ac800000|100%|HC|  |TAMS 0x00000000ac800000, 0x00000000ac800000| Complete 
| 712|0x00000000ac800000, 0x00000000ac900000, 0x00000000ac900000|100%|HC|  |TAMS 0x00000000ac900000, 0x00000000ac900000| Complete 
| 713|0x00000000ac900000, 0x00000000aca00000, 0x00000000aca00000|100%|HC|  |TAMS 0x00000000aca00000, 0x00000000aca00000| Complete 
| 714|0x00000000aca00000, 0x00000000aca00000, 0x00000000acb00000|  0%| F|  |TAMS 0x00000000aca00000, 0x00000000aca00000| Untracked 
| 715|0x00000000acb00000, 0x00000000acb00000, 0x00000000acc00000|  0%| F|  |TAMS 0x00000000acb00000, 0x00000000acb00000| Untracked 
| 716|0x00000000acc00000, 0x00000000acc00000, 0x00000000acd00000|  0%| F|  |TAMS 0x00000000acc00000, 0x00000000acc00000| Untracked 
| 717|0x00000000acd00000, 0x00000000acd00000, 0x00000000ace00000|  0%| F|  |TAMS 0x00000000acd00000, 0x00000000acd00000| Untracked 
| 718|0x00000000ace00000, 0x00000000ace00000, 0x00000000acf00000|  0%| F|  |TAMS 0x00000000ace00000, 0x00000000ace00000| Untracked 
| 719|0x00000000acf00000, 0x00000000acf00000, 0x00000000ad000000|  0%| F|  |TAMS 0x00000000acf00000, 0x00000000acf00000| Untracked 
| 720|0x00000000ad000000, 0x00000000ad000000, 0x00000000ad100000|  0%| F|  |TAMS 0x00000000ad000000, 0x00000000ad000000| Untracked 
| 721|0x00000000ad100000, 0x00000000ad100000, 0x00000000ad200000|  0%| F|  |TAMS 0x00000000ad100000, 0x00000000ad100000| Untracked 
| 722|0x00000000ad200000, 0x00000000ad200000, 0x00000000ad300000|  0%| F|  |TAMS 0x00000000ad200000, 0x00000000ad200000| Untracked 
| 723|0x00000000ad300000, 0x00000000ad300000, 0x00000000ad400000|  0%| F|  |TAMS 0x00000000ad300000, 0x00000000ad300000| Untracked 
| 724|0x00000000ad400000, 0x00000000ad400000, 0x00000000ad500000|  0%| F|  |TAMS 0x00000000ad400000, 0x00000000ad400000| Untracked 
| 725|0x00000000ad500000, 0x00000000ad500000, 0x00000000ad600000|  0%| F|  |TAMS 0x00000000ad500000, 0x00000000ad500000| Untracked 
| 726|0x00000000ad600000, 0x00000000ad600000, 0x00000000ad700000|  0%| F|  |TAMS 0x00000000ad600000, 0x00000000ad600000| Untracked 
| 727|0x00000000ad700000, 0x00000000ad700000, 0x00000000ad800000|  0%| F|  |TAMS 0x00000000ad700000, 0x00000000ad700000| Untracked 
| 728|0x00000000ad800000, 0x00000000ad900000, 0x00000000ad900000|100%| O|  |TAMS 0x00000000ad900000, 0x00000000ad900000| Untracked 
| 729|0x00000000ad900000, 0x00000000ada00000, 0x00000000ada00000|100%|HS|  |TAMS 0x00000000ada00000, 0x00000000ada00000| Complete 
| 730|0x00000000ada00000, 0x00000000adb00000, 0x00000000adb00000|100%|HC|  |TAMS 0x00000000adb00000, 0x00000000adb00000| Complete 
| 731|0x00000000adb00000, 0x00000000adc00000, 0x00000000adc00000|100%|HC|  |TAMS 0x00000000adc00000, 0x00000000adc00000| Complete 
| 732|0x00000000adc00000, 0x00000000add00000, 0x00000000add00000|100%|HC|  |TAMS 0x00000000add00000, 0x00000000add00000| Complete 
| 733|0x00000000add00000, 0x00000000ade00000, 0x00000000ade00000|100%|HC|  |TAMS 0x00000000ade00000, 0x00000000ade00000| Complete 
| 734|0x00000000ade00000, 0x00000000adf00000, 0x00000000adf00000|100%|HC|  |TAMS 0x00000000adf00000, 0x00000000adf00000| Complete 
| 735|0x00000000adf00000, 0x00000000ae000000, 0x00000000ae000000|100%|HC|  |TAMS 0x00000000ae000000, 0x00000000ae000000| Complete 
| 736|0x00000000ae000000, 0x00000000ae100000, 0x00000000ae100000|100%|HC|  |TAMS 0x00000000ae100000, 0x00000000ae100000| Complete 
| 737|0x00000000ae100000, 0x00000000ae200000, 0x00000000ae200000|100%|HC|  |TAMS 0x00000000ae200000, 0x00000000ae200000| Complete 
| 738|0x00000000ae200000, 0x00000000ae300000, 0x00000000ae300000|100%|HC|  |TAMS 0x00000000ae300000, 0x00000000ae300000| Complete 
| 739|0x00000000ae300000, 0x00000000ae400000, 0x00000000ae400000|100%|HC|  |TAMS 0x00000000ae400000, 0x00000000ae400000| Complete 
| 740|0x00000000ae400000, 0x00000000ae500000, 0x00000000ae500000|100%|HC|  |TAMS 0x00000000ae500000, 0x00000000ae500000| Complete 
| 741|0x00000000ae500000, 0x00000000ae600000, 0x00000000ae600000|100%|HC|  |TAMS 0x00000000ae600000, 0x00000000ae600000| Complete 
| 742|0x00000000ae600000, 0x00000000ae700000, 0x00000000ae700000|100%|HC|  |TAMS 0x00000000ae700000, 0x00000000ae700000| Complete 
| 743|0x00000000ae700000, 0x00000000ae800000, 0x00000000ae800000|100%|HC|  |TAMS 0x00000000ae800000, 0x00000000ae800000| Complete 
| 744|0x00000000ae800000, 0x00000000ae900000, 0x00000000ae900000|100%|HC|  |TAMS 0x00000000ae900000, 0x00000000ae900000| Complete 
| 745|0x00000000ae900000, 0x00000000aea00000, 0x00000000aea00000|100%|HC|  |TAMS 0x00000000aea00000, 0x00000000aea00000| Complete 
| 746|0x00000000aea00000, 0x00000000aeb00000, 0x00000000aeb00000|100%|HC|  |TAMS 0x00000000aeb00000, 0x00000000aeb00000| Complete 
| 747|0x00000000aeb00000, 0x00000000aec00000, 0x00000000aec00000|100%|HC|  |TAMS 0x00000000aec00000, 0x00000000aec00000| Complete 
| 748|0x00000000aec00000, 0x00000000aed00000, 0x00000000aed00000|100%|HC|  |TAMS 0x00000000aed00000, 0x00000000aed00000| Complete 
| 749|0x00000000aed00000, 0x00000000aee00000, 0x00000000aee00000|100%|HC|  |TAMS 0x00000000aee00000, 0x00000000aee00000| Complete 
| 750|0x00000000aee00000, 0x00000000aef00000, 0x00000000aef00000|100%|HC|  |TAMS 0x00000000aef00000, 0x00000000aef00000| Complete 
| 751|0x00000000aef00000, 0x00000000af000000, 0x00000000af000000|100%|HC|  |TAMS 0x00000000af000000, 0x00000000af000000| Complete 
| 752|0x00000000af000000, 0x00000000af100000, 0x00000000af100000|100%|HC|  |TAMS 0x00000000af100000, 0x00000000af100000| Complete 
| 753|0x00000000af100000, 0x00000000af200000, 0x00000000af200000|100%|HC|  |TAMS 0x00000000af200000, 0x00000000af200000| Complete 
| 754|0x00000000af200000, 0x00000000af300000, 0x00000000af300000|100%|HS|  |TAMS 0x00000000af300000, 0x00000000af300000| Complete 
| 755|0x00000000af300000, 0x00000000af400000, 0x00000000af400000|100%|HC|  |TAMS 0x00000000af400000, 0x00000000af400000| Complete 
| 756|0x00000000af400000, 0x00000000af500000, 0x00000000af500000|100%|HC|  |TAMS 0x00000000af500000, 0x00000000af500000| Complete 
| 757|0x00000000af500000, 0x00000000af600000, 0x00000000af600000|100%|HC|  |TAMS 0x00000000af600000, 0x00000000af600000| Complete 
| 758|0x00000000af600000, 0x00000000af700000, 0x00000000af700000|100%|HC|  |TAMS 0x00000000af700000, 0x00000000af700000| Complete 
| 759|0x00000000af700000, 0x00000000af800000, 0x00000000af800000|100%|HC|  |TAMS 0x00000000af800000, 0x00000000af800000| Complete 
| 760|0x00000000af800000, 0x00000000af800000, 0x00000000af900000|  0%| F|  |TAMS 0x00000000af800000, 0x00000000af800000| Untracked 
| 761|0x00000000af900000, 0x00000000af900000, 0x00000000afa00000|  0%| F|  |TAMS 0x00000000af900000, 0x00000000af900000| Untracked 
| 762|0x00000000afa00000, 0x00000000afa00000, 0x00000000afb00000|  0%| F|  |TAMS 0x00000000afa00000, 0x00000000afa00000| Untracked 
| 763|0x00000000afb00000, 0x00000000afc00000, 0x00000000afc00000|100%|HS|  |TAMS 0x00000000afc00000, 0x00000000afc00000| Complete 
| 764|0x00000000afc00000, 0x00000000afd00000, 0x00000000afd00000|100%|HC|  |TAMS 0x00000000afd00000, 0x00000000afd00000| Complete 
| 765|0x00000000afd00000, 0x00000000afe00000, 0x00000000afe00000|100%|HC|  |TAMS 0x00000000afe00000, 0x00000000afe00000| Complete 
| 766|0x00000000afe00000, 0x00000000aff00000, 0x00000000aff00000|100%|HC|  |TAMS 0x00000000aff00000, 0x00000000aff00000| Complete 
| 767|0x00000000aff00000, 0x00000000b0000000, 0x00000000b0000000|100%|HC|  |TAMS 0x00000000b0000000, 0x00000000b0000000| Complete 
| 768|0x00000000b0000000, 0x00000000b0100000, 0x00000000b0100000|100%|HC|  |TAMS 0x00000000b0100000, 0x00000000b0100000| Complete 
| 769|0x00000000b0100000, 0x00000000b0200000, 0x00000000b0200000|100%|HC|  |TAMS 0x00000000b0200000, 0x00000000b0200000| Complete 
| 770|0x00000000b0200000, 0x00000000b0300000, 0x00000000b0300000|100%|HC|  |TAMS 0x00000000b0300000, 0x00000000b0300000| Complete 
| 771|0x00000000b0300000, 0x00000000b0300000, 0x00000000b0400000|  0%| F|  |TAMS 0x00000000b0300000, 0x00000000b0300000| Untracked 
| 772|0x00000000b0400000, 0x00000000b0400000, 0x00000000b0500000|  0%| F|  |TAMS 0x00000000b0400000, 0x00000000b0400000| Untracked 
| 773|0x00000000b0500000, 0x00000000b0500000, 0x00000000b0600000|  0%| F|  |TAMS 0x00000000b0500000, 0x00000000b0500000| Untracked 
| 774|0x00000000b0600000, 0x00000000b0600000, 0x00000000b0700000|  0%| F|  |TAMS 0x00000000b0600000, 0x00000000b0600000| Untracked 
| 775|0x00000000b0700000, 0x00000000b0700000, 0x00000000b0800000|  0%| F|  |TAMS 0x00000000b0700000, 0x00000000b0700000| Untracked 
| 776|0x00000000b0800000, 0x00000000b0800000, 0x00000000b0900000|  0%| F|  |TAMS 0x00000000b0800000, 0x00000000b0800000| Untracked 
| 777|0x00000000b0900000, 0x00000000b0900000, 0x00000000b0a00000|  0%| F|  |TAMS 0x00000000b0900000, 0x00000000b0900000| Untracked 
| 778|0x00000000b0a00000, 0x00000000b0a00000, 0x00000000b0b00000|  0%| F|  |TAMS 0x00000000b0a00000, 0x00000000b0a00000| Untracked 
| 779|0x00000000b0b00000, 0x00000000b0b00000, 0x00000000b0c00000|  0%| F|  |TAMS 0x00000000b0b00000, 0x00000000b0b00000| Untracked 
| 780|0x00000000b0c00000, 0x00000000b0d00000, 0x00000000b0d00000|100%|HS|  |TAMS 0x00000000b0d00000, 0x00000000b0d00000| Complete 
| 781|0x00000000b0d00000, 0x00000000b0e00000, 0x00000000b0e00000|100%|HC|  |TAMS 0x00000000b0e00000, 0x00000000b0e00000| Complete 
| 782|0x00000000b0e00000, 0x00000000b0f00000, 0x00000000b0f00000|100%|HC|  |TAMS 0x00000000b0f00000, 0x00000000b0f00000| Complete 
| 783|0x00000000b0f00000, 0x00000000b1000000, 0x00000000b1000000|100%|HC|  |TAMS 0x00000000b1000000, 0x00000000b1000000| Complete 
| 784|0x00000000b1000000, 0x00000000b1100000, 0x00000000b1100000|100%|HC|  |TAMS 0x00000000b1100000, 0x00000000b1100000| Complete 
| 785|0x00000000b1100000, 0x00000000b1200000, 0x00000000b1200000|100%|HC|  |TAMS 0x00000000b1200000, 0x00000000b1200000| Complete 
| 786|0x00000000b1200000, 0x00000000b1200000, 0x00000000b1300000|  0%| F|  |TAMS 0x00000000b1200000, 0x00000000b1200000| Untracked 
| 787|0x00000000b1300000, 0x00000000b1300000, 0x00000000b1400000|  0%| F|  |TAMS 0x00000000b1300000, 0x00000000b1300000| Untracked 
| 788|0x00000000b1400000, 0x00000000b1500000, 0x00000000b1500000|100%|HS|  |TAMS 0x00000000b1500000, 0x00000000b1500000| Complete 
| 789|0x00000000b1500000, 0x00000000b1600000, 0x00000000b1600000|100%|HC|  |TAMS 0x00000000b1600000, 0x00000000b1600000| Complete 
| 790|0x00000000b1600000, 0x00000000b1700000, 0x00000000b1700000|100%|HC|  |TAMS 0x00000000b1700000, 0x00000000b1700000| Complete 
| 791|0x00000000b1700000, 0x00000000b1800000, 0x00000000b1800000|100%|HC|  |TAMS 0x00000000b1800000, 0x00000000b1800000| Complete 
| 792|0x00000000b1800000, 0x00000000b1900000, 0x00000000b1900000|100%|HC|  |TAMS 0x00000000b1900000, 0x00000000b1900000| Complete 
| 793|0x00000000b1900000, 0x00000000b1a00000, 0x00000000b1a00000|100%|HC|  |TAMS 0x00000000b1a00000, 0x00000000b1a00000| Complete 
| 794|0x00000000b1a00000, 0x00000000b1b00000, 0x00000000b1b00000|100%|HC|  |TAMS 0x00000000b1b00000, 0x00000000b1b00000| Complete 
| 795|0x00000000b1b00000, 0x00000000b1c00000, 0x00000000b1c00000|100%|HC|  |TAMS 0x00000000b1c00000, 0x00000000b1c00000| Complete 
| 796|0x00000000b1c00000, 0x00000000b1c00000, 0x00000000b1d00000|  0%| F|  |TAMS 0x00000000b1c00000, 0x00000000b1c00000| Untracked 
| 797|0x00000000b1d00000, 0x00000000b1e00000, 0x00000000b1e00000|100%| O|  |TAMS 0x00000000b1e00000, 0x00000000b1e00000| Untracked 
| 798|0x00000000b1e00000, 0x00000000b1f00000, 0x00000000b1f00000|100%| O|  |TAMS 0x00000000b1f00000, 0x00000000b1f00000| Untracked 
| 799|0x00000000b1f00000, 0x00000000b2000000, 0x00000000b2000000|100%| O|  |TAMS 0x00000000b2000000, 0x00000000b2000000| Untracked 
| 800|0x00000000b2000000, 0x00000000b2100000, 0x00000000b2100000|100%| O|  |TAMS 0x00000000b2100000, 0x00000000b2100000| Untracked 
| 801|0x00000000b2100000, 0x00000000b2200000, 0x00000000b2200000|100%| O|  |TAMS 0x00000000b2200000, 0x00000000b2200000| Untracked 
| 802|0x00000000b2200000, 0x00000000b2300000, 0x00000000b2300000|100%| O|  |TAMS 0x00000000b2300000, 0x00000000b2300000| Untracked 
| 803|0x00000000b2300000, 0x00000000b2400000, 0x00000000b2400000|100%| O|  |TAMS 0x00000000b2400000, 0x00000000b2400000| Untracked 
| 804|0x00000000b2400000, 0x00000000b2500000, 0x00000000b2500000|100%|HS|  |TAMS 0x00000000b2500000, 0x00000000b2500000| Complete 
| 805|0x00000000b2500000, 0x00000000b2600000, 0x00000000b2600000|100%|HC|  |TAMS 0x00000000b2600000, 0x00000000b2600000| Complete 
| 806|0x00000000b2600000, 0x00000000b2700000, 0x00000000b2700000|100%|HC|  |TAMS 0x00000000b2700000, 0x00000000b2700000| Complete 
| 807|0x00000000b2700000, 0x00000000b2800000, 0x00000000b2800000|100%|HC|  |TAMS 0x00000000b2800000, 0x00000000b2800000| Complete 
| 808|0x00000000b2800000, 0x00000000b2900000, 0x00000000b2900000|100%|HC|  |TAMS 0x00000000b2900000, 0x00000000b2900000| Complete 
| 809|0x00000000b2900000, 0x00000000b2a00000, 0x00000000b2a00000|100%|HC|  |TAMS 0x00000000b2a00000, 0x00000000b2a00000| Complete 
| 810|0x00000000b2a00000, 0x00000000b2b00000, 0x00000000b2b00000|100%|HC|  |TAMS 0x00000000b2b00000, 0x00000000b2b00000| Complete 
| 811|0x00000000b2b00000, 0x00000000b2c00000, 0x00000000b2c00000|100%|HC|  |TAMS 0x00000000b2c00000, 0x00000000b2c00000| Complete 
| 812|0x00000000b2c00000, 0x00000000b2d00000, 0x00000000b2d00000|100%|HC|  |TAMS 0x00000000b2d00000, 0x00000000b2d00000| Complete 
| 813|0x00000000b2d00000, 0x00000000b2e00000, 0x00000000b2e00000|100%|HC|  |TAMS 0x00000000b2e00000, 0x00000000b2e00000| Complete 
| 814|0x00000000b2e00000, 0x00000000b2f00000, 0x00000000b2f00000|100%|HC|  |TAMS 0x00000000b2f00000, 0x00000000b2f00000| Complete 
| 815|0x00000000b2f00000, 0x00000000b3000000, 0x00000000b3000000|100%|HC|  |TAMS 0x00000000b3000000, 0x00000000b3000000| Complete 
| 816|0x00000000b3000000, 0x00000000b3100000, 0x00000000b3100000|100%|HC|  |TAMS 0x00000000b3100000, 0x00000000b3100000| Complete 
| 817|0x00000000b3100000, 0x00000000b3200000, 0x00000000b3200000|100%|HC|  |TAMS 0x00000000b3200000, 0x00000000b3200000| Complete 
| 818|0x00000000b3200000, 0x00000000b3300000, 0x00000000b3300000|100%|HC|  |TAMS 0x00000000b3300000, 0x00000000b3300000| Complete 
| 819|0x00000000b3300000, 0x00000000b3400000, 0x00000000b3400000|100%|HC|  |TAMS 0x00000000b3400000, 0x00000000b3400000| Complete 
| 820|0x00000000b3400000, 0x00000000b3500000, 0x00000000b3500000|100%|HC|  |TAMS 0x00000000b3500000, 0x00000000b3500000| Complete 
| 821|0x00000000b3500000, 0x00000000b3600000, 0x00000000b3600000|100%|HC|  |TAMS 0x00000000b3600000, 0x00000000b3600000| Complete 
| 822|0x00000000b3600000, 0x00000000b3700000, 0x00000000b3700000|100%|HC|  |TAMS 0x00000000b3700000, 0x00000000b3700000| Complete 
| 823|0x00000000b3700000, 0x00000000b3800000, 0x00000000b3800000|100%|HC|  |TAMS 0x00000000b3800000, 0x00000000b3800000| Complete 
| 824|0x00000000b3800000, 0x00000000b3900000, 0x00000000b3900000|100%|HC|  |TAMS 0x00000000b3900000, 0x00000000b3900000| Complete 
| 825|0x00000000b3900000, 0x00000000b3a00000, 0x00000000b3a00000|100%|HC|  |TAMS 0x00000000b3a00000, 0x00000000b3a00000| Complete 
| 826|0x00000000b3a00000, 0x00000000b3b00000, 0x00000000b3b00000|100%|HC|  |TAMS 0x00000000b3b00000, 0x00000000b3b00000| Complete 
| 827|0x00000000b3b00000, 0x00000000b3c00000, 0x00000000b3c00000|100%|HC|  |TAMS 0x00000000b3c00000, 0x00000000b3c00000| Complete 
| 828|0x00000000b3c00000, 0x00000000b3d00000, 0x00000000b3d00000|100%|HC|  |TAMS 0x00000000b3d00000, 0x00000000b3d00000| Complete 
| 829|0x00000000b3d00000, 0x00000000b3e00000, 0x00000000b3e00000|100%| O|  |TAMS 0x00000000b3e00000, 0x00000000b3e00000| Untracked 
| 830|0x00000000b3e00000, 0x00000000b3f00000, 0x00000000b3f00000|100%| O|  |TAMS 0x00000000b3f00000, 0x00000000b3f00000| Untracked 
| 831|0x00000000b3f00000, 0x00000000b4000000, 0x00000000b4000000|100%| O|  |TAMS 0x00000000b4000000, 0x00000000b4000000| Untracked 
| 832|0x00000000b4000000, 0x00000000b4100000, 0x00000000b4100000|100%| O|  |TAMS 0x00000000b4100000, 0x00000000b4100000| Untracked 
| 833|0x00000000b4100000, 0x00000000b4200000, 0x00000000b4200000|100%| O|  |TAMS 0x00000000b4200000, 0x00000000b4200000| Untracked 
| 834|0x00000000b4200000, 0x00000000b4200000, 0x00000000b4300000|  0%| F|  |TAMS 0x00000000b4200000, 0x00000000b4200000| Untracked 
| 835|0x00000000b4300000, 0x00000000b4400000, 0x00000000b4400000|100%| O|  |TAMS 0x00000000b4400000, 0x00000000b4400000| Untracked 
| 836|0x00000000b4400000, 0x00000000b4500000, 0x00000000b4500000|100%| O|  |TAMS 0x00000000b4500000, 0x00000000b4500000| Untracked 
| 837|0x00000000b4500000, 0x00000000b4600000, 0x00000000b4600000|100%| O|  |TAMS 0x00000000b4600000, 0x00000000b4600000| Untracked 
| 838|0x00000000b4600000, 0x00000000b4700000, 0x00000000b4700000|100%| O|  |TAMS 0x00000000b4700000, 0x00000000b4700000| Untracked 
| 839|0x00000000b4700000, 0x00000000b4800000, 0x00000000b4800000|100%| O|  |TAMS 0x00000000b4800000, 0x00000000b4800000| Untracked 
| 840|0x00000000b4800000, 0x00000000b4900000, 0x00000000b4900000|100%| O|  |TAMS 0x00000000b4900000, 0x00000000b4900000| Untracked 
| 841|0x00000000b4900000, 0x00000000b4900000, 0x00000000b4a00000|  0%| F|  |TAMS 0x00000000b4900000, 0x00000000b4900000| Untracked 
| 842|0x00000000b4a00000, 0x00000000b4b00000, 0x00000000b4b00000|100%| O|  |TAMS 0x00000000b4b00000, 0x00000000b4b00000| Untracked 
| 843|0x00000000b4b00000, 0x00000000b4c00000, 0x00000000b4c00000|100%| O|  |TAMS 0x00000000b4c00000, 0x00000000b4c00000| Untracked 
| 844|0x00000000b4c00000, 0x00000000b4d00000, 0x00000000b4d00000|100%| O|  |TAMS 0x00000000b4d00000, 0x00000000b4d00000| Untracked 
| 845|0x00000000b4d00000, 0x00000000b4e00000, 0x00000000b4e00000|100%| O|  |TAMS 0x00000000b4e00000, 0x00000000b4e00000| Untracked 
| 846|0x00000000b4e00000, 0x00000000b4f00000, 0x00000000b4f00000|100%| O|  |TAMS 0x00000000b4f00000, 0x00000000b4f00000| Untracked 
| 847|0x00000000b4f00000, 0x00000000b5000000, 0x00000000b5000000|100%| O|  |TAMS 0x00000000b5000000, 0x00000000b5000000| Untracked 
| 848|0x00000000b5000000, 0x00000000b5100000, 0x00000000b5100000|100%| O|  |TAMS 0x00000000b5100000, 0x00000000b5100000| Untracked 
| 849|0x00000000b5100000, 0x00000000b5200000, 0x00000000b5200000|100%| O|  |TAMS 0x00000000b5200000, 0x00000000b5200000| Untracked 
| 850|0x00000000b5200000, 0x00000000b5300000, 0x00000000b5300000|100%| O|  |TAMS 0x00000000b5300000, 0x00000000b5300000| Untracked 
| 851|0x00000000b5300000, 0x00000000b5300000, 0x00000000b5400000|  0%| F|  |TAMS 0x00000000b5300000, 0x00000000b5300000| Untracked 
| 852|0x00000000b5400000, 0x00000000b5400000, 0x00000000b5500000|  0%| F|  |TAMS 0x00000000b5400000, 0x00000000b5400000| Untracked 
| 853|0x00000000b5500000, 0x00000000b5500000, 0x00000000b5600000|  0%| F|  |TAMS 0x00000000b5500000, 0x00000000b5500000| Untracked 
| 854|0x00000000b5600000, 0x00000000b5600000, 0x00000000b5700000|  0%| F|  |TAMS 0x00000000b5600000, 0x00000000b5600000| Untracked 
| 855|0x00000000b5700000, 0x00000000b5700000, 0x00000000b5800000|  0%| F|  |TAMS 0x00000000b5700000, 0x00000000b5700000| Untracked 
| 856|0x00000000b5800000, 0x00000000b5800000, 0x00000000b5900000|  0%| F|  |TAMS 0x00000000b5800000, 0x00000000b5800000| Untracked 
| 857|0x00000000b5900000, 0x00000000b5900000, 0x00000000b5a00000|  0%| F|  |TAMS 0x00000000b5900000, 0x00000000b5900000| Untracked 
| 858|0x00000000b5a00000, 0x00000000b5a00000, 0x00000000b5b00000|  0%| F|  |TAMS 0x00000000b5a00000, 0x00000000b5a00000| Untracked 
| 859|0x00000000b5b00000, 0x00000000b5b00000, 0x00000000b5c00000|  0%| F|  |TAMS 0x00000000b5b00000, 0x00000000b5b00000| Untracked 
| 860|0x00000000b5c00000, 0x00000000b5c00000, 0x00000000b5d00000|  0%| F|  |TAMS 0x00000000b5c00000, 0x00000000b5c00000| Untracked 
| 861|0x00000000b5d00000, 0x00000000b5d00000, 0x00000000b5e00000|  0%| F|  |TAMS 0x00000000b5d00000, 0x00000000b5d00000| Untracked 
| 862|0x00000000b5e00000, 0x00000000b5e00000, 0x00000000b5f00000|  0%| F|  |TAMS 0x00000000b5e00000, 0x00000000b5e00000| Untracked 
| 863|0x00000000b5f00000, 0x00000000b5f00000, 0x00000000b6000000|  0%| F|  |TAMS 0x00000000b5f00000, 0x00000000b5f00000| Untracked 
| 864|0x00000000b6000000, 0x00000000b6000000, 0x00000000b6100000|  0%| F|  |TAMS 0x00000000b6000000, 0x00000000b6000000| Untracked 
| 865|0x00000000b6100000, 0x00000000b6200000, 0x00000000b6200000|100%|HS|  |TAMS 0x00000000b6200000, 0x00000000b6200000| Complete 
| 866|0x00000000b6200000, 0x00000000b6300000, 0x00000000b6300000|100%|HC|  |TAMS 0x00000000b6300000, 0x00000000b6300000| Complete 
| 867|0x00000000b6300000, 0x00000000b6400000, 0x00000000b6400000|100%|HC|  |TAMS 0x00000000b6400000, 0x00000000b6400000| Complete 
| 868|0x00000000b6400000, 0x00000000b6500000, 0x00000000b6500000|100%|HC|  |TAMS 0x00000000b6500000, 0x00000000b6500000| Complete 
| 869|0x00000000b6500000, 0x00000000b6600000, 0x00000000b6600000|100%|HC|  |TAMS 0x00000000b6600000, 0x00000000b6600000| Complete 
| 870|0x00000000b6600000, 0x00000000b6700000, 0x00000000b6700000|100%|HC|  |TAMS 0x00000000b6700000, 0x00000000b6700000| Complete 
| 871|0x00000000b6700000, 0x00000000b6800000, 0x00000000b6800000|100%|HS|  |TAMS 0x00000000b6700000, 0x00000000b6700000| Complete 
| 872|0x00000000b6800000, 0x00000000b6900000, 0x00000000b6900000|100%|HC|  |TAMS 0x00000000b6800000, 0x00000000b6800000| Complete 
| 873|0x00000000b6900000, 0x00000000b6a00000, 0x00000000b6a00000|100%|HC|  |TAMS 0x00000000b6900000, 0x00000000b6900000| Complete 
| 874|0x00000000b6a00000, 0x00000000b6b00000, 0x00000000b6b00000|100%|HC|  |TAMS 0x00000000b6a00000, 0x00000000b6a00000| Complete 
| 875|0x00000000b6b00000, 0x00000000b6c00000, 0x00000000b6c00000|100%|HC|  |TAMS 0x00000000b6b00000, 0x00000000b6b00000| Complete 
| 876|0x00000000b6c00000, 0x00000000b6d00000, 0x00000000b6d00000|100%|HC|  |TAMS 0x00000000b6c00000, 0x00000000b6c00000| Complete 
| 877|0x00000000b6d00000, 0x00000000b6e00000, 0x00000000b6e00000|100%|HC|  |TAMS 0x00000000b6d00000, 0x00000000b6d00000| Complete 
| 878|0x00000000b6e00000, 0x00000000b6f00000, 0x00000000b6f00000|100%|HC|  |TAMS 0x00000000b6e00000, 0x00000000b6e00000| Complete 
| 879|0x00000000b6f00000, 0x00000000b7000000, 0x00000000b7000000|100%|HC|  |TAMS 0x00000000b6f00000, 0x00000000b6f00000| Complete 
| 880|0x00000000b7000000, 0x00000000b7100000, 0x00000000b7100000|100%|HC|  |TAMS 0x00000000b7000000, 0x00000000b7000000| Complete 
| 881|0x00000000b7100000, 0x00000000b7200000, 0x00000000b7200000|100%|HC|  |TAMS 0x00000000b7100000, 0x00000000b7100000| Complete 
| 882|0x00000000b7200000, 0x00000000b7300000, 0x00000000b7300000|100%|HC|  |TAMS 0x00000000b7200000, 0x00000000b7200000| Complete 
| 883|0x00000000b7300000, 0x00000000b7400000, 0x00000000b7400000|100%|HC|  |TAMS 0x00000000b7300000, 0x00000000b7300000| Complete 
| 884|0x00000000b7400000, 0x00000000b7500000, 0x00000000b7500000|100%|HC|  |TAMS 0x00000000b7400000, 0x00000000b7400000| Complete 
| 885|0x00000000b7500000, 0x00000000b7600000, 0x00000000b7600000|100%|HC|  |TAMS 0x00000000b7500000, 0x00000000b7500000| Complete 
| 886|0x00000000b7600000, 0x00000000b7700000, 0x00000000b7700000|100%|HC|  |TAMS 0x00000000b7600000, 0x00000000b7600000| Complete 
| 887|0x00000000b7700000, 0x00000000b7800000, 0x00000000b7800000|100%|HC|  |TAMS 0x00000000b7700000, 0x00000000b7700000| Complete 
| 888|0x00000000b7800000, 0x00000000b7800000, 0x00000000b7900000|  0%| F|  |TAMS 0x00000000b7800000, 0x00000000b7800000| Untracked 
| 889|0x00000000b7900000, 0x00000000b7900000, 0x00000000b7a00000|  0%| F|  |TAMS 0x00000000b7900000, 0x00000000b7900000| Untracked 
| 890|0x00000000b7a00000, 0x00000000b7a00000, 0x00000000b7b00000|  0%| F|  |TAMS 0x00000000b7a00000, 0x00000000b7a00000| Untracked 
| 891|0x00000000b7b00000, 0x00000000b7b00000, 0x00000000b7c00000|  0%| F|  |TAMS 0x00000000b7b00000, 0x00000000b7b00000| Untracked 
| 892|0x00000000b7c00000, 0x00000000b7c00000, 0x00000000b7d00000|  0%| F|  |TAMS 0x00000000b7c00000, 0x00000000b7c00000| Untracked 
| 893|0x00000000b7d00000, 0x00000000b7d00000, 0x00000000b7e00000|  0%| F|  |TAMS 0x00000000b7d00000, 0x00000000b7d00000| Untracked 
| 894|0x00000000b7e00000, 0x00000000b7e00000, 0x00000000b7f00000|  0%| F|  |TAMS 0x00000000b7e00000, 0x00000000b7e00000| Untracked 
| 895|0x00000000b7f00000, 0x00000000b7f00000, 0x00000000b8000000|  0%| F|  |TAMS 0x00000000b7f00000, 0x00000000b7f00000| Untracked 
| 896|0x00000000b8000000, 0x00000000b8000000, 0x00000000b8100000|  0%| F|  |TAMS 0x00000000b8000000, 0x00000000b8000000| Untracked 
| 897|0x00000000b8100000, 0x00000000b8200000, 0x00000000b8200000|100%|HS|  |TAMS 0x00000000b8200000, 0x00000000b8200000| Complete 
| 898|0x00000000b8200000, 0x00000000b8300000, 0x00000000b8300000|100%|HC|  |TAMS 0x00000000b8300000, 0x00000000b8300000| Complete 
| 899|0x00000000b8300000, 0x00000000b8400000, 0x00000000b8400000|100%|HC|  |TAMS 0x00000000b8400000, 0x00000000b8400000| Complete 
| 900|0x00000000b8400000, 0x00000000b8500000, 0x00000000b8500000|100%|HC|  |TAMS 0x00000000b8500000, 0x00000000b8500000| Complete 
| 901|0x00000000b8500000, 0x00000000b8600000, 0x00000000b8600000|100%|HC|  |TAMS 0x00000000b8600000, 0x00000000b8600000| Complete 
| 902|0x00000000b8600000, 0x00000000b8700000, 0x00000000b8700000|100%|HC|  |TAMS 0x00000000b8700000, 0x00000000b8700000| Complete 
| 903|0x00000000b8700000, 0x00000000b8800000, 0x00000000b8800000|100%|HC|  |TAMS 0x00000000b8800000, 0x00000000b8800000| Complete 
| 904|0x00000000b8800000, 0x00000000b8800000, 0x00000000b8900000|  0%| F|  |TAMS 0x00000000b8800000, 0x00000000b8800000| Untracked 
| 905|0x00000000b8900000, 0x00000000b8900000, 0x00000000b8a00000|  0%| F|  |TAMS 0x00000000b8900000, 0x00000000b8900000| Untracked 
| 906|0x00000000b8a00000, 0x00000000b8a00000, 0x00000000b8b00000|  0%| F|  |TAMS 0x00000000b8a00000, 0x00000000b8a00000| Untracked 
| 907|0x00000000b8b00000, 0x00000000b8b00000, 0x00000000b8c00000|  0%| F|  |TAMS 0x00000000b8b00000, 0x00000000b8b00000| Untracked 
| 908|0x00000000b8c00000, 0x00000000b8c00000, 0x00000000b8d00000|  0%| F|  |TAMS 0x00000000b8c00000, 0x00000000b8c00000| Untracked 
| 909|0x00000000b8d00000, 0x00000000b8d00000, 0x00000000b8e00000|  0%| F|  |TAMS 0x00000000b8d00000, 0x00000000b8d00000| Untracked 
| 910|0x00000000b8e00000, 0x00000000b8e00000, 0x00000000b8f00000|  0%| F|  |TAMS 0x00000000b8e00000, 0x00000000b8e00000| Untracked 
| 911|0x00000000b8f00000, 0x00000000b8f00000, 0x00000000b9000000|  0%| F|  |TAMS 0x00000000b8f00000, 0x00000000b8f00000| Untracked 
| 912|0x00000000b9000000, 0x00000000b9000000, 0x00000000b9100000|  0%| F|  |TAMS 0x00000000b9000000, 0x00000000b9000000| Untracked 
| 913|0x00000000b9100000, 0x00000000b9200000, 0x00000000b9200000|100%| O|  |TAMS 0x00000000b9200000, 0x00000000b9200000| Untracked 
| 914|0x00000000b9200000, 0x00000000b9300000, 0x00000000b9300000|100%|HS|  |TAMS 0x00000000b9300000, 0x00000000b9300000| Complete 
| 915|0x00000000b9300000, 0x00000000b9400000, 0x00000000b9400000|100%|HC|  |TAMS 0x00000000b9400000, 0x00000000b9400000| Complete 
| 916|0x00000000b9400000, 0x00000000b9500000, 0x00000000b9500000|100%|HC|  |TAMS 0x00000000b9500000, 0x00000000b9500000| Complete 
| 917|0x00000000b9500000, 0x00000000b9600000, 0x00000000b9600000|100%|HC|  |TAMS 0x00000000b9600000, 0x00000000b9600000| Complete 
| 918|0x00000000b9600000, 0x00000000b9700000, 0x00000000b9700000|100%|HC|  |TAMS 0x00000000b9700000, 0x00000000b9700000| Complete 
| 919|0x00000000b9700000, 0x00000000b9800000, 0x00000000b9800000|100%|HC|  |TAMS 0x00000000b9800000, 0x00000000b9800000| Complete 
| 920|0x00000000b9800000, 0x00000000b9900000, 0x00000000b9900000|100%|HC|  |TAMS 0x00000000b9900000, 0x00000000b9900000| Complete 
| 921|0x00000000b9900000, 0x00000000b9a00000, 0x00000000b9a00000|100%|HC|  |TAMS 0x00000000b9a00000, 0x00000000b9a00000| Complete 
| 922|0x00000000b9a00000, 0x00000000b9b00000, 0x00000000b9b00000|100%|HC|  |TAMS 0x00000000b9b00000, 0x00000000b9b00000| Complete 
| 923|0x00000000b9b00000, 0x00000000b9c00000, 0x00000000b9c00000|100%|HC|  |TAMS 0x00000000b9c00000, 0x00000000b9c00000| Complete 
| 924|0x00000000b9c00000, 0x00000000b9d00000, 0x00000000b9d00000|100%|HC|  |TAMS 0x00000000b9d00000, 0x00000000b9d00000| Complete 
| 925|0x00000000b9d00000, 0x00000000b9e00000, 0x00000000b9e00000|100%|HC|  |TAMS 0x00000000b9e00000, 0x00000000b9e00000| Complete 
| 926|0x00000000b9e00000, 0x00000000b9f00000, 0x00000000b9f00000|100%|HC|  |TAMS 0x00000000b9f00000, 0x00000000b9f00000| Complete 
| 927|0x00000000b9f00000, 0x00000000ba000000, 0x00000000ba000000|100%|HC|  |TAMS 0x00000000ba000000, 0x00000000ba000000| Complete 
| 928|0x00000000ba000000, 0x00000000ba100000, 0x00000000ba100000|100%|HC|  |TAMS 0x00000000ba100000, 0x00000000ba100000| Complete 
| 929|0x00000000ba100000, 0x00000000ba200000, 0x00000000ba200000|100%|HC|  |TAMS 0x00000000ba200000, 0x00000000ba200000| Complete 
| 930|0x00000000ba200000, 0x00000000ba300000, 0x00000000ba300000|100%|HC|  |TAMS 0x00000000ba300000, 0x00000000ba300000| Complete 
| 931|0x00000000ba300000, 0x00000000ba400000, 0x00000000ba400000|100%|HC|  |TAMS 0x00000000ba400000, 0x00000000ba400000| Complete 
| 932|0x00000000ba400000, 0x00000000ba500000, 0x00000000ba500000|100%|HC|  |TAMS 0x00000000ba500000, 0x00000000ba500000| Complete 
| 933|0x00000000ba500000, 0x00000000ba600000, 0x00000000ba600000|100%|HC|  |TAMS 0x00000000ba600000, 0x00000000ba600000| Complete 
| 934|0x00000000ba600000, 0x00000000ba700000, 0x00000000ba700000|100%|HC|  |TAMS 0x00000000ba700000, 0x00000000ba700000| Complete 
| 935|0x00000000ba700000, 0x00000000ba800000, 0x00000000ba800000|100%|HC|  |TAMS 0x00000000ba800000, 0x00000000ba800000| Complete 
| 936|0x00000000ba800000, 0x00000000ba900000, 0x00000000ba900000|100%|HC|  |TAMS 0x00000000ba900000, 0x00000000ba900000| Complete 
| 937|0x00000000ba900000, 0x00000000baa00000, 0x00000000baa00000|100%|HC|  |TAMS 0x00000000baa00000, 0x00000000baa00000| Complete 
| 938|0x00000000baa00000, 0x00000000bab00000, 0x00000000bab00000|100%|HC|  |TAMS 0x00000000bab00000, 0x00000000bab00000| Complete 
| 939|0x00000000bab00000, 0x00000000bac00000, 0x00000000bac00000|100%|HC|  |TAMS 0x00000000bac00000, 0x00000000bac00000| Complete 
| 940|0x00000000bac00000, 0x00000000bac00000, 0x00000000bad00000|  0%| F|  |TAMS 0x00000000bac00000, 0x00000000bac00000| Untracked 
| 941|0x00000000bad00000, 0x00000000bad00000, 0x00000000bae00000|  0%| F|  |TAMS 0x00000000bad00000, 0x00000000bad00000| Untracked 
| 942|0x00000000bae00000, 0x00000000bae00000, 0x00000000baf00000|  0%| F|  |TAMS 0x00000000bae00000, 0x00000000bae00000| Untracked 
| 943|0x00000000baf00000, 0x00000000baf00000, 0x00000000bb000000|  0%| F|  |TAMS 0x00000000baf00000, 0x00000000baf00000| Untracked 
| 944|0x00000000bb000000, 0x00000000bb000000, 0x00000000bb100000|  0%| F|  |TAMS 0x00000000bb000000, 0x00000000bb000000| Untracked 
| 945|0x00000000bb100000, 0x00000000bb100000, 0x00000000bb200000|  0%| F|  |TAMS 0x00000000bb100000, 0x00000000bb100000| Untracked 
| 946|0x00000000bb200000, 0x00000000bb200000, 0x00000000bb300000|  0%| F|  |TAMS 0x00000000bb200000, 0x00000000bb200000| Untracked 
| 947|0x00000000bb300000, 0x00000000bb300000, 0x00000000bb400000|  0%| F|  |TAMS 0x00000000bb300000, 0x00000000bb300000| Untracked 
| 948|0x00000000bb400000, 0x00000000bb400000, 0x00000000bb500000|  0%| F|  |TAMS 0x00000000bb400000, 0x00000000bb400000| Untracked 
| 949|0x00000000bb500000, 0x00000000bb500000, 0x00000000bb600000|  0%| F|  |TAMS 0x00000000bb500000, 0x00000000bb500000| Untracked 
| 950|0x00000000bb600000, 0x00000000bb600000, 0x00000000bb700000|  0%| F|  |TAMS 0x00000000bb600000, 0x00000000bb600000| Untracked 
| 951|0x00000000bb700000, 0x00000000bb700000, 0x00000000bb800000|  0%| F|  |TAMS 0x00000000bb700000, 0x00000000bb700000| Untracked 
| 952|0x00000000bb800000, 0x00000000bb800000, 0x00000000bb900000|  0%| F|  |TAMS 0x00000000bb800000, 0x00000000bb800000| Untracked 
| 953|0x00000000bb900000, 0x00000000bb900000, 0x00000000bba00000|  0%| F|  |TAMS 0x00000000bb900000, 0x00000000bb900000| Untracked 
| 954|0x00000000bba00000, 0x00000000bbb00000, 0x00000000bbb00000|100%|HS|  |TAMS 0x00000000bbb00000, 0x00000000bbb00000| Complete 
| 955|0x00000000bbb00000, 0x00000000bbc00000, 0x00000000bbc00000|100%|HC|  |TAMS 0x00000000bbc00000, 0x00000000bbc00000| Complete 
| 956|0x00000000bbc00000, 0x00000000bbd00000, 0x00000000bbd00000|100%|HC|  |TAMS 0x00000000bbd00000, 0x00000000bbd00000| Complete 
| 957|0x00000000bbd00000, 0x00000000bbe00000, 0x00000000bbe00000|100%|HC|  |TAMS 0x00000000bbe00000, 0x00000000bbe00000| Complete 
| 958|0x00000000bbe00000, 0x00000000bbf00000, 0x00000000bbf00000|100%|HC|  |TAMS 0x00000000bbf00000, 0x00000000bbf00000| Complete 
| 959|0x00000000bbf00000, 0x00000000bc000000, 0x00000000bc000000|100%|HC|  |TAMS 0x00000000bc000000, 0x00000000bc000000| Complete 
| 960|0x00000000bc000000, 0x00000000bc000000, 0x00000000bc100000|  0%| F|  |TAMS 0x00000000bc000000, 0x00000000bc000000| Untracked 
| 961|0x00000000bc100000, 0x00000000bc100000, 0x00000000bc200000|  0%| F|  |TAMS 0x00000000bc100000, 0x00000000bc100000| Untracked 
| 962|0x00000000bc200000, 0x00000000bc200000, 0x00000000bc300000|  0%| F|  |TAMS 0x00000000bc200000, 0x00000000bc200000| Untracked 
| 963|0x00000000bc300000, 0x00000000bc300000, 0x00000000bc400000|  0%| F|  |TAMS 0x00000000bc300000, 0x00000000bc300000| Untracked 
| 964|0x00000000bc400000, 0x00000000bc400000, 0x00000000bc500000|  0%| F|  |TAMS 0x00000000bc400000, 0x00000000bc400000| Untracked 
| 965|0x00000000bc500000, 0x00000000bc600000, 0x00000000bc600000|100%| O|  |TAMS 0x00000000bc600000, 0x00000000bc600000| Untracked 
| 966|0x00000000bc600000, 0x00000000bc700000, 0x00000000bc700000|100%|HS|  |TAMS 0x00000000bc700000, 0x00000000bc700000| Complete 
| 967|0x00000000bc700000, 0x00000000bc800000, 0x00000000bc800000|100%|HC|  |TAMS 0x00000000bc800000, 0x00000000bc800000| Complete 
| 968|0x00000000bc800000, 0x00000000bc900000, 0x00000000bc900000|100%|HC|  |TAMS 0x00000000bc900000, 0x00000000bc900000| Complete 
| 969|0x00000000bc900000, 0x00000000bca00000, 0x00000000bca00000|100%|HC|  |TAMS 0x00000000bca00000, 0x00000000bca00000| Complete 
| 970|0x00000000bca00000, 0x00000000bcb00000, 0x00000000bcb00000|100%|HC|  |TAMS 0x00000000bcb00000, 0x00000000bcb00000| Complete 
| 971|0x00000000bcb00000, 0x00000000bcc00000, 0x00000000bcc00000|100%|HC|  |TAMS 0x00000000bcc00000, 0x00000000bcc00000| Complete 
| 972|0x00000000bcc00000, 0x00000000bcd00000, 0x00000000bcd00000|100%|HC|  |TAMS 0x00000000bcd00000, 0x00000000bcd00000| Complete 
| 973|0x00000000bcd00000, 0x00000000bce00000, 0x00000000bce00000|100%|HC|  |TAMS 0x00000000bce00000, 0x00000000bce00000| Complete 
| 974|0x00000000bce00000, 0x00000000bcf00000, 0x00000000bcf00000|100%|HC|  |TAMS 0x00000000bcf00000, 0x00000000bcf00000| Complete 
| 975|0x00000000bcf00000, 0x00000000bcf00000, 0x00000000bd000000|  0%| F|  |TAMS 0x00000000bcf00000, 0x00000000bcf00000| Untracked 
| 976|0x00000000bd000000, 0x00000000bd000000, 0x00000000bd100000|  0%| F|  |TAMS 0x00000000bd000000, 0x00000000bd000000| Untracked 
| 977|0x00000000bd100000, 0x00000000bd100000, 0x00000000bd200000|  0%| F|  |TAMS 0x00000000bd100000, 0x00000000bd100000| Untracked 
| 978|0x00000000bd200000, 0x00000000bd200000, 0x00000000bd300000|  0%| F|  |TAMS 0x00000000bd200000, 0x00000000bd200000| Untracked 
| 979|0x00000000bd300000, 0x00000000bd300000, 0x00000000bd400000|  0%| F|  |TAMS 0x00000000bd300000, 0x00000000bd300000| Untracked 
| 980|0x00000000bd400000, 0x00000000bd400000, 0x00000000bd500000|  0%| F|  |TAMS 0x00000000bd400000, 0x00000000bd400000| Untracked 
| 981|0x00000000bd500000, 0x00000000bd500000, 0x00000000bd600000|  0%| F|  |TAMS 0x00000000bd500000, 0x00000000bd500000| Untracked 
| 982|0x00000000bd600000, 0x00000000bd600000, 0x00000000bd700000|  0%| F|  |TAMS 0x00000000bd600000, 0x00000000bd600000| Untracked 
| 983|0x00000000bd700000, 0x00000000bd700000, 0x00000000bd800000|  0%| F|  |TAMS 0x00000000bd700000, 0x00000000bd700000| Untracked 
| 984|0x00000000bd800000, 0x00000000bd900000, 0x00000000bd900000|100%|HS|  |TAMS 0x00000000bd900000, 0x00000000bd900000| Complete 
| 985|0x00000000bd900000, 0x00000000bda00000, 0x00000000bda00000|100%|HC|  |TAMS 0x00000000bda00000, 0x00000000bda00000| Complete 
| 986|0x00000000bda00000, 0x00000000bdb00000, 0x00000000bdb00000|100%|HC|  |TAMS 0x00000000bdb00000, 0x00000000bdb00000| Complete 
| 987|0x00000000bdb00000, 0x00000000bdc00000, 0x00000000bdc00000|100%|HC|  |TAMS 0x00000000bdc00000, 0x00000000bdc00000| Complete 
| 988|0x00000000bdc00000, 0x00000000bdd00000, 0x00000000bdd00000|100%|HC|  |TAMS 0x00000000bdd00000, 0x00000000bdd00000| Complete 
| 989|0x00000000bdd00000, 0x00000000bde00000, 0x00000000bde00000|100%|HC|  |TAMS 0x00000000bde00000, 0x00000000bde00000| Complete 
| 990|0x00000000bde00000, 0x00000000bdf00000, 0x00000000bdf00000|100%|HC|  |TAMS 0x00000000bdf00000, 0x00000000bdf00000| Complete 
| 991|0x00000000bdf00000, 0x00000000be000000, 0x00000000be000000|100%|HC|  |TAMS 0x00000000be000000, 0x00000000be000000| Complete 
| 992|0x00000000be000000, 0x00000000be000000, 0x00000000be100000|  0%| F|  |TAMS 0x00000000be000000, 0x00000000be000000| Untracked 
| 993|0x00000000be100000, 0x00000000be100000, 0x00000000be200000|  0%| F|  |TAMS 0x00000000be100000, 0x00000000be100000| Untracked 
| 994|0x00000000be200000, 0x00000000be200000, 0x00000000be300000|  0%| F|  |TAMS 0x00000000be200000, 0x00000000be200000| Untracked 
| 995|0x00000000be300000, 0x00000000be300000, 0x00000000be400000|  0%| F|  |TAMS 0x00000000be300000, 0x00000000be300000| Untracked 
| 996|0x00000000be400000, 0x00000000be400000, 0x00000000be500000|  0%| F|  |TAMS 0x00000000be400000, 0x00000000be400000| Untracked 
| 997|0x00000000be500000, 0x00000000be500000, 0x00000000be600000|  0%| F|  |TAMS 0x00000000be500000, 0x00000000be500000| Untracked 
| 998|0x00000000be600000, 0x00000000be600000, 0x00000000be700000|  0%| F|  |TAMS 0x00000000be600000, 0x00000000be600000| Untracked 
| 999|0x00000000be700000, 0x00000000be700000, 0x00000000be800000|  0%| F|  |TAMS 0x00000000be700000, 0x00000000be700000| Untracked 
|1000|0x00000000be800000, 0x00000000be800000, 0x00000000be900000|  0%| F|  |TAMS 0x00000000be800000, 0x00000000be800000| Untracked 
|1001|0x00000000be900000, 0x00000000bea00000, 0x00000000bea00000|100%|HS|  |TAMS 0x00000000bea00000, 0x00000000bea00000| Complete 
|1002|0x00000000bea00000, 0x00000000beb00000, 0x00000000beb00000|100%|HC|  |TAMS 0x00000000beb00000, 0x00000000beb00000| Complete 
|1003|0x00000000beb00000, 0x00000000bec00000, 0x00000000bec00000|100%|HC|  |TAMS 0x00000000bec00000, 0x00000000bec00000| Complete 
|1004|0x00000000bec00000, 0x00000000bed00000, 0x00000000bed00000|100%|HC|  |TAMS 0x00000000bed00000, 0x00000000bed00000| Complete 
|1005|0x00000000bed00000, 0x00000000bee00000, 0x00000000bee00000|100%|HC|  |TAMS 0x00000000bee00000, 0x00000000bee00000| Complete 
|1006|0x00000000bee00000, 0x00000000bef00000, 0x00000000bef00000|100%|HC|  |TAMS 0x00000000bef00000, 0x00000000bef00000| Complete 
|1007|0x00000000bef00000, 0x00000000bf000000, 0x00000000bf000000|100%|HC|  |TAMS 0x00000000bf000000, 0x00000000bf000000| Complete 
|1008|0x00000000bf000000, 0x00000000bf100000, 0x00000000bf100000|100%|HC|  |TAMS 0x00000000bf100000, 0x00000000bf100000| Complete 
|1009|0x00000000bf100000, 0x00000000bf200000, 0x00000000bf200000|100%|HS|  |TAMS 0x00000000bf200000, 0x00000000bf200000| Complete 
|1010|0x00000000bf200000, 0x00000000bf300000, 0x00000000bf300000|100%|HC|  |TAMS 0x00000000bf300000, 0x00000000bf300000| Complete 
|1011|0x00000000bf300000, 0x00000000bf400000, 0x00000000bf400000|100%|HC|  |TAMS 0x00000000bf400000, 0x00000000bf400000| Complete 
|1012|0x00000000bf400000, 0x00000000bf500000, 0x00000000bf500000|100%|HC|  |TAMS 0x00000000bf500000, 0x00000000bf500000| Complete 
|1013|0x00000000bf500000, 0x00000000bf600000, 0x00000000bf600000|100%|HC|  |TAMS 0x00000000bf600000, 0x00000000bf600000| Complete 
|1014|0x00000000bf600000, 0x00000000bf700000, 0x00000000bf700000|100%|HC|  |TAMS 0x00000000bf700000, 0x00000000bf700000| Complete 
|1015|0x00000000bf700000, 0x00000000bf800000, 0x00000000bf800000|100%|HC|  |TAMS 0x00000000bf800000, 0x00000000bf800000| Complete 
|1016|0x00000000bf800000, 0x00000000bf800000, 0x00000000bf900000|  0%| F|  |TAMS 0x00000000bf800000, 0x00000000bf800000| Untracked 
|1017|0x00000000bf900000, 0x00000000bf900000, 0x00000000bfa00000|  0%| F|  |TAMS 0x00000000bf900000, 0x00000000bf900000| Untracked 
|1018|0x00000000bfa00000, 0x00000000bfa00000, 0x00000000bfb00000|  0%| F|  |TAMS 0x00000000bfa00000, 0x00000000bfa00000| Untracked 
|1019|0x00000000bfb00000, 0x00000000bfb00000, 0x00000000bfc00000|  0%| F|  |TAMS 0x00000000bfb00000, 0x00000000bfb00000| Untracked 
|1020|0x00000000bfc00000, 0x00000000bfc00000, 0x00000000bfd00000|  0%| F|  |TAMS 0x00000000bfc00000, 0x00000000bfc00000| Untracked 
|1021|0x00000000bfd00000, 0x00000000bfd00000, 0x00000000bfe00000|  0%| F|  |TAMS 0x00000000bfd00000, 0x00000000bfd00000| Untracked 
|1022|0x00000000bfe00000, 0x00000000bfe00000, 0x00000000bff00000|  0%| F|  |TAMS 0x00000000bfe00000, 0x00000000bfe00000| Untracked 
|1023|0x00000000bff00000, 0x00000000c0000000, 0x00000000c0000000|100%|HS|  |TAMS 0x00000000c0000000, 0x00000000c0000000| Complete 
|1024|0x00000000c0000000, 0x00000000c0100000, 0x00000000c0100000|100%|HC|  |TAMS 0x00000000c0100000, 0x00000000c0100000| Complete 
|1025|0x00000000c0100000, 0x00000000c0200000, 0x00000000c0200000|100%|HC|  |TAMS 0x00000000c0200000, 0x00000000c0200000| Complete 
|1026|0x00000000c0200000, 0x00000000c0300000, 0x00000000c0300000|100%|HC|  |TAMS 0x00000000c0300000, 0x00000000c0300000| Complete 
|1027|0x00000000c0300000, 0x00000000c0400000, 0x00000000c0400000|100%|HC|  |TAMS 0x00000000c0400000, 0x00000000c0400000| Complete 
|1028|0x00000000c0400000, 0x00000000c0500000, 0x00000000c0500000|100%|HC|  |TAMS 0x00000000c0500000, 0x00000000c0500000| Complete 
|1029|0x00000000c0500000, 0x00000000c0600000, 0x00000000c0600000|100%|HC|  |TAMS 0x00000000c0600000, 0x00000000c0600000| Complete 
|1030|0x00000000c0600000, 0x00000000c0700000, 0x00000000c0700000|100%|HC|  |TAMS 0x00000000c0700000, 0x00000000c0700000| Complete 
|1031|0x00000000c0700000, 0x00000000c0700000, 0x00000000c0800000|  0%| F|  |TAMS 0x00000000c0700000, 0x00000000c0700000| Untracked 
|1032|0x00000000c0800000, 0x00000000c0800000, 0x00000000c0900000|  0%| F|  |TAMS 0x00000000c0800000, 0x00000000c0800000| Untracked 
|1033|0x00000000c0900000, 0x00000000c0900000, 0x00000000c0a00000|  0%| F|  |TAMS 0x00000000c0900000, 0x00000000c0900000| Untracked 
|1034|0x00000000c0a00000, 0x00000000c0a00000, 0x00000000c0b00000|  0%| F|  |TAMS 0x00000000c0a00000, 0x00000000c0a00000| Untracked 
|1035|0x00000000c0b00000, 0x00000000c0b00000, 0x00000000c0c00000|  0%| F|  |TAMS 0x00000000c0b00000, 0x00000000c0b00000| Untracked 
|1036|0x00000000c0c00000, 0x00000000c0c00000, 0x00000000c0d00000|  0%| F|  |TAMS 0x00000000c0c00000, 0x00000000c0c00000| Untracked 
|1037|0x00000000c0d00000, 0x00000000c0d00000, 0x00000000c0e00000|  0%| F|  |TAMS 0x00000000c0d00000, 0x00000000c0d00000| Untracked 
|1038|0x00000000c0e00000, 0x00000000c0e00000, 0x00000000c0f00000|  0%| F|  |TAMS 0x00000000c0e00000, 0x00000000c0e00000| Untracked 
|1039|0x00000000c0f00000, 0x00000000c0f00000, 0x00000000c1000000|  0%| F|  |TAMS 0x00000000c0f00000, 0x00000000c0f00000| Untracked 
|1040|0x00000000c1000000, 0x00000000c1000000, 0x00000000c1100000|  0%| F|  |TAMS 0x00000000c1000000, 0x00000000c1000000| Untracked 
|1041|0x00000000c1100000, 0x00000000c1100000, 0x00000000c1200000|  0%| F|  |TAMS 0x00000000c1100000, 0x00000000c1100000| Untracked 
|1042|0x00000000c1200000, 0x00000000c1200000, 0x00000000c1300000|  0%| F|  |TAMS 0x00000000c1200000, 0x00000000c1200000| Untracked 
|1043|0x00000000c1300000, 0x00000000c1300000, 0x00000000c1400000|  0%| F|  |TAMS 0x00000000c1300000, 0x00000000c1300000| Untracked 
|1044|0x00000000c1400000, 0x00000000c1400000, 0x00000000c1500000|  0%| F|  |TAMS 0x00000000c1400000, 0x00000000c1400000| Untracked 
|1045|0x00000000c1500000, 0x00000000c1500000, 0x00000000c1600000|  0%| F|  |TAMS 0x00000000c1500000, 0x00000000c1500000| Untracked 
|1046|0x00000000c1600000, 0x00000000c1600000, 0x00000000c1700000|  0%| F|  |TAMS 0x00000000c1600000, 0x00000000c1600000| Untracked 
|1047|0x00000000c1700000, 0x00000000c1800000, 0x00000000c1800000|100%|HS|  |TAMS 0x00000000c1800000, 0x00000000c1800000| Complete 
|1048|0x00000000c1800000, 0x00000000c1900000, 0x00000000c1900000|100%|HC|  |TAMS 0x00000000c1900000, 0x00000000c1900000| Complete 
|1049|0x00000000c1900000, 0x00000000c1a00000, 0x00000000c1a00000|100%|HC|  |TAMS 0x00000000c1a00000, 0x00000000c1a00000| Complete 
|1050|0x00000000c1a00000, 0x00000000c1b00000, 0x00000000c1b00000|100%|HC|  |TAMS 0x00000000c1b00000, 0x00000000c1b00000| Complete 
|1051|0x00000000c1b00000, 0x00000000c1c00000, 0x00000000c1c00000|100%|HC|  |TAMS 0x00000000c1c00000, 0x00000000c1c00000| Complete 
|1052|0x00000000c1c00000, 0x00000000c1d00000, 0x00000000c1d00000|100%|HC|  |TAMS 0x00000000c1d00000, 0x00000000c1d00000| Complete 
|1053|0x00000000c1d00000, 0x00000000c1e00000, 0x00000000c1e00000|100%|HC|  |TAMS 0x00000000c1e00000, 0x00000000c1e00000| Complete 
|1054|0x00000000c1e00000, 0x00000000c1e00000, 0x00000000c1f00000|  0%| F|  |TAMS 0x00000000c1e00000, 0x00000000c1e00000| Untracked 
|1055|0x00000000c1f00000, 0x00000000c1f00000, 0x00000000c2000000|  0%| F|  |TAMS 0x00000000c1f00000, 0x00000000c1f00000| Untracked 
|1056|0x00000000c2000000, 0x00000000c2000000, 0x00000000c2100000|  0%| F|  |TAMS 0x00000000c2000000, 0x00000000c2000000| Untracked 
|1057|0x00000000c2100000, 0x00000000c2100000, 0x00000000c2200000|  0%| F|  |TAMS 0x00000000c2100000, 0x00000000c2100000| Untracked 
|1058|0x00000000c2200000, 0x00000000c2200000, 0x00000000c2300000|  0%| F|  |TAMS 0x00000000c2200000, 0x00000000c2200000| Untracked 
|1059|0x00000000c2300000, 0x00000000c2300000, 0x00000000c2400000|  0%| F|  |TAMS 0x00000000c2300000, 0x00000000c2300000| Untracked 
|1060|0x00000000c2400000, 0x00000000c2400000, 0x00000000c2500000|  0%| F|  |TAMS 0x00000000c2400000, 0x00000000c2400000| Untracked 
|1061|0x00000000c2500000, 0x00000000c2500000, 0x00000000c2600000|  0%| F|  |TAMS 0x00000000c2500000, 0x00000000c2500000| Untracked 
|1062|0x00000000c2600000, 0x00000000c2600000, 0x00000000c2700000|  0%| F|  |TAMS 0x00000000c2600000, 0x00000000c2600000| Untracked 
|1063|0x00000000c2700000, 0x00000000c2700000, 0x00000000c2800000|  0%| F|  |TAMS 0x00000000c2700000, 0x00000000c2700000| Untracked 
|1064|0x00000000c2800000, 0x00000000c2800000, 0x00000000c2900000|  0%| F|  |TAMS 0x00000000c2800000, 0x00000000c2800000| Untracked 
|1065|0x00000000c2900000, 0x00000000c2900000, 0x00000000c2a00000|  0%| F|  |TAMS 0x00000000c2900000, 0x00000000c2900000| Untracked 
|1066|0x00000000c2a00000, 0x00000000c2a00000, 0x00000000c2b00000|  0%| F|  |TAMS 0x00000000c2a00000, 0x00000000c2a00000| Untracked 
|1067|0x00000000c2b00000, 0x00000000c2b00000, 0x00000000c2c00000|  0%| F|  |TAMS 0x00000000c2b00000, 0x00000000c2b00000| Untracked 
|1068|0x00000000c2c00000, 0x00000000c2d00000, 0x00000000c2d00000|100%|HS|  |TAMS 0x00000000c2d00000, 0x00000000c2d00000| Complete 
|1069|0x00000000c2d00000, 0x00000000c2e00000, 0x00000000c2e00000|100%|HC|  |TAMS 0x00000000c2e00000, 0x00000000c2e00000| Complete 
|1070|0x00000000c2e00000, 0x00000000c2f00000, 0x00000000c2f00000|100%|HC|  |TAMS 0x00000000c2f00000, 0x00000000c2f00000| Complete 
|1071|0x00000000c2f00000, 0x00000000c3000000, 0x00000000c3000000|100%|HC|  |TAMS 0x00000000c3000000, 0x00000000c3000000| Complete 
|1072|0x00000000c3000000, 0x00000000c3100000, 0x00000000c3100000|100%|HC|  |TAMS 0x00000000c3100000, 0x00000000c3100000| Complete 
|1073|0x00000000c3100000, 0x00000000c3200000, 0x00000000c3200000|100%|HC|  |TAMS 0x00000000c3200000, 0x00000000c3200000| Complete 
|1074|0x00000000c3200000, 0x00000000c3300000, 0x00000000c3300000|100%|HC|  |TAMS 0x00000000c3300000, 0x00000000c3300000| Complete 
|1075|0x00000000c3300000, 0x00000000c3400000, 0x00000000c3400000|100%|HS|  |TAMS 0x00000000c3300000, 0x00000000c3300000| Complete 
|1076|0x00000000c3400000, 0x00000000c3500000, 0x00000000c3500000|100%|HC|  |TAMS 0x00000000c3400000, 0x00000000c3400000| Complete 
|1077|0x00000000c3500000, 0x00000000c3600000, 0x00000000c3600000|100%|HC|  |TAMS 0x00000000c3500000, 0x00000000c3500000| Complete 
|1078|0x00000000c3600000, 0x00000000c3700000, 0x00000000c3700000|100%|HC|  |TAMS 0x00000000c3600000, 0x00000000c3600000| Complete 
|1079|0x00000000c3700000, 0x00000000c3800000, 0x00000000c3800000|100%|HC|  |TAMS 0x00000000c3700000, 0x00000000c3700000| Complete 
|1080|0x00000000c3800000, 0x00000000c3900000, 0x00000000c3900000|100%|HC|  |TAMS 0x00000000c3800000, 0x00000000c3800000| Complete 
|1081|0x00000000c3900000, 0x00000000c3a00000, 0x00000000c3a00000|100%|HC|  |TAMS 0x00000000c3900000, 0x00000000c3900000| Complete 
|1082|0x00000000c3a00000, 0x00000000c3b00000, 0x00000000c3b00000|100%|HC|  |TAMS 0x00000000c3a00000, 0x00000000c3a00000| Complete 
|1083|0x00000000c3b00000, 0x00000000c3c00000, 0x00000000c3c00000|100%|HC|  |TAMS 0x00000000c3b00000, 0x00000000c3b00000| Complete 
|1084|0x00000000c3c00000, 0x00000000c3d00000, 0x00000000c3d00000|100%|HC|  |TAMS 0x00000000c3c00000, 0x00000000c3c00000| Complete 
|1085|0x00000000c3d00000, 0x00000000c3e00000, 0x00000000c3e00000|100%|HC|  |TAMS 0x00000000c3d00000, 0x00000000c3d00000| Complete 
|1086|0x00000000c3e00000, 0x00000000c3f00000, 0x00000000c3f00000|100%|HC|  |TAMS 0x00000000c3e00000, 0x00000000c3e00000| Complete 
|1087|0x00000000c3f00000, 0x00000000c4000000, 0x00000000c4000000|100%|HC|  |TAMS 0x00000000c3f00000, 0x00000000c3f00000| Complete 
|1088|0x00000000c4000000, 0x00000000c4100000, 0x00000000c4100000|100%|HC|  |TAMS 0x00000000c4000000, 0x00000000c4000000| Complete 
|1089|0x00000000c4100000, 0x00000000c4200000, 0x00000000c4200000|100%|HC|  |TAMS 0x00000000c4100000, 0x00000000c4100000| Complete 
|1090|0x00000000c4200000, 0x00000000c4300000, 0x00000000c4300000|100%|HC|  |TAMS 0x00000000c4200000, 0x00000000c4200000| Complete 
|1091|0x00000000c4300000, 0x00000000c4400000, 0x00000000c4400000|100%|HC|  |TAMS 0x00000000c4300000, 0x00000000c4300000| Complete 
|1092|0x00000000c4400000, 0x00000000c4400000, 0x00000000c4500000|  0%| F|  |TAMS 0x00000000c4400000, 0x00000000c4400000| Untracked 
|1093|0x00000000c4500000, 0x00000000c4500000, 0x00000000c4600000|  0%| F|  |TAMS 0x00000000c4500000, 0x00000000c4500000| Untracked 
|1094|0x00000000c4600000, 0x00000000c4700000, 0x00000000c4700000|100%|HS|  |TAMS 0x00000000c4700000, 0x00000000c4700000| Complete 
|1095|0x00000000c4700000, 0x00000000c4800000, 0x00000000c4800000|100%|HC|  |TAMS 0x00000000c4800000, 0x00000000c4800000| Complete 
|1096|0x00000000c4800000, 0x00000000c4900000, 0x00000000c4900000|100%|HC|  |TAMS 0x00000000c4900000, 0x00000000c4900000| Complete 
|1097|0x00000000c4900000, 0x00000000c4a00000, 0x00000000c4a00000|100%|HC|  |TAMS 0x00000000c4a00000, 0x00000000c4a00000| Complete 
|1098|0x00000000c4a00000, 0x00000000c4b00000, 0x00000000c4b00000|100%|HC|  |TAMS 0x00000000c4b00000, 0x00000000c4b00000| Complete 
|1099|0x00000000c4b00000, 0x00000000c4c00000, 0x00000000c4c00000|100%|HC|  |TAMS 0x00000000c4c00000, 0x00000000c4c00000| Complete 
|1100|0x00000000c4c00000, 0x00000000c4d00000, 0x00000000c4d00000|100%|HC|  |TAMS 0x00000000c4d00000, 0x00000000c4d00000| Complete 
|1101|0x00000000c4d00000, 0x00000000c4d00000, 0x00000000c4e00000|  0%| F|  |TAMS 0x00000000c4d00000, 0x00000000c4d00000| Untracked 
|1102|0x00000000c4e00000, 0x00000000c4e00000, 0x00000000c4f00000|  0%| F|  |TAMS 0x00000000c4e00000, 0x00000000c4e00000| Untracked 
|1103|0x00000000c4f00000, 0x00000000c4f00000, 0x00000000c5000000|  0%| F|  |TAMS 0x00000000c4f00000, 0x00000000c4f00000| Untracked 
|1104|0x00000000c5000000, 0x00000000c5000000, 0x00000000c5100000|  0%| F|  |TAMS 0x00000000c5000000, 0x00000000c5000000| Untracked 
|1105|0x00000000c5100000, 0x00000000c5100000, 0x00000000c5200000|  0%| F|  |TAMS 0x00000000c5100000, 0x00000000c5100000| Untracked 
|1106|0x00000000c5200000, 0x00000000c5200000, 0x00000000c5300000|  0%| F|  |TAMS 0x00000000c5200000, 0x00000000c5200000| Untracked 
|1107|0x00000000c5300000, 0x00000000c5300000, 0x00000000c5400000|  0%| F|  |TAMS 0x00000000c5300000, 0x00000000c5300000| Untracked 
|1108|0x00000000c5400000, 0x00000000c5400000, 0x00000000c5500000|  0%| F|  |TAMS 0x00000000c5400000, 0x00000000c5400000| Untracked 
|1109|0x00000000c5500000, 0x00000000c5500000, 0x00000000c5600000|  0%| F|  |TAMS 0x00000000c5500000, 0x00000000c5500000| Untracked 
|1110|0x00000000c5600000, 0x00000000c5600000, 0x00000000c5700000|  0%| F|  |TAMS 0x00000000c5600000, 0x00000000c5600000| Untracked 
|1111|0x00000000c5700000, 0x00000000c5700000, 0x00000000c5800000|  0%| F|  |TAMS 0x00000000c5700000, 0x00000000c5700000| Untracked 
|1112|0x00000000c5800000, 0x00000000c5800000, 0x00000000c5900000|  0%| F|  |TAMS 0x00000000c5800000, 0x00000000c5800000| Untracked 
|1113|0x00000000c5900000, 0x00000000c5900000, 0x00000000c5a00000|  0%| F|  |TAMS 0x00000000c5900000, 0x00000000c5900000| Untracked 
|1114|0x00000000c5a00000, 0x00000000c5a00000, 0x00000000c5b00000|  0%| F|  |TAMS 0x00000000c5a00000, 0x00000000c5a00000| Untracked 
|1115|0x00000000c5b00000, 0x00000000c5b00000, 0x00000000c5c00000|  0%| F|  |TAMS 0x00000000c5b00000, 0x00000000c5b00000| Untracked 
|1116|0x00000000c5c00000, 0x00000000c5c00000, 0x00000000c5d00000|  0%| F|  |TAMS 0x00000000c5c00000, 0x00000000c5c00000| Untracked 
|1117|0x00000000c5d00000, 0x00000000c5d00000, 0x00000000c5e00000|  0%| F|  |TAMS 0x00000000c5d00000, 0x00000000c5d00000| Untracked 
|1118|0x00000000c5e00000, 0x00000000c5e00000, 0x00000000c5f00000|  0%| F|  |TAMS 0x00000000c5e00000, 0x00000000c5e00000| Untracked 
|1119|0x00000000c5f00000, 0x00000000c5f00000, 0x00000000c6000000|  0%| F|  |TAMS 0x00000000c5f00000, 0x00000000c5f00000| Untracked 
|1120|0x00000000c6000000, 0x00000000c6100000, 0x00000000c6100000|100%|HS|  |TAMS 0x00000000c6100000, 0x00000000c6100000| Complete 
|1121|0x00000000c6100000, 0x00000000c6200000, 0x00000000c6200000|100%|HC|  |TAMS 0x00000000c6200000, 0x00000000c6200000| Complete 
|1122|0x00000000c6200000, 0x00000000c6300000, 0x00000000c6300000|100%|HC|  |TAMS 0x00000000c6300000, 0x00000000c6300000| Complete 
|1123|0x00000000c6300000, 0x00000000c6400000, 0x00000000c6400000|100%|HC|  |TAMS 0x00000000c6400000, 0x00000000c6400000| Complete 
|1124|0x00000000c6400000, 0x00000000c6500000, 0x00000000c6500000|100%|HC|  |TAMS 0x00000000c6500000, 0x00000000c6500000| Complete 
|1125|0x00000000c6500000, 0x00000000c6600000, 0x00000000c6600000|100%|HC|  |TAMS 0x00000000c6600000, 0x00000000c6600000| Complete 
|1126|0x00000000c6600000, 0x00000000c6700000, 0x00000000c6700000|100%|HC|  |TAMS 0x00000000c6700000, 0x00000000c6700000| Complete 
|1127|0x00000000c6700000, 0x00000000c6800000, 0x00000000c6800000|100%|HS|  |TAMS 0x00000000c6700000, 0x00000000c6700000| Complete 
|1128|0x00000000c6800000, 0x00000000c6900000, 0x00000000c6900000|100%|HC|  |TAMS 0x00000000c6800000, 0x00000000c6800000| Complete 
|1129|0x00000000c6900000, 0x00000000c6a00000, 0x00000000c6a00000|100%|HC|  |TAMS 0x00000000c6900000, 0x00000000c6900000| Complete 
|1130|0x00000000c6a00000, 0x00000000c6b00000, 0x00000000c6b00000|100%|HC|  |TAMS 0x00000000c6a00000, 0x00000000c6a00000| Complete 
|1131|0x00000000c6b00000, 0x00000000c6c00000, 0x00000000c6c00000|100%|HC|  |TAMS 0x00000000c6b00000, 0x00000000c6b00000| Complete 
|1132|0x00000000c6c00000, 0x00000000c6d00000, 0x00000000c6d00000|100%|HC|  |TAMS 0x00000000c6c00000, 0x00000000c6c00000| Complete 
|1133|0x00000000c6d00000, 0x00000000c6e00000, 0x00000000c6e00000|100%|HC|  |TAMS 0x00000000c6d00000, 0x00000000c6d00000| Complete 
|1134|0x00000000c6e00000, 0x00000000c6f00000, 0x00000000c6f00000|100%|HC|  |TAMS 0x00000000c6e00000, 0x00000000c6e00000| Complete 
|1135|0x00000000c6f00000, 0x00000000c7000000, 0x00000000c7000000|100%|HC|  |TAMS 0x00000000c6f00000, 0x00000000c6f00000| Complete 
|1136|0x00000000c7000000, 0x00000000c7100000, 0x00000000c7100000|100%|HC|  |TAMS 0x00000000c7000000, 0x00000000c7000000| Complete 
|1137|0x00000000c7100000, 0x00000000c7200000, 0x00000000c7200000|100%|HC|  |TAMS 0x00000000c7100000, 0x00000000c7100000| Complete 
|1138|0x00000000c7200000, 0x00000000c7300000, 0x00000000c7300000|100%|HC|  |TAMS 0x00000000c7200000, 0x00000000c7200000| Complete 
|1139|0x00000000c7300000, 0x00000000c7400000, 0x00000000c7400000|100%|HC|  |TAMS 0x00000000c7300000, 0x00000000c7300000| Complete 
|1140|0x00000000c7400000, 0x00000000c7500000, 0x00000000c7500000|100%|HC|  |TAMS 0x00000000c7400000, 0x00000000c7400000| Complete 
|1141|0x00000000c7500000, 0x00000000c7600000, 0x00000000c7600000|100%|HC|  |TAMS 0x00000000c7500000, 0x00000000c7500000| Complete 
|1142|0x00000000c7600000, 0x00000000c7700000, 0x00000000c7700000|100%|HC|  |TAMS 0x00000000c7600000, 0x00000000c7600000| Complete 
|1143|0x00000000c7700000, 0x00000000c7800000, 0x00000000c7800000|100%|HC|  |TAMS 0x00000000c7700000, 0x00000000c7700000| Complete 
|1144|0x00000000c7800000, 0x00000000c7900000, 0x00000000c7900000|100%|HC|  |TAMS 0x00000000c7800000, 0x00000000c7800000| Complete 
|1145|0x00000000c7900000, 0x00000000c7a00000, 0x00000000c7a00000|100%|HC|  |TAMS 0x00000000c7900000, 0x00000000c7900000| Complete 
|1146|0x00000000c7a00000, 0x00000000c7b00000, 0x00000000c7b00000|100%|HC|  |TAMS 0x00000000c7a00000, 0x00000000c7a00000| Complete 
|1147|0x00000000c7b00000, 0x00000000c7c00000, 0x00000000c7c00000|100%|HC|  |TAMS 0x00000000c7b00000, 0x00000000c7b00000| Complete 
|1148|0x00000000c7c00000, 0x00000000c7d00000, 0x00000000c7d00000|100%|HC|  |TAMS 0x00000000c7c00000, 0x00000000c7c00000| Complete 
|1149|0x00000000c7d00000, 0x00000000c7e00000, 0x00000000c7e00000|100%|HC|  |TAMS 0x00000000c7d00000, 0x00000000c7d00000| Complete 
|1150|0x00000000c7e00000, 0x00000000c7f00000, 0x00000000c7f00000|100%|HC|  |TAMS 0x00000000c7e00000, 0x00000000c7e00000| Complete 
|1151|0x00000000c7f00000, 0x00000000c8000000, 0x00000000c8000000|100%|HC|  |TAMS 0x00000000c7f00000, 0x00000000c7f00000| Complete 
|1152|0x00000000c8000000, 0x00000000c8100000, 0x00000000c8100000|100%|HC|  |TAMS 0x00000000c8000000, 0x00000000c8000000| Complete 
|1153|0x00000000c8100000, 0x00000000c8200000, 0x00000000c8200000|100%|HC|  |TAMS 0x00000000c8100000, 0x00000000c8100000| Complete 
|1154|0x00000000c8200000, 0x00000000c8300000, 0x00000000c8300000|100%|HC|  |TAMS 0x00000000c8200000, 0x00000000c8200000| Complete 
|1155|0x00000000c8300000, 0x00000000c8400000, 0x00000000c8400000|100%|HC|  |TAMS 0x00000000c8300000, 0x00000000c8300000| Complete 
|1156|0x00000000c8400000, 0x00000000c8500000, 0x00000000c8500000|100%|HC|  |TAMS 0x00000000c8400000, 0x00000000c8400000| Complete 
|1157|0x00000000c8500000, 0x00000000c8600000, 0x00000000c8600000|100%|HC|  |TAMS 0x00000000c8500000, 0x00000000c8500000| Complete 
|1158|0x00000000c8600000, 0x00000000c8700000, 0x00000000c8700000|100%|HC|  |TAMS 0x00000000c8600000, 0x00000000c8600000| Complete 
|1159|0x00000000c8700000, 0x00000000c8800000, 0x00000000c8800000|100%|HC|  |TAMS 0x00000000c8700000, 0x00000000c8700000| Complete 
|1160|0x00000000c8800000, 0x00000000c8800000, 0x00000000c8900000|  0%| F|  |TAMS 0x00000000c8800000, 0x00000000c8800000| Untracked 
|1161|0x00000000c8900000, 0x00000000c8900000, 0x00000000c8a00000|  0%| F|  |TAMS 0x00000000c8900000, 0x00000000c8900000| Untracked 
|1162|0x00000000c8a00000, 0x00000000c8a00000, 0x00000000c8b00000|  0%| F|  |TAMS 0x00000000c8a00000, 0x00000000c8a00000| Untracked 
|1163|0x00000000c8b00000, 0x00000000c8b00000, 0x00000000c8c00000|  0%| F|  |TAMS 0x00000000c8b00000, 0x00000000c8b00000| Untracked 
|1164|0x00000000c8c00000, 0x00000000c8c00000, 0x00000000c8d00000|  0%| F|  |TAMS 0x00000000c8c00000, 0x00000000c8c00000| Untracked 
|1165|0x00000000c8d00000, 0x00000000c8d00000, 0x00000000c8e00000|  0%| F|  |TAMS 0x00000000c8d00000, 0x00000000c8d00000| Untracked 
|1166|0x00000000c8e00000, 0x00000000c8e00000, 0x00000000c8f00000|  0%| F|  |TAMS 0x00000000c8e00000, 0x00000000c8e00000| Untracked 
|1167|0x00000000c8f00000, 0x00000000c8f00000, 0x00000000c9000000|  0%| F|  |TAMS 0x00000000c8f00000, 0x00000000c8f00000| Untracked 
|1168|0x00000000c9000000, 0x00000000c9000000, 0x00000000c9100000|  0%| F|  |TAMS 0x00000000c9000000, 0x00000000c9000000| Untracked 
|1169|0x00000000c9100000, 0x00000000c9100000, 0x00000000c9200000|  0%| F|  |TAMS 0x00000000c9100000, 0x00000000c9100000| Untracked 
|1170|0x00000000c9200000, 0x00000000c9200000, 0x00000000c9300000|  0%| F|  |TAMS 0x00000000c9200000, 0x00000000c9200000| Untracked 
|1171|0x00000000c9300000, 0x00000000c9300000, 0x00000000c9400000|  0%| F|  |TAMS 0x00000000c9300000, 0x00000000c9300000| Untracked 
|1172|0x00000000c9400000, 0x00000000c9400000, 0x00000000c9500000|  0%| F|  |TAMS 0x00000000c9400000, 0x00000000c9400000| Untracked 
|1173|0x00000000c9500000, 0x00000000c9500000, 0x00000000c9600000|  0%| F|  |TAMS 0x00000000c9500000, 0x00000000c9500000| Untracked 
|1174|0x00000000c9600000, 0x00000000c9600000, 0x00000000c9700000|  0%| F|  |TAMS 0x00000000c9600000, 0x00000000c9600000| Untracked 
|1175|0x00000000c9700000, 0x00000000c9700000, 0x00000000c9800000|  0%| F|  |TAMS 0x00000000c9700000, 0x00000000c9700000| Untracked 
|1176|0x00000000c9800000, 0x00000000c9800000, 0x00000000c9900000|  0%| F|  |TAMS 0x00000000c9800000, 0x00000000c9800000| Untracked 
|1177|0x00000000c9900000, 0x00000000c9900000, 0x00000000c9a00000|  0%| F|  |TAMS 0x00000000c9900000, 0x00000000c9900000| Untracked 
|1178|0x00000000c9a00000, 0x00000000c9a00000, 0x00000000c9b00000|  0%| F|  |TAMS 0x00000000c9a00000, 0x00000000c9a00000| Untracked 
|1179|0x00000000c9b00000, 0x00000000c9c00000, 0x00000000c9c00000|100%|HS|  |TAMS 0x00000000c9c00000, 0x00000000c9c00000| Complete 
|1180|0x00000000c9c00000, 0x00000000c9d00000, 0x00000000c9d00000|100%|HC|  |TAMS 0x00000000c9d00000, 0x00000000c9d00000| Complete 
|1181|0x00000000c9d00000, 0x00000000c9e00000, 0x00000000c9e00000|100%|HC|  |TAMS 0x00000000c9e00000, 0x00000000c9e00000| Complete 
|1182|0x00000000c9e00000, 0x00000000c9f00000, 0x00000000c9f00000|100%|HC|  |TAMS 0x00000000c9f00000, 0x00000000c9f00000| Complete 
|1183|0x00000000c9f00000, 0x00000000ca000000, 0x00000000ca000000|100%|HC|  |TAMS 0x00000000ca000000, 0x00000000ca000000| Complete 
|1184|0x00000000ca000000, 0x00000000ca100000, 0x00000000ca100000|100%|HC|  |TAMS 0x00000000ca100000, 0x00000000ca100000| Complete 
|1185|0x00000000ca100000, 0x00000000ca200000, 0x00000000ca200000|100%|HC|  |TAMS 0x00000000ca200000, 0x00000000ca200000| Complete 
|1186|0x00000000ca200000, 0x00000000ca300000, 0x00000000ca300000|100%|HS|  |TAMS 0x00000000ca200000, 0x00000000ca200000| Complete 
|1187|0x00000000ca300000, 0x00000000ca400000, 0x00000000ca400000|100%|HC|  |TAMS 0x00000000ca300000, 0x00000000ca300000| Complete 
|1188|0x00000000ca400000, 0x00000000ca500000, 0x00000000ca500000|100%|HC|  |TAMS 0x00000000ca400000, 0x00000000ca400000| Complete 
|1189|0x00000000ca500000, 0x00000000ca600000, 0x00000000ca600000|100%|HC|  |TAMS 0x00000000ca500000, 0x00000000ca500000| Complete 
|1190|0x00000000ca600000, 0x00000000ca700000, 0x00000000ca700000|100%|HC|  |TAMS 0x00000000ca600000, 0x00000000ca600000| Complete 
|1191|0x00000000ca700000, 0x00000000ca800000, 0x00000000ca800000|100%|HC|  |TAMS 0x00000000ca700000, 0x00000000ca700000| Complete 
|1192|0x00000000ca800000, 0x00000000ca900000, 0x00000000ca900000|100%|HC|  |TAMS 0x00000000ca800000, 0x00000000ca800000| Complete 
|1193|0x00000000ca900000, 0x00000000caa00000, 0x00000000caa00000|100%|HC|  |TAMS 0x00000000ca900000, 0x00000000ca900000| Complete 
|1194|0x00000000caa00000, 0x00000000cab00000, 0x00000000cab00000|100%|HC|  |TAMS 0x00000000caa00000, 0x00000000caa00000| Complete 
|1195|0x00000000cab00000, 0x00000000cac00000, 0x00000000cac00000|100%|HC|  |TAMS 0x00000000cab00000, 0x00000000cab00000| Complete 
|1196|0x00000000cac00000, 0x00000000cad00000, 0x00000000cad00000|100%|HC|  |TAMS 0x00000000cac00000, 0x00000000cac00000| Complete 
|1197|0x00000000cad00000, 0x00000000cae00000, 0x00000000cae00000|100%|HC|  |TAMS 0x00000000cad00000, 0x00000000cad00000| Complete 
|1198|0x00000000cae00000, 0x00000000caf00000, 0x00000000caf00000|100%|HC|  |TAMS 0x00000000cae00000, 0x00000000cae00000| Complete 
|1199|0x00000000caf00000, 0x00000000cb000000, 0x00000000cb000000|100%|HC|  |TAMS 0x00000000caf00000, 0x00000000caf00000| Complete 
|1200|0x00000000cb000000, 0x00000000cb100000, 0x00000000cb100000|100%|HC|  |TAMS 0x00000000cb000000, 0x00000000cb000000| Complete 
|1201|0x00000000cb100000, 0x00000000cb200000, 0x00000000cb200000|100%|HC|  |TAMS 0x00000000cb100000, 0x00000000cb100000| Complete 
|1202|0x00000000cb200000, 0x00000000cb300000, 0x00000000cb300000|100%|HC|  |TAMS 0x00000000cb200000, 0x00000000cb200000| Complete 
|1203|0x00000000cb300000, 0x00000000cb400000, 0x00000000cb400000|100%|HC|  |TAMS 0x00000000cb300000, 0x00000000cb300000| Complete 
|1204|0x00000000cb400000, 0x00000000cb500000, 0x00000000cb500000|100%|HC|  |TAMS 0x00000000cb400000, 0x00000000cb400000| Complete 
|1205|0x00000000cb500000, 0x00000000cb600000, 0x00000000cb600000|100%|HC|  |TAMS 0x00000000cb500000, 0x00000000cb500000| Complete 
|1206|0x00000000cb600000, 0x00000000cb700000, 0x00000000cb700000|100%|HC|  |TAMS 0x00000000cb600000, 0x00000000cb600000| Complete 
|1207|0x00000000cb700000, 0x00000000cb800000, 0x00000000cb800000|100%|HC|  |TAMS 0x00000000cb700000, 0x00000000cb700000| Complete 
|1208|0x00000000cb800000, 0x00000000cb900000, 0x00000000cb900000|100%|HC|  |TAMS 0x00000000cb800000, 0x00000000cb800000| Complete 
|1209|0x00000000cb900000, 0x00000000cba00000, 0x00000000cba00000|100%|HC|  |TAMS 0x00000000cb900000, 0x00000000cb900000| Complete 
|1210|0x00000000cba00000, 0x00000000cbb00000, 0x00000000cbb00000|100%|HC|  |TAMS 0x00000000cba00000, 0x00000000cba00000| Complete 
|1211|0x00000000cbb00000, 0x00000000cbc00000, 0x00000000cbc00000|100%|HC|  |TAMS 0x00000000cbb00000, 0x00000000cbb00000| Complete 
|1212|0x00000000cbc00000, 0x00000000cbd00000, 0x00000000cbd00000|100%|HC|  |TAMS 0x00000000cbc00000, 0x00000000cbc00000| Complete 
|1213|0x00000000cbd00000, 0x00000000cbe00000, 0x00000000cbe00000|100%|HC|  |TAMS 0x00000000cbd00000, 0x00000000cbd00000| Complete 
|1214|0x00000000cbe00000, 0x00000000cbf00000, 0x00000000cbf00000|100%|HC|  |TAMS 0x00000000cbe00000, 0x00000000cbe00000| Complete 
|1215|0x00000000cbf00000, 0x00000000cc000000, 0x00000000cc000000|100%|HC|  |TAMS 0x00000000cbf00000, 0x00000000cbf00000| Complete 
|1216|0x00000000cc000000, 0x00000000cc100000, 0x00000000cc100000|100%|HC|  |TAMS 0x00000000cc000000, 0x00000000cc000000| Complete 
|1217|0x00000000cc100000, 0x00000000cc200000, 0x00000000cc200000|100%|HC|  |TAMS 0x00000000cc100000, 0x00000000cc100000| Complete 
|1218|0x00000000cc200000, 0x00000000cc300000, 0x00000000cc300000|100%|HC|  |TAMS 0x00000000cc200000, 0x00000000cc200000| Complete 
|1219|0x00000000cc300000, 0x00000000cc400000, 0x00000000cc400000|100%|HC|  |TAMS 0x00000000cc300000, 0x00000000cc300000| Complete 
|1220|0x00000000cc400000, 0x00000000cc500000, 0x00000000cc500000|100%|HC|  |TAMS 0x00000000cc400000, 0x00000000cc400000| Complete 
|1221|0x00000000cc500000, 0x00000000cc600000, 0x00000000cc600000|100%|HC|  |TAMS 0x00000000cc500000, 0x00000000cc500000| Complete 
|1222|0x00000000cc600000, 0x00000000cc700000, 0x00000000cc700000|100%|HC|  |TAMS 0x00000000cc600000, 0x00000000cc600000| Complete 
|1223|0x00000000cc700000, 0x00000000cc800000, 0x00000000cc800000|100%|HC|  |TAMS 0x00000000cc700000, 0x00000000cc700000| Complete 
|1224|0x00000000cc800000, 0x00000000cc900000, 0x00000000cc900000|100%|HC|  |TAMS 0x00000000cc800000, 0x00000000cc800000| Complete 
|1225|0x00000000cc900000, 0x00000000cca00000, 0x00000000cca00000|100%|HC|  |TAMS 0x00000000cc900000, 0x00000000cc900000| Complete 
|1226|0x00000000cca00000, 0x00000000ccb00000, 0x00000000ccb00000|100%|HC|  |TAMS 0x00000000cca00000, 0x00000000cca00000| Complete 
|1227|0x00000000ccb00000, 0x00000000ccc00000, 0x00000000ccc00000|100%|HC|  |TAMS 0x00000000ccb00000, 0x00000000ccb00000| Complete 
|1228|0x00000000ccc00000, 0x00000000ccd00000, 0x00000000ccd00000|100%|HC|  |TAMS 0x00000000ccc00000, 0x00000000ccc00000| Complete 
|1229|0x00000000ccd00000, 0x00000000cce00000, 0x00000000cce00000|100%|HC|  |TAMS 0x00000000ccd00000, 0x00000000ccd00000| Complete 
|1230|0x00000000cce00000, 0x00000000ccf00000, 0x00000000ccf00000|100%|HC|  |TAMS 0x00000000cce00000, 0x00000000cce00000| Complete 
|1231|0x00000000ccf00000, 0x00000000cd000000, 0x00000000cd000000|100%|HC|  |TAMS 0x00000000ccf00000, 0x00000000ccf00000| Complete 
|1232|0x00000000cd000000, 0x00000000cd100000, 0x00000000cd100000|100%|HC|  |TAMS 0x00000000cd000000, 0x00000000cd000000| Complete 
|1233|0x00000000cd100000, 0x00000000cd200000, 0x00000000cd200000|100%|HC|  |TAMS 0x00000000cd100000, 0x00000000cd100000| Complete 
|1234|0x00000000cd200000, 0x00000000cd300000, 0x00000000cd300000|100%|HC|  |TAMS 0x00000000cd200000, 0x00000000cd200000| Complete 
|1235|0x00000000cd300000, 0x00000000cd400000, 0x00000000cd400000|100%|HC|  |TAMS 0x00000000cd300000, 0x00000000cd300000| Complete 
|1236|0x00000000cd400000, 0x00000000cd500000, 0x00000000cd500000|100%|HC|  |TAMS 0x00000000cd400000, 0x00000000cd400000| Complete 
|1237|0x00000000cd500000, 0x00000000cd600000, 0x00000000cd600000|100%|HC|  |TAMS 0x00000000cd500000, 0x00000000cd500000| Complete 
|1238|0x00000000cd600000, 0x00000000cd700000, 0x00000000cd700000|100%|HC|  |TAMS 0x00000000cd600000, 0x00000000cd600000| Complete 
|1239|0x00000000cd700000, 0x00000000cd800000, 0x00000000cd800000|100%|HC|  |TAMS 0x00000000cd700000, 0x00000000cd700000| Complete 
|1240|0x00000000cd800000, 0x00000000cd900000, 0x00000000cd900000|100%|HC|  |TAMS 0x00000000cd800000, 0x00000000cd800000| Complete 
|1241|0x00000000cd900000, 0x00000000cda00000, 0x00000000cda00000|100%|HC|  |TAMS 0x00000000cd900000, 0x00000000cd900000| Complete 
|1242|0x00000000cda00000, 0x00000000cdb00000, 0x00000000cdb00000|100%|HC|  |TAMS 0x00000000cda00000, 0x00000000cda00000| Complete 
|1243|0x00000000cdb00000, 0x00000000cdc00000, 0x00000000cdc00000|100%|HC|  |TAMS 0x00000000cdb00000, 0x00000000cdb00000| Complete 
|1244|0x00000000cdc00000, 0x00000000cdd00000, 0x00000000cdd00000|100%|HC|  |TAMS 0x00000000cdc00000, 0x00000000cdc00000| Complete 
|1245|0x00000000cdd00000, 0x00000000cde00000, 0x00000000cde00000|100%|HC|  |TAMS 0x00000000cdd00000, 0x00000000cdd00000| Complete 
|1246|0x00000000cde00000, 0x00000000cdf00000, 0x00000000cdf00000|100%|HC|  |TAMS 0x00000000cde00000, 0x00000000cde00000| Complete 
|1247|0x00000000cdf00000, 0x00000000ce000000, 0x00000000ce000000|100%|HC|  |TAMS 0x00000000cdf00000, 0x00000000cdf00000| Complete 
|1248|0x00000000ce000000, 0x00000000ce100000, 0x00000000ce100000|100%|HC|  |TAMS 0x00000000ce000000, 0x00000000ce000000| Complete 
|1249|0x00000000ce100000, 0x00000000ce200000, 0x00000000ce200000|100%|HC|  |TAMS 0x00000000ce100000, 0x00000000ce100000| Complete 
|1250|0x00000000ce200000, 0x00000000ce300000, 0x00000000ce300000|100%|HC|  |TAMS 0x00000000ce200000, 0x00000000ce200000| Complete 
|1251|0x00000000ce300000, 0x00000000ce400000, 0x00000000ce400000|100%|HS|  |TAMS 0x00000000ce300000, 0x00000000ce400000| Complete 
|1252|0x00000000ce400000, 0x00000000ce500000, 0x00000000ce500000|100%|HC|  |TAMS 0x00000000ce400000, 0x00000000ce500000| Complete 
|1253|0x00000000ce500000, 0x00000000ce600000, 0x00000000ce600000|100%|HC|  |TAMS 0x00000000ce500000, 0x00000000ce600000| Complete 
|1254|0x00000000ce600000, 0x00000000ce700000, 0x00000000ce700000|100%|HC|  |TAMS 0x00000000ce600000, 0x00000000ce700000| Complete 
|1255|0x00000000ce700000, 0x00000000ce800000, 0x00000000ce800000|100%|HC|  |TAMS 0x00000000ce700000, 0x00000000ce800000| Complete 
|1256|0x00000000ce800000, 0x00000000ce900000, 0x00000000ce900000|100%|HC|  |TAMS 0x00000000ce800000, 0x00000000ce900000| Complete 
|1257|0x00000000ce900000, 0x00000000cea00000, 0x00000000cea00000|100%|HC|  |TAMS 0x00000000ce900000, 0x00000000cea00000| Complete 
|1258|0x00000000cea00000, 0x00000000ceb00000, 0x00000000ceb00000|100%|HC|  |TAMS 0x00000000cea00000, 0x00000000ceb00000| Complete 
|1259|0x00000000ceb00000, 0x00000000cec00000, 0x00000000cec00000|100%|HC|  |TAMS 0x00000000ceb00000, 0x00000000cec00000| Complete 
|1260|0x00000000cec00000, 0x00000000ced00000, 0x00000000ced00000|100%|HC|  |TAMS 0x00000000cec00000, 0x00000000ced00000| Complete 
|1261|0x00000000ced00000, 0x00000000cee00000, 0x00000000cee00000|100%|HC|  |TAMS 0x00000000ced00000, 0x00000000cee00000| Complete 
|1262|0x00000000cee00000, 0x00000000cef00000, 0x00000000cef00000|100%|HC|  |TAMS 0x00000000cee00000, 0x00000000cef00000| Complete 
|1263|0x00000000cef00000, 0x00000000cf000000, 0x00000000cf000000|100%|HC|  |TAMS 0x00000000cef00000, 0x00000000cf000000| Complete 
|1264|0x00000000cf000000, 0x00000000cf100000, 0x00000000cf100000|100%|HC|  |TAMS 0x00000000cf000000, 0x00000000cf100000| Complete 
|1265|0x00000000cf100000, 0x00000000cf200000, 0x00000000cf200000|100%|HC|  |TAMS 0x00000000cf100000, 0x00000000cf200000| Complete 
|1266|0x00000000cf200000, 0x00000000cf300000, 0x00000000cf300000|100%|HC|  |TAMS 0x00000000cf200000, 0x00000000cf300000| Complete 
|1267|0x00000000cf300000, 0x00000000cf400000, 0x00000000cf400000|100%|HC|  |TAMS 0x00000000cf300000, 0x00000000cf400000| Complete 
|1268|0x00000000cf400000, 0x00000000cf500000, 0x00000000cf500000|100%|HC|  |TAMS 0x00000000cf400000, 0x00000000cf500000| Complete 
|1269|0x00000000cf500000, 0x00000000cf600000, 0x00000000cf600000|100%|HC|  |TAMS 0x00000000cf500000, 0x00000000cf600000| Complete 
|1270|0x00000000cf600000, 0x00000000cf700000, 0x00000000cf700000|100%|HC|  |TAMS 0x00000000cf600000, 0x00000000cf700000| Complete 
|1271|0x00000000cf700000, 0x00000000cf800000, 0x00000000cf800000|100%|HC|  |TAMS 0x00000000cf700000, 0x00000000cf800000| Complete 
|1272|0x00000000cf800000, 0x00000000cf900000, 0x00000000cf900000|100%|HC|  |TAMS 0x00000000cf800000, 0x00000000cf900000| Complete 
|1273|0x00000000cf900000, 0x00000000cfa00000, 0x00000000cfa00000|100%|HC|  |TAMS 0x00000000cf900000, 0x00000000cfa00000| Complete 
|1274|0x00000000cfa00000, 0x00000000cfb00000, 0x00000000cfb00000|100%|HC|  |TAMS 0x00000000cfa00000, 0x00000000cfb00000| Complete 
|1275|0x00000000cfb00000, 0x00000000cfc00000, 0x00000000cfc00000|100%|HC|  |TAMS 0x00000000cfb00000, 0x00000000cfc00000| Complete 
|1276|0x00000000cfc00000, 0x00000000cfd00000, 0x00000000cfd00000|100%|HC|  |TAMS 0x00000000cfc00000, 0x00000000cfd00000| Complete 
|1277|0x00000000cfd00000, 0x00000000cfe00000, 0x00000000cfe00000|100%|HC|  |TAMS 0x00000000cfd00000, 0x00000000cfe00000| Complete 
|1278|0x00000000cfe00000, 0x00000000cff00000, 0x00000000cff00000|100%|HC|  |TAMS 0x00000000cfe00000, 0x00000000cff00000| Complete 
|1279|0x00000000cff00000, 0x00000000d0000000, 0x00000000d0000000|100%|HC|  |TAMS 0x00000000cff00000, 0x00000000d0000000| Complete 
|1280|0x00000000d0000000, 0x00000000d0100000, 0x00000000d0100000|100%|HC|  |TAMS 0x00000000d0000000, 0x00000000d0100000| Complete 
|1281|0x00000000d0100000, 0x00000000d0200000, 0x00000000d0200000|100%|HC|  |TAMS 0x00000000d0100000, 0x00000000d0200000| Complete 
|1282|0x00000000d0200000, 0x00000000d0300000, 0x00000000d0300000|100%|HC|  |TAMS 0x00000000d0200000, 0x00000000d0300000| Complete 
|1283|0x00000000d0300000, 0x00000000d0400000, 0x00000000d0400000|100%|HC|  |TAMS 0x00000000d0300000, 0x00000000d0400000| Complete 
|1284|0x00000000d0400000, 0x00000000d0500000, 0x00000000d0500000|100%|HC|  |TAMS 0x00000000d0400000, 0x00000000d0500000| Complete 
|1285|0x00000000d0500000, 0x00000000d0600000, 0x00000000d0600000|100%|HC|  |TAMS 0x00000000d0500000, 0x00000000d0600000| Complete 
|1286|0x00000000d0600000, 0x00000000d0700000, 0x00000000d0700000|100%|HC|  |TAMS 0x00000000d0600000, 0x00000000d0700000| Complete 
|1287|0x00000000d0700000, 0x00000000d0800000, 0x00000000d0800000|100%|HC|  |TAMS 0x00000000d0700000, 0x00000000d0800000| Complete 
|1288|0x00000000d0800000, 0x00000000d0900000, 0x00000000d0900000|100%|HC|  |TAMS 0x00000000d0800000, 0x00000000d0900000| Complete 
|1289|0x00000000d0900000, 0x00000000d0a00000, 0x00000000d0a00000|100%|HC|  |TAMS 0x00000000d0900000, 0x00000000d0a00000| Complete 
|1290|0x00000000d0a00000, 0x00000000d0b00000, 0x00000000d0b00000|100%|HC|  |TAMS 0x00000000d0a00000, 0x00000000d0b00000| Complete 
|1291|0x00000000d0b00000, 0x00000000d0c00000, 0x00000000d0c00000|100%|HC|  |TAMS 0x00000000d0b00000, 0x00000000d0c00000| Complete 
|1292|0x00000000d0c00000, 0x00000000d0d00000, 0x00000000d0d00000|100%|HC|  |TAMS 0x00000000d0c00000, 0x00000000d0d00000| Complete 
|1293|0x00000000d0d00000, 0x00000000d0e00000, 0x00000000d0e00000|100%|HC|  |TAMS 0x00000000d0d00000, 0x00000000d0e00000| Complete 
|1294|0x00000000d0e00000, 0x00000000d0f00000, 0x00000000d0f00000|100%|HC|  |TAMS 0x00000000d0e00000, 0x00000000d0f00000| Complete 
|1295|0x00000000d0f00000, 0x00000000d1000000, 0x00000000d1000000|100%|HC|  |TAMS 0x00000000d0f00000, 0x00000000d1000000| Complete 
|1296|0x00000000d1000000, 0x00000000d1100000, 0x00000000d1100000|100%|HC|  |TAMS 0x00000000d1000000, 0x00000000d1100000| Complete 
|1297|0x00000000d1100000, 0x00000000d1200000, 0x00000000d1200000|100%|HC|  |TAMS 0x00000000d1100000, 0x00000000d1200000| Complete 
|1298|0x00000000d1200000, 0x00000000d1300000, 0x00000000d1300000|100%|HC|  |TAMS 0x00000000d1200000, 0x00000000d1300000| Complete 
|1299|0x00000000d1300000, 0x00000000d1400000, 0x00000000d1400000|100%|HC|  |TAMS 0x00000000d1300000, 0x00000000d1400000| Complete 
|1300|0x00000000d1400000, 0x00000000d1500000, 0x00000000d1500000|100%|HC|  |TAMS 0x00000000d1400000, 0x00000000d1500000| Complete 
|1301|0x00000000d1500000, 0x00000000d1600000, 0x00000000d1600000|100%|HC|  |TAMS 0x00000000d1500000, 0x00000000d1600000| Complete 
|1302|0x00000000d1600000, 0x00000000d1700000, 0x00000000d1700000|100%|HC|  |TAMS 0x00000000d1600000, 0x00000000d1700000| Complete 
|1303|0x00000000d1700000, 0x00000000d1800000, 0x00000000d1800000|100%|HC|  |TAMS 0x00000000d1700000, 0x00000000d1800000| Complete 
|1304|0x00000000d1800000, 0x00000000d1900000, 0x00000000d1900000|100%|HC|  |TAMS 0x00000000d1800000, 0x00000000d1900000| Complete 
|1305|0x00000000d1900000, 0x00000000d1a00000, 0x00000000d1a00000|100%|HC|  |TAMS 0x00000000d1900000, 0x00000000d1a00000| Complete 
|1306|0x00000000d1a00000, 0x00000000d1b00000, 0x00000000d1b00000|100%|HC|  |TAMS 0x00000000d1a00000, 0x00000000d1b00000| Complete 
|1307|0x00000000d1b00000, 0x00000000d1c00000, 0x00000000d1c00000|100%|HC|  |TAMS 0x00000000d1b00000, 0x00000000d1c00000| Complete 
|1308|0x00000000d1c00000, 0x00000000d1d00000, 0x00000000d1d00000|100%|HC|  |TAMS 0x00000000d1c00000, 0x00000000d1d00000| Complete 
|1309|0x00000000d1d00000, 0x00000000d1e00000, 0x00000000d1e00000|100%|HC|  |TAMS 0x00000000d1d00000, 0x00000000d1e00000| Complete 
|1310|0x00000000d1e00000, 0x00000000d1f00000, 0x00000000d1f00000|100%|HC|  |TAMS 0x00000000d1e00000, 0x00000000d1f00000| Complete 
|1311|0x00000000d1f00000, 0x00000000d2000000, 0x00000000d2000000|100%|HS|  |TAMS 0x00000000d1f00000, 0x00000000d1f00000| Complete 
|1312|0x00000000d2000000, 0x00000000d2100000, 0x00000000d2100000|100%|HC|  |TAMS 0x00000000d2000000, 0x00000000d2000000| Complete 
|1313|0x00000000d2100000, 0x00000000d2200000, 0x00000000d2200000|100%|HC|  |TAMS 0x00000000d2100000, 0x00000000d2100000| Complete 
|1314|0x00000000d2200000, 0x00000000d2300000, 0x00000000d2300000|100%|HC|  |TAMS 0x00000000d2200000, 0x00000000d2200000| Complete 
|1315|0x00000000d2300000, 0x00000000d2400000, 0x00000000d2400000|100%|HC|  |TAMS 0x00000000d2300000, 0x00000000d2300000| Complete 
|1316|0x00000000d2400000, 0x00000000d2500000, 0x00000000d2500000|100%|HC|  |TAMS 0x00000000d2400000, 0x00000000d2400000| Complete 
|1317|0x00000000d2500000, 0x00000000d2600000, 0x00000000d2600000|100%|HC|  |TAMS 0x00000000d2500000, 0x00000000d2500000| Complete 
|1318|0x00000000d2600000, 0x00000000d2700000, 0x00000000d2700000|100%|HC|  |TAMS 0x00000000d2600000, 0x00000000d2600000| Complete 
|1319|0x00000000d2700000, 0x00000000d2800000, 0x00000000d2800000|100%|HC|  |TAMS 0x00000000d2700000, 0x00000000d2700000| Complete 
|1320|0x00000000d2800000, 0x00000000d2900000, 0x00000000d2900000|100%|HC|  |TAMS 0x00000000d2800000, 0x00000000d2800000| Complete 
|1321|0x00000000d2900000, 0x00000000d2a00000, 0x00000000d2a00000|100%|HC|  |TAMS 0x00000000d2900000, 0x00000000d2900000| Complete 
|1322|0x00000000d2a00000, 0x00000000d2b00000, 0x00000000d2b00000|100%|HC|  |TAMS 0x00000000d2a00000, 0x00000000d2a00000| Complete 
|1323|0x00000000d2b00000, 0x00000000d2c00000, 0x00000000d2c00000|100%|HC|  |TAMS 0x00000000d2b00000, 0x00000000d2b00000| Complete 
|1324|0x00000000d2c00000, 0x00000000d2d00000, 0x00000000d2d00000|100%|HC|  |TAMS 0x00000000d2c00000, 0x00000000d2c00000| Complete 
|1325|0x00000000d2d00000, 0x00000000d2e00000, 0x00000000d2e00000|100%|HC|  |TAMS 0x00000000d2d00000, 0x00000000d2d00000| Complete 
|1326|0x00000000d2e00000, 0x00000000d2f00000, 0x00000000d2f00000|100%|HC|  |TAMS 0x00000000d2e00000, 0x00000000d2e00000| Complete 
|1327|0x00000000d2f00000, 0x00000000d3000000, 0x00000000d3000000|100%|HC|  |TAMS 0x00000000d2f00000, 0x00000000d2f00000| Complete 
|1328|0x00000000d3000000, 0x00000000d3100000, 0x00000000d3100000|100%|HC|  |TAMS 0x00000000d3000000, 0x00000000d3000000| Complete 
|1329|0x00000000d3100000, 0x00000000d3200000, 0x00000000d3200000|100%|HC|  |TAMS 0x00000000d3100000, 0x00000000d3100000| Complete 
|1330|0x00000000d3200000, 0x00000000d3300000, 0x00000000d3300000|100%|HC|  |TAMS 0x00000000d3200000, 0x00000000d3200000| Complete 
|1331|0x00000000d3300000, 0x00000000d3400000, 0x00000000d3400000|100%|HC|  |TAMS 0x00000000d3300000, 0x00000000d3300000| Complete 
|1332|0x00000000d3400000, 0x00000000d3500000, 0x00000000d3500000|100%|HC|  |TAMS 0x00000000d3400000, 0x00000000d3400000| Complete 
|1333|0x00000000d3500000, 0x00000000d3600000, 0x00000000d3600000|100%|HC|  |TAMS 0x00000000d3500000, 0x00000000d3500000| Complete 
|1334|0x00000000d3600000, 0x00000000d3700000, 0x00000000d3700000|100%|HC|  |TAMS 0x00000000d3600000, 0x00000000d3600000| Complete 
|1335|0x00000000d3700000, 0x00000000d3800000, 0x00000000d3800000|100%|HC|  |TAMS 0x00000000d3700000, 0x00000000d3700000| Complete 
|1336|0x00000000d3800000, 0x00000000d3900000, 0x00000000d3900000|100%|HC|  |TAMS 0x00000000d3800000, 0x00000000d3800000| Complete 
|1337|0x00000000d3900000, 0x00000000d3a00000, 0x00000000d3a00000|100%|HC|  |TAMS 0x00000000d3900000, 0x00000000d3900000| Complete 
|1338|0x00000000d3a00000, 0x00000000d3b00000, 0x00000000d3b00000|100%|HC|  |TAMS 0x00000000d3a00000, 0x00000000d3a00000| Complete 
|1339|0x00000000d3b00000, 0x00000000d3c00000, 0x00000000d3c00000|100%|HC|  |TAMS 0x00000000d3b00000, 0x00000000d3b00000| Complete 
|1340|0x00000000d3c00000, 0x00000000d3d00000, 0x00000000d3d00000|100%|HC|  |TAMS 0x00000000d3c00000, 0x00000000d3c00000| Complete 
|1341|0x00000000d3d00000, 0x00000000d3e00000, 0x00000000d3e00000|100%|HC|  |TAMS 0x00000000d3d00000, 0x00000000d3d00000| Complete 
|1342|0x00000000d3e00000, 0x00000000d3f00000, 0x00000000d3f00000|100%|HC|  |TAMS 0x00000000d3e00000, 0x00000000d3e00000| Complete 
|1343|0x00000000d3f00000, 0x00000000d4000000, 0x00000000d4000000|100%|HC|  |TAMS 0x00000000d3f00000, 0x00000000d3f00000| Complete 
|1344|0x00000000d4000000, 0x00000000d4100000, 0x00000000d4100000|100%|HC|  |TAMS 0x00000000d4000000, 0x00000000d4000000| Complete 
|1345|0x00000000d4100000, 0x00000000d4200000, 0x00000000d4200000|100%|HC|  |TAMS 0x00000000d4100000, 0x00000000d4100000| Complete 
|1346|0x00000000d4200000, 0x00000000d4300000, 0x00000000d4300000|100%|HC|  |TAMS 0x00000000d4200000, 0x00000000d4200000| Complete 
|1347|0x00000000d4300000, 0x00000000d4400000, 0x00000000d4400000|100%|HC|  |TAMS 0x00000000d4300000, 0x00000000d4300000| Complete 
|1348|0x00000000d4400000, 0x00000000d4500000, 0x00000000d4500000|100%|HC|  |TAMS 0x00000000d4400000, 0x00000000d4400000| Complete 
|1349|0x00000000d4500000, 0x00000000d4600000, 0x00000000d4600000|100%|HC|  |TAMS 0x00000000d4500000, 0x00000000d4500000| Complete 
|1350|0x00000000d4600000, 0x00000000d4700000, 0x00000000d4700000|100%|HC|  |TAMS 0x00000000d4600000, 0x00000000d4600000| Complete 
|1351|0x00000000d4700000, 0x00000000d4800000, 0x00000000d4800000|100%|HC|  |TAMS 0x00000000d4700000, 0x00000000d4700000| Complete 
|1352|0x00000000d4800000, 0x00000000d4900000, 0x00000000d4900000|100%|HC|  |TAMS 0x00000000d4800000, 0x00000000d4800000| Complete 
|1353|0x00000000d4900000, 0x00000000d4a00000, 0x00000000d4a00000|100%|HC|  |TAMS 0x00000000d4900000, 0x00000000d4900000| Complete 
|1354|0x00000000d4a00000, 0x00000000d4b00000, 0x00000000d4b00000|100%|HC|  |TAMS 0x00000000d4a00000, 0x00000000d4a00000| Complete 
|1355|0x00000000d4b00000, 0x00000000d4c00000, 0x00000000d4c00000|100%|HC|  |TAMS 0x00000000d4b00000, 0x00000000d4b00000| Complete 
|1356|0x00000000d4c00000, 0x00000000d4d00000, 0x00000000d4d00000|100%|HC|  |TAMS 0x00000000d4c00000, 0x00000000d4c00000| Complete 
|1357|0x00000000d4d00000, 0x00000000d4e00000, 0x00000000d4e00000|100%|HC|  |TAMS 0x00000000d4d00000, 0x00000000d4d00000| Complete 
|1358|0x00000000d4e00000, 0x00000000d4f00000, 0x00000000d4f00000|100%|HC|  |TAMS 0x00000000d4e00000, 0x00000000d4e00000| Complete 
|1359|0x00000000d4f00000, 0x00000000d5000000, 0x00000000d5000000|100%|HC|  |TAMS 0x00000000d4f00000, 0x00000000d4f00000| Complete 
|1360|0x00000000d5000000, 0x00000000d5100000, 0x00000000d5100000|100%|HC|  |TAMS 0x00000000d5000000, 0x00000000d5000000| Complete 
|1361|0x00000000d5100000, 0x00000000d5200000, 0x00000000d5200000|100%|HC|  |TAMS 0x00000000d5100000, 0x00000000d5100000| Complete 
|1362|0x00000000d5200000, 0x00000000d5300000, 0x00000000d5300000|100%|HC|  |TAMS 0x00000000d5200000, 0x00000000d5200000| Complete 
|1363|0x00000000d5300000, 0x00000000d5400000, 0x00000000d5400000|100%|HC|  |TAMS 0x00000000d5300000, 0x00000000d5300000| Complete 
|1364|0x00000000d5400000, 0x00000000d5500000, 0x00000000d5500000|100%|HC|  |TAMS 0x00000000d5400000, 0x00000000d5400000| Complete 
|1365|0x00000000d5500000, 0x00000000d5600000, 0x00000000d5600000|100%|HC|  |TAMS 0x00000000d5500000, 0x00000000d5500000| Complete 
|1366|0x00000000d5600000, 0x00000000d5700000, 0x00000000d5700000|100%|HC|  |TAMS 0x00000000d5600000, 0x00000000d5600000| Complete 
|1367|0x00000000d5700000, 0x00000000d5800000, 0x00000000d5800000|100%|HC|  |TAMS 0x00000000d5700000, 0x00000000d5700000| Complete 
|1368|0x00000000d5800000, 0x00000000d5900000, 0x00000000d5900000|100%|HC|  |TAMS 0x00000000d5800000, 0x00000000d5800000| Complete 
|1369|0x00000000d5900000, 0x00000000d5a00000, 0x00000000d5a00000|100%|HC|  |TAMS 0x00000000d5900000, 0x00000000d5900000| Complete 
|1370|0x00000000d5a00000, 0x00000000d5b00000, 0x00000000d5b00000|100%|HC|  |TAMS 0x00000000d5a00000, 0x00000000d5a00000| Complete 
|1371|0x00000000d5b00000, 0x00000000d5c00000, 0x00000000d5c00000|100%|HC|  |TAMS 0x00000000d5b00000, 0x00000000d5b00000| Complete 
|1372|0x00000000d5c00000, 0x00000000d5d00000, 0x00000000d5d00000|100%|HS|  |TAMS 0x00000000d5c00000, 0x00000000d5c00000| Complete 
|1373|0x00000000d5d00000, 0x00000000d5e00000, 0x00000000d5e00000|100%|HC|  |TAMS 0x00000000d5d00000, 0x00000000d5d00000| Complete 
|1374|0x00000000d5e00000, 0x00000000d5f00000, 0x00000000d5f00000|100%|HC|  |TAMS 0x00000000d5e00000, 0x00000000d5e00000| Complete 
|1375|0x00000000d5f00000, 0x00000000d6000000, 0x00000000d6000000|100%|HC|  |TAMS 0x00000000d5f00000, 0x00000000d5f00000| Complete 
|1376|0x00000000d6000000, 0x00000000d6100000, 0x00000000d6100000|100%|HC|  |TAMS 0x00000000d6000000, 0x00000000d6000000| Complete 
|1377|0x00000000d6100000, 0x00000000d6200000, 0x00000000d6200000|100%|HC|  |TAMS 0x00000000d6100000, 0x00000000d6100000| Complete 
|1378|0x00000000d6200000, 0x00000000d6300000, 0x00000000d6300000|100%|HC|  |TAMS 0x00000000d6200000, 0x00000000d6200000| Complete 
|1379|0x00000000d6300000, 0x00000000d6400000, 0x00000000d6400000|100%|HC|  |TAMS 0x00000000d6300000, 0x00000000d6300000| Complete 
|1380|0x00000000d6400000, 0x00000000d6500000, 0x00000000d6500000|100%|HC|  |TAMS 0x00000000d6400000, 0x00000000d6400000| Complete 
|1381|0x00000000d6500000, 0x00000000d6600000, 0x00000000d6600000|100%|HC|  |TAMS 0x00000000d6500000, 0x00000000d6500000| Complete 
|1382|0x00000000d6600000, 0x00000000d6700000, 0x00000000d6700000|100%|HC|  |TAMS 0x00000000d6600000, 0x00000000d6600000| Complete 
|1383|0x00000000d6700000, 0x00000000d6800000, 0x00000000d6800000|100%|HC|  |TAMS 0x00000000d6700000, 0x00000000d6700000| Complete 
|1384|0x00000000d6800000, 0x00000000d6900000, 0x00000000d6900000|100%|HC|  |TAMS 0x00000000d6800000, 0x00000000d6800000| Complete 
|1385|0x00000000d6900000, 0x00000000d6a00000, 0x00000000d6a00000|100%|HC|  |TAMS 0x00000000d6900000, 0x00000000d6900000| Complete 
|1386|0x00000000d6a00000, 0x00000000d6b00000, 0x00000000d6b00000|100%|HC|  |TAMS 0x00000000d6a00000, 0x00000000d6a00000| Complete 
|1387|0x00000000d6b00000, 0x00000000d6c00000, 0x00000000d6c00000|100%|HC|  |TAMS 0x00000000d6b00000, 0x00000000d6b00000| Complete 
|1388|0x00000000d6c00000, 0x00000000d6d00000, 0x00000000d6d00000|100%|HC|  |TAMS 0x00000000d6c00000, 0x00000000d6c00000| Complete 
|1389|0x00000000d6d00000, 0x00000000d6e00000, 0x00000000d6e00000|100%|HC|  |TAMS 0x00000000d6d00000, 0x00000000d6d00000| Complete 
|1390|0x00000000d6e00000, 0x00000000d6f00000, 0x00000000d6f00000|100%|HC|  |TAMS 0x00000000d6e00000, 0x00000000d6e00000| Complete 
|1391|0x00000000d6f00000, 0x00000000d7000000, 0x00000000d7000000|100%|HC|  |TAMS 0x00000000d6f00000, 0x00000000d6f00000| Complete 
|1392|0x00000000d7000000, 0x00000000d7100000, 0x00000000d7100000|100%|HC|  |TAMS 0x00000000d7000000, 0x00000000d7000000| Complete 
|1393|0x00000000d7100000, 0x00000000d7200000, 0x00000000d7200000|100%|HC|  |TAMS 0x00000000d7100000, 0x00000000d7100000| Complete 
|1394|0x00000000d7200000, 0x00000000d7300000, 0x00000000d7300000|100%|HC|  |TAMS 0x00000000d7200000, 0x00000000d7200000| Complete 
|1395|0x00000000d7300000, 0x00000000d7400000, 0x00000000d7400000|100%|HC|  |TAMS 0x00000000d7300000, 0x00000000d7300000| Complete 
|1396|0x00000000d7400000, 0x00000000d7500000, 0x00000000d7500000|100%|HC|  |TAMS 0x00000000d7400000, 0x00000000d7400000| Complete 
|1397|0x00000000d7500000, 0x00000000d7600000, 0x00000000d7600000|100%|HC|  |TAMS 0x00000000d7500000, 0x00000000d7500000| Complete 
|1398|0x00000000d7600000, 0x00000000d7700000, 0x00000000d7700000|100%|HC|  |TAMS 0x00000000d7600000, 0x00000000d7600000| Complete 
|1399|0x00000000d7700000, 0x00000000d7800000, 0x00000000d7800000|100%|HC|  |TAMS 0x00000000d7700000, 0x00000000d7700000| Complete 
|1400|0x00000000d7800000, 0x00000000d7900000, 0x00000000d7900000|100%|HC|  |TAMS 0x00000000d7800000, 0x00000000d7800000| Complete 
|1401|0x00000000d7900000, 0x00000000d7a00000, 0x00000000d7a00000|100%|HC|  |TAMS 0x00000000d7900000, 0x00000000d7900000| Complete 
|1402|0x00000000d7a00000, 0x00000000d7b00000, 0x00000000d7b00000|100%|HC|  |TAMS 0x00000000d7a00000, 0x00000000d7a00000| Complete 
|1403|0x00000000d7b00000, 0x00000000d7c00000, 0x00000000d7c00000|100%|HC|  |TAMS 0x00000000d7b00000, 0x00000000d7b00000| Complete 
|1404|0x00000000d7c00000, 0x00000000d7d00000, 0x00000000d7d00000|100%|HC|  |TAMS 0x00000000d7c00000, 0x00000000d7c00000| Complete 
|1405|0x00000000d7d00000, 0x00000000d7d00000, 0x00000000d7e00000|  0%| F|  |TAMS 0x00000000d7d00000, 0x00000000d7d00000| Untracked 
|1406|0x00000000d7e00000, 0x00000000d7e00000, 0x00000000d7f00000|  0%| F|  |TAMS 0x00000000d7e00000, 0x00000000d7e00000| Untracked 
|1407|0x00000000d7f00000, 0x00000000d7f00000, 0x00000000d8000000|  0%| F|  |TAMS 0x00000000d7f00000, 0x00000000d7f00000| Untracked 
|1408|0x00000000d8000000, 0x00000000d8000000, 0x00000000d8100000|  0%| F|  |TAMS 0x00000000d8000000, 0x00000000d8000000| Untracked 
|1409|0x00000000d8100000, 0x00000000d8100000, 0x00000000d8200000|  0%| F|  |TAMS 0x00000000d8100000, 0x00000000d8100000| Untracked 
|1410|0x00000000d8200000, 0x00000000d8200000, 0x00000000d8300000|  0%| F|  |TAMS 0x00000000d8200000, 0x00000000d8200000| Untracked 
|1411|0x00000000d8300000, 0x00000000d8300000, 0x00000000d8400000|  0%| F|  |TAMS 0x00000000d8300000, 0x00000000d8300000| Untracked 
|1412|0x00000000d8400000, 0x00000000d8400000, 0x00000000d8500000|  0%| F|  |TAMS 0x00000000d8400000, 0x00000000d8400000| Untracked 
|1413|0x00000000d8500000, 0x00000000d8500000, 0x00000000d8600000|  0%| F|  |TAMS 0x00000000d8500000, 0x00000000d8500000| Untracked 
|1414|0x00000000d8600000, 0x00000000d8600000, 0x00000000d8700000|  0%| F|  |TAMS 0x00000000d8600000, 0x00000000d8600000| Untracked 
|1415|0x00000000d8700000, 0x00000000d8700000, 0x00000000d8800000|  0%| F|  |TAMS 0x00000000d8700000, 0x00000000d8700000| Untracked 
|1416|0x00000000d8800000, 0x00000000d8800000, 0x00000000d8900000|  0%| F|  |TAMS 0x00000000d8800000, 0x00000000d8800000| Untracked 
|1417|0x00000000d8900000, 0x00000000d8900000, 0x00000000d8a00000|  0%| F|  |TAMS 0x00000000d8900000, 0x00000000d8900000| Untracked 
|1418|0x00000000d8a00000, 0x00000000d8a00000, 0x00000000d8b00000|  0%| F|  |TAMS 0x00000000d8a00000, 0x00000000d8a00000| Untracked 
|1419|0x00000000d8b00000, 0x00000000d8b00000, 0x00000000d8c00000|  0%| F|  |TAMS 0x00000000d8b00000, 0x00000000d8b00000| Untracked 
|1420|0x00000000d8c00000, 0x00000000d8c00000, 0x00000000d8d00000|  0%| F|  |TAMS 0x00000000d8c00000, 0x00000000d8c00000| Untracked 
|1421|0x00000000d8d00000, 0x00000000d8d00000, 0x00000000d8e00000|  0%| F|  |TAMS 0x00000000d8d00000, 0x00000000d8d00000| Untracked 
|1422|0x00000000d8e00000, 0x00000000d8e00000, 0x00000000d8f00000|  0%| F|  |TAMS 0x00000000d8e00000, 0x00000000d8e00000| Untracked 
|1423|0x00000000d8f00000, 0x00000000d8f00000, 0x00000000d9000000|  0%| F|  |TAMS 0x00000000d8f00000, 0x00000000d8f00000| Untracked 
|1424|0x00000000d9000000, 0x00000000d9000000, 0x00000000d9100000|  0%| F|  |TAMS 0x00000000d9000000, 0x00000000d9000000| Untracked 
|1425|0x00000000d9100000, 0x00000000d9100000, 0x00000000d9200000|  0%| F|  |TAMS 0x00000000d9100000, 0x00000000d9100000| Untracked 
|1426|0x00000000d9200000, 0x00000000d9200000, 0x00000000d9300000|  0%| F|  |TAMS 0x00000000d9200000, 0x00000000d9200000| Untracked 
|1427|0x00000000d9300000, 0x00000000d9300000, 0x00000000d9400000|  0%| F|  |TAMS 0x00000000d9300000, 0x00000000d9300000| Untracked 
|1428|0x00000000d9400000, 0x00000000d9400000, 0x00000000d9500000|  0%| F|  |TAMS 0x00000000d9400000, 0x00000000d9400000| Untracked 
|1429|0x00000000d9500000, 0x00000000d9500000, 0x00000000d9600000|  0%| F|  |TAMS 0x00000000d9500000, 0x00000000d9500000| Untracked 
|1430|0x00000000d9600000, 0x00000000d9600000, 0x00000000d9700000|  0%| F|  |TAMS 0x00000000d9600000, 0x00000000d9600000| Untracked 
|1431|0x00000000d9700000, 0x00000000d9700000, 0x00000000d9800000|  0%| F|  |TAMS 0x00000000d9700000, 0x00000000d9700000| Untracked 
|1432|0x00000000d9800000, 0x00000000d9800000, 0x00000000d9900000|  0%| F|  |TAMS 0x00000000d9800000, 0x00000000d9800000| Untracked 
|1433|0x00000000d9900000, 0x00000000d9900000, 0x00000000d9a00000|  0%| F|  |TAMS 0x00000000d9900000, 0x00000000d9900000| Untracked 
|1434|0x00000000d9a00000, 0x00000000d9a00000, 0x00000000d9b00000|  0%| F|  |TAMS 0x00000000d9a00000, 0x00000000d9a00000| Untracked 
|1435|0x00000000d9b00000, 0x00000000d9b00000, 0x00000000d9c00000|  0%| F|  |TAMS 0x00000000d9b00000, 0x00000000d9b00000| Untracked 
|1436|0x00000000d9c00000, 0x00000000d9c00000, 0x00000000d9d00000|  0%| F|  |TAMS 0x00000000d9c00000, 0x00000000d9c00000| Untracked 
|1437|0x00000000d9d00000, 0x00000000d9d00000, 0x00000000d9e00000|  0%| F|  |TAMS 0x00000000d9d00000, 0x00000000d9d00000| Untracked 
|1438|0x00000000d9e00000, 0x00000000d9e00000, 0x00000000d9f00000|  0%| F|  |TAMS 0x00000000d9e00000, 0x00000000d9e00000| Untracked 
|1439|0x00000000d9f00000, 0x00000000d9f00000, 0x00000000da000000|  0%| F|  |TAMS 0x00000000d9f00000, 0x00000000d9f00000| Untracked 
|1440|0x00000000da000000, 0x00000000da000000, 0x00000000da100000|  0%| F|  |TAMS 0x00000000da000000, 0x00000000da000000| Untracked 
|1441|0x00000000da100000, 0x00000000da100000, 0x00000000da200000|  0%| F|  |TAMS 0x00000000da100000, 0x00000000da100000| Untracked 
|1442|0x00000000da200000, 0x00000000da200000, 0x00000000da300000|  0%| F|  |TAMS 0x00000000da200000, 0x00000000da200000| Untracked 
|1443|0x00000000da300000, 0x00000000da300000, 0x00000000da400000|  0%| F|  |TAMS 0x00000000da300000, 0x00000000da300000| Untracked 
|1444|0x00000000da400000, 0x00000000da400000, 0x00000000da500000|  0%| F|  |TAMS 0x00000000da400000, 0x00000000da400000| Untracked 
|1445|0x00000000da500000, 0x00000000da500000, 0x00000000da600000|  0%| F|  |TAMS 0x00000000da500000, 0x00000000da500000| Untracked 
|1446|0x00000000da600000, 0x00000000da600000, 0x00000000da700000|  0%| F|  |TAMS 0x00000000da600000, 0x00000000da600000| Untracked 
|1447|0x00000000da700000, 0x00000000da700000, 0x00000000da800000|  0%| F|  |TAMS 0x00000000da700000, 0x00000000da700000| Untracked 
|1448|0x00000000da800000, 0x00000000da800000, 0x00000000da900000|  0%| F|  |TAMS 0x00000000da800000, 0x00000000da800000| Untracked 
|1449|0x00000000da900000, 0x00000000da900000, 0x00000000daa00000|  0%| F|  |TAMS 0x00000000da900000, 0x00000000da900000| Untracked 
|1450|0x00000000daa00000, 0x00000000daa00000, 0x00000000dab00000|  0%| F|  |TAMS 0x00000000daa00000, 0x00000000daa00000| Untracked 
|1451|0x00000000dab00000, 0x00000000dab00000, 0x00000000dac00000|  0%| F|  |TAMS 0x00000000dab00000, 0x00000000dab00000| Untracked 
|1452|0x00000000dac00000, 0x00000000dac00000, 0x00000000dad00000|  0%| F|  |TAMS 0x00000000dac00000, 0x00000000dac00000| Untracked 
|1453|0x00000000dad00000, 0x00000000dad00000, 0x00000000dae00000|  0%| F|  |TAMS 0x00000000dad00000, 0x00000000dad00000| Untracked 
|1454|0x00000000dae00000, 0x00000000dae00000, 0x00000000daf00000|  0%| F|  |TAMS 0x00000000dae00000, 0x00000000dae00000| Untracked 
|1455|0x00000000daf00000, 0x00000000daf00000, 0x00000000db000000|  0%| F|  |TAMS 0x00000000daf00000, 0x00000000daf00000| Untracked 
|1456|0x00000000db000000, 0x00000000db000000, 0x00000000db100000|  0%| F|  |TAMS 0x00000000db000000, 0x00000000db000000| Untracked 
|1457|0x00000000db100000, 0x00000000db100000, 0x00000000db200000|  0%| F|  |TAMS 0x00000000db100000, 0x00000000db100000| Untracked 
|1458|0x00000000db200000, 0x00000000db200000, 0x00000000db300000|  0%| F|  |TAMS 0x00000000db200000, 0x00000000db200000| Untracked 
|1459|0x00000000db300000, 0x00000000db300000, 0x00000000db400000|  0%| F|  |TAMS 0x00000000db300000, 0x00000000db300000| Untracked 
|1460|0x00000000db400000, 0x00000000db400000, 0x00000000db500000|  0%| F|  |TAMS 0x00000000db400000, 0x00000000db400000| Untracked 
|1461|0x00000000db500000, 0x00000000db600000, 0x00000000db600000|100%|HS|  |TAMS 0x00000000db500000, 0x00000000db600000| Complete 
|1462|0x00000000db600000, 0x00000000db700000, 0x00000000db700000|100%|HC|  |TAMS 0x00000000db600000, 0x00000000db700000| Complete 
|1463|0x00000000db700000, 0x00000000db800000, 0x00000000db800000|100%|HC|  |TAMS 0x00000000db700000, 0x00000000db800000| Complete 
|1464|0x00000000db800000, 0x00000000db900000, 0x00000000db900000|100%|HC|  |TAMS 0x00000000db800000, 0x00000000db900000| Complete 
|1465|0x00000000db900000, 0x00000000dba00000, 0x00000000dba00000|100%|HC|  |TAMS 0x00000000db900000, 0x00000000dba00000| Complete 
|1466|0x00000000dba00000, 0x00000000dbb00000, 0x00000000dbb00000|100%|HC|  |TAMS 0x00000000dba00000, 0x00000000dbb00000| Complete 
|1467|0x00000000dbb00000, 0x00000000dbc00000, 0x00000000dbc00000|100%|HC|  |TAMS 0x00000000dbb00000, 0x00000000dbc00000| Complete 
|1468|0x00000000dbc00000, 0x00000000dbd00000, 0x00000000dbd00000|100%|HC|  |TAMS 0x00000000dbc00000, 0x00000000dbd00000| Complete 
|1469|0x00000000dbd00000, 0x00000000dbe00000, 0x00000000dbe00000|100%|HC|  |TAMS 0x00000000dbd00000, 0x00000000dbe00000| Complete 
|1470|0x00000000dbe00000, 0x00000000dbf00000, 0x00000000dbf00000|100%|HC|  |TAMS 0x00000000dbe00000, 0x00000000dbf00000| Complete 
|1471|0x00000000dbf00000, 0x00000000dc000000, 0x00000000dc000000|100%|HC|  |TAMS 0x00000000dbf00000, 0x00000000dc000000| Complete 
|1472|0x00000000dc000000, 0x00000000dc100000, 0x00000000dc100000|100%|HC|  |TAMS 0x00000000dc000000, 0x00000000dc100000| Complete 
|1473|0x00000000dc100000, 0x00000000dc200000, 0x00000000dc200000|100%|HC|  |TAMS 0x00000000dc100000, 0x00000000dc200000| Complete 
|1474|0x00000000dc200000, 0x00000000dc300000, 0x00000000dc300000|100%|HC|  |TAMS 0x00000000dc200000, 0x00000000dc300000| Complete 
|1475|0x00000000dc300000, 0x00000000dc400000, 0x00000000dc400000|100%|HC|  |TAMS 0x00000000dc300000, 0x00000000dc400000| Complete 
|1476|0x00000000dc400000, 0x00000000dc500000, 0x00000000dc500000|100%|HC|  |TAMS 0x00000000dc400000, 0x00000000dc500000| Complete 
|1477|0x00000000dc500000, 0x00000000dc600000, 0x00000000dc600000|100%|HC|  |TAMS 0x00000000dc500000, 0x00000000dc600000| Complete 
|1478|0x00000000dc600000, 0x00000000dc700000, 0x00000000dc700000|100%|HC|  |TAMS 0x00000000dc600000, 0x00000000dc700000| Complete 
|1479|0x00000000dc700000, 0x00000000dc800000, 0x00000000dc800000|100%|HC|  |TAMS 0x00000000dc700000, 0x00000000dc800000| Complete 
|1480|0x00000000dc800000, 0x00000000dc900000, 0x00000000dc900000|100%|HC|  |TAMS 0x00000000dc800000, 0x00000000dc900000| Complete 
|1481|0x00000000dc900000, 0x00000000dca00000, 0x00000000dca00000|100%|HC|  |TAMS 0x00000000dc900000, 0x00000000dca00000| Complete 
|1482|0x00000000dca00000, 0x00000000dcb00000, 0x00000000dcb00000|100%|HC|  |TAMS 0x00000000dca00000, 0x00000000dcb00000| Complete 
|1483|0x00000000dcb00000, 0x00000000dcc00000, 0x00000000dcc00000|100%|HC|  |TAMS 0x00000000dcb00000, 0x00000000dcc00000| Complete 
|1484|0x00000000dcc00000, 0x00000000dcd00000, 0x00000000dcd00000|100%|HC|  |TAMS 0x00000000dcc00000, 0x00000000dcd00000| Complete 
|1485|0x00000000dcd00000, 0x00000000dce00000, 0x00000000dce00000|100%|HC|  |TAMS 0x00000000dcd00000, 0x00000000dce00000| Complete 
|1486|0x00000000dce00000, 0x00000000dcf00000, 0x00000000dcf00000|100%|HC|  |TAMS 0x00000000dce00000, 0x00000000dcf00000| Complete 
|1487|0x00000000dcf00000, 0x00000000dd000000, 0x00000000dd000000|100%|HC|  |TAMS 0x00000000dcf00000, 0x00000000dd000000| Complete 
|1488|0x00000000dd000000, 0x00000000dd100000, 0x00000000dd100000|100%|HC|  |TAMS 0x00000000dd000000, 0x00000000dd100000| Complete 
|1489|0x00000000dd100000, 0x00000000dd200000, 0x00000000dd200000|100%|HC|  |TAMS 0x00000000dd100000, 0x00000000dd200000| Complete 
|1490|0x00000000dd200000, 0x00000000dd300000, 0x00000000dd300000|100%|HC|  |TAMS 0x00000000dd200000, 0x00000000dd300000| Complete 
|1491|0x00000000dd300000, 0x00000000dd400000, 0x00000000dd400000|100%|HC|  |TAMS 0x00000000dd300000, 0x00000000dd400000| Complete 
|1492|0x00000000dd400000, 0x00000000dd500000, 0x00000000dd500000|100%|HC|  |TAMS 0x00000000dd400000, 0x00000000dd500000| Complete 
|1493|0x00000000dd500000, 0x00000000dd600000, 0x00000000dd600000|100%|HC|  |TAMS 0x00000000dd500000, 0x00000000dd600000| Complete 
|1494|0x00000000dd600000, 0x00000000dd700000, 0x00000000dd700000|100%|HC|  |TAMS 0x00000000dd600000, 0x00000000dd700000| Complete 
|1495|0x00000000dd700000, 0x00000000dd800000, 0x00000000dd800000|100%|HC|  |TAMS 0x00000000dd700000, 0x00000000dd800000| Complete 
|1496|0x00000000dd800000, 0x00000000dd900000, 0x00000000dd900000|100%|HC|  |TAMS 0x00000000dd800000, 0x00000000dd900000| Complete 
|1497|0x00000000dd900000, 0x00000000dda00000, 0x00000000dda00000|100%|HC|  |TAMS 0x00000000dd900000, 0x00000000dda00000| Complete 
|1498|0x00000000dda00000, 0x00000000ddb00000, 0x00000000ddb00000|100%|HC|  |TAMS 0x00000000dda00000, 0x00000000ddb00000| Complete 
|1499|0x00000000ddb00000, 0x00000000ddc00000, 0x00000000ddc00000|100%|HC|  |TAMS 0x00000000ddb00000, 0x00000000ddc00000| Complete 
|1500|0x00000000ddc00000, 0x00000000ddd00000, 0x00000000ddd00000|100%|HC|  |TAMS 0x00000000ddc00000, 0x00000000ddd00000| Complete 
|1501|0x00000000ddd00000, 0x00000000dde00000, 0x00000000dde00000|100%|HC|  |TAMS 0x00000000ddd00000, 0x00000000dde00000| Complete 
|1502|0x00000000dde00000, 0x00000000ddf00000, 0x00000000ddf00000|100%|HC|  |TAMS 0x00000000dde00000, 0x00000000ddf00000| Complete 
|1503|0x00000000ddf00000, 0x00000000de000000, 0x00000000de000000|100%|HC|  |TAMS 0x00000000ddf00000, 0x00000000de000000| Complete 
|1504|0x00000000de000000, 0x00000000de100000, 0x00000000de100000|100%|HC|  |TAMS 0x00000000de000000, 0x00000000de100000| Complete 
|1505|0x00000000de100000, 0x00000000de200000, 0x00000000de200000|100%|HC|  |TAMS 0x00000000de100000, 0x00000000de200000| Complete 
|1506|0x00000000de200000, 0x00000000de300000, 0x00000000de300000|100%|HC|  |TAMS 0x00000000de200000, 0x00000000de300000| Complete 
|1507|0x00000000de300000, 0x00000000de400000, 0x00000000de400000|100%|HC|  |TAMS 0x00000000de300000, 0x00000000de400000| Complete 
|1508|0x00000000de400000, 0x00000000de500000, 0x00000000de500000|100%|HC|  |TAMS 0x00000000de400000, 0x00000000de500000| Complete 
|1509|0x00000000de500000, 0x00000000de600000, 0x00000000de600000|100%|HC|  |TAMS 0x00000000de500000, 0x00000000de600000| Complete 
|1510|0x00000000de600000, 0x00000000de700000, 0x00000000de700000|100%|HC|  |TAMS 0x00000000de600000, 0x00000000de700000| Complete 
|1511|0x00000000de700000, 0x00000000de800000, 0x00000000de800000|100%|HC|  |TAMS 0x00000000de700000, 0x00000000de800000| Complete 
|1512|0x00000000de800000, 0x00000000de900000, 0x00000000de900000|100%|HC|  |TAMS 0x00000000de800000, 0x00000000de900000| Complete 
|1513|0x00000000de900000, 0x00000000dea00000, 0x00000000dea00000|100%|HC|  |TAMS 0x00000000de900000, 0x00000000dea00000| Complete 
|1514|0x00000000dea00000, 0x00000000deb00000, 0x00000000deb00000|100%|HC|  |TAMS 0x00000000dea00000, 0x00000000deb00000| Complete 
|1515|0x00000000deb00000, 0x00000000dec00000, 0x00000000dec00000|100%|HC|  |TAMS 0x00000000deb00000, 0x00000000dec00000| Complete 
|1516|0x00000000dec00000, 0x00000000ded00000, 0x00000000ded00000|100%|HC|  |TAMS 0x00000000dec00000, 0x00000000ded00000| Complete 
|1517|0x00000000ded00000, 0x00000000dee00000, 0x00000000dee00000|100%|HC|  |TAMS 0x00000000ded00000, 0x00000000dee00000| Complete 
|1518|0x00000000dee00000, 0x00000000def00000, 0x00000000def00000|100%|HC|  |TAMS 0x00000000dee00000, 0x00000000def00000| Complete 
|1519|0x00000000def00000, 0x00000000df000000, 0x00000000df000000|100%|HC|  |TAMS 0x00000000def00000, 0x00000000df000000| Complete 
|1520|0x00000000df000000, 0x00000000df100000, 0x00000000df100000|100%|HC|  |TAMS 0x00000000df000000, 0x00000000df100000| Complete 
|1521|0x00000000df100000, 0x00000000df200000, 0x00000000df200000|100%|HC|  |TAMS 0x00000000df100000, 0x00000000df200000| Complete 
|1522|0x00000000df200000, 0x00000000df300000, 0x00000000df300000|100%|HC|  |TAMS 0x00000000df200000, 0x00000000df300000| Complete 
|1523|0x00000000df300000, 0x00000000df400000, 0x00000000df400000|100%|HC|  |TAMS 0x00000000df300000, 0x00000000df400000| Complete 
|1524|0x00000000df400000, 0x00000000df500000, 0x00000000df500000|100%|HC|  |TAMS 0x00000000df400000, 0x00000000df500000| Complete 
|1525|0x00000000df500000, 0x00000000df600000, 0x00000000df600000|100%|HC|  |TAMS 0x00000000df500000, 0x00000000df600000| Complete 
|1526|0x00000000df600000, 0x00000000df700000, 0x00000000df700000|100%|HC|  |TAMS 0x00000000df600000, 0x00000000df700000| Complete 
|1527|0x00000000df700000, 0x00000000df800000, 0x00000000df800000|100%|HC|  |TAMS 0x00000000df700000, 0x00000000df800000| Complete 
|1528|0x00000000df800000, 0x00000000df900000, 0x00000000df900000|100%|HC|  |TAMS 0x00000000df800000, 0x00000000df900000| Complete 
|1529|0x00000000df900000, 0x00000000dfa00000, 0x00000000dfa00000|100%|HC|  |TAMS 0x00000000df900000, 0x00000000dfa00000| Complete 
|1530|0x00000000dfa00000, 0x00000000dfb00000, 0x00000000dfb00000|100%|HC|  |TAMS 0x00000000dfa00000, 0x00000000dfb00000| Complete 
|1531|0x00000000dfb00000, 0x00000000dfc00000, 0x00000000dfc00000|100%|HC|  |TAMS 0x00000000dfb00000, 0x00000000dfc00000| Complete 
|1532|0x00000000dfc00000, 0x00000000dfd00000, 0x00000000dfd00000|100%|HS|  |TAMS 0x00000000dfc00000, 0x00000000dfc00000| Complete 
|1533|0x00000000dfd00000, 0x00000000dfe00000, 0x00000000dfe00000|100%|HC|  |TAMS 0x00000000dfd00000, 0x00000000dfd00000| Complete 
|1534|0x00000000dfe00000, 0x00000000dff00000, 0x00000000dff00000|100%|HC|  |TAMS 0x00000000dfe00000, 0x00000000dfe00000| Complete 
|1535|0x00000000dff00000, 0x00000000e0000000, 0x00000000e0000000|100%|HC|  |TAMS 0x00000000dff00000, 0x00000000dff00000| Complete 
|1536|0x00000000e0000000, 0x00000000e0100000, 0x00000000e0100000|100%|HC|  |TAMS 0x00000000e0000000, 0x00000000e0000000| Complete 
|1537|0x00000000e0100000, 0x00000000e0200000, 0x00000000e0200000|100%|HC|  |TAMS 0x00000000e0100000, 0x00000000e0100000| Complete 
|1538|0x00000000e0200000, 0x00000000e0300000, 0x00000000e0300000|100%|HC|  |TAMS 0x00000000e0200000, 0x00000000e0200000| Complete 
|1539|0x00000000e0300000, 0x00000000e0400000, 0x00000000e0400000|100%|HC|  |TAMS 0x00000000e0300000, 0x00000000e0300000| Complete 
|1540|0x00000000e0400000, 0x00000000e0500000, 0x00000000e0500000|100%|HC|  |TAMS 0x00000000e0400000, 0x00000000e0400000| Complete 
|1541|0x00000000e0500000, 0x00000000e0600000, 0x00000000e0600000|100%|HC|  |TAMS 0x00000000e0500000, 0x00000000e0500000| Complete 
|1542|0x00000000e0600000, 0x00000000e0700000, 0x00000000e0700000|100%|HC|  |TAMS 0x00000000e0600000, 0x00000000e0600000| Complete 
|1543|0x00000000e0700000, 0x00000000e0800000, 0x00000000e0800000|100%|HC|  |TAMS 0x00000000e0700000, 0x00000000e0700000| Complete 
|1544|0x00000000e0800000, 0x00000000e0900000, 0x00000000e0900000|100%|HC|  |TAMS 0x00000000e0800000, 0x00000000e0800000| Complete 
|1545|0x00000000e0900000, 0x00000000e0a00000, 0x00000000e0a00000|100%|HC|  |TAMS 0x00000000e0900000, 0x00000000e0900000| Complete 
|1546|0x00000000e0a00000, 0x00000000e0b00000, 0x00000000e0b00000|100%|HC|  |TAMS 0x00000000e0a00000, 0x00000000e0a00000| Complete 
|1547|0x00000000e0b00000, 0x00000000e0c00000, 0x00000000e0c00000|100%|HC|  |TAMS 0x00000000e0b00000, 0x00000000e0b00000| Complete 
|1548|0x00000000e0c00000, 0x00000000e0d00000, 0x00000000e0d00000|100%|HC|  |TAMS 0x00000000e0c00000, 0x00000000e0c00000| Complete 
|1549|0x00000000e0d00000, 0x00000000e0e00000, 0x00000000e0e00000|100%|HC|  |TAMS 0x00000000e0d00000, 0x00000000e0d00000| Complete 
|1550|0x00000000e0e00000, 0x00000000e0f00000, 0x00000000e0f00000|100%|HC|  |TAMS 0x00000000e0e00000, 0x00000000e0e00000| Complete 
|1551|0x00000000e0f00000, 0x00000000e1000000, 0x00000000e1000000|100%|HC|  |TAMS 0x00000000e0f00000, 0x00000000e0f00000| Complete 
|1552|0x00000000e1000000, 0x00000000e1100000, 0x00000000e1100000|100%|HC|  |TAMS 0x00000000e1000000, 0x00000000e1000000| Complete 
|1553|0x00000000e1100000, 0x00000000e1200000, 0x00000000e1200000|100%|HC|  |TAMS 0x00000000e1100000, 0x00000000e1100000| Complete 
|1554|0x00000000e1200000, 0x00000000e1300000, 0x00000000e1300000|100%|HC|  |TAMS 0x00000000e1200000, 0x00000000e1200000| Complete 
|1555|0x00000000e1300000, 0x00000000e1400000, 0x00000000e1400000|100%|HC|  |TAMS 0x00000000e1300000, 0x00000000e1300000| Complete 
|1556|0x00000000e1400000, 0x00000000e1500000, 0x00000000e1500000|100%|HC|  |TAMS 0x00000000e1400000, 0x00000000e1400000| Complete 
|1557|0x00000000e1500000, 0x00000000e1600000, 0x00000000e1600000|100%|HC|  |TAMS 0x00000000e1500000, 0x00000000e1500000| Complete 
|1558|0x00000000e1600000, 0x00000000e1700000, 0x00000000e1700000|100%|HC|  |TAMS 0x00000000e1600000, 0x00000000e1600000| Complete 
|1559|0x00000000e1700000, 0x00000000e1800000, 0x00000000e1800000|100%|HC|  |TAMS 0x00000000e1700000, 0x00000000e1700000| Complete 
|1560|0x00000000e1800000, 0x00000000e1900000, 0x00000000e1900000|100%|HC|  |TAMS 0x00000000e1800000, 0x00000000e1800000| Complete 
|1561|0x00000000e1900000, 0x00000000e1a00000, 0x00000000e1a00000|100%|HC|  |TAMS 0x00000000e1900000, 0x00000000e1900000| Complete 
|1562|0x00000000e1a00000, 0x00000000e1b00000, 0x00000000e1b00000|100%|HC|  |TAMS 0x00000000e1a00000, 0x00000000e1a00000| Complete 
|1563|0x00000000e1b00000, 0x00000000e1c00000, 0x00000000e1c00000|100%|HC|  |TAMS 0x00000000e1b00000, 0x00000000e1b00000| Complete 
|1564|0x00000000e1c00000, 0x00000000e1d00000, 0x00000000e1d00000|100%|HC|  |TAMS 0x00000000e1c00000, 0x00000000e1c00000| Complete 
|1565|0x00000000e1d00000, 0x00000000e1e00000, 0x00000000e1e00000|100%|HC|  |TAMS 0x00000000e1d00000, 0x00000000e1d00000| Complete 
|1566|0x00000000e1e00000, 0x00000000e1f00000, 0x00000000e1f00000|100%|HC|  |TAMS 0x00000000e1e00000, 0x00000000e1e00000| Complete 
|1567|0x00000000e1f00000, 0x00000000e2000000, 0x00000000e2000000|100%|HC|  |TAMS 0x00000000e1f00000, 0x00000000e1f00000| Complete 
|1568|0x00000000e2000000, 0x00000000e2100000, 0x00000000e2100000|100%|HC|  |TAMS 0x00000000e2000000, 0x00000000e2000000| Complete 
|1569|0x00000000e2100000, 0x00000000e2200000, 0x00000000e2200000|100%|HC|  |TAMS 0x00000000e2100000, 0x00000000e2100000| Complete 
|1570|0x00000000e2200000, 0x00000000e2300000, 0x00000000e2300000|100%|HC|  |TAMS 0x00000000e2200000, 0x00000000e2200000| Complete 
|1571|0x00000000e2300000, 0x00000000e2400000, 0x00000000e2400000|100%|HC|  |TAMS 0x00000000e2300000, 0x00000000e2300000| Complete 
|1572|0x00000000e2400000, 0x00000000e2500000, 0x00000000e2500000|100%|HC|  |TAMS 0x00000000e2400000, 0x00000000e2400000| Complete 
|1573|0x00000000e2500000, 0x00000000e2600000, 0x00000000e2600000|100%|HC|  |TAMS 0x00000000e2500000, 0x00000000e2500000| Complete 
|1574|0x00000000e2600000, 0x00000000e2700000, 0x00000000e2700000|100%|HC|  |TAMS 0x00000000e2600000, 0x00000000e2600000| Complete 
|1575|0x00000000e2700000, 0x00000000e2800000, 0x00000000e2800000|100%|HC|  |TAMS 0x00000000e2700000, 0x00000000e2700000| Complete 
|1576|0x00000000e2800000, 0x00000000e2900000, 0x00000000e2900000|100%|HC|  |TAMS 0x00000000e2800000, 0x00000000e2800000| Complete 
|1577|0x00000000e2900000, 0x00000000e2a00000, 0x00000000e2a00000|100%|HC|  |TAMS 0x00000000e2900000, 0x00000000e2900000| Complete 
|1578|0x00000000e2a00000, 0x00000000e2b00000, 0x00000000e2b00000|100%|HC|  |TAMS 0x00000000e2a00000, 0x00000000e2a00000| Complete 
|1579|0x00000000e2b00000, 0x00000000e2c00000, 0x00000000e2c00000|100%|HC|  |TAMS 0x00000000e2b00000, 0x00000000e2b00000| Complete 
|1580|0x00000000e2c00000, 0x00000000e2d00000, 0x00000000e2d00000|100%|HC|  |TAMS 0x00000000e2c00000, 0x00000000e2c00000| Complete 
|1581|0x00000000e2d00000, 0x00000000e2e00000, 0x00000000e2e00000|100%|HC|  |TAMS 0x00000000e2d00000, 0x00000000e2d00000| Complete 
|1582|0x00000000e2e00000, 0x00000000e2f00000, 0x00000000e2f00000|100%|HC|  |TAMS 0x00000000e2e00000, 0x00000000e2e00000| Complete 
|1583|0x00000000e2f00000, 0x00000000e3000000, 0x00000000e3000000|100%|HC|  |TAMS 0x00000000e2f00000, 0x00000000e2f00000| Complete 
|1584|0x00000000e3000000, 0x00000000e3100000, 0x00000000e3100000|100%|HC|  |TAMS 0x00000000e3000000, 0x00000000e3000000| Complete 
|1585|0x00000000e3100000, 0x00000000e3200000, 0x00000000e3200000|100%|HC|  |TAMS 0x00000000e3100000, 0x00000000e3100000| Complete 
|1586|0x00000000e3200000, 0x00000000e3300000, 0x00000000e3300000|100%|HC|  |TAMS 0x00000000e3200000, 0x00000000e3200000| Complete 
|1587|0x00000000e3300000, 0x00000000e3400000, 0x00000000e3400000|100%|HC|  |TAMS 0x00000000e3300000, 0x00000000e3300000| Complete 
|1588|0x00000000e3400000, 0x00000000e3500000, 0x00000000e3500000|100%|HC|  |TAMS 0x00000000e3400000, 0x00000000e3400000| Complete 
|1589|0x00000000e3500000, 0x00000000e3600000, 0x00000000e3600000|100%|HC|  |TAMS 0x00000000e3500000, 0x00000000e3500000| Complete 
|1590|0x00000000e3600000, 0x00000000e3700000, 0x00000000e3700000|100%|HC|  |TAMS 0x00000000e3600000, 0x00000000e3600000| Complete 
|1591|0x00000000e3700000, 0x00000000e3800000, 0x00000000e3800000|100%|HC|  |TAMS 0x00000000e3700000, 0x00000000e3700000| Complete 
|1592|0x00000000e3800000, 0x00000000e3900000, 0x00000000e3900000|100%|HC|  |TAMS 0x00000000e3800000, 0x00000000e3800000| Complete 
|1593|0x00000000e3900000, 0x00000000e3a00000, 0x00000000e3a00000|100%|HC|  |TAMS 0x00000000e3900000, 0x00000000e3900000| Complete 
|1594|0x00000000e3a00000, 0x00000000e3b00000, 0x00000000e3b00000|100%|HC|  |TAMS 0x00000000e3a00000, 0x00000000e3a00000| Complete 
|1595|0x00000000e3b00000, 0x00000000e3c00000, 0x00000000e3c00000|100%|HC|  |TAMS 0x00000000e3b00000, 0x00000000e3b00000| Complete 
|1596|0x00000000e3c00000, 0x00000000e3d00000, 0x00000000e3d00000|100%|HC|  |TAMS 0x00000000e3c00000, 0x00000000e3c00000| Complete 
|1597|0x00000000e3d00000, 0x00000000e3d00000, 0x00000000e3e00000|  0%| F|  |TAMS 0x00000000e3d00000, 0x00000000e3d00000| Untracked 
|1598|0x00000000e3e00000, 0x00000000e3e00000, 0x00000000e3f00000|  0%| F|  |TAMS 0x00000000e3e00000, 0x00000000e3e00000| Untracked 
|1599|0x00000000e3f00000, 0x00000000e3f00000, 0x00000000e4000000|  0%| F|  |TAMS 0x00000000e3f00000, 0x00000000e3f00000| Untracked 
|1600|0x00000000e4000000, 0x00000000e4000000, 0x00000000e4100000|  0%| F|  |TAMS 0x00000000e4000000, 0x00000000e4000000| Untracked 
|1601|0x00000000e4100000, 0x00000000e4100000, 0x00000000e4200000|  0%| F|  |TAMS 0x00000000e4100000, 0x00000000e4100000| Untracked 
|1602|0x00000000e4200000, 0x00000000e4200000, 0x00000000e4300000|  0%| F|  |TAMS 0x00000000e4200000, 0x00000000e4200000| Untracked 
|1603|0x00000000e4300000, 0x00000000e4300000, 0x00000000e4400000|  0%| F|  |TAMS 0x00000000e4300000, 0x00000000e4300000| Untracked 
|1604|0x00000000e4400000, 0x00000000e4400000, 0x00000000e4500000|  0%| F|  |TAMS 0x00000000e4400000, 0x00000000e4400000| Untracked 
|1605|0x00000000e4500000, 0x00000000e4500000, 0x00000000e4600000|  0%| F|  |TAMS 0x00000000e4500000, 0x00000000e4500000| Untracked 
|1606|0x00000000e4600000, 0x00000000e4600000, 0x00000000e4700000|  0%| F|  |TAMS 0x00000000e4600000, 0x00000000e4600000| Untracked 
|1607|0x00000000e4700000, 0x00000000e4700000, 0x00000000e4800000|  0%| F|  |TAMS 0x00000000e4700000, 0x00000000e4700000| Untracked 
|1608|0x00000000e4800000, 0x00000000e4800000, 0x00000000e4900000|  0%| F|  |TAMS 0x00000000e4800000, 0x00000000e4800000| Untracked 
|1609|0x00000000e4900000, 0x00000000e4900000, 0x00000000e4a00000|  0%| F|  |TAMS 0x00000000e4900000, 0x00000000e4900000| Untracked 
|1610|0x00000000e4a00000, 0x00000000e4a00000, 0x00000000e4b00000|  0%| F|  |TAMS 0x00000000e4a00000, 0x00000000e4a00000| Untracked 
|1611|0x00000000e4b00000, 0x00000000e4b00000, 0x00000000e4c00000|  0%| F|  |TAMS 0x00000000e4b00000, 0x00000000e4b00000| Untracked 
|1612|0x00000000e4c00000, 0x00000000e4c00000, 0x00000000e4d00000|  0%| F|  |TAMS 0x00000000e4c00000, 0x00000000e4c00000| Untracked 
|1613|0x00000000e4d00000, 0x00000000e4d00000, 0x00000000e4e00000|  0%| F|  |TAMS 0x00000000e4d00000, 0x00000000e4d00000| Untracked 
|1614|0x00000000e4e00000, 0x00000000e4e00000, 0x00000000e4f00000|  0%| F|  |TAMS 0x00000000e4e00000, 0x00000000e4e00000| Untracked 
|1615|0x00000000e4f00000, 0x00000000e4f00000, 0x00000000e5000000|  0%| F|  |TAMS 0x00000000e4f00000, 0x00000000e4f00000| Untracked 
|1616|0x00000000e5000000, 0x00000000e5000000, 0x00000000e5100000|  0%| F|  |TAMS 0x00000000e5000000, 0x00000000e5000000| Untracked 
|1617|0x00000000e5100000, 0x00000000e5100000, 0x00000000e5200000|  0%| F|  |TAMS 0x00000000e5100000, 0x00000000e5100000| Untracked 
|1618|0x00000000e5200000, 0x00000000e5200000, 0x00000000e5300000|  0%| F|  |TAMS 0x00000000e5200000, 0x00000000e5200000| Untracked 
|1619|0x00000000e5300000, 0x00000000e5300000, 0x00000000e5400000|  0%| F|  |TAMS 0x00000000e5300000, 0x00000000e5300000| Untracked 
|1620|0x00000000e5400000, 0x00000000e5400000, 0x00000000e5500000|  0%| F|  |TAMS 0x00000000e5400000, 0x00000000e5400000| Untracked 
|1621|0x00000000e5500000, 0x00000000e5500000, 0x00000000e5600000|  0%| F|  |TAMS 0x00000000e5500000, 0x00000000e5500000| Untracked 
|1622|0x00000000e5600000, 0x00000000e5600000, 0x00000000e5700000|  0%| F|  |TAMS 0x00000000e5600000, 0x00000000e5600000| Untracked 
|1623|0x00000000e5700000, 0x00000000e5700000, 0x00000000e5800000|  0%| F|  |TAMS 0x00000000e5700000, 0x00000000e5700000| Untracked 
|1624|0x00000000e5800000, 0x00000000e5800000, 0x00000000e5900000|  0%| F|  |TAMS 0x00000000e5800000, 0x00000000e5800000| Untracked 
|1625|0x00000000e5900000, 0x00000000e5900000, 0x00000000e5a00000|  0%| F|  |TAMS 0x00000000e5900000, 0x00000000e5900000| Untracked 
|1626|0x00000000e5a00000, 0x00000000e5a00000, 0x00000000e5b00000|  0%| F|  |TAMS 0x00000000e5a00000, 0x00000000e5a00000| Untracked 
|1627|0x00000000e5b00000, 0x00000000e5b00000, 0x00000000e5c00000|  0%| F|  |TAMS 0x00000000e5b00000, 0x00000000e5b00000| Untracked 
|1628|0x00000000e5c00000, 0x00000000e5c00000, 0x00000000e5d00000|  0%| F|  |TAMS 0x00000000e5c00000, 0x00000000e5c00000| Untracked 
|1629|0x00000000e5d00000, 0x00000000e5d00000, 0x00000000e5e00000|  0%| F|  |TAMS 0x00000000e5d00000, 0x00000000e5d00000| Untracked 
|1630|0x00000000e5e00000, 0x00000000e5e00000, 0x00000000e5f00000|  0%| F|  |TAMS 0x00000000e5e00000, 0x00000000e5e00000| Untracked 
|1631|0x00000000e5f00000, 0x00000000e5f00000, 0x00000000e6000000|  0%| F|  |TAMS 0x00000000e5f00000, 0x00000000e5f00000| Untracked 
|1632|0x00000000e6000000, 0x00000000e6000000, 0x00000000e6100000|  0%| F|  |TAMS 0x00000000e6000000, 0x00000000e6000000| Untracked 
|1633|0x00000000e6100000, 0x00000000e6100000, 0x00000000e6200000|  0%| F|  |TAMS 0x00000000e6100000, 0x00000000e6100000| Untracked 
|1634|0x00000000e6200000, 0x00000000e6200000, 0x00000000e6300000|  0%| F|  |TAMS 0x00000000e6200000, 0x00000000e6200000| Untracked 
|1635|0x00000000e6300000, 0x00000000e6300000, 0x00000000e6400000|  0%| F|  |TAMS 0x00000000e6300000, 0x00000000e6300000| Untracked 
|1636|0x00000000e6400000, 0x00000000e6400000, 0x00000000e6500000|  0%| F|  |TAMS 0x00000000e6400000, 0x00000000e6400000| Untracked 
|1637|0x00000000e6500000, 0x00000000e6500000, 0x00000000e6600000|  0%| F|  |TAMS 0x00000000e6500000, 0x00000000e6500000| Untracked 
|1638|0x00000000e6600000, 0x00000000e6600000, 0x00000000e6700000|  0%| F|  |TAMS 0x00000000e6600000, 0x00000000e6600000| Untracked 
|1639|0x00000000e6700000, 0x00000000e6700000, 0x00000000e6800000|  0%| F|  |TAMS 0x00000000e6700000, 0x00000000e6700000| Untracked 
|1640|0x00000000e6800000, 0x00000000e6800000, 0x00000000e6900000|  0%| F|  |TAMS 0x00000000e6800000, 0x00000000e6800000| Untracked 
|1641|0x00000000e6900000, 0x00000000e6900000, 0x00000000e6a00000|  0%| F|  |TAMS 0x00000000e6900000, 0x00000000e6900000| Untracked 
|1642|0x00000000e6a00000, 0x00000000e6a00000, 0x00000000e6b00000|  0%| F|  |TAMS 0x00000000e6a00000, 0x00000000e6a00000| Untracked 
|1643|0x00000000e6b00000, 0x00000000e6b00000, 0x00000000e6c00000|  0%| F|  |TAMS 0x00000000e6b00000, 0x00000000e6b00000| Untracked 
|1644|0x00000000e6c00000, 0x00000000e6c00000, 0x00000000e6d00000|  0%| F|  |TAMS 0x00000000e6c00000, 0x00000000e6c00000| Untracked 
|1645|0x00000000e6d00000, 0x00000000e6d00000, 0x00000000e6e00000|  0%| F|  |TAMS 0x00000000e6d00000, 0x00000000e6d00000| Untracked 
|1646|0x00000000e6e00000, 0x00000000e6e00000, 0x00000000e6f00000|  0%| F|  |TAMS 0x00000000e6e00000, 0x00000000e6e00000| Untracked 
|1647|0x00000000e6f00000, 0x00000000e6f00000, 0x00000000e7000000|  0%| F|  |TAMS 0x00000000e6f00000, 0x00000000e6f00000| Untracked 
|1648|0x00000000e7000000, 0x00000000e7000000, 0x00000000e7100000|  0%| F|  |TAMS 0x00000000e7000000, 0x00000000e7000000| Untracked 
|1649|0x00000000e7100000, 0x00000000e7200000, 0x00000000e7200000|100%| E|  |TAMS 0x00000000e7100000, 0x00000000e7100000| Complete 
|1650|0x00000000e7200000, 0x00000000e7300000, 0x00000000e7300000|100%| E|CS|TAMS 0x00000000e7200000, 0x00000000e7200000| Complete 
|1651|0x00000000e7300000, 0x00000000e7400000, 0x00000000e7400000|100%| E|CS|TAMS 0x00000000e7300000, 0x00000000e7300000| Complete 
|1652|0x00000000e7400000, 0x00000000e7500000, 0x00000000e7500000|100%| E|  |TAMS 0x00000000e7400000, 0x00000000e7400000| Complete 
|1653|0x00000000e7500000, 0x00000000e7600000, 0x00000000e7600000|100%| E|CS|TAMS 0x00000000e7500000, 0x00000000e7500000| Complete 
|1654|0x00000000e7600000, 0x00000000e7700000, 0x00000000e7700000|100%| E|CS|TAMS 0x00000000e7600000, 0x00000000e7600000| Complete 
|1655|0x00000000e7700000, 0x00000000e7800000, 0x00000000e7800000|100%| E|CS|TAMS 0x00000000e7700000, 0x00000000e7700000| Complete 
|1656|0x00000000e7800000, 0x00000000e7900000, 0x00000000e7900000|100%| E|CS|TAMS 0x00000000e7800000, 0x00000000e7800000| Complete 
|1657|0x00000000e7900000, 0x00000000e7a00000, 0x00000000e7a00000|100%| E|CS|TAMS 0x00000000e7900000, 0x00000000e7900000| Complete 
|1658|0x00000000e7a00000, 0x00000000e7b00000, 0x00000000e7b00000|100%| E|CS|TAMS 0x00000000e7a00000, 0x00000000e7a00000| Complete 
|1659|0x00000000e7b00000, 0x00000000e7c00000, 0x00000000e7c00000|100%| E|CS|TAMS 0x00000000e7b00000, 0x00000000e7b00000| Complete 
|1660|0x00000000e7c00000, 0x00000000e7d00000, 0x00000000e7d00000|100%| E|CS|TAMS 0x00000000e7c00000, 0x00000000e7c00000| Complete 
|1661|0x00000000e7d00000, 0x00000000e7e00000, 0x00000000e7e00000|100%| E|CS|TAMS 0x00000000e7d00000, 0x00000000e7d00000| Complete 
|1662|0x00000000e7e00000, 0x00000000e7f00000, 0x00000000e7f00000|100%| E|CS|TAMS 0x00000000e7e00000, 0x00000000e7e00000| Complete 
|1663|0x00000000e7f00000, 0x00000000e8000000, 0x00000000e8000000|100%| E|CS|TAMS 0x00000000e7f00000, 0x00000000e7f00000| Complete 
|1664|0x00000000e8000000, 0x00000000e8100000, 0x00000000e8100000|100%| E|CS|TAMS 0x00000000e8000000, 0x00000000e8000000| Complete 
|1665|0x00000000e8100000, 0x00000000e8200000, 0x00000000e8200000|100%| E|CS|TAMS 0x00000000e8100000, 0x00000000e8100000| Complete 
|1666|0x00000000e8200000, 0x00000000e8300000, 0x00000000e8300000|100%| E|CS|TAMS 0x00000000e8200000, 0x00000000e8200000| Complete 
|1667|0x00000000e8300000, 0x00000000e8400000, 0x00000000e8400000|100%| E|CS|TAMS 0x00000000e8300000, 0x00000000e8300000| Complete 
|1668|0x00000000e8400000, 0x00000000e8500000, 0x00000000e8500000|100%| E|CS|TAMS 0x00000000e8400000, 0x00000000e8400000| Complete 
|1669|0x00000000e8500000, 0x00000000e8600000, 0x00000000e8600000|100%| E|CS|TAMS 0x00000000e8500000, 0x00000000e8500000| Complete 
|1670|0x00000000e8600000, 0x00000000e8700000, 0x00000000e8700000|100%| E|CS|TAMS 0x00000000e8600000, 0x00000000e8600000| Complete 
|1671|0x00000000e8700000, 0x00000000e87d8d40, 0x00000000e8800000| 84%| S|CS|TAMS 0x00000000e8700000, 0x00000000e8700000| Complete 
|1672|0x00000000e8800000, 0x00000000e8900000, 0x00000000e8900000|100%| S|CS|TAMS 0x00000000e8800000, 0x00000000e8800000| Complete 
|1673|0x00000000e8900000, 0x00000000e8a00000, 0x00000000e8a00000|100%| S|CS|TAMS 0x00000000e8900000, 0x00000000e8900000| Complete 
|1674|0x00000000e8a00000, 0x00000000e8b00000, 0x00000000e8b00000|100%| E|CS|TAMS 0x00000000e8a00000, 0x00000000e8a00000| Complete 
|1675|0x00000000e8b00000, 0x00000000e8c00000, 0x00000000e8c00000|100%| E|CS|TAMS 0x00000000e8b00000, 0x00000000e8b00000| Complete 
|1676|0x00000000e8c00000, 0x00000000e8c00000, 0x00000000e8d00000|  0%| F|  |TAMS 0x00000000e8c00000, 0x00000000e8c00000| Untracked 
|1677|0x00000000e8d00000, 0x00000000e8d00000, 0x00000000e8e00000|  0%| F|  |TAMS 0x00000000e8d00000, 0x00000000e8d00000| Untracked 
|1678|0x00000000e8e00000, 0x00000000e8e00000, 0x00000000e8f00000|  0%| F|  |TAMS 0x00000000e8e00000, 0x00000000e8e00000| Untracked 
|1679|0x00000000e8f00000, 0x00000000e8f00000, 0x00000000e9000000|  0%| F|  |TAMS 0x00000000e8f00000, 0x00000000e8f00000| Untracked 
|1680|0x00000000e9000000, 0x00000000e9000000, 0x00000000e9100000|  0%| F|  |TAMS 0x00000000e9000000, 0x00000000e9000000| Untracked 
|1681|0x00000000e9100000, 0x00000000e9100000, 0x00000000e9200000|  0%| F|  |TAMS 0x00000000e9100000, 0x00000000e9100000| Untracked 
|1682|0x00000000e9200000, 0x00000000e9200000, 0x00000000e9300000|  0%| F|  |TAMS 0x00000000e9200000, 0x00000000e9200000| Untracked 
|1683|0x00000000e9300000, 0x00000000e9300000, 0x00000000e9400000|  0%| F|  |TAMS 0x00000000e9300000, 0x00000000e9300000| Untracked 
|1684|0x00000000e9400000, 0x00000000e9400000, 0x00000000e9500000|  0%| F|  |TAMS 0x00000000e9400000, 0x00000000e9400000| Untracked 
|1685|0x00000000e9500000, 0x00000000e9500000, 0x00000000e9600000|  0%| F|  |TAMS 0x00000000e9500000, 0x00000000e9500000| Untracked 
|1686|0x00000000e9600000, 0x00000000e9600000, 0x00000000e9700000|  0%| F|  |TAMS 0x00000000e9600000, 0x00000000e9600000| Untracked 
|1687|0x00000000e9700000, 0x00000000e9700000, 0x00000000e9800000|  0%| F|  |TAMS 0x00000000e9700000, 0x00000000e9700000| Untracked 
|1688|0x00000000e9800000, 0x00000000e9800000, 0x00000000e9900000|  0%| F|  |TAMS 0x00000000e9800000, 0x00000000e9800000| Untracked 
|1689|0x00000000e9900000, 0x00000000e9900000, 0x00000000e9a00000|  0%| F|  |TAMS 0x00000000e9900000, 0x00000000e9900000| Untracked 
|1690|0x00000000e9a00000, 0x00000000e9a00000, 0x00000000e9b00000|  0%| F|  |TAMS 0x00000000e9a00000, 0x00000000e9a00000| Untracked 
|1691|0x00000000e9b00000, 0x00000000e9b00000, 0x00000000e9c00000|  0%| F|  |TAMS 0x00000000e9b00000, 0x00000000e9b00000| Untracked 
|1692|0x00000000e9c00000, 0x00000000e9c00000, 0x00000000e9d00000|  0%| F|  |TAMS 0x00000000e9c00000, 0x00000000e9c00000| Untracked 
|1693|0x00000000e9d00000, 0x00000000e9d00000, 0x00000000e9e00000|  0%| F|  |TAMS 0x00000000e9d00000, 0x00000000e9d00000| Untracked 
|1694|0x00000000e9e00000, 0x00000000e9e00000, 0x00000000e9f00000|  0%| F|  |TAMS 0x00000000e9e00000, 0x00000000e9e00000| Untracked 
|1695|0x00000000e9f00000, 0x00000000e9f00000, 0x00000000ea000000|  0%| F|  |TAMS 0x00000000e9f00000, 0x00000000e9f00000| Untracked 
|1696|0x00000000ea000000, 0x00000000ea000000, 0x00000000ea100000|  0%| F|  |TAMS 0x00000000ea000000, 0x00000000ea000000| Untracked 
|1697|0x00000000ea100000, 0x00000000ea100000, 0x00000000ea200000|  0%| F|  |TAMS 0x00000000ea100000, 0x00000000ea100000| Untracked 
|1698|0x00000000ea200000, 0x00000000ea200000, 0x00000000ea300000|  0%| F|  |TAMS 0x00000000ea200000, 0x00000000ea200000| Untracked 
|1699|0x00000000ea300000, 0x00000000ea300000, 0x00000000ea400000|  0%| F|  |TAMS 0x00000000ea300000, 0x00000000ea300000| Untracked 
|1700|0x00000000ea400000, 0x00000000ea400000, 0x00000000ea500000|  0%| F|  |TAMS 0x00000000ea400000, 0x00000000ea400000| Untracked 
|1701|0x00000000ea500000, 0x00000000ea500000, 0x00000000ea600000|  0%| F|  |TAMS 0x00000000ea500000, 0x00000000ea500000| Untracked 
|1702|0x00000000ea600000, 0x00000000ea600000, 0x00000000ea700000|  0%| F|  |TAMS 0x00000000ea600000, 0x00000000ea600000| Untracked 
|1703|0x00000000ea700000, 0x00000000ea700000, 0x00000000ea800000|  0%| F|  |TAMS 0x00000000ea700000, 0x00000000ea700000| Untracked 
|1704|0x00000000ea800000, 0x00000000ea800000, 0x00000000ea900000|  0%| F|  |TAMS 0x00000000ea800000, 0x00000000ea800000| Untracked 
|1705|0x00000000ea900000, 0x00000000ea900000, 0x00000000eaa00000|  0%| F|  |TAMS 0x00000000ea900000, 0x00000000ea900000| Untracked 
|1706|0x00000000eaa00000, 0x00000000eaa00000, 0x00000000eab00000|  0%| F|  |TAMS 0x00000000eaa00000, 0x00000000eaa00000| Untracked 
|1707|0x00000000eab00000, 0x00000000eab00000, 0x00000000eac00000|  0%| F|  |TAMS 0x00000000eab00000, 0x00000000eab00000| Untracked 
|1708|0x00000000eac00000, 0x00000000eac00000, 0x00000000ead00000|  0%| F|  |TAMS 0x00000000eac00000, 0x00000000eac00000| Untracked 
|1709|0x00000000ead00000, 0x00000000ead00000, 0x00000000eae00000|  0%| F|  |TAMS 0x00000000ead00000, 0x00000000ead00000| Untracked 
|1710|0x00000000eae00000, 0x00000000eae00000, 0x00000000eaf00000|  0%| F|  |TAMS 0x00000000eae00000, 0x00000000eae00000| Untracked 
|1711|0x00000000eaf00000, 0x00000000eaf00000, 0x00000000eb000000|  0%| F|  |TAMS 0x00000000eaf00000, 0x00000000eaf00000| Untracked 
|1712|0x00000000eb000000, 0x00000000eb000000, 0x00000000eb100000|  0%| F|  |TAMS 0x00000000eb000000, 0x00000000eb000000| Untracked 
|1713|0x00000000eb100000, 0x00000000eb100000, 0x00000000eb200000|  0%| F|  |TAMS 0x00000000eb100000, 0x00000000eb100000| Untracked 
|1714|0x00000000eb200000, 0x00000000eb200000, 0x00000000eb300000|  0%| F|  |TAMS 0x00000000eb200000, 0x00000000eb200000| Untracked 
|1715|0x00000000eb300000, 0x00000000eb300000, 0x00000000eb400000|  0%| F|  |TAMS 0x00000000eb300000, 0x00000000eb300000| Untracked 
|1716|0x00000000eb400000, 0x00000000eb400000, 0x00000000eb500000|  0%| F|  |TAMS 0x00000000eb400000, 0x00000000eb400000| Untracked 
|1717|0x00000000eb500000, 0x00000000eb500000, 0x00000000eb600000|  0%| F|  |TAMS 0x00000000eb500000, 0x00000000eb500000| Untracked 
|1718|0x00000000eb600000, 0x00000000eb600000, 0x00000000eb700000|  0%| F|  |TAMS 0x00000000eb600000, 0x00000000eb600000| Untracked 
|1719|0x00000000eb700000, 0x00000000eb700000, 0x00000000eb800000|  0%| F|  |TAMS 0x00000000eb700000, 0x00000000eb700000| Untracked 
|1720|0x00000000eb800000, 0x00000000eb800000, 0x00000000eb900000|  0%| F|  |TAMS 0x00000000eb800000, 0x00000000eb800000| Untracked 
|1721|0x00000000eb900000, 0x00000000eb900000, 0x00000000eba00000|  0%| F|  |TAMS 0x00000000eb900000, 0x00000000eb900000| Untracked 
|1722|0x00000000eba00000, 0x00000000eba00000, 0x00000000ebb00000|  0%| F|  |TAMS 0x00000000eba00000, 0x00000000eba00000| Untracked 
|1723|0x00000000ebb00000, 0x00000000ebb00000, 0x00000000ebc00000|  0%| F|  |TAMS 0x00000000ebb00000, 0x00000000ebb00000| Untracked 
|1724|0x00000000ebc00000, 0x00000000ebc00000, 0x00000000ebd00000|  0%| F|  |TAMS 0x00000000ebc00000, 0x00000000ebc00000| Untracked 
|1725|0x00000000ebd00000, 0x00000000ebd00000, 0x00000000ebe00000|  0%| F|  |TAMS 0x00000000ebd00000, 0x00000000ebd00000| Untracked 
|1726|0x00000000ebe00000, 0x00000000ebe00000, 0x00000000ebf00000|  0%| F|  |TAMS 0x00000000ebe00000, 0x00000000ebe00000| Untracked 
|1727|0x00000000ebf00000, 0x00000000ebf00000, 0x00000000ec000000|  0%| F|  |TAMS 0x00000000ebf00000, 0x00000000ebf00000| Untracked 
|1728|0x00000000ec000000, 0x00000000ec000000, 0x00000000ec100000|  0%| F|  |TAMS 0x00000000ec000000, 0x00000000ec000000| Untracked 
|1729|0x00000000ec100000, 0x00000000ec100000, 0x00000000ec200000|  0%| F|  |TAMS 0x00000000ec100000, 0x00000000ec100000| Untracked 
|1730|0x00000000ec200000, 0x00000000ec200000, 0x00000000ec300000|  0%| F|  |TAMS 0x00000000ec200000, 0x00000000ec200000| Untracked 
|1731|0x00000000ec300000, 0x00000000ec300000, 0x00000000ec400000|  0%| F|  |TAMS 0x00000000ec300000, 0x00000000ec300000| Untracked 
|1732|0x00000000ec400000, 0x00000000ec400000, 0x00000000ec500000|  0%| F|  |TAMS 0x00000000ec400000, 0x00000000ec400000| Untracked 
|1733|0x00000000ec500000, 0x00000000ec500000, 0x00000000ec600000|  0%| F|  |TAMS 0x00000000ec500000, 0x00000000ec500000| Untracked 
|1734|0x00000000ec600000, 0x00000000ec600000, 0x00000000ec700000|  0%| F|  |TAMS 0x00000000ec600000, 0x00000000ec600000| Untracked 
|1735|0x00000000ec700000, 0x00000000ec700000, 0x00000000ec800000|  0%| F|  |TAMS 0x00000000ec700000, 0x00000000ec700000| Untracked 
|1736|0x00000000ec800000, 0x00000000ec800000, 0x00000000ec900000|  0%| F|  |TAMS 0x00000000ec800000, 0x00000000ec800000| Untracked 
|1737|0x00000000ec900000, 0x00000000ec900000, 0x00000000eca00000|  0%| F|  |TAMS 0x00000000ec900000, 0x00000000ec900000| Untracked 
|1738|0x00000000eca00000, 0x00000000eca00000, 0x00000000ecb00000|  0%| F|  |TAMS 0x00000000eca00000, 0x00000000eca00000| Untracked 
|1739|0x00000000ecb00000, 0x00000000ecb00000, 0x00000000ecc00000|  0%| F|  |TAMS 0x00000000ecb00000, 0x00000000ecb00000| Untracked 
|1740|0x00000000ecc00000, 0x00000000ecc00000, 0x00000000ecd00000|  0%| F|  |TAMS 0x00000000ecc00000, 0x00000000ecc00000| Untracked 
|1741|0x00000000ecd00000, 0x00000000ecd00000, 0x00000000ece00000|  0%| F|  |TAMS 0x00000000ecd00000, 0x00000000ecd00000| Untracked 
|1742|0x00000000ece00000, 0x00000000ece00000, 0x00000000ecf00000|  0%| F|  |TAMS 0x00000000ece00000, 0x00000000ece00000| Untracked 
|1743|0x00000000ecf00000, 0x00000000ecf00000, 0x00000000ed000000|  0%| F|  |TAMS 0x00000000ecf00000, 0x00000000ecf00000| Untracked 
|1744|0x00000000ed000000, 0x00000000ed000000, 0x00000000ed100000|  0%| F|  |TAMS 0x00000000ed000000, 0x00000000ed000000| Untracked 
|1745|0x00000000ed100000, 0x00000000ed100000, 0x00000000ed200000|  0%| F|  |TAMS 0x00000000ed100000, 0x00000000ed100000| Untracked 
|1746|0x00000000ed200000, 0x00000000ed200000, 0x00000000ed300000|  0%| F|  |TAMS 0x00000000ed200000, 0x00000000ed200000| Untracked 
|1747|0x00000000ed300000, 0x00000000ed300000, 0x00000000ed400000|  0%| F|  |TAMS 0x00000000ed300000, 0x00000000ed300000| Untracked 
|1748|0x00000000ed400000, 0x00000000ed400000, 0x00000000ed500000|  0%| F|  |TAMS 0x00000000ed400000, 0x00000000ed400000| Untracked 
|1749|0x00000000ed500000, 0x00000000ed500000, 0x00000000ed600000|  0%| F|  |TAMS 0x00000000ed500000, 0x00000000ed500000| Untracked 
|1750|0x00000000ed600000, 0x00000000ed600000, 0x00000000ed700000|  0%| F|  |TAMS 0x00000000ed600000, 0x00000000ed600000| Untracked 
|1751|0x00000000ed700000, 0x00000000ed700000, 0x00000000ed800000|  0%| F|  |TAMS 0x00000000ed700000, 0x00000000ed700000| Untracked 
|1752|0x00000000ed800000, 0x00000000ed800000, 0x00000000ed900000|  0%| F|  |TAMS 0x00000000ed800000, 0x00000000ed800000| Untracked 
|1753|0x00000000ed900000, 0x00000000ed900000, 0x00000000eda00000|  0%| F|  |TAMS 0x00000000ed900000, 0x00000000ed900000| Untracked 
|1754|0x00000000eda00000, 0x00000000eda00000, 0x00000000edb00000|  0%| F|  |TAMS 0x00000000eda00000, 0x00000000eda00000| Untracked 
|1755|0x00000000edb00000, 0x00000000edb00000, 0x00000000edc00000|  0%| F|  |TAMS 0x00000000edb00000, 0x00000000edb00000| Untracked 
|1756|0x00000000edc00000, 0x00000000edc00000, 0x00000000edd00000|  0%| F|  |TAMS 0x00000000edc00000, 0x00000000edc00000| Untracked 
|1757|0x00000000edd00000, 0x00000000edd00000, 0x00000000ede00000|  0%| F|  |TAMS 0x00000000edd00000, 0x00000000edd00000| Untracked 
|1758|0x00000000ede00000, 0x00000000ede00000, 0x00000000edf00000|  0%| F|  |TAMS 0x00000000ede00000, 0x00000000ede00000| Untracked 
|1759|0x00000000edf00000, 0x00000000edf00000, 0x00000000ee000000|  0%| F|  |TAMS 0x00000000edf00000, 0x00000000edf00000| Untracked 
|1760|0x00000000ee000000, 0x00000000ee000000, 0x00000000ee100000|  0%| F|  |TAMS 0x00000000ee000000, 0x00000000ee000000| Untracked 
|1761|0x00000000ee100000, 0x00000000ee100000, 0x00000000ee200000|  0%| F|  |TAMS 0x00000000ee100000, 0x00000000ee100000| Untracked 
|1762|0x00000000ee200000, 0x00000000ee200000, 0x00000000ee300000|  0%| F|  |TAMS 0x00000000ee200000, 0x00000000ee200000| Untracked 
|1763|0x00000000ee300000, 0x00000000ee300000, 0x00000000ee400000|  0%| F|  |TAMS 0x00000000ee300000, 0x00000000ee300000| Untracked 
|1764|0x00000000ee400000, 0x00000000ee400000, 0x00000000ee500000|  0%| F|  |TAMS 0x00000000ee400000, 0x00000000ee400000| Untracked 
|1765|0x00000000ee500000, 0x00000000ee500000, 0x00000000ee600000|  0%| F|  |TAMS 0x00000000ee500000, 0x00000000ee500000| Untracked 
|1766|0x00000000ee600000, 0x00000000ee600000, 0x00000000ee700000|  0%| F|  |TAMS 0x00000000ee600000, 0x00000000ee600000| Untracked 
|1767|0x00000000ee700000, 0x00000000ee700000, 0x00000000ee800000|  0%| F|  |TAMS 0x00000000ee700000, 0x00000000ee700000| Untracked 
|1768|0x00000000ee800000, 0x00000000ee800000, 0x00000000ee900000|  0%| F|  |TAMS 0x00000000ee800000, 0x00000000ee800000| Untracked 
|1769|0x00000000ee900000, 0x00000000ee900000, 0x00000000eea00000|  0%| F|  |TAMS 0x00000000ee900000, 0x00000000ee900000| Untracked 
|1770|0x00000000eea00000, 0x00000000eea00000, 0x00000000eeb00000|  0%| F|  |TAMS 0x00000000eea00000, 0x00000000eea00000| Untracked 
|1771|0x00000000eeb00000, 0x00000000eeb00000, 0x00000000eec00000|  0%| F|  |TAMS 0x00000000eeb00000, 0x00000000eeb00000| Untracked 
|1772|0x00000000eec00000, 0x00000000eec00000, 0x00000000eed00000|  0%| F|  |TAMS 0x00000000eec00000, 0x00000000eec00000| Untracked 
|1773|0x00000000eed00000, 0x00000000eed00000, 0x00000000eee00000|  0%| F|  |TAMS 0x00000000eed00000, 0x00000000eed00000| Untracked 
|1774|0x00000000eee00000, 0x00000000eee00000, 0x00000000eef00000|  0%| F|  |TAMS 0x00000000eee00000, 0x00000000eee00000| Untracked 
|1775|0x00000000eef00000, 0x00000000eef00000, 0x00000000ef000000|  0%| F|  |TAMS 0x00000000eef00000, 0x00000000eef00000| Untracked 
|1776|0x00000000ef000000, 0x00000000ef000000, 0x00000000ef100000|  0%| F|  |TAMS 0x00000000ef000000, 0x00000000ef000000| Untracked 
|1777|0x00000000ef100000, 0x00000000ef100000, 0x00000000ef200000|  0%| F|  |TAMS 0x00000000ef100000, 0x00000000ef100000| Untracked 
|1778|0x00000000ef200000, 0x00000000ef200000, 0x00000000ef300000|  0%| F|  |TAMS 0x00000000ef200000, 0x00000000ef200000| Untracked 
|1779|0x00000000ef300000, 0x00000000ef300000, 0x00000000ef400000|  0%| F|  |TAMS 0x00000000ef300000, 0x00000000ef300000| Untracked 
|1780|0x00000000ef400000, 0x00000000ef400000, 0x00000000ef500000|  0%| F|  |TAMS 0x00000000ef400000, 0x00000000ef400000| Untracked 
|1781|0x00000000ef500000, 0x00000000ef500000, 0x00000000ef600000|  0%| F|  |TAMS 0x00000000ef500000, 0x00000000ef500000| Untracked 
|1782|0x00000000ef600000, 0x00000000ef600000, 0x00000000ef700000|  0%| F|  |TAMS 0x00000000ef600000, 0x00000000ef600000| Untracked 
|1783|0x00000000ef700000, 0x00000000ef700000, 0x00000000ef800000|  0%| F|  |TAMS 0x00000000ef700000, 0x00000000ef700000| Untracked 
|1784|0x00000000ef800000, 0x00000000ef800000, 0x00000000ef900000|  0%| F|  |TAMS 0x00000000ef800000, 0x00000000ef800000| Untracked 
|1785|0x00000000ef900000, 0x00000000ef900000, 0x00000000efa00000|  0%| F|  |TAMS 0x00000000ef900000, 0x00000000ef900000| Untracked 
|1786|0x00000000efa00000, 0x00000000efa00000, 0x00000000efb00000|  0%| F|  |TAMS 0x00000000efa00000, 0x00000000efa00000| Untracked 
|1787|0x00000000efb00000, 0x00000000efb00000, 0x00000000efc00000|  0%| F|  |TAMS 0x00000000efb00000, 0x00000000efb00000| Untracked 
|1788|0x00000000efc00000, 0x00000000efc00000, 0x00000000efd00000|  0%| F|  |TAMS 0x00000000efc00000, 0x00000000efc00000| Untracked 
|1789|0x00000000efd00000, 0x00000000efd00000, 0x00000000efe00000|  0%| F|  |TAMS 0x00000000efd00000, 0x00000000efd00000| Untracked 
|1790|0x00000000efe00000, 0x00000000efe00000, 0x00000000eff00000|  0%| F|  |TAMS 0x00000000efe00000, 0x00000000efe00000| Untracked 
|1791|0x00000000eff00000, 0x00000000eff00000, 0x00000000f0000000|  0%| F|  |TAMS 0x00000000eff00000, 0x00000000eff00000| Untracked 
|1792|0x00000000f0000000, 0x00000000f0000000, 0x00000000f0100000|  0%| F|  |TAMS 0x00000000f0000000, 0x00000000f0000000| Untracked 
|1793|0x00000000f0100000, 0x00000000f0100000, 0x00000000f0200000|  0%| F|  |TAMS 0x00000000f0100000, 0x00000000f0100000| Untracked 
|1794|0x00000000f0200000, 0x00000000f0200000, 0x00000000f0300000|  0%| F|  |TAMS 0x00000000f0200000, 0x00000000f0200000| Untracked 
|1795|0x00000000f0300000, 0x00000000f0300000, 0x00000000f0400000|  0%| F|  |TAMS 0x00000000f0300000, 0x00000000f0300000| Untracked 
|1796|0x00000000f0400000, 0x00000000f0400000, 0x00000000f0500000|  0%| F|  |TAMS 0x00000000f0400000, 0x00000000f0400000| Untracked 
|1797|0x00000000f0500000, 0x00000000f0500000, 0x00000000f0600000|  0%| F|  |TAMS 0x00000000f0500000, 0x00000000f0500000| Untracked 
|1798|0x00000000f0600000, 0x00000000f0600000, 0x00000000f0700000|  0%| F|  |TAMS 0x00000000f0600000, 0x00000000f0600000| Untracked 
|1799|0x00000000f0700000, 0x00000000f0700000, 0x00000000f0800000|  0%| F|  |TAMS 0x00000000f0700000, 0x00000000f0700000| Untracked 
|1800|0x00000000f0800000, 0x00000000f0800000, 0x00000000f0900000|  0%| F|  |TAMS 0x00000000f0800000, 0x00000000f0800000| Untracked 
|1801|0x00000000f0900000, 0x00000000f0900000, 0x00000000f0a00000|  0%| F|  |TAMS 0x00000000f0900000, 0x00000000f0900000| Untracked 
|1802|0x00000000f0a00000, 0x00000000f0a00000, 0x00000000f0b00000|  0%| F|  |TAMS 0x00000000f0a00000, 0x00000000f0a00000| Untracked 
|1803|0x00000000f0b00000, 0x00000000f0b00000, 0x00000000f0c00000|  0%| F|  |TAMS 0x00000000f0b00000, 0x00000000f0b00000| Untracked 
|2045|0x00000000ffd00000, 0x00000000ffe00000, 0x00000000ffe00000|100%| O|  |TAMS 0x00000000ffe00000, 0x00000000ffe00000| Untracked 
|2046|0x00000000ffe00000, 0x00000000fff00000, 0x00000000fff00000|100%| O|  |TAMS 0x00000000fff00000, 0x00000000fff00000| Untracked 
|2047|0x00000000fff00000, 0x0000000100000000, 0x0000000100000000|100%| O|  |TAMS 0x0000000100000000, 0x0000000100000000| Untracked 

Card table byte_map: [0x000001c645960000,0x000001c645d60000] _byte_map_base: 0x000001c645560000

Marking Bits (Prev, Next): (CMBitMap*) 0x000001c62c7bf200, (CMBitMap*) 0x000001c62c7bf1c0
 Prev Bits: [0x000001c648160000, 0x000001c64a160000)
 Next Bits: [0x000001c646160000, 0x000001c648160000)

Polling page: 0x000001c62c490000

Metaspace:

Usage:
  Non-class:     94.82 MB used.
      Class:     15.03 MB used.
       Both:    109.85 MB used.

Virtual space:
  Non-class space:      128.00 MB reserved,      95.75 MB ( 75%) committed,  2 nodes.
      Class space:      416.00 MB reserved,      15.88 MB (  4%) committed,  1 nodes.
             Both:      544.00 MB reserved,     111.62 MB ( 21%) committed. 

Chunk freelists:
   Non-Class:  64.00 KB
       Class:  42.00 KB
        Both:  106.00 KB

MaxMetaspaceSize: 512.00 MB
CompressedClassSpaceSize: 416.00 MB
Initial GC threshold: 21.00 MB
Current GC threshold: 183.75 MB
CDS: on
MetaspaceReclaimPolicy: balanced
 - commit_granule_bytes: 65536.
 - commit_granule_words: 8192.
 - virtual_space_node_default_size: 8388608.
 - enlarge_chunks_in_place: 1.
 - new_chunks_are_fully_committed: 0.
 - uncommit_free_chunks: 1.
 - use_allocation_guard: 0.
 - handle_deallocations: 1.


Internal statistics:

num_allocs_failed_limit: 9.
num_arena_births: 2348.
num_arena_deaths: 20.
num_vsnodes_births: 3.
num_vsnodes_deaths: 0.
num_space_committed: 1785.
num_space_uncommitted: 0.
num_chunks_returned_to_freelist: 31.
num_chunks_taken_from_freelist: 7687.
num_chunk_merges: 18.
num_chunk_splits: 4773.
num_chunks_enlarged: 2690.
num_inconsistent_stats: 0.

CodeHeap 'non-profiled nmethods': size=120000Kb used=13778Kb max_used=13778Kb free=106221Kb
 bounds [0x000001c63d3a0000, 0x000001c63e120000, 0x000001c6448d0000]
CodeHeap 'profiled nmethods': size=120000Kb used=34381Kb max_used=34613Kb free=85618Kb
 bounds [0x000001c6358d0000, 0x000001c637af0000, 0x000001c63ce00000]
CodeHeap 'non-nmethods': size=5760Kb used=2433Kb max_used=2497Kb free=3326Kb
 bounds [0x000001c63ce00000, 0x000001c63d090000, 0x000001c63d3a0000]
 total_blobs=18485 nmethods=17512 adapters=883
 compilation: enabled
              stopped_count=0, restarted_count=0
 full_count=0

Compilation events (20 events):
Event: 342.657 Thread 0x000001c64c5f75e0 21162       4       java.io.WinNTFileSystem::canonicalize (372 bytes)
Event: 342.658 Thread 0x000001c64c5f75e0 nmethod 21162 0x000001c63e10e190 code [0x000001c63e10e320, 0x000001c63e10e428]
Event: 343.046 Thread 0x000001c64c609f10 21163       3       org.gradle.internal.execution.steps.ExecuteWorkBuildOperationFiringStep::lambda$execute$0 (78 bytes)
Event: 343.066 Thread 0x000001c64c609f10 nmethod 21163 0x000001c63781bc90 code [0x000001c63781bf60, 0x000001c63781d2f8]
Event: 343.100 Thread 0x000001c64c5f75e0 21164       4       org.gradle.internal.snapshot.FileSystemLeafSnapshot::accept (8 bytes)
Event: 343.101 Thread 0x000001c64c5f75e0 nmethod 21164 0x000001c63e10e590 code [0x000001c63e10e720, 0x000001c63e10e7b8]
Event: 343.132 Thread 0x000001c64c5f75e0 21165       4       org.gradle.internal.dispatch.ProxyDispatchAdapter$DispatchingInvocationHandler::invoke (184 bytes)
Event: 343.136 Thread 0x000001c64c609f10 21166       3       org.gradle.api.internal.artifacts.transform.AbstractTransformExecution$2::description (65 bytes)
Event: 343.152 Thread 0x000001c64c609f10 nmethod 21166 0x000001c63781a810 code [0x000001c63781aac0, 0x000001c63781b7d8]
Event: 343.152 Thread 0x000001c64c609f10 21167   !   3       org.gradle.api.internal.artifacts.transform.AbstractTransformExecution$2::call (114 bytes)
Event: 343.169 Thread 0x000001c64c609f10 nmethod 21167 0x000001c637818a10 code [0x000001c637818ce0, 0x000001c637819ee8]
Event: 343.169 Thread 0x000001c64c609f10 21171       3       com.esotericsoftware.kryo.io.Output::writeString_slow (238 bytes)
Event: 343.170 Thread 0x000001c64c609f10 nmethod 21171 0x000001c637817e10 code [0x000001c637818020, 0x000001c637818698]
Event: 343.170 Thread 0x000001c64c609f10 21168       3       org.gradle.internal.execution.steps.ExecuteStep$2::getWorkspace (8 bytes)
Event: 343.171 Thread 0x000001c64c609f10 nmethod 21168 0x000001c637817a10 code [0x000001c637817ba0, 0x000001c637817d58]
Event: 343.171 Thread 0x000001c64c609f10 21169       3       org.gradle.api.internal.artifacts.transform.DefaultTransform::transform (53 bytes)
Event: 343.190 Thread 0x000001c64c5f75e0 nmethod 21165 0x000001c63e10e890 code [0x000001c63e10eaa0, 0x000001c63e10f3b8]
Event: 343.203 Thread 0x000001c64c609f10 nmethod 21169 0x000001c637816f90 code [0x000001c637817180, 0x000001c637817768]
Event: 344.630 Thread 0x000001c64c5f75e0 21172   !   4       java.io.File::mkdirs (67 bytes)
Event: 344.698 Thread 0x000001c64c5f75e0 nmethod 21172 0x000001c63e10fa10 code [0x000001c63e10fe00, 0x000001c63e112d70]

GC Heap History (20 events):
Event: 283.141 GC heap before
{Heap before GC invocations=126 (full 0):
 garbage-first heap   total 1438720K, used 1063203K [0x0000000080000000, 0x0000000100000000)
  region size 1024K, 7 young (7168K), 1 survivors (1024K)
 Metaspace       used 110894K, committed 112576K, reserved 557056K
  class space    used 15212K, committed 16000K, reserved 425984K
}
Event: 283.148 GC heap after
{Heap after GC invocations=127 (full 0):
 garbage-first heap   total 1438720K, used 982439K [0x0000000080000000, 0x0000000100000000)
  region size 1024K, 1 young (1024K), 1 survivors (1024K)
 Metaspace       used 110894K, committed 112576K, reserved 557056K
  class space    used 15212K, committed 16000K, reserved 425984K
}
Event: 283.248 GC heap before
{Heap before GC invocations=127 (full 0):
 garbage-first heap   total 1438720K, used 987559K [0x0000000080000000, 0x0000000100000000)
  region size 1024K, 2 young (2048K), 1 survivors (1024K)
 Metaspace       used 110894K, committed 112576K, reserved 557056K
  class space    used 15212K, committed 16000K, reserved 425984K
}
Event: 283.251 GC heap after
{Heap after GC invocations=128 (full 0):
 garbage-first heap   total 1438720K, used 984490K [0x0000000080000000, 0x0000000100000000)
  region size 1024K, 1 young (1024K), 1 survivors (1024K)
 Metaspace       used 110894K, committed 112576K, reserved 557056K
  class space    used 15212K, committed 16000K, reserved 425984K
}
Event: 289.766 GC heap before
{Heap before GC invocations=129 (full 0):
 garbage-first heap   total 1681408K, used 1398186K [0x0000000080000000, 0x0000000100000000)
  region size 1024K, 268 young (274432K), 1 survivors (1024K)
 Metaspace       used 110920K, committed 112640K, reserved 557056K
  class space    used 15214K, committed 16000K, reserved 425984K
}
Event: 289.785 GC heap after
{Heap after GC invocations=130 (full 0):
 garbage-first heap   total 1681408K, used 1017250K [0x0000000080000000, 0x0000000100000000)
  region size 1024K, 5 young (5120K), 5 survivors (5120K)
 Metaspace       used 110920K, committed 112640K, reserved 557056K
  class space    used 15214K, committed 16000K, reserved 425984K
}
Event: 289.913 GC heap before
{Heap before GC invocations=130 (full 0):
 garbage-first heap   total 1681408K, used 1095074K [0x0000000080000000, 0x0000000100000000)
  region size 1024K, 82 young (83968K), 5 survivors (5120K)
 Metaspace       used 110938K, committed 112640K, reserved 557056K
  class space    used 15214K, committed 16000K, reserved 425984K
}
Event: 289.948 GC heap after
{Heap after GC invocations=131 (full 0):
 garbage-first heap   total 1681408K, used 1015007K [0x0000000080000000, 0x0000000100000000)
  region size 1024K, 6 young (6144K), 6 survivors (6144K)
 Metaspace       used 110938K, committed 112640K, reserved 557056K
  class space    used 15214K, committed 16000K, reserved 425984K
}
Event: 292.068 GC heap before
{Heap before GC invocations=131 (full 0):
 garbage-first heap   total 1681408K, used 1468639K [0x0000000080000000, 0x0000000100000000)
  region size 1024K, 445 young (455680K), 6 survivors (6144K)
 Metaspace       used 111025K, committed 112768K, reserved 557056K
  class space    used 15214K, committed 16000K, reserved 425984K
}
Event: 292.082 GC heap after
{Heap after GC invocations=132 (full 0):
 garbage-first heap   total 1681408K, used 1017865K [0x0000000080000000, 0x0000000100000000)
  region size 1024K, 9 young (9216K), 9 survivors (9216K)
 Metaspace       used 111025K, committed 112768K, reserved 557056K
  class space    used 15214K, committed 16000K, reserved 425984K
}
Event: 293.635 GC heap before
{Heap before GC invocations=132 (full 0):
 garbage-first heap   total 1681408K, used 1269769K [0x0000000080000000, 0x0000000100000000)
  region size 1024K, 257 young (263168K), 9 survivors (9216K)
 Metaspace       used 111149K, committed 112896K, reserved 557056K
  class space    used 15214K, committed 16000K, reserved 425984K
}
Event: 293.646 GC heap after
{Heap after GC invocations=133 (full 0):
 garbage-first heap   total 1681408K, used 1013729K [0x0000000080000000, 0x0000000100000000)
  region size 1024K, 5 young (5120K), 5 survivors (5120K)
 Metaspace       used 111149K, committed 112896K, reserved 557056K
  class space    used 15214K, committed 16000K, reserved 425984K
}
Event: 317.711 GC heap before
{Heap before GC invocations=134 (full 0):
 garbage-first heap   total 1719296K, used 1666017K [0x0000000080000000, 0x0000000100000000)
  region size 1024K, 455 young (465920K), 5 survivors (5120K)
 Metaspace       used 112429K, committed 114304K, reserved 557056K
  class space    used 15392K, committed 16256K, reserved 425984K
}
Event: 317.759 GC heap after
{Heap after GC invocations=135 (full 0):
 garbage-first heap   total 1719296K, used 820297K [0x0000000080000000, 0x0000000100000000)
  region size 1024K, 10 young (10240K), 10 survivors (10240K)
 Metaspace       used 112429K, committed 114304K, reserved 557056K
  class space    used 15392K, committed 16256K, reserved 425984K
}
Event: 339.850 GC heap before
{Heap before GC invocations=135 (full 0):
 garbage-first heap   total 1719296K, used 1444937K [0x0000000080000000, 0x0000000100000000)
  region size 1024K, 83 young (84992K), 10 survivors (10240K)
 Metaspace       used 112486K, committed 114304K, reserved 557056K
  class space    used 15393K, committed 16256K, reserved 425984K
}
Event: 340.290 GC heap after
{Heap after GC invocations=136 (full 0):
 garbage-first heap   total 1719296K, used 938465K [0x0000000080000000, 0x0000000100000000)
  region size 1024K, 4 young (4096K), 4 survivors (4096K)
 Metaspace       used 112486K, committed 114304K, reserved 557056K
  class space    used 15393K, committed 16256K, reserved 425984K
}
Event: 340.865 GC heap before
{Heap before GC invocations=136 (full 0):
 garbage-first heap   total 1719296K, used 1084897K [0x0000000080000000, 0x0000000100000000)
  region size 1024K, 12 young (12288K), 4 survivors (4096K)
 Metaspace       used 112486K, committed 114304K, reserved 557056K
  class space    used 15393K, committed 16256K, reserved 425984K
}
Event: 341.257 GC heap after
{Heap after GC invocations=137 (full 0):
 garbage-first heap   total 1719296K, used 971166K [0x0000000080000000, 0x0000000100000000)
  region size 1024K, 4 young (4096K), 4 survivors (4096K)
 Metaspace       used 112486K, committed 114304K, reserved 557056K
  class space    used 15393K, committed 16256K, reserved 425984K
}
Event: 341.314 GC heap before
{Heap before GC invocations=137 (full 0):
 garbage-first heap   total 1719296K, used 981406K [0x0000000080000000, 0x0000000100000000)
  region size 1024K, 6 young (6144K), 4 survivors (4096K)
 Metaspace       used 112486K, committed 114304K, reserved 557056K
  class space    used 15393K, committed 16256K, reserved 425984K
}
Event: 341.322 GC heap after
{Heap after GC invocations=138 (full 0):
 garbage-first heap   total 1719296K, used 975020K [0x0000000080000000, 0x0000000100000000)
  region size 1024K, 3 young (3072K), 3 survivors (3072K)
 Metaspace       used 112486K, committed 114304K, reserved 557056K
  class space    used 15393K, committed 16256K, reserved 425984K
}

Dll operation events (15 events):
Event: 0.042 Loaded shared library C:\Program Files\Eclipse Adoptium\jdk-17.0.18.8-hotspot\bin\java.dll
Event: 0.091 Loaded shared library C:\Program Files\Eclipse Adoptium\jdk-17.0.18.8-hotspot\bin\jsvml.dll
Event: 0.251 Loaded shared library C:\Program Files\Eclipse Adoptium\jdk-17.0.18.8-hotspot\bin\zip.dll
Event: 0.262 Loaded shared library C:\Program Files\Eclipse Adoptium\jdk-17.0.18.8-hotspot\bin\instrument.dll
Event: 0.269 Loaded shared library C:\Program Files\Eclipse Adoptium\jdk-17.0.18.8-hotspot\bin\net.dll
Event: 0.277 Loaded shared library C:\Program Files\Eclipse Adoptium\jdk-17.0.18.8-hotspot\bin\nio.dll
Event: 0.285 Loaded shared library C:\Program Files\Eclipse Adoptium\jdk-17.0.18.8-hotspot\bin\zip.dll
Event: 1.306 Loaded shared library C:\Program Files\Eclipse Adoptium\jdk-17.0.18.8-hotspot\bin\jimage.dll
Event: 1.530 Loaded shared library C:\Program Files\Eclipse Adoptium\jdk-17.0.18.8-hotspot\bin\verify.dll
Event: 2.416 Loaded shared library C:\Users\HP\.gradle\native\68d5fa5c4cc2d200863cafc0d521ce42e7d3e7ee720ec0a83991735586a16f82\windows-amd64\native-platform.dll
Event: 2.453 Loaded shared library C:\Users\HP\.gradle\native\e376f236ea51e6404a007f0833ffe2c6e607c4080706a723a18a27aeea778392\windows-amd64\native-platform-file-events.dll
Event: 6.778 Loaded shared library C:\Program Files\Eclipse Adoptium\jdk-17.0.18.8-hotspot\bin\management.dll
Event: 6.826 Loaded shared library C:\Program Files\Eclipse Adoptium\jdk-17.0.18.8-hotspot\bin\management_ext.dll
Event: 7.572 Loaded shared library C:\Program Files\Eclipse Adoptium\jdk-17.0.18.8-hotspot\bin\extnet.dll
Event: 8.287 Loaded shared library C:\Program Files\Eclipse Adoptium\jdk-17.0.18.8-hotspot\bin\sunmscapi.dll

Deoptimization events (20 events):
Event: 315.719 Thread 0x000001c6776fced0 DEOPT PACKING pc=0x000001c63da5c5a0 sp=0x000000032e8fa610
Event: 315.722 Thread 0x000001c6776fced0 DEOPT UNPACKING pc=0x000001c63ce569a3 sp=0x000000032e8fa550 mode 2
Event: 316.235 Thread 0x000001c66d689f70 DEOPT PACKING pc=0x000001c6361f0f7b sp=0x0000000325efe9b0
Event: 316.236 Thread 0x000001c66d689f70 DEOPT UNPACKING pc=0x000001c63ce57143 sp=0x0000000325efde68 mode 0
Event: 316.923 Thread 0x000001c6776fb070 Uncommon trap: trap_request=0xffffff45 fr.pc=0x000001c63dc6aeec relative=0x00000000000012ac
Event: 316.923 Thread 0x000001c6776fb070 Uncommon trap: reason=unstable_if action=reinterpret pc=0x000001c63dc6aeec method=java.util.concurrent.ConcurrentHashMap.transfer([Ljava/util/concurrent/ConcurrentHashMap$Node;[Ljava/util/concurrent/ConcurrentHashMap$Node;)V @ 347 c2
Event: 316.923 Thread 0x000001c6776fb070 DEOPT PACKING pc=0x000001c63dc6aeec sp=0x000000032eefe0f0
Event: 316.923 Thread 0x000001c6776fb070 DEOPT UNPACKING pc=0x000001c63ce569a3 sp=0x000000032eefe080 mode 2
Event: 329.011 Thread 0x000001c6776fe310 Uncommon trap: trap_request=0xffffffc6 fr.pc=0x000001c63e08932c relative=0x000000000000026c
Event: 329.011 Thread 0x000001c6776fe310 Uncommon trap: reason=bimorphic_or_optimized_type_check action=maybe_recompile pc=0x000001c63e08932c method=java.io.BufferedOutputStream.flushBuffer()V @ 20 c2
Event: 329.011 Thread 0x000001c6776fe310 DEOPT PACKING pc=0x000001c63e08932c sp=0x000000032f4fb540
Event: 329.011 Thread 0x000001c6776fe310 DEOPT UNPACKING pc=0x000001c63ce569a3 sp=0x000000032f4fb480 mode 2
Event: 331.440 Thread 0x000001c66d68a990 Uncommon trap: trap_request=0xffffff45 fr.pc=0x000001c63e0b0860 relative=0x0000000000001d80
Event: 331.440 Thread 0x000001c66d68a990 Uncommon trap: reason=unstable_if action=reinterpret pc=0x000001c63e0b0860 method=org.gradle.cache.internal.btree.FileBackedBlockStore$BlockImpl.write()V @ 124 c2
Event: 331.440 Thread 0x000001c66d68a990 DEOPT PACKING pc=0x000001c63e0b0860 sp=0x00000003260fe8d0
Event: 331.441 Thread 0x000001c66d68a990 DEOPT UNPACKING pc=0x000001c63ce569a3 sp=0x00000003260fe7d0 mode 2
Event: 331.467 Thread 0x000001c66e2eafd0 Uncommon trap: trap_request=0xffffff45 fr.pc=0x000001c63e04cd8c relative=0x0000000000003eac
Event: 331.467 Thread 0x000001c66e2eafd0 Uncommon trap: reason=unstable_if action=reinterpret pc=0x000001c63e04cd8c method=org.gradle.cache.internal.btree.FreeListBlockStore$FreeListBlock.alloc(Lorg/gradle/cache/internal/btree/Block;)V @ 72 c2
Event: 331.467 Thread 0x000001c66e2eafd0 DEOPT PACKING pc=0x000001c63e04cd8c sp=0x0000000326ffef70
Event: 331.467 Thread 0x000001c66e2eafd0 DEOPT UNPACKING pc=0x000001c63ce569a3 sp=0x0000000326ffef78 mode 2

Classes loaded (20 events):
Event: 299.811 Loading class java/io/BufferedWriterBeanInfo
Event: 299.813 Loading class java/io/BufferedWriterBeanInfo done
Event: 299.813 Loading class java/io/BufferedWriterBeanInfo
Event: 299.814 Loading class java/io/BufferedWriterBeanInfo done
Event: 299.814 Loading class java/io/WriterBeanInfo
Event: 299.814 Loading class java/io/WriterBeanInfo done
Event: 299.814 Loading class java/io/WriterBeanInfo
Event: 299.814 Loading class java/io/WriterBeanInfo done
Event: 299.814 Loading class java/io/WriterCustomizer
Event: 299.814 Loading class java/io/WriterCustomizer done
Event: 299.815 Loading class java/io/WriterCustomizer
Event: 299.815 Loading class java/io/WriterCustomizer done
Event: 299.815 Loading class java/io/BufferedWriterCustomizer
Event: 299.816 Loading class java/io/BufferedWriterCustomizer done
Event: 299.816 Loading class java/io/BufferedWriterCustomizer
Event: 299.816 Loading class java/io/BufferedWriterCustomizer done
Event: 328.931 Loading class java/util/jar/JarOutputStream
Event: 328.982 Loading class java/util/jar/JarOutputStream done
Event: 329.003 Loading class java/util/zip/ZipOutputStream$XEntry
Event: 329.009 Loading class java/util/zip/ZipOutputStream$XEntry done

Classes unloaded (10 events):
Event: 234.231 Thread 0x000001c64c5d58c0 Unloading class 0x000001c64ef86800 'java/lang/invoke/LambdaForm$DMH+0x000001c64ef86800'
Event: 234.237 Thread 0x000001c64c5d58c0 Unloading class 0x000001c64ef86400 'java/lang/invoke/LambdaForm$DMH+0x000001c64ef86400'
Event: 234.237 Thread 0x000001c64c5d58c0 Unloading class 0x000001c64ef86000 'java/lang/invoke/LambdaForm$DMH+0x000001c64ef86000'
Event: 234.237 Thread 0x000001c64c5d58c0 Unloading class 0x000001c64ef85c00 'java/lang/invoke/LambdaForm$DMH+0x000001c64ef85c00'
Event: 234.237 Thread 0x000001c64c5d58c0 Unloading class 0x000001c64ef85800 'java/lang/invoke/LambdaForm$DMH+0x000001c64ef85800'
Event: 234.237 Thread 0x000001c64c5d58c0 Unloading class 0x000001c64ef85400 'java/lang/invoke/LambdaForm$DMH+0x000001c64ef85400'
Event: 234.237 Thread 0x000001c64c5d58c0 Unloading class 0x000001c64ef85000 'java/lang/invoke/LambdaForm$DMH+0x000001c64ef85000'
Event: 234.237 Thread 0x000001c64c5d58c0 Unloading class 0x000001c64ef84c00 'java/lang/invoke/LambdaForm$DMH+0x000001c64ef84c00'
Event: 234.237 Thread 0x000001c64c5d58c0 Unloading class 0x000001c64ef84800 'java/lang/invoke/LambdaForm$DMH+0x000001c64ef84800'
Event: 234.237 Thread 0x000001c64c5d58c0 Unloading class 0x000001c64ef84400 'java/lang/invoke/LambdaForm$DMH+0x000001c64ef84400'

Classes redefined (0 events):
No events

Internal exceptions (20 events):
Event: 302.279 Thread 0x000001c66fc422e0 Exception <a 'sun/nio/fs/WindowsException'{0x00000000d2ff7910}> (0x00000000d2ff7910) 
thrown [s\src\hotspot\share\prims\jni.cpp, line 516]
Event: 302.279 Thread 0x000001c66fc422e0 Exception <a 'sun/nio/fs/WindowsException'{0x00000000d2ff7aa8}> (0x00000000d2ff7aa8) 
thrown [s\src\hotspot\share\prims\jni.cpp, line 516]
Event: 302.597 Thread 0x000001c66fc418c0 Exception <a 'sun/nio/fs/WindowsException'{0x00000000d2c5eef8}> (0x00000000d2c5eef8) 
thrown [s\src\hotspot\share\prims\jni.cpp, line 516]
Event: 302.598 Thread 0x000001c66fc418c0 Exception <a 'sun/nio/fs/WindowsException'{0x00000000d2c600a8}> (0x00000000d2c600a8) 
thrown [s\src\hotspot\share\prims\jni.cpp, line 516]
Event: 302.598 Thread 0x000001c66fc418c0 Exception <a 'sun/nio/fs/WindowsException'{0x00000000d2c60258}> (0x00000000d2c60258) 
thrown [s\src\hotspot\share\prims\jni.cpp, line 516]
Event: 302.765 Thread 0x000001c66fc422e0 Exception <a 'sun/nio/fs/WindowsException'{0x00000000d2cdfce0}> (0x00000000d2cdfce0) 
thrown [s\src\hotspot\share\prims\jni.cpp, line 516]
Event: 302.765 Thread 0x000001c66fc422e0 Exception <a 'sun/nio/fs/WindowsException'{0x00000000d2ce0ba0}> (0x00000000d2ce0ba0) 
thrown [s\src\hotspot\share\prims\jni.cpp, line 516]
Event: 302.765 Thread 0x000001c66fc422e0 Exception <a 'sun/nio/fs/WindowsException'{0x00000000d2ce0d28}> (0x00000000d2ce0d28) 
thrown [s\src\hotspot\share\prims\jni.cpp, line 516]
Event: 302.804 Thread 0x000001c66fc418c0 Exception <a 'sun/nio/fs/WindowsException'{0x00000000d2b29ce0}> (0x00000000d2b29ce0) 
thrown [s\src\hotspot\share\prims\jni.cpp, line 516]
Event: 302.806 Thread 0x000001c66fc418c0 Exception <a 'sun/nio/fs/WindowsException'{0x00000000d2b2abd8}> (0x00000000d2b2abd8) 
thrown [s\src\hotspot\share\prims\jni.cpp, line 516]
Event: 302.806 Thread 0x000001c66fc418c0 Exception <a 'sun/nio/fs/WindowsException'{0x00000000d2b2ad98}> (0x00000000d2b2ad98) 
thrown [s\src\hotspot\share\prims\jni.cpp, line 516]
Event: 302.833 Thread 0x000001c66fc413b0 Exception <a 'sun/nio/fs/WindowsException'{0x00000000d2b59e48}> (0x00000000d2b59e48) 
thrown [s\src\hotspot\share\prims\jni.cpp, line 516]
Event: 302.834 Thread 0x000001c66fc413b0 Exception <a 'sun/nio/fs/WindowsException'{0x00000000d2b5afb0}> (0x00000000d2b5afb0) 
thrown [s\src\hotspot\share\prims\jni.cpp, line 516]
Event: 302.834 Thread 0x000001c66fc413b0 Exception <a 'sun/nio/fs/WindowsException'{0x00000000d2b5b148}> (0x00000000d2b5b148) 
thrown [s\src\hotspot\share\prims\jni.cpp, line 516]
Event: 302.864 Thread 0x000001c66fc45070 Exception <a 'sun/nio/fs/WindowsException'{0x00000000d2b79170}> (0x00000000d2b79170) 
thrown [s\src\hotspot\share\prims\jni.cpp, line 516]
Event: 302.864 Thread 0x000001c66fc45070 Exception <a 'sun/nio/fs/WindowsException'{0x00000000d2b7a040}> (0x00000000d2b7a040) 
thrown [s\src\hotspot\share\prims\jni.cpp, line 516]
Event: 302.865 Thread 0x000001c66fc45070 Exception <a 'sun/nio/fs/WindowsException'{0x00000000d2b7a1d8}> (0x00000000d2b7a1d8) 
thrown [s\src\hotspot\share\prims\jni.cpp, line 516]
Event: 306.301 Thread 0x000001c6776fc9c0 Exception <a 'sun/nio/fs/WindowsException'{0x00000000d0e7b4a0}> (0x00000000d0e7b4a0) 
thrown [s\src\hotspot\share\prims\jni.cpp, line 516]
Event: 307.483 Thread 0x000001c6776fd3e0 Exception <a 'sun/nio/fs/WindowsException'{0x00000000cee2be58}> (0x00000000cee2be58) 
thrown [s\src\hotspot\share\prims\jni.cpp, line 516]
Event: 309.834 Thread 0x000001c6776fbfa0 Implicit null exception at 0x000001c63e068c08 to 0x000001c63e069318

VM Operations (20 events):
Event: 319.835 Executing VM operation: Cleanup
Event: 320.462 Executing VM operation: Cleanup done
Event: 321.476 Executing VM operation: Cleanup
Event: 321.476 Executing VM operation: Cleanup done
Event: 329.552 Executing VM operation: Cleanup
Event: 329.552 Executing VM operation: Cleanup done
Event: 331.582 Executing VM operation: Cleanup
Event: 331.582 Executing VM operation: Cleanup done
Event: 336.636 Executing VM operation: Cleanup
Event: 336.825 Executing VM operation: Cleanup done
Event: 337.962 Executing VM operation: G1CollectForAllocation
Event: 340.290 Executing VM operation: G1CollectForAllocation done
Event: 340.865 Executing VM operation: G1TryInitiateConcMark
Event: 341.261 Executing VM operation: G1TryInitiateConcMark done
Event: 341.314 Executing VM operation: G1TryInitiateConcMark
Event: 341.322 Executing VM operation: G1TryInitiateConcMark done
Event: 342.330 Executing VM operation: Cleanup
Event: 342.334 Executing VM operation: Cleanup done
Event: 343.343 Executing VM operation: Cleanup
Event: 343.934 Executing VM operation: Cleanup done

Memory protections (0 events):
No events

Nmethod flushes (20 events):
Event: 299.425 Thread 0x000001c64c60e500 flushing  nmethod 0x000001c6379bf590
Event: 299.425 Thread 0x000001c64c60e500 flushing osr nmethod 0x000001c6379c0b90
Event: 299.425 Thread 0x000001c64c60e500 flushing  nmethod 0x000001c6379ca990
Event: 299.425 Thread 0x000001c64c60e500 flushing  nmethod 0x000001c6379d1390
Event: 299.426 Thread 0x000001c64c60e500 flushing  nmethod 0x000001c637a18990
Event: 299.426 Thread 0x000001c64c60e500 flushing  nmethod 0x000001c637a1f610
Event: 299.426 Thread 0x000001c64c60e500 flushing  nmethod 0x000001c637a1f990
Event: 299.426 Thread 0x000001c64c60e500 flushing  nmethod 0x000001c637a22b10
Event: 299.426 Thread 0x000001c64c60e500 flushing  nmethod 0x000001c637a23310
Event: 299.426 Thread 0x000001c64c60e500 flushing  nmethod 0x000001c637a23b90
Event: 299.426 Thread 0x000001c64c60e500 flushing  nmethod 0x000001c637a24410
Event: 299.426 Thread 0x000001c64c60e500 flushing  nmethod 0x000001c637a24b90
Event: 299.426 Thread 0x000001c64c60e500 flushing  nmethod 0x000001c637a2f190
Event: 299.426 Thread 0x000001c64c60e500 flushing  nmethod 0x000001c637a6da10
Event: 299.426 Thread 0x000001c64c60e500 flushing  nmethod 0x000001c637a6e010
Event: 299.426 Thread 0x000001c64c60e500 flushing  nmethod 0x000001c637a82390
Event: 299.426 Thread 0x000001c64c60e500 flushing  nmethod 0x000001c637a86890
Event: 299.426 Thread 0x000001c64c60e500 flushing  nmethod 0x000001c637a9f210
Event: 299.426 Thread 0x000001c64c60e500 flushing  nmethod 0x000001c637aaa590
Event: 299.426 Thread 0x000001c64c60e500 flushing  nmethod 0x000001c637ad8d10

Events (20 events):
Event: 227.816 Thread 0x000001c677e9e4d0 Thread added: 0x000001c677e9e9e0
Event: 227.817 Thread 0x000001c677e9e4d0 Thread added: 0x000001c677e9eef0
Event: 227.817 Thread 0x000001c677e9e4d0 Thread added: 0x000001c677e9fe20
Event: 227.818 Thread 0x000001c677e9e4d0 Thread added: 0x000001c677ea0330
Event: 227.819 Thread 0x000001c677e9e4d0 Thread added: 0x000001c677e9f910
Event: 273.619 Thread 0x000001c66e6f7a10 Thread exited: 0x000001c66e6f7a10
Event: 299.105 Thread 0x000001c66fc44650 Thread added: 0x000001c6798cfdb0
Event: 300.324 Thread 0x000001c66fc44650 Thread added: 0x000001c6798ce460
Event: 300.364 Thread 0x000001c66fc45070 Thread added: 0x000001c6798cf8a0
Event: 300.399 Thread 0x000001c66fc418c0 Thread added: 0x000001c6798cee80
Event: 300.447 Thread 0x000001c66fc40ea0 Thread added: 0x000001c6798cda40
Event: 300.473 Thread 0x000001c66fc422e0 Thread added: 0x000001c6798d02c0
Event: 300.509 Thread 0x000001c66fc43720 Thread added: 0x000001c6798ce970
Event: 300.586 Thread 0x000001c66fc44140 Thread added: 0x000001c6798cdf50
Event: 300.641 Thread 0x000001c66fc413b0 Thread added: 0x000001c6798cd530
Event: 300.697 Thread 0x000001c66fc422e0 Thread added: 0x000001c6798d07d0
Event: 300.740 Thread 0x000001c66fc413b0 Thread added: 0x000001c6798cd020
Event: 300.949 Thread 0x000001c66fc422e0 Thread added: 0x000001c6798d11f0
Event: 301.284 Thread 0x000001c66fc40ea0 Thread added: 0x000001c6798d3a70
Event: 333.639 Thread 0x000001c66e6f6ff0 Thread exited: 0x000001c66e6f6ff0


Dynamic libraries:
0x00007ff744d30000 - 0x00007ff744d3e000 	C:\Program Files\Eclipse Adoptium\jdk-17.0.18.8-hotspot\bin\java.exe
0x00007ffa42c60000 - 0x00007ffa42ec6000 	C:\WINDOWS\SYSTEM32\ntdll.dll
0x00007ffa41bd0000 - 0x00007ffa41c99000 	C:\WINDOWS\System32\KERNEL32.DLL
0x00007ffa40240000 - 0x00007ffa4063e000 	C:\WINDOWS\System32\KERNELBASE.dll
0x00007ffa40650000 - 0x00007ffa4079c000 	C:\WINDOWS\System32\ucrtbase.dll
0x00007ffa3a6f0000 - 0x00007ffa3a708000 	C:\Program Files\Eclipse Adoptium\jdk-17.0.18.8-hotspot\bin\jli.dll
0x00007ffa40ab0000 - 0x00007ffa40c77000 	C:\WINDOWS\System32\USER32.dll
0x00007ffa2fbd0000 - 0x00007ffa2fbee000 	C:\Program Files\Eclipse Adoptium\jdk-17.0.18.8-hotspot\bin\VCRUNTIME140.dll
0x00007ffa1c370000 - 0x00007ffa1c602000 	C:\WINDOWS\WinSxS\amd64_microsoft.windows.common-controls_6595b64144ccf1df_6.0.26100.8894_none_3e0f749ee32e02ea\COMCTL32.dll
0x00007ffa40210000 - 0x00007ffa40237000 	C:\WINDOWS\System32\win32u.dll
0x00007ffa42b20000 - 0x00007ffa42bc9000 	C:\WINDOWS\System32\msvcrt.dll
0x00007ffa42200000 - 0x00007ffa4222b000 	C:\WINDOWS\System32\GDI32.dll
0x00007ffa407b0000 - 0x00007ffa408da000 	C:\WINDOWS\System32\gdi32full.dll
0x00007ffa408e0000 - 0x00007ffa40983000 	C:\WINDOWS\System32\msvcp_win.dll
0x00007ffa429e0000 - 0x00007ffa42a12000 	C:\WINDOWS\System32\IMM32.DLL
0x00007ffa1cb40000 - 0x00007ffa1cb4c000 	C:\Program Files\Eclipse Adoptium\jdk-17.0.18.8-hotspot\bin\vcruntime140_1.dll
0x00007ffa0b230000 - 0x00007ffa0b2bd000 	C:\Program Files\Eclipse Adoptium\jdk-17.0.18.8-hotspot\bin\msvcp140.dll
0x00007ff9c1870000 - 0x00007ff9c24db000 	C:\Program Files\Eclipse Adoptium\jdk-17.0.18.8-hotspot\bin\server\jvm.dll
0x00007ffa427a0000 - 0x00007ffa42857000 	C:\WINDOWS\System32\ADVAPI32.dll
0x00007ffa42860000 - 0x00007ffa4290a000 	C:\WINDOWS\System32\sechost.dll
0x00007ffa40990000 - 0x00007ffa40aa8000 	C:\WINDOWS\System32\RPCRT4.dll
0x00007ffa423b0000 - 0x00007ffa42430000 	C:\WINDOWS\System32\WS2_32.dll
0x00007ffa3fce0000 - 0x00007ffa3fd3e000 	C:\WINDOWS\SYSTEM32\POWRPROF.dll
0x00007ffa2fe00000 - 0x00007ffa2fe0b000 	C:\WINDOWS\SYSTEM32\VERSION.dll
0x00007ffa3a2f0000 - 0x00007ffa3a326000 	C:\WINDOWS\SYSTEM32\WINMM.dll
0x00007ffa3fcc0000 - 0x00007ffa3fcd4000 	C:\WINDOWS\SYSTEM32\UMPDC.dll
0x00007ffa3eac0000 - 0x00007ffa3eadb000 	C:\WINDOWS\SYSTEM32\kernel.appcore.dll
0x00007ffa1c950000 - 0x00007ffa1c95a000 	C:\Program Files\Eclipse Adoptium\jdk-17.0.18.8-hotspot\bin\jimage.dll
0x00007ffa3d100000 - 0x00007ffa3d342000 	C:\WINDOWS\SYSTEM32\DBGHELP.DLL
0x00007ffa40df0000 - 0x00007ffa41173000 	C:\WINDOWS\System32\combase.dll
0x00007ffa411a0000 - 0x00007ffa41279000 	C:\WINDOWS\System32\OLEAUT32.dll
0x00007ffa0cf60000 - 0x00007ffa0cf9b000 	C:\WINDOWS\SYSTEM32\dbgcore.DLL
0x00007ffa3fe80000 - 0x00007ffa3ff2c000 	C:\WINDOWS\System32\bcryptPrimitives.dll
0x00007ffa19e90000 - 0x00007ffa19e9e000 	C:\Program Files\Eclipse Adoptium\jdk-17.0.18.8-hotspot\bin\instrument.dll
0x00007ffa14970000 - 0x00007ffa14995000 	C:\Program Files\Eclipse Adoptium\jdk-17.0.18.8-hotspot\bin\java.dll
0x00007ffa0b150000 - 0x00007ffa0b227000 	C:\Program Files\Eclipse Adoptium\jdk-17.0.18.8-hotspot\bin\jsvml.dll
0x00007ffa41290000 - 0x00007ffa41a22000 	C:\WINDOWS\System32\SHELL32.dll
0x00007ffa3d8f0000 - 0x00007ffa3e182000 	C:\WINDOWS\SYSTEM32\windows.storage.dll
0x00007ffa42a20000 - 0x00007ffa42b17000 	C:\WINDOWS\System32\SHCORE.dll
0x00007ffa42130000 - 0x00007ffa42197000 	C:\WINDOWS\System32\shlwapi.dll
0x00007ffa3fda0000 - 0x00007ffa3fdc9000 	C:\WINDOWS\SYSTEM32\profapi.dll
0x00007ffa1a3e0000 - 0x00007ffa1a3f8000 	C:\Program Files\Eclipse Adoptium\jdk-17.0.18.8-hotspot\bin\zip.dll
0x00007ffa1b880000 - 0x00007ffa1b89a000 	C:\Program Files\Eclipse Adoptium\jdk-17.0.18.8-hotspot\bin\net.dll
0x00007ffa32050000 - 0x00007ffa32177000 	C:\WINDOWS\SYSTEM32\WINHTTP.dll
0x00007ffa3f110000 - 0x00007ffa3f17c000 	C:\WINDOWS\system32\mswsock.dll
0x00007ffa1a9f0000 - 0x00007ffa1aa06000 	C:\Program Files\Eclipse Adoptium\jdk-17.0.18.8-hotspot\bin\nio.dll
0x00007ffa1acf0000 - 0x00007ffa1ad00000 	C:\Program Files\Eclipse Adoptium\jdk-17.0.18.8-hotspot\bin\verify.dll
0x00007ffa0b0a0000 - 0x00007ffa0b0c7000 	C:\Users\HP\.gradle\native\68d5fa5c4cc2d200863cafc0d521ce42e7d3e7ee720ec0a83991735586a16f82\windows-amd64\native-platform.dll
0x00007ffa0af50000 - 0x00007ffa0b094000 	C:\Users\HP\.gradle\native\e376f236ea51e6404a007f0833ffe2c6e607c4080706a723a18a27aeea778392\windows-amd64\native-platform-file-events.dll
0x00007ffa1ac80000 - 0x00007ffa1ac8a000 	C:\Program Files\Eclipse Adoptium\jdk-17.0.18.8-hotspot\bin\management.dll
0x00007ffa1a500000 - 0x00007ffa1a50c000 	C:\Program Files\Eclipse Adoptium\jdk-17.0.18.8-hotspot\bin\management_ext.dll
0x00007ffa42460000 - 0x00007ffa42468000 	C:\WINDOWS\System32\PSAPI.DLL
0x00007ffa3f410000 - 0x00007ffa3f42b000 	C:\WINDOWS\SYSTEM32\CRYPTSP.dll
0x00007ffa3eae0000 - 0x00007ffa3eb19000 	C:\WINDOWS\system32\rsaenh.dll
0x00007ffa3f1d0000 - 0x00007ffa3f202000 	C:\WINDOWS\SYSTEM32\USERENV.dll
0x00007ffa3fd70000 - 0x00007ffa3fd9a000 	C:\WINDOWS\SYSTEM32\bcrypt.dll
0x00007ffa3f430000 - 0x00007ffa3f43c000 	C:\WINDOWS\SYSTEM32\CRYPTBASE.dll
0x00007ffa3e530000 - 0x00007ffa3e563000 	C:\WINDOWS\SYSTEM32\IPHLPAPI.DLL
0x00007ffa429a0000 - 0x00007ffa429aa000 	C:\WINDOWS\System32\NSI.dll
0x00007ffa3a240000 - 0x00007ffa3a25d000 	C:\WINDOWS\SYSTEM32\dhcpcsvc6.DLL
0x00007ffa3a1f0000 - 0x00007ffa3a215000 	C:\WINDOWS\SYSTEM32\dhcpcsvc.DLL
0x00007ffa3e5d0000 - 0x00007ffa3e726000 	C:\WINDOWS\SYSTEM32\DNSAPI.dll
0x00007ffa3eef0000 - 0x00007ffa3eefd000 	C:\WINDOWS\SYSTEM32\DSPARSE.dll
0x00007ffa19ea0000 - 0x00007ffa19ea9000 	C:\Program Files\Eclipse Adoptium\jdk-17.0.18.8-hotspot\bin\extnet.dll
0x00007ffa19e20000 - 0x00007ffa19e2e000 	C:\Program Files\Eclipse Adoptium\jdk-17.0.18.8-hotspot\bin\sunmscapi.dll
0x00007ffa3ffd0000 - 0x00007ffa40148000 	C:\WINDOWS\System32\CRYPT32.dll
0x00007ffa3f650000 - 0x00007ffa3f680000 	C:\WINDOWS\SYSTEM32\ncrypt.dll
0x00007ffa3f600000 - 0x00007ffa3f63f000 	C:\WINDOWS\SYSTEM32\NTASN1.dll
0x00007ffa0c130000 - 0x00007ffa0c138000 	C:\WINDOWS\system32\wshunix.dll
0x00007ffa1a960000 - 0x00007ffa1a978000 	C:\WINDOWS\system32\napinsp.dll
0x00007ffa1a940000 - 0x00007ffa1a953000 	C:\WINDOWS\System32\winrnr.dll
0x00007ffa1a9a0000 - 0x00007ffa1a9c2000 	C:\WINDOWS\system32\nlansp_c.dll
0x00007ffa07e20000 - 0x00007ffa07e36000 	C:\WINDOWS\system32\wshbth.dll
0x00007ffa31ea0000 - 0x00007ffa31eab000 	C:\Windows\System32\rasadhlp.dll
0x00007ffa39b30000 - 0x00007ffa39bb6000 	C:\WINDOWS\System32\fwpuclnt.dll
0x00007ffa3ec90000 - 0x00007ffa3ecc6000 	C:\WINDOWS\SYSTEM32\ntmarta.dll

dbghelp: loaded successfully - version: 4.0.5 - missing functions: none
symbol engine: initialized successfully - sym options: 0x614 - pdb path: .;C:\Program Files\Eclipse Adoptium\jdk-17.0.18.8-hotspot\bin;C:\WINDOWS\SYSTEM32;C:\WINDOWS\WinSxS\amd64_microsoft.windows.common-controls_6595b64144ccf1df_6.0.26100.8894_none_3e0f749ee32e02ea;C:\Program Files\Eclipse Adoptium\jdk-17.0.18.8-hotspot\bin\server;C:\Users\HP\.gradle\native\68d5fa5c4cc2d200863cafc0d521ce42e7d3e7ee720ec0a83991735586a16f82\windows-amd64;C:\Users\HP\.gradle\native\e376f236ea51e6404a007f0833ffe2c6e607c4080706a723a18a27aeea778392\windows-amd64

VM Arguments:
jvm_args: -XX:MaxMetaspaceSize=512m --add-opens=java.base/java.util=ALL-UNNAMED --add-opens=java.base/java.lang=ALL-UNNAMED --add-opens=java.base/java.lang.invoke=ALL-UNNAMED --add-opens=java.prefs/java.util.prefs=ALL-UNNAMED --add-opens=java.base/java.nio.charset=ALL-UNNAMED --add-opens=java.base/java.net=ALL-UNNAMED --add-opens=java.base/java.util.concurrent.atomic=ALL-UNNAMED -Xmx2048m -Dfile.encoding=windows-1252 -Duser.country=ID -Duser.language=en -Duser.variant -javaagent:C:\Users\HP\.gradle\wrapper\dists\gradle-8.3-all\6en3ugtfdg5xnpx44z4qbwgas\gradle-8.3\lib\agents\gradle-instrumentation-agent-8.3.jar 
java_command: org.gradle.launcher.daemon.bootstrap.GradleDaemon 8.3
java_class_path (initial): C:\Users\HP\.gradle\wrapper\dists\gradle-8.3-all\6en3ugtfdg5xnpx44z4qbwgas\gradle-8.3\lib\gradle-launcher-8.3.jar
Launcher Type: SUN_STANDARD

[Global flags]
     intx CICompilerCount                          = 4                                         {product} {ergonomic}
   size_t CompressedClassSpaceSize                 = 436207616                                 {product} {ergonomic}
     uint ConcGCThreads                            = 3                                         {product} {ergonomic}
     uint G1ConcRefinementThreads                  = 10                                        {product} {ergonomic}
   size_t G1HeapRegionSize                         = 1048576                                   {product} {ergonomic}
    uintx GCDrainStackTargetSize                   = 64                                        {product} {ergonomic}
   size_t InitialHeapSize                          = 130023424                                 {product} {ergonomic}
   size_t MarkStackSize                            = 4194304                                   {product} {ergonomic}
   size_t MaxHeapSize                              = 2147483648                                {product} {command line}
   size_t MaxMetaspaceSize                         = 536870912                                 {product} {command line}
   size_t MaxNewSize                               = 1287651328                                {product} {ergonomic}
   size_t MinHeapDeltaBytes                        = 1048576                                   {product} {ergonomic}
   size_t MinHeapSize                              = 8388608                                   {product} {ergonomic}
    uintx NonNMethodCodeHeapSize                   = 5839372                                {pd product} {ergonomic}
    uintx NonProfiledCodeHeapSize                  = 122909434                              {pd product} {ergonomic}
    uintx ProfiledCodeHeapSize                     = 122909434                              {pd product} {ergonomic}
    uintx ReservedCodeCacheSize                    = 251658240                              {pd product} {ergonomic}
     bool SegmentedCodeCache                       = true                                      {product} {ergonomic}
   size_t SoftMaxHeapSize                          = 2147483648                             {manageable} {ergonomic}
     bool UseCompressedClassPointers               = true                           {product lp64_product} {ergonomic}
     bool UseCompressedOops                        = true                           {product lp64_product} {ergonomic}
     bool UseG1GC                                  = true                                      {product} {ergonomic}
     bool UseLargePagesIndividualAllocation        = false                                  {pd product} {ergonomic}

Logging:
Log output configuration:
 #0: stdout all=warning uptime,level,tags
 #1: stderr all=off uptime,level,tags

Environment Variables:
JAVA_HOME=C:\Program Files\Eclipse Adoptium\jdk-17.0.18.8-hotspot\
CLASSPATH=D:\my project\packing_frontend\android\\gradle\wrapper\gradle-wrapper.jar
PATH=D:\my project\packing_frontend\node_modules\.bin;D:\my project\packing_frontend\node_modules\.bin;D:\my project\node_modules\.bin;D:\node_modules\.bin;C:\Program Files\nodejs\node_modules\npm\node_modules\@npmcli\run-script\lib\node-gyp-bin;C:\Program Files\PowerShell\7;c:\Users\HP\AppData\Roaming\Code\User\globalStorage\github.copilot-chat\debugCommand;c:\Users\HP\AppData\Roaming\Code\User\globalStorage\github.copilot-chat\copilotCli;D:\Borland\Delphi7\Bin;D:\Borland\Delphi7\Projects\Bpl\;C:\Program Files\Eclipse Adoptium\jdk-17.0.18.8-hotspot\bin;C:\windows\system32;C:\windows;C:\windows\System32\Wbem;C:\windows\System32\WindowsPowerShell\v1.0\;C:\windows\System32\OpenSSH\;C:\Program Files\dotnet\;C:\Program Files\nodejs\;C:\Program Files\Git\cmd;C:\WINDOWS\system32;C:\WINDOWS;C:\WINDOWS\System32\Wbem;C:\WINDOWS\System32\WindowsPowerShell\v1.0\;C:\WINDOWS\System32\OpenSSH\;C:\Program Files\WireGuard\;C:\Program Files\PowerShell\7\;C:\Users\HP\AppData\Local\Microsoft\WindowsApps;C:\Users\HP\.dotnet\tools;C:\Users\HP\AppData\Roaming\npm;C:\Users\HP\AppData\Local\Programs\Microsoft VS Code\bin;C:\Users\HP\AppData\Local\Android\Sdk\platform-tools;C:\Users\HP\AppData\Local\Android\Sdk\emulator;C:\Program Files (x86)\Developer Express Inc\Library\Delphi7;C:\development\flutter;;C:\Users\HP\AppData\Local\Programs\Ollama
USERNAME=HP
LANG=en_US.UTF-8
OS=Windows_NT
PROCESSOR_IDENTIFIER=Intel64 Family 6 Model 186 Stepping 3, GenuineIntel
TMP=C:\Users\HP\AppData\Local\Temp
TEMP=C:\Users\HP\AppData\Local\Temp



Periodic native trim disabled


---------------  S Y S T E M  ---------------

OS:
 Windows 11 , 64 bit Build 26100 (10.0.26100.8875)
OS uptime: 1 days 4:15 hours
Hyper-V role detected

CPU: total 12 (initial active 12) (6 cores per cpu, 2 threads per core) family 6 model 186 stepping 3 microcode 0x6134, cx8, cmov, fxsr, ht, mmx, 3dnowpref, sse, sse2, sse3, ssse3, sse4.1, sse4.2, popcnt, lzcnt, tsc, tscinvbit, avx, avx2, aes, erms, clmul, bmi1, bmi2, adx, sha, fma, vzeroupper, clflush, clflushopt, clwb, hv
Processor Information for all 12 processors :
  Max Mhz: 1400, Current Mhz: 1400, Mhz Limit: 1400

Memory: 4k page, system-wide physical 7903M (624M free)
TotalPageFile size 24287M (AvailPageFile size 28M)
current process WorkingSet (physical memory assigned to process): 837M, peak: 837M
current process commit charge ("private bytes"): 2275M, peak: 2276M

vm_info: OpenJDK 64-Bit Server VM (17.0.18+8) for windows-amd64 JRE (17.0.18+8), built on Jan 20 2026 22:28:22 by "admin" with MS VC++ 17.12 (VS2022)

END.
