#
# There is insufficient memory for the Java Runtime Environment to continue.
# Native memory allocation (mmap) failed to map 494927872 bytes. Error detail: G1 virtual space
# Possible reasons:
#   The system is out of physical RAM or swap space
#   This process is running with CompressedOops enabled, and the Java Heap may be blocking the growth of the native heap
# Possible solutions:
#   Reduce memory load on the system
#   Increase physical memory or swap space
#   Check if swap backing store is full
#   Decrease Java heap size (-Xmx/-Xms)
#   Decrease number of Java threads
#   Decrease Java thread stack sizes (-Xss)
#   Set larger code cache with -XX:ReservedCodeCacheSize=
#   JVM is running with Unscaled Compressed Oops mode in which the Java heap is
#     placed in the first 4GB address space. The Java Heap base address is the
#     maximum limit for the native heap growth. Please use -XX:HeapBaseMinAddress
#     to set the Java Heap base and to place the Java Heap above 4GB virtual address.
# This output file may be truncated or incomplete.
#
#  Out of Memory Error (os_windows.cpp:3618), pid=24960, tid=14040
#
# JRE version: OpenJDK Runtime Environment Temurin-17.0.18+8 (17.0.18+8) (build 17.0.18+8)
# Java VM: OpenJDK 64-Bit Server VM Temurin-17.0.18+8 (17.0.18+8, mixed mode, sharing, tiered, compressed oops, compressed class ptrs, g1 gc, windows-amd64)
# No core dump will be written. Minidumps are not enabled by default on client versions of Windows
#

---------------  S U M M A R Y ------------

Command Line: -XX:MaxMetaspaceSize=512m --add-opens=java.base/java.util=ALL-UNNAMED --add-opens=java.base/java.lang=ALL-UNNAMED --add-opens=java.base/java.lang.invoke=ALL-UNNAMED --add-opens=java.prefs/java.util.prefs=ALL-UNNAMED --add-opens=java.base/java.nio.charset=ALL-UNNAMED --add-opens=java.base/java.net=ALL-UNNAMED --add-opens=java.base/java.util.concurrent.atomic=ALL-UNNAMED -Xmx2048m -Dfile.encoding=windows-1252 -Duser.country=ID -Duser.language=en -Duser.variant -javaagent:C:\Users\HP\.gradle\wrapper\dists\gradle-8.3-all\6en3ugtfdg5xnpx44z4qbwgas\gradle-8.3\lib\agents\gradle-instrumentation-agent-8.3.jar org.gradle.launcher.daemon.bootstrap.GradleDaemon 8.3

Host: Intel(R) Core(TM) 5 120U, 12 cores, 7G,  Windows 11 , 64 bit Build 26100 (10.0.26100.9278)
Time: Mon Sep  7 13:07:08 2026 SE Asia Standard Time elapsed time: 77.939621 seconds (0d 0h 1m 17s)

---------------  T H R E A D  ---------------

Current thread (0x0000024aac104500):  VMThread "VM Thread" [stack: 0x000000a3b3700000,0x000000a3b3800000] [id=14040]

Stack: [0x000000a3b3700000,0x000000a3b3800000]
Native frames: (J=compiled Java code, j=interpreted, Vv=VM code, C=native code)
V  [jvm.dll+0x6846f9]
V  [jvm.dll+0x839ea5]
V  [jvm.dll+0x83b91e]
V  [jvm.dll+0x83bfa3]
V  [jvm.dll+0x248eff]
V  [jvm.dll+0x6814b9]
V  [jvm.dll+0x6762ba]
V  [jvm.dll+0x309257]
V  [jvm.dll+0x310826]
V  [jvm.dll+0x360d9e]
V  [jvm.dll+0x360fdd]
V  [jvm.dll+0x2e02dc]
V  [jvm.dll+0x2e3366]
V  [jvm.dll+0x2edaa4]
V  [jvm.dll+0x320d5d]
V  [jvm.dll+0x8407bd]
V  [jvm.dll+0x8414f3]
V  [jvm.dll+0x841a1f]
V  [jvm.dll+0x841e05]
V  [jvm.dll+0x841ece]
V  [jvm.dll+0x7eaaec]
V  [jvm.dll+0x6835c7]
C  [ucrtbase.dll+0x2cd30]
C  [KERNEL32.DLL+0x2ccb7]
C  [ntdll.dll+0xacaec]

VM_Operation (0x000000a3b33ffac0): G1PauseRemark, mode: safepoint, requested by thread 0x0000024a8c21c3b0


---------------  P R O C E S S  ---------------

Threads class SMR info:
_java_thread_list=0x0000024ad967dc20, length=241, elements={
0x0000024a8c1ab110, 0x0000024aac107940, 0x0000024aac108410, 0x0000024aac11f970,
0x0000024aac122350, 0x0000024aac122c20, 0x0000024aac1234f0, 0x0000024aac1281c0,
0x0000024aac9e0140, 0x0000024aac132af0, 0x0000024aac0f45e0, 0x0000024aacbb3dd0,
0x0000024acd751670, 0x0000024acd7dfae0, 0x0000024acd677830, 0x0000024acd816c00,
0x0000024acda0fd10, 0x0000024acd123520, 0x0000024acd122b00, 0x0000024acd1225f0,
0x0000024acd1220e0, 0x0000024acd123a30, 0x0000024ace0d07a0, 0x0000024ace0ccff0,
0x0000024ace0d0290, 0x0000024ace0ce430, 0x0000024ace0d0cb0, 0x0000024ace0cd500,
0x0000024ace0cfd80, 0x0000024ace0d11c0, 0x0000024ace0cee50, 0x0000024ace0cf360,
0x0000024ace0cda10, 0x0000024ace0d16d0, 0x0000024ace0cf870, 0x0000024ace0d4460,
0x0000024ace0d2600, 0x0000024ace0d2b10, 0x0000024ace0d4970, 0x0000024ace0d20f0,
0x0000024ace0d3020, 0x0000024ace0d1be0, 0x0000024ace0d3a40, 0x0000024ace0d3530,
0x0000024ace0d3f50, 0x0000024aacd69ed0, 0x0000024aacd6a3e0, 0x0000024aacd6b820,
0x0000024aacd6cc60, 0x0000024aacd6b310, 0x0000024aacd6bd30, 0x0000024aacd6c240,
0x0000024aacd6c750, 0x0000024aacd6e0a0, 0x0000024aacd6a8f0, 0x0000024aacd6e5b0,
0x0000024aacd6db90, 0x0000024aacd6ae00, 0x0000024aacd70920, 0x0000024aacd6eac0,
0x0000024aacd6d680, 0x0000024aacd6efd0, 0x0000024aacd6ff00, 0x0000024aacd70410,
0x0000024aacd6d170, 0x0000024aacd70e30, 0x0000024aacd71340, 0x0000024aacd71850,
0x0000024acffa5a80, 0x0000024acffa6ec0, 0x0000024acffa5f90, 0x0000024acffa64a0,
0x0000024acffa69b0, 0x0000024acffa5570, 0x0000024acffa78e0, 0x0000024acffa73d0,
0x0000024acffa7df0, 0x0000024acffa8300, 0x0000024acffa5060, 0x0000024acffabab0,
0x0000024acffaa160, 0x0000024acffa9230, 0x0000024acffa9740, 0x0000024acffab090,
0x0000024acffa9c50, 0x0000024acffab5a0, 0x0000024acffaa670, 0x0000024acffaab80,
0x0000024acffa8810, 0x0000024acffac4d0, 0x0000024acffa8d20, 0x0000024acffac9e0,
0x0000024ad042d810, 0x0000024ad042b9b0, 0x0000024ad042d300, 0x0000024ad042c3d0,
0x0000024ad042a570, 0x0000024ad042c8e0, 0x0000024ad042aa80, 0x0000024ad042a060,
0x0000024ad042dd20, 0x0000024ad042e230, 0x0000024ad042af90, 0x0000024ad042e740,
0x0000024ad042ec50, 0x0000024ad042b4a0, 0x0000024ad042f160, 0x0000024ad042f670,
0x0000024ad042cdf0, 0x0000024ad042bec0, 0x0000024ad0430090, 0x0000024ad0430ab0,
0x0000024ad0430fc0, 0x0000024ad04319e0, 0x0000024ad122c630, 0x0000024ad122df80,
0x0000024ad122da70, 0x0000024ad122cb40, 0x0000024ad122bc10, 0x0000024ad122f3c0,
0x0000024ad122d050, 0x0000024ad122d560, 0x0000024ad122e490, 0x0000024ad122e9a0,
0x0000024ad122f8d0, 0x0000024ad122c120, 0x0000024ad1231220, 0x0000024ad1231c40,
0x0000024ad1232b70, 0x0000024ad122fde0, 0x0000024ad1233590, 0x0000024ad1230d10,
0x0000024ad1232660, 0x0000024ad1231730, 0x0000024ad1233080, 0x0000024ad1230800,
0x0000024ad1232150, 0x0000024ad1ac8380, 0x0000024ad1ac8890, 0x0000024ad1ac92b0,
0x0000024ad1ac9cd0, 0x0000024ad1ac8da0, 0x0000024ad1aca1e0, 0x0000024ad1aca6f0,
0x0000024ad1ac6f40, 0x0000024ad1ac7960, 0x0000024ad1acac00, 0x0000024ad1ac7450,
0x0000024ad1acc550, 0x0000024ad1acb620, 0x0000024ad1ace8c0, 0x0000024ad1acbb30,
0x0000024ad1accf70, 0x0000024ad1acdea0, 0x0000024ad1acd990, 0x0000024ad1acca60,
0x0000024ad1acb110, 0x0000024ad1acd480, 0x0000024ad1acc040, 0x0000024aacd73330,
0x0000024aacd74260, 0x0000024aacd73840, 0x0000024aacd71ef0, 0x0000024aacd74770,
0x0000024aacd72400, 0x0000024aacd72910, 0x0000024aacd72e20, 0x0000024aacd76ae0,
0x0000024aacd76ff0, 0x0000024aacd73d50, 0x0000024aacd77a10, 0x0000024aacd75190,
0x0000024aacd765d0, 0x0000024aacd77f20, 0x0000024aacd78430, 0x0000024aacd74c80,
0x0000024aacd78940, 0x0000024aacd78e50, 0x0000024aacd75bb0, 0x0000024aacd756a0,
0x0000024aacd79360, 0x0000024aacd79870, 0x0000024aacd760c0, 0x0000024ad6e5e140,
0x0000024ad6e5c2e0, 0x0000024ad6e5e650, 0x0000024ad6e5d210, 0x0000024ad6e5eb60,
0x0000024ad6e5f070, 0x0000024ad6e5f580, 0x0000024ad6e5bdd0, 0x0000024ad6e5fa90,
0x0000024ad6e5c7f0, 0x0000024ad6e5ffa0, 0x0000024ad6e609c0, 0x0000024ad6e604b0,
0x0000024ad6e60ed0, 0x0000024ad6e5d720, 0x0000024ad6e613e0, 0x0000024ad6e5dc30,
0x0000024ad6e618f0, 0x0000024ad1ac97c0, 0x0000024ad1ace3b0, 0x0000024ad8a193d0,
0x0000024ad8a189b0, 0x0000024ad8a19df0, 0x0000024ad8a17570, 0x0000024ad8a184a0,
0x0000024ad8a18ec0, 0x0000024ad8a17a80, 0x0000024ad8a1a810, 0x0000024ad8a198e0,
0x0000024ad8a1b230, 0x0000024ad8a17f90, 0x0000024ad8a1d090, 0x0000024ad8a1c670,
0x0000024ad8a1dab0, 0x0000024ad8a1c160, 0x0000024ad8a1e4d0, 0x0000024ad8a1bc50,
0x0000024ad8a1d5a0, 0x0000024ad8a1cb80, 0x0000024ad6e62d30, 0x0000024ad9901940,
0x0000024ad9901e50, 0x0000024ad9902d80, 0x0000024ad98ff5d0, 0x0000024ad9904be0,
0x0000024ae1f9b080, 0x0000024ad98ba570, 0x0000024ad9e12f40, 0x0000024ae1f9baa0,
0x0000024ad98bb4a0, 0x0000024ad799bbc0, 0x0000024ae1f9b590, 0x0000024ae1f9bfb0,
0x0000024ad6eca890, 0x0000024ad6ec8f40, 0x0000024ae00590c0, 0x0000024ae00595d0,
0x0000024ad9e14380
}

Java Threads: ( => current thread )
  0x0000024a8c1ab110 JavaThread "main" [_thread_blocked, id=18108, stack(0x000000a3b3100000,0x000000a3b3200000)]
  0x0000024aac107940 JavaThread "Reference Handler" daemon [_thread_blocked, id=27576, stack(0x000000a3b3800000,0x000000a3b3900000)]
  0x0000024aac108410 JavaThread "Finalizer" daemon [_thread_blocked, id=16948, stack(0x000000a3b3900000,0x000000a3b3a00000)]
  0x0000024aac11f970 JavaThread "Signal Dispatcher" daemon [_thread_blocked, id=17788, stack(0x000000a3b3a00000,0x000000a3b3b00000)]
  0x0000024aac122350 JavaThread "Attach Listener" daemon [_thread_blocked, id=6596, stack(0x000000a3b3b00000,0x000000a3b3c00000)]
  0x0000024aac122c20 JavaThread "Service Thread" daemon [_thread_blocked, id=12772, stack(0x000000a3b3c00000,0x000000a3b3d00000)]
  0x0000024aac1234f0 JavaThread "Monitor Deflation Thread" daemon [_thread_blocked, id=24080, stack(0x000000a3b3d00000,0x000000a3b3e00000)]
  0x0000024aac1281c0 JavaThread "C2 CompilerThread0" daemon [_thread_blocked, id=20860, stack(0x000000a3b3e00000,0x000000a3b3f00000)]
  0x0000024aac9e0140 JavaThread "C1 CompilerThread0" daemon [_thread_blocked, id=1844, stack(0x000000a3b3f00000,0x000000a3b4000000)]
  0x0000024aac132af0 JavaThread "Sweeper thread" daemon [_thread_blocked, id=17164, stack(0x000000a3b4000000,0x000000a3b4100000)]
  0x0000024aac0f45e0 JavaThread "Common-Cleaner" daemon [_thread_blocked, id=14444, stack(0x000000a3b4100000,0x000000a3b4200000)]
  0x0000024aacbb3dd0 JavaThread "Notification Thread" daemon [_thread_blocked, id=20672, stack(0x000000a3b4200000,0x000000a3b4300000)]
  0x0000024acd751670 JavaThread "Daemon health stats" [_thread_blocked, id=27800, stack(0x000000a3b4800000,0x000000a3b4900000)]
  0x0000024acd7dfae0 JavaThread "Incoming local TCP Connector on port 61222" [_thread_in_native, id=18036, stack(0x000000a3b4900000,0x000000a3b4a00000)]
  0x0000024acd677830 JavaThread "Daemon periodic checks" [_thread_blocked, id=20804, stack(0x000000a3b4a00000,0x000000a3b4b00000)]
  0x0000024acd816c00 JavaThread "Daemon" [_thread_blocked, id=10052, stack(0x000000a3b4b00000,0x000000a3b4c00000)]
  0x0000024acda0fd10 JavaThread "Handler for socket connection from /127.0.0.1:61222 to /127.0.0.1:61226" [_thread_in_native, id=27160, stack(0x000000a3b4c00000,0x000000a3b4d00000)]
  0x0000024acd123520 JavaThread "Cancel handler" [_thread_blocked, id=6408, stack(0x000000a3b4d00000,0x000000a3b4e00000)]
  0x0000024acd122b00 JavaThread "Daemon worker" [_thread_blocked, id=24336, stack(0x000000a3b4e00000,0x000000a3b4f00000)]
  0x0000024acd1225f0 JavaThread "Asynchronous log dispatcher for DefaultDaemonConnection: socket connection from /127.0.0.1:61222 to /127.0.0.1:61226" [_thread_blocked, id=13388, stack(0x000000a3b4f00000,0x000000a3b5000000)]
  0x0000024acd1220e0 JavaThread "Stdin handler" [_thread_blocked, id=5348, stack(0x000000a3b5000000,0x000000a3b5100000)]
  0x0000024acd123a30 JavaThread "Daemon client event forwarder" [_thread_blocked, id=22648, stack(0x000000a3b5100000,0x000000a3b5200000)]
  0x0000024ace0d07a0 JavaThread "Cache worker for journal cache (C:\Users\HP\.gradle\caches\journal-1)" [_thread_blocked, id=27148, stack(0x000000a3b5200000,0x000000a3b5300000)]
  0x0000024ace0ccff0 JavaThread "File lock request listener" [_thread_in_native, id=14736, stack(0x000000a3b5300000,0x000000a3b5400000)]
  0x0000024ace0d0290 JavaThread "Cache worker for file hash cache (C:\Users\HP\.gradle\caches\8.3\fileHashes)" [_thread_blocked, id=3220, stack(0x000000a3b5400000,0x000000a3b5500000)]
  0x0000024ace0ce430 JavaThread "File watcher server" daemon [_thread_blocked, id=19500, stack(0x000000a3b5a00000,0x000000a3b5b00000)]
  0x0000024ace0d0cb0 JavaThread "File watcher consumer" daemon [_thread_blocked, id=25936, stack(0x000000a3b5b00000,0x000000a3b5c00000)]
  0x0000024ace0cd500 JavaThread "Cache worker for checksums cache (D:\my project\packing_frontend\android\.gradle\8.3\checksums)" [_thread_blocked, id=21376, stack(0x000000a3b5c00000,0x000000a3b5d00000)]
  0x0000024ace0cfd80 JavaThread "Cache worker for file hash cache (D:\my project\packing_frontend\android\.gradle\8.3\fileHashes)" [_thread_blocked, id=24016, stack(0x000000a3b5d00000,0x000000a3b5e00000)]
  0x0000024ace0d11c0 JavaThread "Cache worker for cache directory md-supplier (C:\Users\HP\.gradle\caches\8.3\md-supplier)" [_thread_blocked, id=20380, stack(0x000000a3b5e00000,0x000000a3b5f00000)]
  0x0000024ace0cee50 JavaThread "Cache worker for file content cache (C:\Users\HP\.gradle\caches\8.3\fileContent)" [_thread_blocked, id=26720, stack(0x000000a3b5f00000,0x000000a3b6000000)]
  0x0000024ace0cf360 JavaThread "Cache worker for cache directory md-rule (C:\Users\HP\.gradle\caches\8.3\md-rule)" [_thread_blocked, id=15448, stack(0x000000a3b6200000,0x000000a3b6300000)]
  0x0000024ace0cda10 JavaThread "Cache worker for execution history cache (C:\Users\HP\.gradle\caches\8.3\executionHistory)" [_thread_blocked, id=17100, stack(0x000000a3b6300000,0x000000a3b6400000)]
  0x0000024ace0d16d0 JavaThread "jar transforms" [_thread_blocked, id=20880, stack(0x000000a3b6400000,0x000000a3b6500000)]
  0x0000024ace0cf870 JavaThread "jar transforms Thread 2" [_thread_blocked, id=14284, stack(0x000000a3b6500000,0x000000a3b6600000)]
  0x0000024ace0d4460 JavaThread "jar transforms Thread 3" [_thread_blocked, id=23108, stack(0x000000a3b6600000,0x000000a3b6700000)]
  0x0000024ace0d2600 JavaThread "jar transforms Thread 4" [_thread_blocked, id=26324, stack(0x000000a3b6700000,0x000000a3b6800000)]
  0x0000024ace0d2b10 JavaThread "Cache worker for kotlin-dsl (C:\Users\HP\.gradle\caches\8.3\kotlin-dsl)" [_thread_blocked, id=27660, stack(0x000000a3b6800000,0x000000a3b6900000)]
  0x0000024ace0d4970 JavaThread "jar transforms Thread 5" [_thread_blocked, id=2412, stack(0x000000a3b6900000,0x000000a3b6a00000)]
  0x0000024ace0d20f0 JavaThread "jar transforms Thread 6" [_thread_blocked, id=19308, stack(0x000000a3b6a00000,0x000000a3b6b00000)]
  0x0000024ace0d3020 JavaThread "Unconstrained build operations" [_thread_blocked, id=20024, stack(0x000000a3b6b00000,0x000000a3b6c00000)]
  0x0000024ace0d1be0 JavaThread "Unconstrained build operations Thread 2" [_thread_blocked, id=23016, stack(0x000000a3b6c00000,0x000000a3b6d00000)]
  0x0000024ace0d3a40 JavaThread "jar transforms Thread 7" [_thread_blocked, id=15668, stack(0x000000a3b6d00000,0x000000a3b6e00000)]
  0x0000024ace0d3530 JavaThread "jar transforms Thread 8" [_thread_blocked, id=22956, stack(0x000000a3b6e00000,0x000000a3b6f00000)]
  0x0000024ace0d3f50 JavaThread "jar transforms Thread 9" [_thread_blocked, id=852, stack(0x000000a3b6f00000,0x000000a3b7000000)]
  0x0000024aacd69ed0 JavaThread "jar transforms Thread 10" [_thread_blocked, id=17420, stack(0x000000a3b7000000,0x000000a3b7100000)]
  0x0000024aacd6a3e0 JavaThread "jar transforms Thread 11" [_thread_blocked, id=27208, stack(0x000000a3b7100000,0x000000a3b7200000)]
  0x0000024aacd6b820 JavaThread "jar transforms Thread 12" [_thread_blocked, id=26000, stack(0x000000a3b7200000,0x000000a3b7300000)]
  0x0000024aacd6cc60 JavaThread "Cache worker for dependencies-accessors (D:\my project\packing_frontend\android\.gradle\8.3\dependencies-accessors)" [_thread_blocked, id=12784, stack(0x000000a3b7300000,0x000000a3b7400000)]
  0x0000024aacd6b310 JavaThread "Cache worker for Build Output Cleanup Cache (D:\my project\packing_frontend\node_modules\@react-native\gradle-plugin\.gradle\buildOutputCleanup)" [_thread_blocked, id=21620, stack(0x000000a3b7400000,0x000000a3b7500000)]
  0x0000024aacd6bd30 JavaThread "Unconstrained build operations Thread 3" [_thread_blocked, id=10300, stack(0x000000a3b7500000,0x000000a3b7600000)]
  0x0000024aacd6c240 JavaThread "Unconstrained build operations Thread 4" [_thread_blocked, id=26232, stack(0x000000a3b7600000,0x000000a3b7700000)]
  0x0000024aacd6c750 JavaThread "Unconstrained build operations Thread 5" [_thread_blocked, id=18136, stack(0x000000a3b7700000,0x000000a3b7800000)]
  0x0000024aacd6e0a0 JavaThread "Unconstrained build operations Thread 6" [_thread_blocked, id=1972, stack(0x000000a3b7800000,0x000000a3b7900000)]
  0x0000024aacd6a8f0 JavaThread "Unconstrained build operations Thread 7" [_thread_blocked, id=1860, stack(0x000000a3b7900000,0x000000a3b7a00000)]
  0x0000024aacd6e5b0 JavaThread "Unconstrained build operations Thread 8" [_thread_blocked, id=21132, stack(0x000000a3b7a00000,0x000000a3b7b00000)]
  0x0000024aacd6db90 JavaThread "Unconstrained build operations Thread 9" [_thread_blocked, id=27788, stack(0x000000a3b7b00000,0x000000a3b7c00000)]
  0x0000024aacd6ae00 JavaThread "Unconstrained build operations Thread 10" [_thread_blocked, id=11036, stack(0x000000a3b7c00000,0x000000a3b7d00000)]
  0x0000024aacd70920 JavaThread "Unconstrained build operations Thread 11" [_thread_blocked, id=23560, stack(0x000000a3b7d00000,0x000000a3b7e00000)]
  0x0000024aacd6eac0 JavaThread "Unconstrained build operations Thread 12" [_thread_blocked, id=22888, stack(0x000000a3b7e00000,0x000000a3b7f00000)]
  0x0000024aacd6d680 JavaThread "Unconstrained build operations Thread 13" [_thread_blocked, id=26772, stack(0x000000a3b7f00000,0x000000a3b8000000)]
  0x0000024aacd6efd0 JavaThread "Memory manager" [_thread_blocked, id=17596, stack(0x000000a3b8000000,0x000000a3b8100000)]
  0x0000024aacd6ff00 JavaThread "Cache worker for Build Output Cleanup Cache (D:\my project\packing_frontend\android\.gradle\buildOutputCleanup)" [_thread_blocked, id=22264, stack(0x000000a3b8100000,0x000000a3b8200000)]
  0x0000024aacd70410 JavaThread "ForkJoinPool.commonPool-worker-1" daemon [_thread_blocked, id=9716, stack(0x000000a3b8200000,0x000000a3b8300000)]
  0x0000024aacd6d170 JavaThread "ForkJoinPool.commonPool-worker-2" daemon [_thread_blocked, id=27616, stack(0x000000a3b8300000,0x000000a3b8400000)]
  0x0000024aacd70e30 JavaThread "ForkJoinPool.commonPool-worker-3" daemon [_thread_blocked, id=24652, stack(0x000000a3b8400000,0x000000a3b8500000)]
  0x0000024aacd71340 JavaThread "ForkJoinPool.commonPool-worker-4" daemon [_thread_blocked, id=1720, stack(0x000000a3b8500000,0x000000a3b8600000)]
  0x0000024aacd71850 JavaThread "ForkJoinPool.commonPool-worker-5" daemon [_thread_blocked, id=25628, stack(0x000000a3b8600000,0x000000a3b8700000)]
  0x0000024acffa5a80 JavaThread "ForkJoinPool.commonPool-worker-6" daemon [_thread_blocked, id=16964, stack(0x000000a3b8700000,0x000000a3b8800000)]
  0x0000024acffa6ec0 JavaThread "ForkJoinPool.commonPool-worker-7" daemon [_thread_blocked, id=10408, stack(0x000000a3b8800000,0x000000a3b8900000)]
  0x0000024acffa5f90 JavaThread "ForkJoinPool.commonPool-worker-8" daemon [_thread_blocked, id=19080, stack(0x000000a3b8900000,0x000000a3b8a00000)]
  0x0000024acffa64a0 JavaThread "ForkJoinPool.commonPool-worker-9" daemon [_thread_blocked, id=22508, stack(0x000000a3b8a00000,0x000000a3b8b00000)]
  0x0000024acffa69b0 JavaThread "ForkJoinPool.commonPool-worker-10" daemon [_thread_blocked, id=10256, stack(0x000000a3b8b00000,0x000000a3b8c00000)]
  0x0000024acffa5570 JavaThread "ForkJoinPool.commonPool-worker-11" daemon [_thread_blocked, id=4176, stack(0x000000a3b8c00000,0x000000a3b8d00000)]
  0x0000024acffa78e0 JavaThread "included builds" [_thread_blocked, id=13932, stack(0x000000a3b8d00000,0x000000a3b8e00000)]
  0x0000024acffa73d0 JavaThread "Execution worker" [_thread_blocked, id=11928, stack(0x000000a3b8e00000,0x000000a3b8f00000)]
  0x0000024acffa7df0 JavaThread "Execution worker Thread 2" [_thread_blocked, id=28152, stack(0x000000a3b8f00000,0x000000a3b9000000)]
  0x0000024acffa8300 JavaThread "Execution worker Thread 3" [_thread_blocked, id=26920, stack(0x000000a3b9000000,0x000000a3b9100000)]
  0x0000024acffa5060 JavaThread "Execution worker Thread 4" [_thread_blocked, id=24408, stack(0x000000a3b9100000,0x000000a3b9200000)]
  0x0000024acffabab0 JavaThread "Execution worker Thread 5" [_thread_blocked, id=13984, stack(0x000000a3b9200000,0x000000a3b9300000)]
  0x0000024acffaa160 JavaThread "Execution worker Thread 6" [_thread_blocked, id=18476, stack(0x000000a3b9300000,0x000000a3b9400000)]
  0x0000024acffa9230 JavaThread "Execution worker Thread 7" [_thread_blocked, id=12812, stack(0x000000a3b9400000,0x000000a3b9500000)]
  0x0000024acffa9740 JavaThread "Execution worker Thread 8" [_thread_blocked, id=12556, stack(0x000000a3b9500000,0x000000a3b9600000)]
  0x0000024acffab090 JavaThread "Execution worker Thread 9" [_thread_blocked, id=26396, stack(0x000000a3b9600000,0x000000a3b9700000)]
  0x0000024acffa9c50 JavaThread "Execution worker Thread 10" [_thread_blocked, id=24724, stack(0x000000a3b9700000,0x000000a3b9800000)]
  0x0000024acffab5a0 JavaThread "Execution worker Thread 11" [_thread_blocked, id=16584, stack(0x000000a3b9800000,0x000000a3b9900000)]
  0x0000024acffaa670 JavaThread "Cache worker for execution history cache (D:\my project\packing_frontend\node_modules\@react-native\gradle-plugin\.gradle\8.3\executionHistory)" [_thread_blocked, id=22516, stack(0x000000a3b9900000,0x000000a3b9a00000)]
  0x0000024acffaab80 JavaThread "Unconstrained build operations Thread 14" [_thread_blocked, id=12976, stack(0x000000a3b9a00000,0x000000a3b9b00000)]
  0x0000024acffa8810 JavaThread "Unconstrained build operations Thread 15" [_thread_blocked, id=24480, stack(0x000000a3b9b00000,0x000000a3b9c00000)]
  0x0000024acffac4d0 JavaThread "Unconstrained build operations Thread 16" [_thread_blocked, id=18500, stack(0x000000a3b9c00000,0x000000a3b9d00000)]
  0x0000024acffa8d20 JavaThread "Unconstrained build operations Thread 17" [_thread_blocked, id=7072, stack(0x000000a3b9d00000,0x000000a3b9e00000)]
  0x0000024acffac9e0 JavaThread "Unconstrained build operations Thread 18" [_thread_blocked, id=18552, stack(0x000000a3b9e00000,0x000000a3b9f00000)]
  0x0000024ad042d810 JavaThread "Unconstrained build operations Thread 19" [_thread_blocked, id=25084, stack(0x000000a3b9f00000,0x000000a3ba000000)]
  0x0000024ad042b9b0 JavaThread "Unconstrained build operations Thread 20" [_thread_blocked, id=23284, stack(0x000000a3ba000000,0x000000a3ba100000)]
  0x0000024ad042d300 JavaThread "Unconstrained build operations Thread 21" [_thread_blocked, id=20320, stack(0x000000a3ba100000,0x000000a3ba200000)]
  0x0000024ad042c3d0 JavaThread "Unconstrained build operations Thread 22" [_thread_blocked, id=21928, stack(0x000000a3ba200000,0x000000a3ba300000)]
  0x0000024ad042a570 JavaThread "Unconstrained build operations Thread 23" [_thread_blocked, id=20940, stack(0x000000a3ba300000,0x000000a3ba400000)]
  0x0000024ad042c8e0 JavaThread "Unconstrained build operations Thread 24" [_thread_blocked, id=3840, stack(0x000000a3ba400000,0x000000a3ba500000)]
  0x0000024ad042aa80 JavaThread "Unconstrained build operations Thread 25" [_thread_blocked, id=4120, stack(0x000000a3ba500000,0x000000a3ba600000)]
  0x0000024ad042a060 JavaThread "Unconstrained build operations Thread 26" [_thread_blocked, id=16136, stack(0x000000a3ba600000,0x000000a3ba700000)]
  0x0000024ad042dd20 JavaThread "Unconstrained build operations Thread 27" [_thread_blocked, id=20392, stack(0x000000a3ba700000,0x000000a3ba800000)]
  0x0000024ad042e230 JavaThread "Unconstrained build operations Thread 28" [_thread_blocked, id=12072, stack(0x000000a3ba800000,0x000000a3ba900000)]
  0x0000024ad042af90 JavaThread "Unconstrained build operations Thread 29" [_thread_blocked, id=17696, stack(0x000000a3ba900000,0x000000a3baa00000)]
  0x0000024ad042e740 JavaThread "Unconstrained build operations Thread 30" [_thread_blocked, id=27400, stack(0x000000a3baa00000,0x000000a3bab00000)]
  0x0000024ad042ec50 JavaThread "Unconstrained build operations Thread 31" [_thread_blocked, id=26084, stack(0x000000a3bab00000,0x000000a3bac00000)]
  0x0000024ad042b4a0 JavaThread "Unconstrained build operations Thread 32" [_thread_blocked, id=3688, stack(0x000000a3bac00000,0x000000a3bad00000)]
  0x0000024ad042f160 JavaThread "Unconstrained build operations Thread 33" [_thread_blocked, id=23204, stack(0x000000a3bad00000,0x000000a3bae00000)]
  0x0000024ad042f670 JavaThread "Unconstrained build operations Thread 34" [_thread_blocked, id=12500, stack(0x000000a3bae00000,0x000000a3baf00000)]
  0x0000024ad042cdf0 JavaThread "Unconstrained build operations Thread 35" [_thread_blocked, id=11016, stack(0x000000a3baf00000,0x000000a3bb000000)]
  0x0000024ad042bec0 JavaThread "Unconstrained build operations Thread 36" [_thread_blocked, id=26420, stack(0x000000a3bb000000,0x000000a3bb100000)]
  0x0000024ad0430090 JavaThread "Unconstrained build operations Thread 37" [_thread_blocked, id=15344, stack(0x000000a3bb100000,0x000000a3bb200000)]
  0x0000024ad0430ab0 JavaThread "Unconstrained build operations Thread 38" [_thread_blocked, id=16904, stack(0x000000a3bb200000,0x000000a3bb300000)]
  0x0000024ad0430fc0 JavaThread "Unconstrained build operations Thread 39" [_thread_blocked, id=22356, stack(0x000000a3bb300000,0x000000a3bb400000)]
  0x0000024ad04319e0 JavaThread "Unconstrained build operations Thread 40" [_thread_blocked, id=22912, stack(0x000000a3bb400000,0x000000a3bb500000)]
  0x0000024ad122c630 JavaThread "Unconstrained build operations Thread 41" [_thread_blocked, id=21164, stack(0x000000a3bb500000,0x000000a3bb600000)]
  0x0000024ad122df80 JavaThread "Unconstrained build operations Thread 42" [_thread_blocked, id=22492, stack(0x000000a3bb600000,0x000000a3bb700000)]
  0x0000024ad122da70 JavaThread "Unconstrained build operations Thread 43" [_thread_blocked, id=24584, stack(0x000000a3bb700000,0x000000a3bb800000)]
  0x0000024ad122cb40 JavaThread "Unconstrained build operations Thread 44" [_thread_blocked, id=21020, stack(0x000000a3bb800000,0x000000a3bb900000)]
  0x0000024ad122bc10 JavaThread "Unconstrained build operations Thread 45" [_thread_blocked, id=4820, stack(0x000000a3bb900000,0x000000a3bba00000)]
  0x0000024ad122f3c0 JavaThread "Unconstrained build operations Thread 46" [_thread_blocked, id=4844, stack(0x000000a3bba00000,0x000000a3bbb00000)]
  0x0000024ad122d050 JavaThread "Unconstrained build operations Thread 47" [_thread_blocked, id=23256, stack(0x000000a3bbb00000,0x000000a3bbc00000)]
  0x0000024ad122d560 JavaThread "Unconstrained build operations Thread 48" [_thread_blocked, id=18816, stack(0x000000a3bbc00000,0x000000a3bbd00000)]
  0x0000024ad122e490 JavaThread "Unconstrained build operations Thread 49" [_thread_blocked, id=18820, stack(0x000000a3bbd00000,0x000000a3bbe00000)]
  0x0000024ad122e9a0 JavaThread "Unconstrained build operations Thread 50" [_thread_blocked, id=22540, stack(0x000000a3bbe00000,0x000000a3bbf00000)]
  0x0000024ad122f8d0 JavaThread "Unconstrained build operations Thread 51" [_thread_blocked, id=8072, stack(0x000000a3bbf00000,0x000000a3bc000000)]
  0x0000024ad122c120 JavaThread "Unconstrained build operations Thread 52" [_thread_blocked, id=21844, stack(0x000000a3bc000000,0x000000a3bc100000)]
  0x0000024ad1231220 JavaThread "Unconstrained build operations Thread 53" [_thread_blocked, id=21948, stack(0x000000a3bc100000,0x000000a3bc200000)]
  0x0000024ad1231c40 JavaThread "Unconstrained build operations Thread 54" [_thread_blocked, id=19092, stack(0x000000a3bc200000,0x000000a3bc300000)]
  0x0000024ad1232b70 JavaThread "Unconstrained build operations Thread 55" [_thread_blocked, id=26948, stack(0x000000a3bc300000,0x000000a3bc400000)]
  0x0000024ad122fde0 JavaThread "Unconstrained build operations Thread 56" [_thread_blocked, id=21372, stack(0x000000a3bc400000,0x000000a3bc500000)]
  0x0000024ad1233590 JavaThread "Unconstrained build operations Thread 57" [_thread_blocked, id=15480, stack(0x000000a3bc500000,0x000000a3bc600000)]
  0x0000024ad1230d10 JavaThread "Unconstrained build operations Thread 58" [_thread_blocked, id=1400, stack(0x000000a3bc600000,0x000000a3bc700000)]
  0x0000024ad1232660 JavaThread "Unconstrained build operations Thread 59" [_thread_blocked, id=27900, stack(0x000000a3bc700000,0x000000a3bc800000)]
  0x0000024ad1231730 JavaThread "Unconstrained build operations Thread 60" [_thread_blocked, id=17984, stack(0x000000a3bc800000,0x000000a3bc900000)]
  0x0000024ad1233080 JavaThread "Unconstrained build operations Thread 61" [_thread_blocked, id=14772, stack(0x000000a3bc900000,0x000000a3bca00000)]
  0x0000024ad1230800 JavaThread "Unconstrained build operations Thread 62" [_thread_blocked, id=24824, stack(0x000000a3bca00000,0x000000a3bcb00000)]
  0x0000024ad1232150 JavaThread "Unconstrained build operations Thread 63" [_thread_blocked, id=7944, stack(0x000000a3bcb00000,0x000000a3bcc00000)]
  0x0000024ad1ac8380 JavaThread "Unconstrained build operations Thread 64" [_thread_blocked, id=16456, stack(0x000000a3bcc00000,0x000000a3bcd00000)]
  0x0000024ad1ac8890 JavaThread "Unconstrained build operations Thread 65" [_thread_blocked, id=14204, stack(0x000000a3bcd00000,0x000000a3bce00000)]
  0x0000024ad1ac92b0 JavaThread "Unconstrained build operations Thread 66" [_thread_blocked, id=20764, stack(0x000000a3bce00000,0x000000a3bcf00000)]
  0x0000024ad1ac9cd0 JavaThread "Unconstrained build operations Thread 67" [_thread_blocked, id=4284, stack(0x000000a3bcf00000,0x000000a3bd000000)]
  0x0000024ad1ac8da0 JavaThread "Unconstrained build operations Thread 68" [_thread_blocked, id=15352, stack(0x000000a3bd000000,0x000000a3bd100000)]
  0x0000024ad1aca1e0 JavaThread "Unconstrained build operations Thread 69" [_thread_blocked, id=10316, stack(0x000000a3bd100000,0x000000a3bd200000)]
  0x0000024ad1aca6f0 JavaThread "Unconstrained build operations Thread 70" [_thread_blocked, id=9532, stack(0x000000a3bd200000,0x000000a3bd300000)]
  0x0000024ad1ac6f40 JavaThread "Unconstrained build operations Thread 71" [_thread_blocked, id=22520, stack(0x000000a3bd300000,0x000000a3bd400000)]
  0x0000024ad1ac7960 JavaThread "Unconstrained build operations Thread 72" [_thread_blocked, id=18064, stack(0x000000a3bd400000,0x000000a3bd500000)]
  0x0000024ad1acac00 JavaThread "Unconstrained build operations Thread 73" [_thread_blocked, id=25900, stack(0x000000a3bd500000,0x000000a3bd600000)]
  0x0000024ad1ac7450 JavaThread "Unconstrained build operations Thread 74" [_thread_blocked, id=20740, stack(0x000000a3bd600000,0x000000a3bd700000)]
  0x0000024ad1acc550 JavaThread "Unconstrained build operations Thread 75" [_thread_blocked, id=17820, stack(0x000000a3bd700000,0x000000a3bd800000)]
  0x0000024ad1acb620 JavaThread "Unconstrained build operations Thread 76" [_thread_blocked, id=22156, stack(0x000000a3bd800000,0x000000a3bd900000)]
  0x0000024ad1ace8c0 JavaThread "Unconstrained build operations Thread 77" [_thread_blocked, id=12364, stack(0x000000a3bd900000,0x000000a3bda00000)]
  0x0000024ad1acbb30 JavaThread "Unconstrained build operations Thread 78" [_thread_blocked, id=9348, stack(0x000000a3bda00000,0x000000a3bdb00000)]
  0x0000024ad1accf70 JavaThread "Unconstrained build operations Thread 79" [_thread_blocked, id=19152, stack(0x000000a3bdb00000,0x000000a3bdc00000)]
  0x0000024ad1acdea0 JavaThread "Unconstrained build operations Thread 80" [_thread_blocked, id=23224, stack(0x000000a3bdc00000,0x000000a3bdd00000)]
  0x0000024ad1acd990 JavaThread "Unconstrained build operations Thread 81" [_thread_blocked, id=22608, stack(0x000000a3bdd00000,0x000000a3bde00000)]
  0x0000024ad1acca60 JavaThread "Unconstrained build operations Thread 82" [_thread_blocked, id=20052, stack(0x000000a3bde00000,0x000000a3bdf00000)]
  0x0000024ad1acb110 JavaThread "Unconstrained build operations Thread 83" [_thread_blocked, id=20100, stack(0x000000a3be700000,0x000000a3be800000)]
  0x0000024ad1acd480 JavaThread "Unconstrained build operations Thread 84" [_thread_blocked, id=13644, stack(0x000000a3be800000,0x000000a3be900000)]
  0x0000024ad1acc040 JavaThread "Unconstrained build operations Thread 85" [_thread_blocked, id=26820, stack(0x000000a3be900000,0x000000a3bea00000)]
  0x0000024aacd73330 JavaThread "Unconstrained build operations Thread 86" [_thread_blocked, id=23904, stack(0x000000a3bea00000,0x000000a3beb00000)]
  0x0000024aacd74260 JavaThread "Unconstrained build operations Thread 87" [_thread_blocked, id=18624, stack(0x000000a3beb00000,0x000000a3bec00000)]
  0x0000024aacd73840 JavaThread "Unconstrained build operations Thread 88" [_thread_blocked, id=2976, stack(0x000000a3bec00000,0x000000a3bed00000)]
  0x0000024aacd71ef0 JavaThread "Unconstrained build operations Thread 89" [_thread_blocked, id=8544, stack(0x000000a3bed00000,0x000000a3bee00000)]
  0x0000024aacd74770 JavaThread "Unconstrained build operations Thread 90" [_thread_blocked, id=4488, stack(0x000000a3bee00000,0x000000a3bef00000)]
  0x0000024aacd72400 JavaThread "Unconstrained build operations Thread 91" [_thread_blocked, id=17444, stack(0x000000a3bef00000,0x000000a3bf000000)]
  0x0000024aacd72910 JavaThread "Unconstrained build operations Thread 92" [_thread_blocked, id=24344, stack(0x000000a3bf000000,0x000000a3bf100000)]
  0x0000024aacd72e20 JavaThread "Unconstrained build operations Thread 93" [_thread_blocked, id=23960, stack(0x000000a3bf100000,0x000000a3bf200000)]
  0x0000024aacd76ae0 JavaThread "Unconstrained build operations Thread 94" [_thread_blocked, id=17960, stack(0x000000a3bf200000,0x000000a3bf300000)]
  0x0000024aacd76ff0 JavaThread "Unconstrained build operations Thread 95" [_thread_blocked, id=19576, stack(0x000000a3bf300000,0x000000a3bf400000)]
  0x0000024aacd73d50 JavaThread "Unconstrained build operations Thread 96" [_thread_blocked, id=20648, stack(0x000000a3bf400000,0x000000a3bf500000)]
  0x0000024aacd77a10 JavaThread "Unconstrained build operations Thread 97" [_thread_blocked, id=12032, stack(0x000000a3bf500000,0x000000a3bf600000)]
  0x0000024aacd75190 JavaThread "Unconstrained build operations Thread 98" [_thread_blocked, id=16348, stack(0x000000a3bf600000,0x000000a3bf700000)]
  0x0000024aacd765d0 JavaThread "Unconstrained build operations Thread 99" [_thread_blocked, id=5652, stack(0x000000a3bf700000,0x000000a3bf800000)]
  0x0000024aacd77f20 JavaThread "Unconstrained build operations Thread 100" [_thread_blocked, id=4592, stack(0x000000a3bf800000,0x000000a3bf900000)]
  0x0000024aacd78430 JavaThread "Unconstrained build operations Thread 101" [_thread_blocked, id=17320, stack(0x000000a3bf900000,0x000000a3bfa00000)]
  0x0000024aacd74c80 JavaThread "Unconstrained build operations Thread 102" [_thread_blocked, id=14536, stack(0x000000a3bfa00000,0x000000a3bfb00000)]
  0x0000024aacd78940 JavaThread "Unconstrained build operations Thread 103" [_thread_blocked, id=7420, stack(0x000000a3bfb00000,0x000000a3bfc00000)]
  0x0000024aacd78e50 JavaThread "Unconstrained build operations Thread 104" [_thread_blocked, id=19552, stack(0x000000a3bfc00000,0x000000a3bfd00000)]
  0x0000024aacd75bb0 JavaThread "Unconstrained build operations Thread 105" [_thread_blocked, id=23096, stack(0x000000a3bfd00000,0x000000a3bfe00000)]
  0x0000024aacd756a0 JavaThread "Unconstrained build operations Thread 106" [_thread_blocked, id=16736, stack(0x000000a3bfe00000,0x000000a3bff00000)]
  0x0000024aacd79360 JavaThread "Unconstrained build operations Thread 107" [_thread_blocked, id=7804, stack(0x000000a3bff00000,0x000000a3c0000000)]
  0x0000024aacd79870 JavaThread "Unconstrained build operations Thread 108" [_thread_blocked, id=20148, stack(0x000000a3c0000000,0x000000a3c0100000)]
  0x0000024aacd760c0 JavaThread "Unconstrained build operations Thread 109" [_thread_blocked, id=15940, stack(0x000000a3c0100000,0x000000a3c0200000)]
  0x0000024ad6e5e140 JavaThread "Unconstrained build operations Thread 110" [_thread_blocked, id=17220, stack(0x000000a3c0200000,0x000000a3c0300000)]
  0x0000024ad6e5c2e0 JavaThread "Unconstrained build operations Thread 111" [_thread_blocked, id=2580, stack(0x000000a3c0300000,0x000000a3c0400000)]
  0x0000024ad6e5e650 JavaThread "Unconstrained build operations Thread 112" [_thread_blocked, id=19684, stack(0x000000a3c0400000,0x000000a3c0500000)]
  0x0000024ad6e5d210 JavaThread "Unconstrained build operations Thread 113" [_thread_blocked, id=26444, stack(0x000000a3c0500000,0x000000a3c0600000)]
  0x0000024ad6e5eb60 JavaThread "Unconstrained build operations Thread 114" [_thread_blocked, id=21116, stack(0x000000a3c0600000,0x000000a3c0700000)]
  0x0000024ad6e5f070 JavaThread "Unconstrained build operations Thread 115" [_thread_blocked, id=856, stack(0x000000a3c0700000,0x000000a3c0800000)]
  0x0000024ad6e5f580 JavaThread "Unconstrained build operations Thread 116" [_thread_blocked, id=10484, stack(0x000000a3c0800000,0x000000a3c0900000)]
  0x0000024ad6e5bdd0 JavaThread "Unconstrained build operations Thread 117" [_thread_blocked, id=23272, stack(0x000000a3c0900000,0x000000a3c0a00000)]
  0x0000024ad6e5fa90 JavaThread "Unconstrained build operations Thread 118" [_thread_blocked, id=3856, stack(0x000000a3c0a00000,0x000000a3c0b00000)]
  0x0000024ad6e5c7f0 JavaThread "Unconstrained build operations Thread 119" [_thread_blocked, id=24064, stack(0x000000a3c0b00000,0x000000a3c0c00000)]
  0x0000024ad6e5ffa0 JavaThread "Unconstrained build operations Thread 120" [_thread_blocked, id=13828, stack(0x000000a3c0c00000,0x000000a3c0d00000)]
  0x0000024ad6e609c0 JavaThread "pool-3-thread-1" [_thread_blocked, id=25460, stack(0x000000a3c0d00000,0x000000a3c0e00000)]
  0x0000024ad6e604b0 JavaThread "build event listener" [_thread_blocked, id=4840, stack(0x000000a3c0e00000,0x000000a3c0f00000)]
  0x0000024ad6e60ed0 JavaThread "Cache worker for execution history cache (D:\my project\packing_frontend\android\.gradle\8.3\executionHistory)" [_thread_blocked, id=25436, stack(0x000000a3c0f00000,0x000000a3c1000000)]
  0x0000024ad6e5d720 JavaThread "Exec process" [_thread_blocked, id=1608, stack(0x000000a3c1000000,0x000000a3c1100000)]
  0x0000024ad6e613e0 JavaThread "Exec process Thread 2" [_thread_blocked, id=26476, stack(0x000000a3c1100000,0x000000a3c1200000)]
  0x0000024ad6e5dc30 JavaThread "Exec process Thread 3" [_thread_blocked, id=28360, stack(0x000000a3c1200000,0x000000a3c1300000)]
  0x0000024ad6e618f0 JavaThread "Cache worker for Java compile cache (C:\Users\HP\.gradle\caches\8.3\javaCompile)" [_thread_blocked, id=16708, stack(0x000000a3c1300000,0x000000a3c1400000)]
  0x0000024ad1ac97c0 JavaThread "Build operations" [_thread_blocked, id=24820, stack(0x000000a3c1400000,0x000000a3c1500000)]
  0x0000024ad1ace3b0 JavaThread "Build operations Thread 2" [_thread_blocked, id=27872, stack(0x000000a3c1500000,0x000000a3c1600000)]
  0x0000024ad8a193d0 JavaThread "Build operations Thread 3" [_thread_blocked, id=13744, stack(0x000000a3c1600000,0x000000a3c1700000)]
  0x0000024ad8a189b0 JavaThread "Build operations Thread 4" [_thread_blocked, id=14848, stack(0x000000a3c1700000,0x000000a3c1800000)]
  0x0000024ad8a19df0 JavaThread "Build operations Thread 5" [_thread_blocked, id=22560, stack(0x000000a3c1800000,0x000000a3c1900000)]
  0x0000024ad8a17570 JavaThread "Build operations Thread 6" [_thread_blocked, id=20964, stack(0x000000a3c1900000,0x000000a3c1a00000)]
  0x0000024ad8a184a0 JavaThread "Build operations Thread 7" [_thread_blocked, id=4808, stack(0x000000a3c1a00000,0x000000a3c1b00000)]
  0x0000024ad8a18ec0 JavaThread "Build operations Thread 8" [_thread_blocked, id=7760, stack(0x000000a3c1b00000,0x000000a3c1c00000)]
  0x0000024ad8a17a80 JavaThread "Build operations Thread 9" [_thread_blocked, id=24940, stack(0x000000a3c1c00000,0x000000a3c1d00000)]
  0x0000024ad8a1a810 JavaThread "Build operations Thread 10" [_thread_blocked, id=20328, stack(0x000000a3c1d00000,0x000000a3c1e00000)]
  0x0000024ad8a198e0 JavaThread "Build operations Thread 11" [_thread_blocked, id=26844, stack(0x000000a3c1e00000,0x000000a3c1f00000)]
  0x0000024ad8a1b230 JavaThread "Build operations Thread 12" [_thread_blocked, id=9312, stack(0x000000a3c1f00000,0x000000a3c2000000)]
  0x0000024ad8a17f90 JavaThread "WorkerExecutor Queue Thread 2" [_thread_blocked, id=12004, stack(0x000000a3c2100000,0x000000a3c2200000)]
  0x0000024ad8a1d090 JavaThread "WorkerExecutor Queue Thread 3" [_thread_blocked, id=26312, stack(0x000000a3c2200000,0x000000a3c2300000)]
  0x0000024ad8a1c670 JavaThread "WorkerExecutor Queue Thread 4" [_thread_blocked, id=23480, stack(0x000000a3c2300000,0x000000a3c2400000)]
  0x0000024ad8a1dab0 JavaThread "WorkerExecutor Queue Thread 5" [_thread_blocked, id=2884, stack(0x000000a3c2400000,0x000000a3c2500000)]
  0x0000024ad8a1c160 JavaThread "WorkerExecutor Queue Thread 7" [_thread_blocked, id=26320, stack(0x000000a3c2600000,0x000000a3c2700000)]
  0x0000024ad8a1e4d0 JavaThread "WorkerExecutor Queue Thread 8" [_thread_blocked, id=28484, stack(0x000000a3c2700000,0x000000a3c2800000)]
  0x0000024ad8a1bc50 JavaThread "WorkerExecutor Queue Thread 10" [_thread_blocked, id=11216, stack(0x000000a3c2900000,0x000000a3c2a00000)]
  0x0000024ad8a1d5a0 JavaThread "WorkerExecutor Queue Thread 11" [_thread_blocked, id=2032, stack(0x000000a3c2a00000,0x000000a3c2b00000)]
  0x0000024ad8a1cb80 JavaThread "WorkerExecutor Queue Thread 12" [_thread_in_native, id=1908, stack(0x000000a3c2b00000,0x000000a3c2c00000)]
  0x0000024ad6e62d30 JavaThread "WorkerExecutor Queue Thread 14" [_thread_blocked, id=21596, stack(0x000000a3c2500000,0x000000a3c2600000)]
  0x0000024ad9901940 JavaThread "RMI Scheduler(0)" daemon [_thread_blocked, id=2216, stack(0x000000a3c2800000,0x000000a3c2900000)]
  0x0000024ad9901e50 JavaThread "RMI GC Daemon" daemon [_thread_blocked, id=13492, stack(0x000000a3c3200000,0x000000a3c3300000)]
  0x0000024ad9902d80 JavaThread "RMI TCP Accept-0" daemon [_thread_in_native, id=17396, stack(0x000000a3c3300000,0x000000a3c3400000)]
  0x0000024ad98ff5d0 JavaThread "RMI Reaper" [_thread_blocked, id=11604, stack(0x000000a3c3400000,0x000000a3c3500000)]
  0x0000024ad9904be0 JavaThread "RMI TCP Connection(3)-127.0.0.1" daemon [_thread_in_native, id=13544, stack(0x000000a3c3500000,0x000000a3c3600000)]
  0x0000024ae1f9b080 JavaThread "WorkerExecutor Queue Thread 15" [_thread_blocked, id=17676, stack(0x000000a3c3100000,0x000000a3c3200000)]
  0x0000024ad98ba570 JavaThread "Exec process Thread 4" [_thread_blocked, id=9012, stack(0x000000a3c3700000,0x000000a3c3800000)]
  0x0000024ad9e12f40 JavaThread "RMI RenewClean-[127.0.0.1:17628,org.jetbrains.kotlin.daemon.common.LoopbackNetworkInterface$ClientLoopbackSocketFactory@5ac9e5b3]" daemon [_thread_blocked, id=27588, stack(0x000000a3b2e00000,0x000000a3b2f00000)]
  0x0000024ae1f9baa0 JavaThread "RMI TCP Connection(idle)" daemon [_thread_blocked, id=27048, stack(0x000000a3b2f00000,0x000000a3b3000000)]
  0x0000024ad98bb4a0 JavaThread "Exec process Thread 5" [_thread_blocked, id=22940, stack(0x000000a3b3000000,0x000000a3b3100000)]
  0x0000024ad799bbc0 JavaThread "Exec process Thread 6" [_thread_blocked, id=20972, stack(0x000000a3c3800000,0x000000a3c3900000)]
  0x0000024ae1f9b590 JavaThread "Exec process Thread 7" [_thread_blocked, id=27384, stack(0x000000a3c3900000,0x000000a3c3a00000)]
  0x0000024ae1f9bfb0 JavaThread "Exec process Thread 8" [_thread_blocked, id=17660, stack(0x000000a3c3a00000,0x000000a3c3b00000)]
  0x0000024ad6eca890 JavaThread "Exec process Thread 9" [_thread_blocked, id=21536, stack(0x000000a3c3b00000,0x000000a3c3c00000)]
  0x0000024ad6ec8f40 JavaThread "Exec process Thread 10" [_thread_blocked, id=20404, stack(0x000000a3c3c00000,0x000000a3c3d00000)]
  0x0000024ae00590c0 JavaThread "Exec process Thread 11" [_thread_blocked, id=28264, stack(0x000000a3c3d00000,0x000000a3c3e00000)]
  0x0000024ae00595d0 JavaThread "Exec process Thread 12" [_thread_blocked, id=27360, stack(0x000000a3c3e00000,0x000000a3c3f00000)]
  0x0000024ad9e14380 JavaThread "WorkerExecutor Queue Thread 17" [_thread_blocked, id=21576, stack(0x000000a3c3600000,0x000000a3c3700000)]

Other Threads:
=>0x0000024aac104500 VMThread "VM Thread" [stack: 0x000000a3b3700000,0x000000a3b3800000] [id=14040]
  0x0000024a8c1abea0 WatcherThread [stack: 0x000000a3b4300000,0x000000a3b4400000] [id=27432]
  0x0000024a8c20b550 GCTaskThread "GC Thread#0" [stack: 0x000000a3b3200000,0x000000a3b3300000] [id=14700]
  0x0000024aacd088a0 GCTaskThread "GC Thread#1" [stack: 0x000000a3b4400000,0x000000a3b4500000] [id=28588]
  0x0000024acc7603f0 GCTaskThread "GC Thread#2" [stack: 0x000000a3b4500000,0x000000a3b4600000] [id=14100]
  0x0000024acc80b200 GCTaskThread "GC Thread#3" [stack: 0x000000a3b4600000,0x000000a3b4700000] [id=22416]
  0x0000024accc099f0 GCTaskThread "GC Thread#4" [stack: 0x000000a3b4700000,0x000000a3b4800000] [id=21628]
  0x0000024acde64a00 GCTaskThread "GC Thread#5" [stack: 0x000000a3b5500000,0x000000a3b5600000] [id=9468]
  0x0000024accf96b30 GCTaskThread "GC Thread#6" [stack: 0x000000a3b5600000,0x000000a3b5700000] [id=12428]
  0x0000024acdecfbf0 GCTaskThread "GC Thread#7" [stack: 0x000000a3b5700000,0x000000a3b5800000] [id=17872]
  0x0000024acdecfeb0 GCTaskThread "GC Thread#8" [stack: 0x000000a3b5800000,0x000000a3b5900000] [id=8552]
  0x0000024acded0170 GCTaskThread "GC Thread#9" [stack: 0x000000a3b5900000,0x000000a3b5a00000] [id=7172]
  0x0000024a8c21c3b0 ConcurrentGCThread "G1 Main Marker" [stack: 0x000000a3b3300000,0x000000a3b3400000] [id=4620]
  0x0000024a8c21cce0 ConcurrentGCThread "G1 Conc#0" [stack: 0x000000a3b3400000,0x000000a3b3500000] [id=16980]
  0x0000024acdd60670 ConcurrentGCThread "G1 Conc#1" [stack: 0x000000a3b6000000,0x000000a3b6100000] [id=23504]
  0x0000024acdd5fb70 ConcurrentGCThread "G1 Conc#2" [stack: 0x000000a3b6100000,0x000000a3b6200000] [id=26032]
  0x0000024aabfc63f0 ConcurrentGCThread "G1 Refine#0" [stack: 0x000000a3b3500000,0x000000a3b3600000] [id=24580]
  0x0000024ad067b7d0 ConcurrentGCThread "G1 Refine#1" [stack: 0x000000a3bdf00000,0x000000a3be000000] [id=16976]
  0x0000024ad067bac0 ConcurrentGCThread "G1 Refine#2" [stack: 0x000000a3be000000,0x000000a3be100000] [id=18744]
  0x0000024ad067c680 ConcurrentGCThread "G1 Refine#3" [stack: 0x000000a3be100000,0x000000a3be200000] [id=14052]
  0x0000024ad067c970 ConcurrentGCThread "G1 Refine#4" [stack: 0x000000a3be200000,0x000000a3be300000] [id=9440]
  0x0000024ad067cc60 ConcurrentGCThread "G1 Refine#5" [stack: 0x000000a3be300000,0x000000a3be400000] [id=14720]
  0x0000024ad067a630 ConcurrentGCThread "G1 Refine#6" [stack: 0x000000a3be400000,0x000000a3be500000] [id=3728]
  0x0000024ad067a920 ConcurrentGCThread "G1 Refine#7" [stack: 0x000000a3be500000,0x000000a3be600000] [id=11584]
  0x0000024ace00dc30 ConcurrentGCThread "G1 Refine#8" [stack: 0x000000a3be600000,0x000000a3be700000] [id=19728]
  0x0000024aabfc6bd0 ConcurrentGCThread "G1 Service" [stack: 0x000000a3b3600000,0x000000a3b3700000] [id=26616]

Threads with active compile tasks:

VM state: at safepoint (normal execution)

VM Mutex/Monitor currently owned by a thread:  ([mutex/lock_event])
[0x0000024a8c1920c0] Threads_lock - owner thread: 0x0000024aac104500
[0x0000024a8c1a93d0] Heap_lock - owner thread: 0x0000024a8c21c3b0

Heap address: 0x0000000080000000, size: 2048 MB, Compressed Oops mode: 32-bit

CDS archive(s) mapped at: [0x0000024aad000000-0x0000024aadbb0000-0x0000024aadbb0000), size 12255232, SharedBaseAddress: 0x0000024aad000000, ArchiveRelocationMode: 1.
Compressed class space mapped at: 0x0000024aae000000-0x0000024ac8000000, reserved size: 436207616
Narrow klass base: 0x0000024aad000000, Narrow klass shift: 0, Narrow klass range: 0x100000000

GC Precious Log:
 CPUs: 12 total, 12 available
 Memory: 7903M
 Large Page Support: Disabled
 NUMA Support: Disabled
 Compressed Oops: Enabled (32-bit)
 Heap Region Size: 1M
 Heap Min Capacity: 8M
 Heap Initial Capacity: 124M
 Heap Max Capacity: 2G
 Pre-touch: Disabled
 Parallel Workers: 10
 Concurrent Workers: 3
 Concurrent Refinement Workers: 10
 Periodic GC: Disabled

Heap:
 garbage-first heap   total 801792K, used 769076K [0x0000000080000000, 0x0000000100000000)
  region size 1024K, 5 young (5120K), 2 survivors (2048K)
 Metaspace       used 177603K, committed 183104K, reserved 622592K
  class space    used 23322K, committed 24832K, reserved 425984K

Heap Regions: E=young(eden), S=young(survivor), O=old, HS=humongous(starts), HC=humongous(continues), CS=collection set, F=free, OA=open archive, CA=closed archive, TAMS=top-at-mark-start (previous, next)
|   0|0x0000000080000000, 0x0000000080100000, 0x0000000080100000|100%|HS|  |TAMS 0x0000000080100000, 0x0000000080000000| Complete 
|   1|0x0000000080100000, 0x0000000080200000, 0x0000000080200000|100%|HC|  |TAMS 0x0000000080200000, 0x0000000080100000| Complete 
|   2|0x0000000080200000, 0x0000000080300000, 0x0000000080300000|100%|HC|  |TAMS 0x0000000080300000, 0x0000000080200000| Complete 
|   3|0x0000000080300000, 0x0000000080400000, 0x0000000080400000|100%|HC|  |TAMS 0x0000000080400000, 0x0000000080300000| Complete 
|   4|0x0000000080400000, 0x0000000080500000, 0x0000000080500000|100%| O|  |TAMS 0x0000000080500000, 0x0000000080400000| Untracked 
|   5|0x0000000080500000, 0x0000000080600000, 0x0000000080600000|100%| O|  |TAMS 0x0000000080600000, 0x0000000080500000| Updating 
|   6|0x0000000080600000, 0x0000000080700000, 0x0000000080700000|100%| O|  |TAMS 0x0000000080700000, 0x0000000080600000| Untracked 
|   7|0x0000000080700000, 0x0000000080800000, 0x0000000080800000|100%| O|  |TAMS 0x0000000080800000, 0x0000000080700000| Untracked 
|   8|0x0000000080800000, 0x0000000080900000, 0x0000000080900000|100%| O|  |TAMS 0x0000000080900000, 0x0000000080800000| Untracked 
|   9|0x0000000080900000, 0x0000000080a00000, 0x0000000080a00000|100%| O|  |TAMS 0x0000000080a00000, 0x0000000080900000| Untracked 
|  10|0x0000000080a00000, 0x0000000080b00000, 0x0000000080b00000|100%| O|  |TAMS 0x0000000080b00000, 0x0000000080a00000| Untracked 
|  11|0x0000000080b00000, 0x0000000080c00000, 0x0000000080c00000|100%| O|  |TAMS 0x0000000080c00000, 0x0000000080b00000| Untracked 
|  12|0x0000000080c00000, 0x0000000080d00000, 0x0000000080d00000|100%| O|  |TAMS 0x0000000080d00000, 0x0000000080c00000| Untracked 
|  13|0x0000000080d00000, 0x0000000080e00000, 0x0000000080e00000|100%| O|  |TAMS 0x0000000080e00000, 0x0000000080d00000| Untracked 
|  14|0x0000000080e00000, 0x0000000080f00000, 0x0000000080f00000|100%| O|  |TAMS 0x0000000080f00000, 0x0000000080e00000| Updating 
|  15|0x0000000080f00000, 0x0000000081000000, 0x0000000081000000|100%| O|  |TAMS 0x0000000081000000, 0x0000000080f00000| Untracked 
|  16|0x0000000081000000, 0x0000000081100000, 0x0000000081100000|100%| O|  |TAMS 0x0000000081100000, 0x0000000081000000| Untracked 
|  17|0x0000000081100000, 0x0000000081200000, 0x0000000081200000|100%| O|  |TAMS 0x0000000081200000, 0x0000000081100000| Untracked 
|  18|0x0000000081200000, 0x0000000081300000, 0x0000000081300000|100%| O|  |TAMS 0x0000000081300000, 0x0000000081200000| Untracked 
|  19|0x0000000081300000, 0x0000000081400000, 0x0000000081400000|100%| O|  |TAMS 0x0000000081400000, 0x0000000081300000| Untracked 
|  20|0x0000000081400000, 0x0000000081500000, 0x0000000081500000|100%| O|  |TAMS 0x0000000081500000, 0x0000000081400000| Untracked 
|  21|0x0000000081500000, 0x0000000081600000, 0x0000000081600000|100%| O|  |TAMS 0x0000000081600000, 0x0000000081500000| Untracked 
|  22|0x0000000081600000, 0x0000000081700000, 0x0000000081700000|100%| O|  |TAMS 0x0000000081700000, 0x0000000081600000| Untracked 
|  23|0x0000000081700000, 0x0000000081800000, 0x0000000081800000|100%| O|  |TAMS 0x0000000081800000, 0x0000000081700000| Untracked 
|  24|0x0000000081800000, 0x0000000081900000, 0x0000000081900000|100%| O|  |TAMS 0x0000000081900000, 0x0000000081800000| Untracked 
|  25|0x0000000081900000, 0x0000000081a00000, 0x0000000081a00000|100%| O|  |TAMS 0x0000000081a00000, 0x0000000081900000| Untracked 
|  26|0x0000000081a00000, 0x0000000081b00000, 0x0000000081b00000|100%| O|  |TAMS 0x0000000081b00000, 0x0000000081a00000| Untracked 
|  27|0x0000000081b00000, 0x0000000081c00000, 0x0000000081c00000|100%| O|  |TAMS 0x0000000081c00000, 0x0000000081b00000| Untracked 
|  28|0x0000000081c00000, 0x0000000081d00000, 0x0000000081d00000|100%|HS|  |TAMS 0x0000000081d00000, 0x0000000081c00000| Complete 
|  29|0x0000000081d00000, 0x0000000081e00000, 0x0000000081e00000|100%|HC|  |TAMS 0x0000000081e00000, 0x0000000081d00000| Complete 
|  30|0x0000000081e00000, 0x0000000081f00000, 0x0000000081f00000|100%|HS|  |TAMS 0x0000000081f00000, 0x0000000081e00000| Complete 
|  31|0x0000000081f00000, 0x0000000082000000, 0x0000000082000000|100%|HC|  |TAMS 0x0000000082000000, 0x0000000081f00000| Complete 
|  32|0x0000000082000000, 0x0000000082100000, 0x0000000082100000|100%| O|  |TAMS 0x0000000082100000, 0x0000000082000000| Untracked 
|  33|0x0000000082100000, 0x0000000082200000, 0x0000000082200000|100%| O|  |TAMS 0x0000000082200000, 0x0000000082100000| Updating 
|  34|0x0000000082200000, 0x0000000082300000, 0x0000000082300000|100%| O|  |TAMS 0x0000000082300000, 0x0000000082200000| Untracked 
|  35|0x0000000082300000, 0x0000000082400000, 0x0000000082400000|100%| O|  |TAMS 0x0000000082400000, 0x0000000082300000| Untracked 
|  36|0x0000000082400000, 0x0000000082500000, 0x0000000082500000|100%| O|  |TAMS 0x0000000082500000, 0x0000000082400000| Untracked 
|  37|0x0000000082500000, 0x0000000082600000, 0x0000000082600000|100%| O|  |TAMS 0x0000000082600000, 0x0000000082500000| Untracked 
|  38|0x0000000082600000, 0x0000000082700000, 0x0000000082700000|100%| O|  |TAMS 0x0000000082700000, 0x0000000082600000| Untracked 
|  39|0x0000000082700000, 0x0000000082800000, 0x0000000082800000|100%|HS|  |TAMS 0x0000000082800000, 0x0000000082700000| Complete 
|  40|0x0000000082800000, 0x0000000082900000, 0x0000000082900000|100%|HC|  |TAMS 0x0000000082900000, 0x0000000082800000| Complete 
|  41|0x0000000082900000, 0x0000000082a00000, 0x0000000082a00000|100%|HC|  |TAMS 0x0000000082a00000, 0x0000000082900000| Complete 
|  42|0x0000000082a00000, 0x0000000082b00000, 0x0000000082b00000|100%|HC|  |TAMS 0x0000000082b00000, 0x0000000082a00000| Complete 
|  43|0x0000000082b00000, 0x0000000082c00000, 0x0000000082c00000|100%| O|  |TAMS 0x0000000082c00000, 0x0000000082b00000| Untracked 
|  44|0x0000000082c00000, 0x0000000082d00000, 0x0000000082d00000|100%| O|  |TAMS 0x0000000082d00000, 0x0000000082c00000| Untracked 
|  45|0x0000000082d00000, 0x0000000082e00000, 0x0000000082e00000|100%| O|  |TAMS 0x0000000082e00000, 0x0000000082d00000| Untracked 
|  46|0x0000000082e00000, 0x0000000082f00000, 0x0000000082f00000|100%| O|  |TAMS 0x0000000082f00000, 0x0000000082e00000| Untracked 
|  47|0x0000000082f00000, 0x0000000083000000, 0x0000000083000000|100%| O|  |TAMS 0x0000000083000000, 0x0000000082f00000| Untracked 
|  48|0x0000000083000000, 0x0000000083100000, 0x0000000083100000|100%| O|  |TAMS 0x0000000083100000, 0x0000000083000000| Updating 
|  49|0x0000000083100000, 0x0000000083200000, 0x0000000083200000|100%| O|  |TAMS 0x0000000083200000, 0x0000000083100000| Untracked 
|  50|0x0000000083200000, 0x0000000083300000, 0x0000000083300000|100%| O|  |TAMS 0x0000000083300000, 0x0000000083200000| Untracked 
|  51|0x0000000083300000, 0x0000000083400000, 0x0000000083400000|100%| O|  |TAMS 0x0000000083400000, 0x0000000083300000| Untracked 
|  52|0x0000000083400000, 0x0000000083500000, 0x0000000083500000|100%| O|  |TAMS 0x0000000083500000, 0x0000000083400000| Updating 
|  53|0x0000000083500000, 0x0000000083600000, 0x0000000083600000|100%| O|  |TAMS 0x0000000083600000, 0x0000000083500000| Updating 
|  54|0x0000000083600000, 0x0000000083700000, 0x0000000083700000|100%|HS|  |TAMS 0x0000000083700000, 0x0000000083600000| Complete 
|  55|0x0000000083700000, 0x0000000083800000, 0x0000000083800000|100%|HC|  |TAMS 0x0000000083800000, 0x0000000083700000| Complete 
|  56|0x0000000083800000, 0x0000000083900000, 0x0000000083900000|100%|HC|  |TAMS 0x0000000083900000, 0x0000000083800000| Complete 
|  57|0x0000000083900000, 0x0000000083a00000, 0x0000000083a00000|100%|HC|  |TAMS 0x0000000083a00000, 0x0000000083900000| Complete 
|  58|0x0000000083a00000, 0x0000000083b00000, 0x0000000083b00000|100%| O|  |TAMS 0x0000000083b00000, 0x0000000083a00000| Untracked 
|  59|0x0000000083b00000, 0x0000000083c00000, 0x0000000083c00000|100%| O|  |TAMS 0x0000000083c00000, 0x0000000083b00000| Untracked 
|  60|0x0000000083c00000, 0x0000000083d00000, 0x0000000083d00000|100%| O|  |TAMS 0x0000000083d00000, 0x0000000083c00000| Updating 
|  61|0x0000000083d00000, 0x0000000083e00000, 0x0000000083e00000|100%| O|  |TAMS 0x0000000083e00000, 0x0000000083d00000| Updating 
|  62|0x0000000083e00000, 0x0000000083f00000, 0x0000000083f00000|100%| O|  |TAMS 0x0000000083f00000, 0x0000000083e00000| Updating 
|  63|0x0000000083f00000, 0x0000000084000000, 0x0000000084000000|100%| O|  |TAMS 0x0000000084000000, 0x0000000083f00000| Updating 
|  64|0x0000000084000000, 0x0000000084100000, 0x0000000084100000|100%| O|  |TAMS 0x0000000084100000, 0x0000000084000000| Updating 
|  65|0x0000000084100000, 0x0000000084200000, 0x0000000084200000|100%| O|  |TAMS 0x0000000084200000, 0x0000000084100000| Untracked 
|  66|0x0000000084200000, 0x0000000084300000, 0x0000000084300000|100%| O|  |TAMS 0x0000000084300000, 0x0000000084200000| Untracked 
|  67|0x0000000084300000, 0x0000000084400000, 0x0000000084400000|100%| O|  |TAMS 0x0000000084400000, 0x0000000084300000| Untracked 
|  68|0x0000000084400000, 0x0000000084500000, 0x0000000084500000|100%| O|  |TAMS 0x0000000084500000, 0x0000000084400000| Updating 
|  69|0x0000000084500000, 0x0000000084600000, 0x0000000084600000|100%|HS|  |TAMS 0x0000000084600000, 0x0000000084500000| Complete 
|  70|0x0000000084600000, 0x0000000084700000, 0x0000000084700000|100%|HS|  |TAMS 0x0000000084700000, 0x0000000084600000| Complete 
|  71|0x0000000084700000, 0x0000000084800000, 0x0000000084800000|100%|HS|  |TAMS 0x0000000084800000, 0x0000000084700000| Complete 
|  72|0x0000000084800000, 0x0000000084900000, 0x0000000084900000|100%| O|  |TAMS 0x0000000084900000, 0x0000000084800000| Updating 
|  73|0x0000000084900000, 0x0000000084a00000, 0x0000000084a00000|100%| O|  |TAMS 0x0000000084a00000, 0x0000000084900000| Untracked 
|  74|0x0000000084a00000, 0x0000000084b00000, 0x0000000084b00000|100%|HS|  |TAMS 0x0000000084b00000, 0x0000000084a00000| Complete 
|  75|0x0000000084b00000, 0x0000000084c00000, 0x0000000084c00000|100%| O|  |TAMS 0x0000000084c00000, 0x0000000084b00000| Untracked 
|  76|0x0000000084c00000, 0x0000000084d00000, 0x0000000084d00000|100%| O|  |TAMS 0x0000000084d00000, 0x0000000084c00000| Untracked 
|  77|0x0000000084d00000, 0x0000000084e00000, 0x0000000084e00000|100%| O|  |TAMS 0x0000000084e00000, 0x0000000084d00000| Untracked 
|  78|0x0000000084e00000, 0x0000000084f00000, 0x0000000084f00000|100%| O|  |TAMS 0x0000000084f00000, 0x0000000084e00000| Updating 
|  79|0x0000000084f00000, 0x0000000085000000, 0x0000000085000000|100%| O|  |TAMS 0x0000000085000000, 0x0000000084f00000| Untracked 
|  80|0x0000000085000000, 0x0000000085100000, 0x0000000085100000|100%| O|  |TAMS 0x0000000085100000, 0x0000000085000000| Updating 
|  81|0x0000000085100000, 0x0000000085200000, 0x0000000085200000|100%| O|  |TAMS 0x0000000085200000, 0x0000000085100000| Untracked 
|  82|0x0000000085200000, 0x0000000085300000, 0x0000000085300000|100%| O|  |TAMS 0x0000000085300000, 0x0000000085200000| Untracked 
|  83|0x0000000085300000, 0x0000000085400000, 0x0000000085400000|100%| O|  |TAMS 0x0000000085400000, 0x0000000085300000| Untracked 
|  84|0x0000000085400000, 0x0000000085500000, 0x0000000085500000|100%| O|  |TAMS 0x0000000085500000, 0x0000000085400000| Untracked 
|  85|0x0000000085500000, 0x0000000085600000, 0x0000000085600000|100%| O|  |TAMS 0x0000000085600000, 0x0000000085500000| Updating 
|  86|0x0000000085600000, 0x0000000085700000, 0x0000000085700000|100%| O|  |TAMS 0x0000000085700000, 0x0000000085600000| Untracked 
|  87|0x0000000085700000, 0x0000000085800000, 0x0000000085800000|100%| O|  |TAMS 0x0000000085800000, 0x0000000085700000| Untracked 
|  88|0x0000000085800000, 0x0000000085900000, 0x0000000085900000|100%| O|  |TAMS 0x0000000085900000, 0x0000000085800000| Untracked 
|  89|0x0000000085900000, 0x0000000085a00000, 0x0000000085a00000|100%| O|  |TAMS 0x0000000085a00000, 0x0000000085900000| Untracked 
|  90|0x0000000085a00000, 0x0000000085b00000, 0x0000000085b00000|100%| O|  |TAMS 0x0000000085b00000, 0x0000000085a00000| Untracked 
|  91|0x0000000085b00000, 0x0000000085c00000, 0x0000000085c00000|100%| O|  |TAMS 0x0000000085c00000, 0x0000000085b00000| Updating 
|  92|0x0000000085c00000, 0x0000000085d00000, 0x0000000085d00000|100%| O|  |TAMS 0x0000000085d00000, 0x0000000085c00000| Updating 
|  93|0x0000000085d00000, 0x0000000085e00000, 0x0000000085e00000|100%| O|  |TAMS 0x0000000085e00000, 0x0000000085d00000| Untracked 
|  94|0x0000000085e00000, 0x0000000085f00000, 0x0000000085f00000|100%| O|  |TAMS 0x0000000085f00000, 0x0000000085e00000| Untracked 
|  95|0x0000000085f00000, 0x0000000086000000, 0x0000000086000000|100%| O|  |TAMS 0x0000000086000000, 0x0000000085f00000| Untracked 
|  96|0x0000000086000000, 0x0000000086100000, 0x0000000086100000|100%| O|  |TAMS 0x0000000086100000, 0x0000000086000000| Untracked 
|  97|0x0000000086100000, 0x0000000086200000, 0x0000000086200000|100%| O|  |TAMS 0x0000000086200000, 0x0000000086100000| Untracked 
|  98|0x0000000086200000, 0x0000000086300000, 0x0000000086300000|100%| O|  |TAMS 0x0000000086300000, 0x0000000086200000| Untracked 
|  99|0x0000000086300000, 0x0000000086400000, 0x0000000086400000|100%| O|  |TAMS 0x0000000086400000, 0x0000000086300000| Untracked 
| 100|0x0000000086400000, 0x0000000086500000, 0x0000000086500000|100%| O|  |TAMS 0x0000000086500000, 0x0000000086400000| Untracked 
| 101|0x0000000086500000, 0x0000000086600000, 0x0000000086600000|100%|HS|  |TAMS 0x0000000086600000, 0x0000000086500000| Complete 
| 102|0x0000000086600000, 0x0000000086700000, 0x0000000086700000|100%|HC|  |TAMS 0x0000000086700000, 0x0000000086600000| Complete 
| 103|0x0000000086700000, 0x0000000086800000, 0x0000000086800000|100%|HS|  |TAMS 0x0000000086800000, 0x0000000086700000| Complete 
| 104|0x0000000086800000, 0x0000000086900000, 0x0000000086900000|100%|HC|  |TAMS 0x0000000086900000, 0x0000000086800000| Complete 
| 105|0x0000000086900000, 0x0000000086a00000, 0x0000000086a00000|100%|HC|  |TAMS 0x0000000086a00000, 0x0000000086900000| Complete 
| 106|0x0000000086a00000, 0x0000000086b00000, 0x0000000086b00000|100%|HC|  |TAMS 0x0000000086b00000, 0x0000000086a00000| Complete 
| 107|0x0000000086b00000, 0x0000000086c00000, 0x0000000086c00000|100%|HS|  |TAMS 0x0000000086c00000, 0x0000000086b00000| Complete 
| 108|0x0000000086c00000, 0x0000000086d00000, 0x0000000086d00000|100%|HC|  |TAMS 0x0000000086d00000, 0x0000000086c00000| Complete 
| 109|0x0000000086d00000, 0x0000000086e00000, 0x0000000086e00000|100%|HC|  |TAMS 0x0000000086e00000, 0x0000000086d00000| Complete 
| 110|0x0000000086e00000, 0x0000000086f00000, 0x0000000086f00000|100%|HS|  |TAMS 0x0000000086f00000, 0x0000000086e00000| Complete 
| 111|0x0000000086f00000, 0x0000000087000000, 0x0000000087000000|100%|HC|  |TAMS 0x0000000087000000, 0x0000000086f00000| Complete 
| 112|0x0000000087000000, 0x0000000087100000, 0x0000000087100000|100%|HS|  |TAMS 0x0000000087100000, 0x0000000087000000| Complete 
| 113|0x0000000087100000, 0x0000000087200000, 0x0000000087200000|100%|HC|  |TAMS 0x0000000087200000, 0x0000000087100000| Complete 
| 114|0x0000000087200000, 0x0000000087300000, 0x0000000087300000|100%|HC|  |TAMS 0x0000000087300000, 0x0000000087200000| Complete 
| 115|0x0000000087300000, 0x0000000087400000, 0x0000000087400000|100%| O|  |TAMS 0x0000000087400000, 0x0000000087300000| Untracked 
| 116|0x0000000087400000, 0x0000000087500000, 0x0000000087500000|100%| O|  |TAMS 0x0000000087500000, 0x0000000087400000| Untracked 
| 117|0x0000000087500000, 0x0000000087600000, 0x0000000087600000|100%| O|  |TAMS 0x0000000087600000, 0x0000000087500000| Untracked 
| 118|0x0000000087600000, 0x0000000087700000, 0x0000000087700000|100%| O|  |TAMS 0x0000000087700000, 0x0000000087600000| Untracked 
| 119|0x0000000087700000, 0x0000000087800000, 0x0000000087800000|100%| O|  |TAMS 0x0000000087800000, 0x0000000087700000| Untracked 
| 120|0x0000000087800000, 0x0000000087900000, 0x0000000087900000|100%| O|  |TAMS 0x0000000087900000, 0x0000000087800000| Untracked 
| 121|0x0000000087900000, 0x0000000087a00000, 0x0000000087a00000|100%| O|  |TAMS 0x0000000087a00000, 0x0000000087900000| Untracked 
| 122|0x0000000087a00000, 0x0000000087b00000, 0x0000000087b00000|100%| O|  |TAMS 0x0000000087b00000, 0x0000000087a00000| Untracked 
| 123|0x0000000087b00000, 0x0000000087c00000, 0x0000000087c00000|100%|HS|  |TAMS 0x0000000087c00000, 0x0000000087b00000| Complete 
| 124|0x0000000087c00000, 0x0000000087d00000, 0x0000000087d00000|100%|HS|  |TAMS 0x0000000087d00000, 0x0000000087c00000| Complete 
| 125|0x0000000087d00000, 0x0000000087e00000, 0x0000000087e00000|100%|HS|  |TAMS 0x0000000087e00000, 0x0000000087d00000| Complete 
| 126|0x0000000087e00000, 0x0000000087f00000, 0x0000000087f00000|100%| O|  |TAMS 0x0000000087f00000, 0x0000000087e00000| Untracked 
| 127|0x0000000087f00000, 0x0000000088000000, 0x0000000088000000|100%|HS|  |TAMS 0x0000000088000000, 0x0000000087f00000| Complete 
| 128|0x0000000088000000, 0x0000000088100000, 0x0000000088100000|100%|HC|  |TAMS 0x0000000088100000, 0x0000000088000000| Complete 
| 129|0x0000000088100000, 0x0000000088200000, 0x0000000088200000|100%| O|  |TAMS 0x0000000088200000, 0x0000000088100000| Untracked 
| 130|0x0000000088200000, 0x0000000088300000, 0x0000000088300000|100%| O|  |TAMS 0x0000000088300000, 0x0000000088200000| Untracked 
| 131|0x0000000088300000, 0x0000000088400000, 0x0000000088400000|100%| O|  |TAMS 0x0000000088400000, 0x0000000088300000| Untracked 
| 132|0x0000000088400000, 0x0000000088500000, 0x0000000088500000|100%| O|  |TAMS 0x0000000088500000, 0x0000000088400000| Untracked 
| 133|0x0000000088500000, 0x0000000088600000, 0x0000000088600000|100%| O|  |TAMS 0x0000000088600000, 0x0000000088500000| Untracked 
| 134|0x0000000088600000, 0x0000000088700000, 0x0000000088700000|100%| O|  |TAMS 0x0000000088700000, 0x0000000088600000| Untracked 
| 135|0x0000000088700000, 0x0000000088800000, 0x0000000088800000|100%| O|  |TAMS 0x0000000088800000, 0x0000000088700000| Untracked 
| 136|0x0000000088800000, 0x0000000088900000, 0x0000000088900000|100%| O|  |TAMS 0x0000000088900000, 0x0000000088800000| Untracked 
| 137|0x0000000088900000, 0x0000000088a00000, 0x0000000088a00000|100%| O|  |TAMS 0x0000000088a00000, 0x0000000088900000| Untracked 
| 138|0x0000000088a00000, 0x0000000088b00000, 0x0000000088b00000|100%| O|  |TAMS 0x0000000088b00000, 0x0000000088a00000| Updating 
| 139|0x0000000088b00000, 0x0000000088c00000, 0x0000000088c00000|100%|HS|  |TAMS 0x0000000088c00000, 0x0000000088b00000| Complete 
| 140|0x0000000088c00000, 0x0000000088d00000, 0x0000000088d00000|100%| O|  |TAMS 0x0000000088d00000, 0x0000000088c00000| Untracked 
| 141|0x0000000088d00000, 0x0000000088e00000, 0x0000000088e00000|100%| O|  |TAMS 0x0000000088e00000, 0x0000000088d00000| Untracked 
| 142|0x0000000088e00000, 0x0000000088f00000, 0x0000000088f00000|100%| O|  |TAMS 0x0000000088f00000, 0x0000000088e00000| Untracked 
| 143|0x0000000088f00000, 0x0000000089000000, 0x0000000089000000|100%| O|  |TAMS 0x0000000089000000, 0x0000000088f00000| Untracked 
| 144|0x0000000089000000, 0x0000000089100000, 0x0000000089100000|100%| O|  |TAMS 0x0000000089100000, 0x0000000089000000| Untracked 
| 145|0x0000000089100000, 0x0000000089200000, 0x0000000089200000|100%| O|  |TAMS 0x0000000089200000, 0x0000000089100000| Untracked 
| 146|0x0000000089200000, 0x0000000089300000, 0x0000000089300000|100%| O|  |TAMS 0x0000000089300000, 0x0000000089200000| Untracked 
| 147|0x0000000089300000, 0x0000000089400000, 0x0000000089400000|100%| O|  |TAMS 0x0000000089400000, 0x0000000089300000| Untracked 
| 148|0x0000000089400000, 0x0000000089500000, 0x0000000089500000|100%| O|  |TAMS 0x0000000089500000, 0x0000000089400000| Untracked 
| 149|0x0000000089500000, 0x0000000089600000, 0x0000000089600000|100%| O|  |TAMS 0x0000000089600000, 0x0000000089500000| Untracked 
| 150|0x0000000089600000, 0x0000000089700000, 0x0000000089700000|100%| O|  |TAMS 0x0000000089700000, 0x0000000089600000| Untracked 
| 151|0x0000000089700000, 0x0000000089800000, 0x0000000089800000|100%| O|  |TAMS 0x0000000089800000, 0x0000000089700000| Untracked 
| 152|0x0000000089800000, 0x0000000089900000, 0x0000000089900000|100%| O|  |TAMS 0x0000000089900000, 0x0000000089800000| Untracked 
| 153|0x0000000089900000, 0x0000000089a00000, 0x0000000089a00000|100%| O|  |TAMS 0x0000000089a00000, 0x0000000089900000| Untracked 
| 154|0x0000000089a00000, 0x0000000089b00000, 0x0000000089b00000|100%| O|  |TAMS 0x0000000089b00000, 0x0000000089a00000| Untracked 
| 155|0x0000000089b00000, 0x0000000089c00000, 0x0000000089c00000|100%| O|  |TAMS 0x0000000089c00000, 0x0000000089b00000| Untracked 
| 156|0x0000000089c00000, 0x0000000089d00000, 0x0000000089d00000|100%| O|  |TAMS 0x0000000089d00000, 0x0000000089c00000| Untracked 
| 157|0x0000000089d00000, 0x0000000089e00000, 0x0000000089e00000|100%| O|  |TAMS 0x0000000089e00000, 0x0000000089d00000| Untracked 
| 158|0x0000000089e00000, 0x0000000089f00000, 0x0000000089f00000|100%| O|  |TAMS 0x0000000089f00000, 0x0000000089e00000| Untracked 
| 159|0x0000000089f00000, 0x000000008a000000, 0x000000008a000000|100%| O|  |TAMS 0x000000008a000000, 0x0000000089f00000| Updating 
| 160|0x000000008a000000, 0x000000008a100000, 0x000000008a100000|100%| O|  |TAMS 0x000000008a100000, 0x000000008a000000| Updating 
| 161|0x000000008a100000, 0x000000008a200000, 0x000000008a200000|100%| O|  |TAMS 0x000000008a200000, 0x000000008a100000| Untracked 
| 162|0x000000008a200000, 0x000000008a300000, 0x000000008a300000|100%| O|  |TAMS 0x000000008a300000, 0x000000008a200000| Updating 
| 163|0x000000008a300000, 0x000000008a400000, 0x000000008a400000|100%| O|  |TAMS 0x000000008a400000, 0x000000008a300000| Updating 
| 164|0x000000008a400000, 0x000000008a500000, 0x000000008a500000|100%|HS|  |TAMS 0x000000008a500000, 0x000000008a400000| Complete 
| 165|0x000000008a500000, 0x000000008a600000, 0x000000008a600000|100%|HC|  |TAMS 0x000000008a600000, 0x000000008a500000| Complete 
| 166|0x000000008a600000, 0x000000008a700000, 0x000000008a700000|100%|HS|  |TAMS 0x000000008a700000, 0x000000008a600000| Complete 
| 167|0x000000008a700000, 0x000000008a800000, 0x000000008a800000|100%| O|  |TAMS 0x000000008a800000, 0x000000008a700000| Untracked 
| 168|0x000000008a800000, 0x000000008a900000, 0x000000008a900000|100%| O|  |TAMS 0x000000008a900000, 0x000000008a800000| Untracked 
| 169|0x000000008a900000, 0x000000008aa00000, 0x000000008aa00000|100%| O|  |TAMS 0x000000008aa00000, 0x000000008a900000| Untracked 
| 170|0x000000008aa00000, 0x000000008ab00000, 0x000000008ab00000|100%| O|  |TAMS 0x000000008ab00000, 0x000000008aa00000| Untracked 
| 171|0x000000008ab00000, 0x000000008ac00000, 0x000000008ac00000|100%| O|  |TAMS 0x000000008ac00000, 0x000000008ab00000| Untracked 
| 172|0x000000008ac00000, 0x000000008ad00000, 0x000000008ad00000|100%| O|  |TAMS 0x000000008ad00000, 0x000000008ac00000| Untracked 
| 173|0x000000008ad00000, 0x000000008ae00000, 0x000000008ae00000|100%| O|  |TAMS 0x000000008ae00000, 0x000000008ad00000| Untracked 
| 174|0x000000008ae00000, 0x000000008af00000, 0x000000008af00000|100%| O|  |TAMS 0x000000008af00000, 0x000000008ae00000| Untracked 
| 175|0x000000008af00000, 0x000000008b000000, 0x000000008b000000|100%| O|  |TAMS 0x000000008b000000, 0x000000008af00000| Untracked 
| 176|0x000000008b000000, 0x000000008b100000, 0x000000008b100000|100%| O|  |TAMS 0x000000008b100000, 0x000000008b000000| Untracked 
| 177|0x000000008b100000, 0x000000008b200000, 0x000000008b200000|100%| O|  |TAMS 0x000000008b200000, 0x000000008b100000| Untracked 
| 178|0x000000008b200000, 0x000000008b300000, 0x000000008b300000|100%| O|  |TAMS 0x000000008b300000, 0x000000008b200000| Untracked 
| 179|0x000000008b300000, 0x000000008b400000, 0x000000008b400000|100%| O|  |TAMS 0x000000008b400000, 0x000000008b300000| Untracked 
| 180|0x000000008b400000, 0x000000008b500000, 0x000000008b500000|100%| O|  |TAMS 0x000000008b500000, 0x000000008b400000| Untracked 
| 181|0x000000008b500000, 0x000000008b600000, 0x000000008b600000|100%| O|  |TAMS 0x000000008b600000, 0x000000008b500000| Untracked 
| 182|0x000000008b600000, 0x000000008b700000, 0x000000008b700000|100%| O|  |TAMS 0x000000008b700000, 0x000000008b600000| Updating 
| 183|0x000000008b700000, 0x000000008b800000, 0x000000008b800000|100%| O|  |TAMS 0x000000008b800000, 0x000000008b700000| Untracked 
| 184|0x000000008b800000, 0x000000008b900000, 0x000000008b900000|100%| O|  |TAMS 0x000000008b900000, 0x000000008b800000| Updating 
| 185|0x000000008b900000, 0x000000008ba00000, 0x000000008ba00000|100%| O|  |TAMS 0x000000008ba00000, 0x000000008b900000| Untracked 
| 186|0x000000008ba00000, 0x000000008bb00000, 0x000000008bb00000|100%|HS|  |TAMS 0x000000008bb00000, 0x000000008ba00000| Complete 
| 187|0x000000008bb00000, 0x000000008bc00000, 0x000000008bc00000|100%|HC|  |TAMS 0x000000008bc00000, 0x000000008bb00000| Complete 
| 188|0x000000008bc00000, 0x000000008bd00000, 0x000000008bd00000|100%| O|  |TAMS 0x000000008bd00000, 0x000000008bc00000| Untracked 
| 189|0x000000008bd00000, 0x000000008be00000, 0x000000008be00000|100%| O|  |TAMS 0x000000008be00000, 0x000000008bd00000| Untracked 
| 190|0x000000008be00000, 0x000000008bf00000, 0x000000008bf00000|100%| O|  |TAMS 0x000000008bf00000, 0x000000008be00000| Updating 
| 191|0x000000008bf00000, 0x000000008c000000, 0x000000008c000000|100%| O|  |TAMS 0x000000008c000000, 0x000000008bf00000| Untracked 
| 192|0x000000008c000000, 0x000000008c100000, 0x000000008c100000|100%| O|  |TAMS 0x000000008c100000, 0x000000008c000000| Untracked 
| 193|0x000000008c100000, 0x000000008c200000, 0x000000008c200000|100%| O|  |TAMS 0x000000008c200000, 0x000000008c100000| Untracked 
| 194|0x000000008c200000, 0x000000008c300000, 0x000000008c300000|100%| O|  |TAMS 0x000000008c300000, 0x000000008c200000| Untracked 
| 195|0x000000008c300000, 0x000000008c400000, 0x000000008c400000|100%| O|  |TAMS 0x000000008c400000, 0x000000008c300000| Untracked 
| 196|0x000000008c400000, 0x000000008c500000, 0x000000008c500000|100%| O|  |TAMS 0x000000008c500000, 0x000000008c400000| Untracked 
| 197|0x000000008c500000, 0x000000008c600000, 0x000000008c600000|100%| O|  |TAMS 0x000000008c600000, 0x000000008c500000| Untracked 
| 198|0x000000008c600000, 0x000000008c700000, 0x000000008c700000|100%| O|  |TAMS 0x000000008c700000, 0x000000008c600000| Untracked 
| 199|0x000000008c700000, 0x000000008c800000, 0x000000008c800000|100%| O|  |TAMS 0x000000008c800000, 0x000000008c700000| Untracked 
| 200|0x000000008c800000, 0x000000008c900000, 0x000000008c900000|100%| O|  |TAMS 0x000000008c900000, 0x000000008c800000| Updating 
| 201|0x000000008c900000, 0x000000008ca00000, 0x000000008ca00000|100%| O|  |TAMS 0x000000008ca00000, 0x000000008c900000| Updating 
| 202|0x000000008ca00000, 0x000000008cb00000, 0x000000008cb00000|100%| O|  |TAMS 0x000000008cb00000, 0x000000008ca00000| Untracked 
| 203|0x000000008cb00000, 0x000000008cc00000, 0x000000008cc00000|100%| O|  |TAMS 0x000000008cc00000, 0x000000008cb00000| Untracked 
| 204|0x000000008cc00000, 0x000000008cd00000, 0x000000008cd00000|100%| O|  |TAMS 0x000000008cd00000, 0x000000008cc00000| Untracked 
| 205|0x000000008cd00000, 0x000000008ce00000, 0x000000008ce00000|100%| O|  |TAMS 0x000000008ce00000, 0x000000008cd00000| Untracked 
| 206|0x000000008ce00000, 0x000000008cf00000, 0x000000008cf00000|100%| O|  |TAMS 0x000000008cf00000, 0x000000008ce00000| Untracked 
| 207|0x000000008cf00000, 0x000000008d000000, 0x000000008d000000|100%| O|  |TAMS 0x000000008d000000, 0x000000008cf00000| Untracked 
| 208|0x000000008d000000, 0x000000008d100000, 0x000000008d100000|100%| O|  |TAMS 0x000000008d100000, 0x000000008d000000| Untracked 
| 209|0x000000008d100000, 0x000000008d200000, 0x000000008d200000|100%| O|  |TAMS 0x000000008d200000, 0x000000008d100000| Untracked 
| 210|0x000000008d200000, 0x000000008d300000, 0x000000008d300000|100%| O|  |TAMS 0x000000008d300000, 0x000000008d200000| Updating 
| 211|0x000000008d300000, 0x000000008d400000, 0x000000008d400000|100%| O|  |TAMS 0x000000008d400000, 0x000000008d300000| Updating 
| 212|0x000000008d400000, 0x000000008d500000, 0x000000008d500000|100%| O|  |TAMS 0x000000008d500000, 0x000000008d400000| Updating 
| 213|0x000000008d500000, 0x000000008d600000, 0x000000008d600000|100%| O|  |TAMS 0x000000008d600000, 0x000000008d500000| Updating 
| 214|0x000000008d600000, 0x000000008d700000, 0x000000008d700000|100%| O|  |TAMS 0x000000008d700000, 0x000000008d600000| Updating 
| 215|0x000000008d700000, 0x000000008d800000, 0x000000008d800000|100%| O|  |TAMS 0x000000008d800000, 0x000000008d700000| Updating 
| 216|0x000000008d800000, 0x000000008d900000, 0x000000008d900000|100%| O|  |TAMS 0x000000008d900000, 0x000000008d800000| Untracked 
| 217|0x000000008d900000, 0x000000008da00000, 0x000000008da00000|100%| O|  |TAMS 0x000000008da00000, 0x000000008d900000| Untracked 
| 218|0x000000008da00000, 0x000000008db00000, 0x000000008db00000|100%| O|  |TAMS 0x000000008db00000, 0x000000008da00000| Untracked 
| 219|0x000000008db00000, 0x000000008dc00000, 0x000000008dc00000|100%| O|  |TAMS 0x000000008dc00000, 0x000000008db00000| Untracked 
| 220|0x000000008dc00000, 0x000000008dd00000, 0x000000008dd00000|100%| O|  |TAMS 0x000000008dd00000, 0x000000008dc00000| Untracked 
| 221|0x000000008dd00000, 0x000000008de00000, 0x000000008de00000|100%| O|  |TAMS 0x000000008de00000, 0x000000008dd00000| Untracked 
| 222|0x000000008de00000, 0x000000008df00000, 0x000000008df00000|100%| O|  |TAMS 0x000000008df00000, 0x000000008de00000| Untracked 
| 223|0x000000008df00000, 0x000000008e000000, 0x000000008e000000|100%| O|  |TAMS 0x000000008e000000, 0x000000008df00000| Updating 
| 224|0x000000008e000000, 0x000000008e100000, 0x000000008e100000|100%| O|  |TAMS 0x000000008e100000, 0x000000008e000000| Untracked 
| 225|0x000000008e100000, 0x000000008e200000, 0x000000008e200000|100%| O|  |TAMS 0x000000008e200000, 0x000000008e100000| Untracked 
| 226|0x000000008e200000, 0x000000008e300000, 0x000000008e300000|100%| O|  |TAMS 0x000000008e300000, 0x000000008e200000| Untracked 
| 227|0x000000008e300000, 0x000000008e400000, 0x000000008e400000|100%| O|  |TAMS 0x000000008e400000, 0x000000008e300000| Untracked 
| 228|0x000000008e400000, 0x000000008e500000, 0x000000008e500000|100%| O|  |TAMS 0x000000008e500000, 0x000000008e400000| Updating 
| 229|0x000000008e500000, 0x000000008e600000, 0x000000008e600000|100%| O|  |TAMS 0x000000008e600000, 0x000000008e500000| Updating 
| 230|0x000000008e600000, 0x000000008e700000, 0x000000008e700000|100%| O|  |TAMS 0x000000008e700000, 0x000000008e600000| Untracked 
| 231|0x000000008e700000, 0x000000008e800000, 0x000000008e800000|100%| O|  |TAMS 0x000000008e800000, 0x000000008e700000| Untracked 
| 232|0x000000008e800000, 0x000000008e900000, 0x000000008e900000|100%| O|  |TAMS 0x000000008e900000, 0x000000008e800000| Untracked 
| 233|0x000000008e900000, 0x000000008ea00000, 0x000000008ea00000|100%| O|  |TAMS 0x000000008ea00000, 0x000000008e900000| Updating 
| 234|0x000000008ea00000, 0x000000008eb00000, 0x000000008eb00000|100%| O|  |TAMS 0x000000008eb00000, 0x000000008ea00000| Updating 
| 235|0x000000008eb00000, 0x000000008ec00000, 0x000000008ec00000|100%| O|  |TAMS 0x000000008ec00000, 0x000000008eb00000| Updating 
| 236|0x000000008ec00000, 0x000000008ed00000, 0x000000008ed00000|100%| O|  |TAMS 0x000000008ed00000, 0x000000008ec00000| Untracked 
| 237|0x000000008ed00000, 0x000000008ee00000, 0x000000008ee00000|100%| O|  |TAMS 0x000000008ee00000, 0x000000008ed00000| Untracked 
| 238|0x000000008ee00000, 0x000000008ef00000, 0x000000008ef00000|100%| O|  |TAMS 0x000000008ef00000, 0x000000008ee00000| Updating 
| 239|0x000000008ef00000, 0x000000008f000000, 0x000000008f000000|100%| O|  |TAMS 0x000000008f000000, 0x000000008ef00000| Updating 
| 240|0x000000008f000000, 0x000000008f100000, 0x000000008f100000|100%| O|  |TAMS 0x000000008f100000, 0x000000008f000000| Updating 
| 241|0x000000008f100000, 0x000000008f200000, 0x000000008f200000|100%| O|  |TAMS 0x000000008f200000, 0x000000008f100000| Updating 
| 242|0x000000008f200000, 0x000000008f300000, 0x000000008f300000|100%| O|  |TAMS 0x000000008f300000, 0x000000008f200000| Updating 
| 243|0x000000008f300000, 0x000000008f400000, 0x000000008f400000|100%| O|  |TAMS 0x000000008f400000, 0x000000008f300000| Updating 
| 244|0x000000008f400000, 0x000000008f500000, 0x000000008f500000|100%| O|  |TAMS 0x000000008f500000, 0x000000008f400000| Updating 
| 245|0x000000008f500000, 0x000000008f600000, 0x000000008f600000|100%| O|  |TAMS 0x000000008f600000, 0x000000008f500000| Updating 
| 246|0x000000008f600000, 0x000000008f700000, 0x000000008f700000|100%| O|  |TAMS 0x000000008f700000, 0x000000008f600000| Untracked 
| 247|0x000000008f700000, 0x000000008f800000, 0x000000008f800000|100%| O|  |TAMS 0x000000008f800000, 0x000000008f700000| Untracked 
| 248|0x000000008f800000, 0x000000008f900000, 0x000000008f900000|100%| O|  |TAMS 0x000000008f900000, 0x000000008f800000| Untracked 
| 249|0x000000008f900000, 0x000000008fa00000, 0x000000008fa00000|100%| O|  |TAMS 0x000000008fa00000, 0x000000008f900000| Updating 
| 250|0x000000008fa00000, 0x000000008fb00000, 0x000000008fb00000|100%| O|  |TAMS 0x000000008fb00000, 0x000000008fa00000| Updating 
| 251|0x000000008fb00000, 0x000000008fc00000, 0x000000008fc00000|100%| O|  |TAMS 0x000000008fc00000, 0x000000008fb00000| Untracked 
| 252|0x000000008fc00000, 0x000000008fd00000, 0x000000008fd00000|100%| O|  |TAMS 0x000000008fd00000, 0x000000008fc00000| Untracked 
| 253|0x000000008fd00000, 0x000000008fe00000, 0x000000008fe00000|100%| O|  |TAMS 0x000000008fe00000, 0x000000008fd00000| Untracked 
| 254|0x000000008fe00000, 0x000000008ff00000, 0x000000008ff00000|100%| O|  |TAMS 0x000000008ff00000, 0x000000008fe00000| Updating 
| 255|0x000000008ff00000, 0x0000000090000000, 0x0000000090000000|100%| O|  |TAMS 0x0000000090000000, 0x000000008ff00000| Updating 
| 256|0x0000000090000000, 0x0000000090100000, 0x0000000090100000|100%| O|  |TAMS 0x0000000090100000, 0x0000000090000000| Updating 
| 257|0x0000000090100000, 0x0000000090200000, 0x0000000090200000|100%|HS|  |TAMS 0x0000000090200000, 0x0000000090100000| Complete 
| 258|0x0000000090200000, 0x0000000090300000, 0x0000000090300000|100%|HC|  |TAMS 0x0000000090300000, 0x0000000090200000| Complete 
| 259|0x0000000090300000, 0x0000000090400000, 0x0000000090400000|100%| O|  |TAMS 0x0000000090400000, 0x0000000090300000| Updating 
| 260|0x0000000090400000, 0x0000000090500000, 0x0000000090500000|100%| O|  |TAMS 0x0000000090500000, 0x0000000090400000| Updating 
| 261|0x0000000090500000, 0x0000000090600000, 0x0000000090600000|100%| O|  |TAMS 0x0000000090600000, 0x0000000090500000| Untracked 
| 262|0x0000000090600000, 0x0000000090700000, 0x0000000090700000|100%| O|  |TAMS 0x0000000090700000, 0x0000000090600000| Updating 
| 263|0x0000000090700000, 0x0000000090800000, 0x0000000090800000|100%|HS|  |TAMS 0x0000000090800000, 0x0000000090700000| Complete 
| 264|0x0000000090800000, 0x0000000090900000, 0x0000000090900000|100%|HC|  |TAMS 0x0000000090900000, 0x0000000090800000| Complete 
| 265|0x0000000090900000, 0x0000000090a00000, 0x0000000090a00000|100%| O|  |TAMS 0x0000000090a00000, 0x0000000090900000| Untracked 
| 266|0x0000000090a00000, 0x0000000090b00000, 0x0000000090b00000|100%| O|  |TAMS 0x0000000090b00000, 0x0000000090a00000| Untracked 
| 267|0x0000000090b00000, 0x0000000090c00000, 0x0000000090c00000|100%| O|  |TAMS 0x0000000090c00000, 0x0000000090b00000| Untracked 
| 268|0x0000000090c00000, 0x0000000090d00000, 0x0000000090d00000|100%| O|  |TAMS 0x0000000090d00000, 0x0000000090c00000| Untracked 
| 269|0x0000000090d00000, 0x0000000090e00000, 0x0000000090e00000|100%| O|  |TAMS 0x0000000090e00000, 0x0000000090d00000| Untracked 
| 270|0x0000000090e00000, 0x0000000090f00000, 0x0000000090f00000|100%| O|  |TAMS 0x0000000090f00000, 0x0000000090e00000| Untracked 
| 271|0x0000000090f00000, 0x0000000091000000, 0x0000000091000000|100%| O|  |TAMS 0x0000000091000000, 0x0000000090f00000| Untracked 
| 272|0x0000000091000000, 0x0000000091100000, 0x0000000091100000|100%| O|  |TAMS 0x0000000091100000, 0x0000000091000000| Updating 
| 273|0x0000000091100000, 0x0000000091200000, 0x0000000091200000|100%| O|  |TAMS 0x0000000091200000, 0x0000000091100000| Updating 
| 274|0x0000000091200000, 0x0000000091300000, 0x0000000091300000|100%| O|  |TAMS 0x0000000091300000, 0x0000000091200000| Untracked 
| 275|0x0000000091300000, 0x0000000091400000, 0x0000000091400000|100%| O|  |TAMS 0x0000000091400000, 0x0000000091300000| Updating 
| 276|0x0000000091400000, 0x0000000091500000, 0x0000000091500000|100%| O|  |TAMS 0x0000000091500000, 0x0000000091400000| Updating 
| 277|0x0000000091500000, 0x0000000091600000, 0x0000000091600000|100%| O|  |TAMS 0x0000000091600000, 0x0000000091500000| Updating 
| 278|0x0000000091600000, 0x0000000091700000, 0x0000000091700000|100%| O|  |TAMS 0x0000000091700000, 0x0000000091600000| Updating 
| 279|0x0000000091700000, 0x0000000091800000, 0x0000000091800000|100%| O|  |TAMS 0x0000000091800000, 0x0000000091700000| Updating 
| 280|0x0000000091800000, 0x0000000091900000, 0x0000000091900000|100%|HS|  |TAMS 0x0000000091900000, 0x0000000091800000| Complete 
| 281|0x0000000091900000, 0x0000000091a00000, 0x0000000091a00000|100%|HC|  |TAMS 0x0000000091a00000, 0x0000000091900000| Complete 
| 282|0x0000000091a00000, 0x0000000091b00000, 0x0000000091b00000|100%| O|  |TAMS 0x0000000091b00000, 0x0000000091a00000| Updating 
| 283|0x0000000091b00000, 0x0000000091c00000, 0x0000000091c00000|100%| O|  |TAMS 0x0000000091c00000, 0x0000000091b00000| Updating 
| 284|0x0000000091c00000, 0x0000000091d00000, 0x0000000091d00000|100%| O|  |TAMS 0x0000000091d00000, 0x0000000091c00000| Updating 
| 285|0x0000000091d00000, 0x0000000091e00000, 0x0000000091e00000|100%| O|  |TAMS 0x0000000091e00000, 0x0000000091d00000| Updating 
| 286|0x0000000091e00000, 0x0000000091f00000, 0x0000000091f00000|100%| O|  |TAMS 0x0000000091f00000, 0x0000000091e00000| Updating 
| 287|0x0000000091f00000, 0x0000000092000000, 0x0000000092000000|100%| O|  |TAMS 0x0000000092000000, 0x0000000091f00000| Updating 
| 288|0x0000000092000000, 0x0000000092100000, 0x0000000092100000|100%| O|  |TAMS 0x0000000092100000, 0x0000000092000000| Updating 
| 289|0x0000000092100000, 0x0000000092200000, 0x0000000092200000|100%| O|  |TAMS 0x0000000092200000, 0x0000000092100000| Updating 
| 290|0x0000000092200000, 0x0000000092300000, 0x0000000092300000|100%| O|  |TAMS 0x0000000092300000, 0x0000000092200000| Updating 
| 291|0x0000000092300000, 0x0000000092400000, 0x0000000092400000|100%| O|  |TAMS 0x0000000092400000, 0x0000000092300000| Untracked 
| 292|0x0000000092400000, 0x0000000092500000, 0x0000000092500000|100%| O|  |TAMS 0x0000000092500000, 0x0000000092400000| Updating 
| 293|0x0000000092500000, 0x0000000092600000, 0x0000000092600000|100%| O|  |TAMS 0x0000000092600000, 0x0000000092500000| Updating 
| 294|0x0000000092600000, 0x0000000092700000, 0x0000000092700000|100%| O|  |TAMS 0x0000000092700000, 0x0000000092600000| Updating 
| 295|0x0000000092700000, 0x0000000092800000, 0x0000000092800000|100%| O|  |TAMS 0x0000000092800000, 0x0000000092700000| Untracked 
| 296|0x0000000092800000, 0x0000000092900000, 0x0000000092900000|100%|HS|  |TAMS 0x0000000092900000, 0x0000000092800000| Complete 
| 297|0x0000000092900000, 0x0000000092a00000, 0x0000000092a00000|100%|HC|  |TAMS 0x0000000092a00000, 0x0000000092900000| Complete 
| 298|0x0000000092a00000, 0x0000000092b00000, 0x0000000092b00000|100%|HS|  |TAMS 0x0000000092b00000, 0x0000000092a00000| Complete 
| 299|0x0000000092b00000, 0x0000000092c00000, 0x0000000092c00000|100%|HC|  |TAMS 0x0000000092c00000, 0x0000000092b00000| Complete 
| 300|0x0000000092c00000, 0x0000000092d00000, 0x0000000092d00000|100%|HC|  |TAMS 0x0000000092d00000, 0x0000000092c00000| Complete 
| 301|0x0000000092d00000, 0x0000000092e00000, 0x0000000092e00000|100%| O|  |TAMS 0x0000000092e00000, 0x0000000092d00000| Updating 
| 302|0x0000000092e00000, 0x0000000092f00000, 0x0000000092f00000|100%| O|  |TAMS 0x0000000092f00000, 0x0000000092e00000| Updating 
| 303|0x0000000092f00000, 0x0000000093000000, 0x0000000093000000|100%|HS|  |TAMS 0x0000000093000000, 0x0000000092f00000| Complete 
| 304|0x0000000093000000, 0x0000000093100000, 0x0000000093100000|100%|HC|  |TAMS 0x0000000093100000, 0x0000000093000000| Complete 
| 305|0x0000000093100000, 0x0000000093200000, 0x0000000093200000|100%|HS|  |TAMS 0x0000000093200000, 0x0000000093100000| Complete 
| 306|0x0000000093200000, 0x0000000093300000, 0x0000000093300000|100%|HC|  |TAMS 0x0000000093300000, 0x0000000093200000| Complete 
| 307|0x0000000093300000, 0x0000000093400000, 0x0000000093400000|100%| O|  |TAMS 0x0000000093400000, 0x0000000093300000| Updating 
| 308|0x0000000093400000, 0x0000000093500000, 0x0000000093500000|100%| O|  |TAMS 0x0000000093500000, 0x0000000093400000| Updating 
| 309|0x0000000093500000, 0x0000000093600000, 0x0000000093600000|100%| O|  |TAMS 0x0000000093600000, 0x0000000093500000| Updating 
| 310|0x0000000093600000, 0x0000000093700000, 0x0000000093700000|100%| O|  |TAMS 0x0000000093700000, 0x0000000093600000| Updating 
| 311|0x0000000093700000, 0x0000000093800000, 0x0000000093800000|100%| O|  |TAMS 0x0000000093800000, 0x0000000093700000| Updating 
| 312|0x0000000093800000, 0x0000000093900000, 0x0000000093900000|100%| O|  |TAMS 0x0000000093900000, 0x0000000093800000| Updating 
| 313|0x0000000093900000, 0x0000000093a00000, 0x0000000093a00000|100%| O|  |TAMS 0x0000000093a00000, 0x0000000093900000| Updating 
| 314|0x0000000093a00000, 0x0000000093b00000, 0x0000000093b00000|100%| O|  |TAMS 0x0000000093b00000, 0x0000000093a00000| Updating 
| 315|0x0000000093b00000, 0x0000000093c00000, 0x0000000093c00000|100%| O|  |TAMS 0x0000000093c00000, 0x0000000093b00000| Updating 
| 316|0x0000000093c00000, 0x0000000093d00000, 0x0000000093d00000|100%| O|  |TAMS 0x0000000093d00000, 0x0000000093c00000| Updating 
| 317|0x0000000093d00000, 0x0000000093e00000, 0x0000000093e00000|100%| O|  |TAMS 0x0000000093e00000, 0x0000000093d00000| Updating 
| 318|0x0000000093e00000, 0x0000000093f00000, 0x0000000093f00000|100%| O|  |TAMS 0x0000000093f00000, 0x0000000093e00000| Updating 
| 319|0x0000000093f00000, 0x0000000094000000, 0x0000000094000000|100%| O|  |TAMS 0x0000000094000000, 0x0000000093f00000| Updating 
| 320|0x0000000094000000, 0x0000000094100000, 0x0000000094100000|100%| O|  |TAMS 0x0000000094100000, 0x0000000094000000| Updating 
| 321|0x0000000094100000, 0x0000000094200000, 0x0000000094200000|100%| O|  |TAMS 0x0000000094200000, 0x0000000094100000| Updating 
| 322|0x0000000094200000, 0x0000000094300000, 0x0000000094300000|100%| O|  |TAMS 0x0000000094300000, 0x0000000094200000| Updating 
| 323|0x0000000094300000, 0x0000000094400000, 0x0000000094400000|100%| O|  |TAMS 0x0000000094400000, 0x0000000094300000| Updating 
| 324|0x0000000094400000, 0x0000000094500000, 0x0000000094500000|100%| O|  |TAMS 0x0000000094500000, 0x0000000094400000| Updating 
| 325|0x0000000094500000, 0x0000000094600000, 0x0000000094600000|100%| O|  |TAMS 0x0000000094600000, 0x0000000094500000| Updating 
| 326|0x0000000094600000, 0x0000000094700000, 0x0000000094700000|100%| O|  |TAMS 0x0000000094700000, 0x0000000094600000| Updating 
| 327|0x0000000094700000, 0x0000000094800000, 0x0000000094800000|100%| O|  |TAMS 0x0000000094800000, 0x0000000094700000| Updating 
| 328|0x0000000094800000, 0x0000000094900000, 0x0000000094900000|100%| O|  |TAMS 0x0000000094900000, 0x0000000094800000| Updating 
| 329|0x0000000094900000, 0x0000000094a00000, 0x0000000094a00000|100%| O|  |TAMS 0x0000000094a00000, 0x0000000094900000| Updating 
| 330|0x0000000094a00000, 0x0000000094b00000, 0x0000000094b00000|100%| O|  |TAMS 0x0000000094b00000, 0x0000000094a00000| Untracked 
| 331|0x0000000094b00000, 0x0000000094c00000, 0x0000000094c00000|100%| O|  |TAMS 0x0000000094c00000, 0x0000000094b00000| Untracked 
| 332|0x0000000094c00000, 0x0000000094d00000, 0x0000000094d00000|100%| O|  |TAMS 0x0000000094d00000, 0x0000000094c00000| Updating 
| 333|0x0000000094d00000, 0x0000000094e00000, 0x0000000094e00000|100%| O|  |TAMS 0x0000000094e00000, 0x0000000094d00000| Untracked 
| 334|0x0000000094e00000, 0x0000000094f00000, 0x0000000094f00000|100%| O|  |TAMS 0x0000000094f00000, 0x0000000094e00000| Untracked 
| 335|0x0000000094f00000, 0x0000000095000000, 0x0000000095000000|100%| O|  |TAMS 0x0000000095000000, 0x0000000094f00000| Updating 
| 336|0x0000000095000000, 0x0000000095100000, 0x0000000095100000|100%| O|  |TAMS 0x0000000095100000, 0x0000000095000000| Updating 
| 337|0x0000000095100000, 0x0000000095200000, 0x0000000095200000|100%| O|  |TAMS 0x0000000095200000, 0x0000000095100000| Updating 
| 338|0x0000000095200000, 0x0000000095300000, 0x0000000095300000|100%| O|  |TAMS 0x0000000095300000, 0x0000000095200000| Updating 
| 339|0x0000000095300000, 0x0000000095400000, 0x0000000095400000|100%| O|  |TAMS 0x0000000095400000, 0x0000000095300000| Updating 
| 340|0x0000000095400000, 0x0000000095500000, 0x0000000095500000|100%| O|  |TAMS 0x0000000095500000, 0x0000000095400000| Updating 
| 341|0x0000000095500000, 0x0000000095600000, 0x0000000095600000|100%| O|  |TAMS 0x0000000095600000, 0x0000000095500000| Updating 
| 342|0x0000000095600000, 0x0000000095700000, 0x0000000095700000|100%| O|  |TAMS 0x0000000095700000, 0x0000000095600000| Updating 
| 343|0x0000000095700000, 0x0000000095800000, 0x0000000095800000|100%| O|  |TAMS 0x0000000095800000, 0x0000000095700000| Updating 
| 344|0x0000000095800000, 0x0000000095900000, 0x0000000095900000|100%| O|  |TAMS 0x0000000095900000, 0x0000000095800000| Updating 
| 345|0x0000000095900000, 0x0000000095a00000, 0x0000000095a00000|100%| O|  |TAMS 0x0000000095a00000, 0x0000000095900000| Updating 
| 346|0x0000000095a00000, 0x0000000095b00000, 0x0000000095b00000|100%| O|  |TAMS 0x0000000095b00000, 0x0000000095a00000| Updating 
| 347|0x0000000095b00000, 0x0000000095c00000, 0x0000000095c00000|100%| O|  |TAMS 0x0000000095c00000, 0x0000000095b00000| Untracked 
| 348|0x0000000095c00000, 0x0000000095d00000, 0x0000000095d00000|100%| O|  |TAMS 0x0000000095d00000, 0x0000000095c00000| Untracked 
| 349|0x0000000095d00000, 0x0000000095e00000, 0x0000000095e00000|100%| O|  |TAMS 0x0000000095e00000, 0x0000000095d00000| Updating 
| 350|0x0000000095e00000, 0x0000000095f00000, 0x0000000095f00000|100%| O|  |TAMS 0x0000000095f00000, 0x0000000095e00000| Updating 
| 351|0x0000000095f00000, 0x0000000096000000, 0x0000000096000000|100%| O|  |TAMS 0x0000000096000000, 0x0000000095f00000| Updating 
| 352|0x0000000096000000, 0x0000000096100000, 0x0000000096100000|100%| O|  |TAMS 0x0000000096100000, 0x0000000096000000| Updating 
| 353|0x0000000096100000, 0x0000000096200000, 0x0000000096200000|100%| O|  |TAMS 0x0000000096200000, 0x0000000096100000| Updating 
| 354|0x0000000096200000, 0x0000000096300000, 0x0000000096300000|100%| O|  |TAMS 0x0000000096300000, 0x0000000096200000| Updating 
| 355|0x0000000096300000, 0x0000000096400000, 0x0000000096400000|100%|HS|  |TAMS 0x0000000096400000, 0x0000000096300000| Complete 
| 356|0x0000000096400000, 0x0000000096500000, 0x0000000096500000|100%|HC|  |TAMS 0x0000000096500000, 0x0000000096400000| Complete 
| 357|0x0000000096500000, 0x0000000096600000, 0x0000000096600000|100%| O|  |TAMS 0x0000000096600000, 0x0000000096500000| Untracked 
| 358|0x0000000096600000, 0x0000000096700000, 0x0000000096700000|100%| O|  |TAMS 0x0000000096700000, 0x0000000096600000| Untracked 
| 359|0x0000000096700000, 0x0000000096800000, 0x0000000096800000|100%| O|  |TAMS 0x0000000096800000, 0x0000000096700000| Untracked 
| 360|0x0000000096800000, 0x0000000096900000, 0x0000000096900000|100%| O|  |TAMS 0x0000000096900000, 0x0000000096800000| Updating 
| 361|0x0000000096900000, 0x0000000096a00000, 0x0000000096a00000|100%|HS|  |TAMS 0x0000000096a00000, 0x0000000096900000| Complete 
| 362|0x0000000096a00000, 0x0000000096b00000, 0x0000000096b00000|100%|HC|  |TAMS 0x0000000096b00000, 0x0000000096a00000| Complete 
| 363|0x0000000096b00000, 0x0000000096c00000, 0x0000000096c00000|100%| O|  |TAMS 0x0000000096c00000, 0x0000000096b00000| Updating 
| 364|0x0000000096c00000, 0x0000000096d00000, 0x0000000096d00000|100%| O|  |TAMS 0x0000000096d00000, 0x0000000096c00000| Updating 
| 365|0x0000000096d00000, 0x0000000096d00000, 0x0000000096e00000|  0%| F|  |TAMS 0x0000000096d00000, 0x0000000096d00000| Untracked 
| 366|0x0000000096e00000, 0x0000000096f00000, 0x0000000096f00000|100%| O|  |TAMS 0x0000000096f00000, 0x0000000096e00000| Updating 
| 367|0x0000000096f00000, 0x0000000096f00000, 0x0000000097000000|  0%| F|  |TAMS 0x0000000096f00000, 0x0000000096f00000| Untracked 
| 368|0x0000000097000000, 0x0000000097000000, 0x0000000097100000|  0%| F|  |TAMS 0x0000000097000000, 0x0000000097000000| Untracked 
| 369|0x0000000097100000, 0x0000000097200000, 0x0000000097200000|100%| O|  |TAMS 0x0000000097200000, 0x0000000097100000| Untracked 
| 370|0x0000000097200000, 0x0000000097300000, 0x0000000097300000|100%| O|  |TAMS 0x0000000097300000, 0x0000000097200000| Untracked 
| 371|0x0000000097300000, 0x0000000097400000, 0x0000000097400000|100%| O|  |TAMS 0x0000000097400000, 0x0000000097300000| Untracked 
| 372|0x0000000097400000, 0x0000000097500000, 0x0000000097500000|100%| O|  |TAMS 0x0000000097500000, 0x0000000097400000| Untracked 
| 373|0x0000000097500000, 0x0000000097600000, 0x0000000097600000|100%| O|  |TAMS 0x0000000097600000, 0x0000000097500000| Updating 
| 374|0x0000000097600000, 0x0000000097700000, 0x0000000097700000|100%| O|  |TAMS 0x0000000097700000, 0x0000000097600000| Updating 
| 375|0x0000000097700000, 0x0000000097800000, 0x0000000097800000|100%| O|  |TAMS 0x0000000097800000, 0x0000000097700000| Updating 
| 376|0x0000000097800000, 0x0000000097900000, 0x0000000097900000|100%| O|  |TAMS 0x0000000097900000, 0x0000000097800000| Updating 
| 377|0x0000000097900000, 0x0000000097a00000, 0x0000000097a00000|100%| O|  |TAMS 0x0000000097a00000, 0x0000000097900000| Updating 
| 378|0x0000000097a00000, 0x0000000097b00000, 0x0000000097b00000|100%| O|  |TAMS 0x0000000097b00000, 0x0000000097a00000| Updating 
| 379|0x0000000097b00000, 0x0000000097c00000, 0x0000000097c00000|100%| O|  |TAMS 0x0000000097c00000, 0x0000000097b00000| Updating 
| 380|0x0000000097c00000, 0x0000000097d00000, 0x0000000097d00000|100%| O|  |TAMS 0x0000000097d00000, 0x0000000097c00000| Updating 
| 381|0x0000000097d00000, 0x0000000097d00000, 0x0000000097e00000|  0%| F|  |TAMS 0x0000000097d00000, 0x0000000097d00000| Untracked 
| 382|0x0000000097e00000, 0x0000000097e00000, 0x0000000097f00000|  0%| F|  |TAMS 0x0000000097e00000, 0x0000000097e00000| Untracked 
| 383|0x0000000097f00000, 0x0000000098000000, 0x0000000098000000|100%| O|  |TAMS 0x0000000098000000, 0x0000000097f00000| Updating 
| 384|0x0000000098000000, 0x0000000098100000, 0x0000000098100000|100%| O|  |TAMS 0x0000000098100000, 0x0000000098000000| Updating 
| 385|0x0000000098100000, 0x0000000098200000, 0x0000000098200000|100%| O|  |TAMS 0x0000000098200000, 0x0000000098100000| Updating 
| 386|0x0000000098200000, 0x0000000098300000, 0x0000000098300000|100%| O|  |TAMS 0x0000000098300000, 0x0000000098200000| Updating 
| 387|0x0000000098300000, 0x0000000098400000, 0x0000000098400000|100%| O|  |TAMS 0x0000000098400000, 0x0000000098300000| Updating 
| 388|0x0000000098400000, 0x0000000098500000, 0x0000000098500000|100%| O|  |TAMS 0x0000000098500000, 0x0000000098400000| Updating 
| 389|0x0000000098500000, 0x0000000098600000, 0x0000000098600000|100%| O|  |TAMS 0x0000000098600000, 0x0000000098500000| Updating 
| 390|0x0000000098600000, 0x0000000098700000, 0x0000000098700000|100%| O|  |TAMS 0x0000000098700000, 0x0000000098600000| Updating 
| 391|0x0000000098700000, 0x0000000098800000, 0x0000000098800000|100%| O|  |TAMS 0x0000000098800000, 0x0000000098700000| Updating 
| 392|0x0000000098800000, 0x0000000098900000, 0x0000000098900000|100%| O|  |TAMS 0x0000000098900000, 0x0000000098800000| Updating 
| 393|0x0000000098900000, 0x0000000098a00000, 0x0000000098a00000|100%| O|  |TAMS 0x0000000098a00000, 0x0000000098900000| Updating 
| 394|0x0000000098a00000, 0x0000000098a00000, 0x0000000098b00000|  0%| F|  |TAMS 0x0000000098a00000, 0x0000000098a00000| Untracked 
| 395|0x0000000098b00000, 0x0000000098c00000, 0x0000000098c00000|100%| O|  |TAMS 0x0000000098c00000, 0x0000000098b00000| Untracked 
| 396|0x0000000098c00000, 0x0000000098d00000, 0x0000000098d00000|100%| O|  |TAMS 0x0000000098d00000, 0x0000000098c00000| Untracked 
| 397|0x0000000098d00000, 0x0000000098e00000, 0x0000000098e00000|100%| O|  |TAMS 0x0000000098e00000, 0x0000000098d00000| Untracked 
| 398|0x0000000098e00000, 0x0000000098f00000, 0x0000000098f00000|100%| O|  |TAMS 0x0000000098f00000, 0x0000000098e00000| Untracked 
| 399|0x0000000098f00000, 0x0000000098f5a400, 0x0000000099000000| 35%| O|  |TAMS 0x0000000098f5a400, 0x0000000098f00000| Updating 
| 400|0x0000000099000000, 0x0000000099100000, 0x0000000099100000|100%|HS|  |TAMS 0x0000000099100000, 0x0000000099000000| Complete 
| 401|0x0000000099100000, 0x0000000099200000, 0x0000000099200000|100%|HC|  |TAMS 0x0000000099200000, 0x0000000099100000| Complete 
| 402|0x0000000099200000, 0x0000000099300000, 0x0000000099300000|100%|HC|  |TAMS 0x0000000099300000, 0x0000000099200000| Complete 
| 403|0x0000000099300000, 0x0000000099400000, 0x0000000099400000|100%| O|  |TAMS 0x0000000099400000, 0x0000000099300000| Updating 
| 404|0x0000000099400000, 0x0000000099500000, 0x0000000099500000|100%| O|  |TAMS 0x0000000099500000, 0x0000000099400000| Updating 
| 405|0x0000000099500000, 0x0000000099500000, 0x0000000099600000|  0%| F|  |TAMS 0x0000000099500000, 0x0000000099500000| Untracked 
| 406|0x0000000099600000, 0x0000000099700000, 0x0000000099700000|100%| O|  |TAMS 0x0000000099700000, 0x0000000099600000| Updating 
| 407|0x0000000099700000, 0x0000000099800000, 0x0000000099800000|100%| O|  |TAMS 0x0000000099800000, 0x0000000099700000| Updating 
| 408|0x0000000099800000, 0x0000000099900000, 0x0000000099900000|100%| O|  |TAMS 0x0000000099900000, 0x0000000099800000| Updating 
| 409|0x0000000099900000, 0x0000000099a00000, 0x0000000099a00000|100%| O|  |TAMS 0x0000000099a00000, 0x0000000099900000| Updating 
| 410|0x0000000099a00000, 0x0000000099b00000, 0x0000000099b00000|100%| O|  |TAMS 0x0000000099b00000, 0x0000000099a00000| Updating 
| 411|0x0000000099b00000, 0x0000000099c00000, 0x0000000099c00000|100%| O|  |TAMS 0x0000000099c00000, 0x0000000099b00000| Updating 
| 412|0x0000000099c00000, 0x0000000099d00000, 0x0000000099d00000|100%|HS|  |TAMS 0x0000000099d00000, 0x0000000099c00000| Complete 
| 413|0x0000000099d00000, 0x0000000099e00000, 0x0000000099e00000|100%|HC|  |TAMS 0x0000000099e00000, 0x0000000099d00000| Complete 
| 414|0x0000000099e00000, 0x0000000099f00000, 0x0000000099f00000|100%|HS|  |TAMS 0x0000000099e00000, 0x0000000099e00000| Complete 
| 415|0x0000000099f00000, 0x000000009a000000, 0x000000009a000000|100%|HS|  |TAMS 0x0000000099f00000, 0x0000000099f00000| Complete 
| 416|0x000000009a000000, 0x000000009a100000, 0x000000009a100000|100%|HC|  |TAMS 0x000000009a000000, 0x000000009a000000| Complete 
| 417|0x000000009a100000, 0x000000009a200000, 0x000000009a200000|100%|HS|  |TAMS 0x000000009a100000, 0x000000009a100000| Complete 
| 418|0x000000009a200000, 0x000000009a300000, 0x000000009a300000|100%|HC|  |TAMS 0x000000009a200000, 0x000000009a200000| Complete 
| 419|0x000000009a300000, 0x000000009a400000, 0x000000009a400000|100%|HC|  |TAMS 0x000000009a300000, 0x000000009a300000| Complete 
| 420|0x000000009a400000, 0x000000009a500000, 0x000000009a500000|100%|HS|  |TAMS 0x000000009a500000, 0x000000009a400000| Complete 
| 421|0x000000009a500000, 0x000000009a600000, 0x000000009a600000|100%|HC|  |TAMS 0x000000009a600000, 0x000000009a500000| Complete 
| 422|0x000000009a600000, 0x000000009a700000, 0x000000009a700000|100%|HS|  |TAMS 0x000000009a600000, 0x000000009a600000| Complete 
| 423|0x000000009a700000, 0x000000009a800000, 0x000000009a800000|100%|HC|  |TAMS 0x000000009a700000, 0x000000009a700000| Complete 
| 424|0x000000009a800000, 0x000000009a900000, 0x000000009a900000|100%|HC|  |TAMS 0x000000009a800000, 0x000000009a800000| Complete 
| 425|0x000000009a900000, 0x000000009aa00000, 0x000000009aa00000|100%|HC|  |TAMS 0x000000009a900000, 0x000000009a900000| Complete 
| 426|0x000000009aa00000, 0x000000009ab00000, 0x000000009ab00000|100%|HC|  |TAMS 0x000000009aa00000, 0x000000009aa00000| Complete 
| 427|0x000000009ab00000, 0x000000009ab00000, 0x000000009ac00000|  0%| F|  |TAMS 0x000000009ab00000, 0x000000009ab00000| Untracked 
| 428|0x000000009ac00000, 0x000000009ac00000, 0x000000009ad00000|  0%| F|  |TAMS 0x000000009ac00000, 0x000000009ac00000| Untracked 
| 429|0x000000009ad00000, 0x000000009ad00000, 0x000000009ae00000|  0%| F|  |TAMS 0x000000009ad00000, 0x000000009ad00000| Untracked 
| 430|0x000000009ae00000, 0x000000009ae00000, 0x000000009af00000|  0%| F|  |TAMS 0x000000009ae00000, 0x000000009ae00000| Untracked 
| 431|0x000000009af00000, 0x000000009af00000, 0x000000009b000000|  0%| F|  |TAMS 0x000000009af00000, 0x000000009af00000| Untracked 
| 432|0x000000009b000000, 0x000000009b000000, 0x000000009b100000|  0%| F|  |TAMS 0x000000009b000000, 0x000000009b000000| Untracked 
| 433|0x000000009b100000, 0x000000009b200000, 0x000000009b200000|100%|HS|  |TAMS 0x000000009b200000, 0x000000009b100000| Complete 
| 434|0x000000009b200000, 0x000000009b300000, 0x000000009b300000|100%|HC|  |TAMS 0x000000009b300000, 0x000000009b200000| Complete 
| 435|0x000000009b300000, 0x000000009b400000, 0x000000009b400000|100%|HC|  |TAMS 0x000000009b400000, 0x000000009b300000| Complete 
| 436|0x000000009b400000, 0x000000009b400000, 0x000000009b500000|  0%| F|  |TAMS 0x000000009b400000, 0x000000009b400000| Untracked 
| 437|0x000000009b500000, 0x000000009b500000, 0x000000009b600000|  0%| F|  |TAMS 0x000000009b500000, 0x000000009b500000| Untracked 
| 438|0x000000009b600000, 0x000000009b600000, 0x000000009b700000|  0%| F|  |TAMS 0x000000009b600000, 0x000000009b600000| Untracked 
| 439|0x000000009b700000, 0x000000009b800000, 0x000000009b800000|100%| O|  |TAMS 0x000000009b800000, 0x000000009b700000| Untracked 
| 440|0x000000009b800000, 0x000000009b900000, 0x000000009b900000|100%|HS|  |TAMS 0x000000009b900000, 0x000000009b800000| Complete 
| 441|0x000000009b900000, 0x000000009ba00000, 0x000000009ba00000|100%|HC|  |TAMS 0x000000009ba00000, 0x000000009b900000| Complete 
| 442|0x000000009ba00000, 0x000000009bb00000, 0x000000009bb00000|100%|HC|  |TAMS 0x000000009bb00000, 0x000000009ba00000| Complete 
| 443|0x000000009bb00000, 0x000000009bc00000, 0x000000009bc00000|100%|HC|  |TAMS 0x000000009bc00000, 0x000000009bb00000| Complete 
| 444|0x000000009bc00000, 0x000000009bd00000, 0x000000009bd00000|100%|HC|  |TAMS 0x000000009bd00000, 0x000000009bc00000| Complete 
| 445|0x000000009bd00000, 0x000000009be00000, 0x000000009be00000|100%|HC|  |TAMS 0x000000009be00000, 0x000000009bd00000| Complete 
| 446|0x000000009be00000, 0x000000009bf00000, 0x000000009bf00000|100%|HC|  |TAMS 0x000000009bf00000, 0x000000009be00000| Complete 
| 447|0x000000009bf00000, 0x000000009c000000, 0x000000009c000000|100%|HC|  |TAMS 0x000000009c000000, 0x000000009bf00000| Complete 
| 448|0x000000009c000000, 0x000000009c100000, 0x000000009c100000|100%|HC|  |TAMS 0x000000009c100000, 0x000000009c000000| Complete 
| 449|0x000000009c100000, 0x000000009c200000, 0x000000009c200000|100%|HC|  |TAMS 0x000000009c200000, 0x000000009c100000| Complete 
| 450|0x000000009c200000, 0x000000009c300000, 0x000000009c300000|100%|HC|  |TAMS 0x000000009c300000, 0x000000009c200000| Complete 
| 451|0x000000009c300000, 0x000000009c400000, 0x000000009c400000|100%|HC|  |TAMS 0x000000009c400000, 0x000000009c300000| Complete 
| 452|0x000000009c400000, 0x000000009c500000, 0x000000009c500000|100%|HC|  |TAMS 0x000000009c500000, 0x000000009c400000| Complete 
| 453|0x000000009c500000, 0x000000009c600000, 0x000000009c600000|100%|HC|  |TAMS 0x000000009c600000, 0x000000009c500000| Complete 
| 454|0x000000009c600000, 0x000000009c700000, 0x000000009c700000|100%|HC|  |TAMS 0x000000009c700000, 0x000000009c600000| Complete 
| 455|0x000000009c700000, 0x000000009c800000, 0x000000009c800000|100%|HC|  |TAMS 0x000000009c800000, 0x000000009c700000| Complete 
| 456|0x000000009c800000, 0x000000009c900000, 0x000000009c900000|100%|HC|  |TAMS 0x000000009c900000, 0x000000009c800000| Complete 
| 457|0x000000009c900000, 0x000000009ca00000, 0x000000009ca00000|100%|HC|  |TAMS 0x000000009ca00000, 0x000000009c900000| Complete 
| 458|0x000000009ca00000, 0x000000009cb00000, 0x000000009cb00000|100%|HC|  |TAMS 0x000000009cb00000, 0x000000009ca00000| Complete 
| 459|0x000000009cb00000, 0x000000009cc00000, 0x000000009cc00000|100%|HC|  |TAMS 0x000000009cc00000, 0x000000009cb00000| Complete 
| 460|0x000000009cc00000, 0x000000009cd00000, 0x000000009cd00000|100%|HC|  |TAMS 0x000000009cd00000, 0x000000009cc00000| Complete 
| 461|0x000000009cd00000, 0x000000009ce00000, 0x000000009ce00000|100%|HC|  |TAMS 0x000000009ce00000, 0x000000009cd00000| Complete 
| 462|0x000000009ce00000, 0x000000009cf00000, 0x000000009cf00000|100%|HC|  |TAMS 0x000000009cf00000, 0x000000009ce00000| Complete 
| 463|0x000000009cf00000, 0x000000009d000000, 0x000000009d000000|100%|HC|  |TAMS 0x000000009d000000, 0x000000009cf00000| Complete 
| 464|0x000000009d000000, 0x000000009d100000, 0x000000009d100000|100%|HC|  |TAMS 0x000000009d100000, 0x000000009d000000| Complete 
| 465|0x000000009d100000, 0x000000009d200000, 0x000000009d200000|100%|HC|  |TAMS 0x000000009d200000, 0x000000009d100000| Complete 
| 466|0x000000009d200000, 0x000000009d300000, 0x000000009d300000|100%|HC|  |TAMS 0x000000009d300000, 0x000000009d200000| Complete 
| 467|0x000000009d300000, 0x000000009d400000, 0x000000009d400000|100%|HC|  |TAMS 0x000000009d400000, 0x000000009d300000| Complete 
| 468|0x000000009d400000, 0x000000009d500000, 0x000000009d500000|100%|HC|  |TAMS 0x000000009d500000, 0x000000009d400000| Complete 
| 469|0x000000009d500000, 0x000000009d600000, 0x000000009d600000|100%|HC|  |TAMS 0x000000009d600000, 0x000000009d500000| Complete 
| 470|0x000000009d600000, 0x000000009d700000, 0x000000009d700000|100%|HC|  |TAMS 0x000000009d700000, 0x000000009d600000| Complete 
| 471|0x000000009d700000, 0x000000009d800000, 0x000000009d800000|100%|HC|  |TAMS 0x000000009d800000, 0x000000009d700000| Complete 
| 472|0x000000009d800000, 0x000000009d900000, 0x000000009d900000|100%|HC|  |TAMS 0x000000009d900000, 0x000000009d800000| Complete 
| 473|0x000000009d900000, 0x000000009da00000, 0x000000009da00000|100%|HC|  |TAMS 0x000000009da00000, 0x000000009d900000| Complete 
| 474|0x000000009da00000, 0x000000009db00000, 0x000000009db00000|100%|HC|  |TAMS 0x000000009db00000, 0x000000009da00000| Complete 
| 475|0x000000009db00000, 0x000000009dc00000, 0x000000009dc00000|100%|HC|  |TAMS 0x000000009dc00000, 0x000000009db00000| Complete 
| 476|0x000000009dc00000, 0x000000009dd00000, 0x000000009dd00000|100%|HC|  |TAMS 0x000000009dd00000, 0x000000009dc00000| Complete 
| 477|0x000000009dd00000, 0x000000009de00000, 0x000000009de00000|100%|HC|  |TAMS 0x000000009de00000, 0x000000009dd00000| Complete 
| 478|0x000000009de00000, 0x000000009df00000, 0x000000009df00000|100%|HC|  |TAMS 0x000000009df00000, 0x000000009de00000| Complete 
| 479|0x000000009df00000, 0x000000009e000000, 0x000000009e000000|100%|HC|  |TAMS 0x000000009e000000, 0x000000009df00000| Complete 
| 480|0x000000009e000000, 0x000000009e100000, 0x000000009e100000|100%|HC|  |TAMS 0x000000009e100000, 0x000000009e000000| Complete 
| 481|0x000000009e100000, 0x000000009e200000, 0x000000009e200000|100%|HC|  |TAMS 0x000000009e200000, 0x000000009e100000| Complete 
| 482|0x000000009e200000, 0x000000009e300000, 0x000000009e300000|100%|HC|  |TAMS 0x000000009e300000, 0x000000009e200000| Complete 
| 483|0x000000009e300000, 0x000000009e400000, 0x000000009e400000|100%|HC|  |TAMS 0x000000009e400000, 0x000000009e300000| Complete 
| 484|0x000000009e400000, 0x000000009e500000, 0x000000009e500000|100%|HC|  |TAMS 0x000000009e500000, 0x000000009e400000| Complete 
| 485|0x000000009e500000, 0x000000009e600000, 0x000000009e600000|100%|HC|  |TAMS 0x000000009e600000, 0x000000009e500000| Complete 
| 486|0x000000009e600000, 0x000000009e700000, 0x000000009e700000|100%|HC|  |TAMS 0x000000009e700000, 0x000000009e600000| Complete 
| 487|0x000000009e700000, 0x000000009e800000, 0x000000009e800000|100%|HC|  |TAMS 0x000000009e800000, 0x000000009e700000| Complete 
| 488|0x000000009e800000, 0x000000009e900000, 0x000000009e900000|100%|HC|  |TAMS 0x000000009e900000, 0x000000009e800000| Complete 
| 489|0x000000009e900000, 0x000000009ea00000, 0x000000009ea00000|100%|HS|  |TAMS 0x000000009e900000, 0x000000009e900000| Complete 
| 490|0x000000009ea00000, 0x000000009eb00000, 0x000000009eb00000|100%|HC|  |TAMS 0x000000009ea00000, 0x000000009ea00000| Complete 
| 491|0x000000009eb00000, 0x000000009ec00000, 0x000000009ec00000|100%|HC|  |TAMS 0x000000009eb00000, 0x000000009eb00000| Complete 
| 492|0x000000009ec00000, 0x000000009ed00000, 0x000000009ed00000|100%|HC|  |TAMS 0x000000009ec00000, 0x000000009ec00000| Complete 
| 493|0x000000009ed00000, 0x000000009ee00000, 0x000000009ee00000|100%|HC|  |TAMS 0x000000009ed00000, 0x000000009ed00000| Complete 
| 494|0x000000009ee00000, 0x000000009ef00000, 0x000000009ef00000|100%|HC|  |TAMS 0x000000009ee00000, 0x000000009ee00000| Complete 
| 495|0x000000009ef00000, 0x000000009f000000, 0x000000009f000000|100%|HC|  |TAMS 0x000000009ef00000, 0x000000009ef00000| Complete 
| 496|0x000000009f000000, 0x000000009f100000, 0x000000009f100000|100%|HC|  |TAMS 0x000000009f000000, 0x000000009f000000| Complete 
| 497|0x000000009f100000, 0x000000009f200000, 0x000000009f200000|100%|HC|  |TAMS 0x000000009f100000, 0x000000009f100000| Complete 
| 498|0x000000009f200000, 0x000000009f300000, 0x000000009f300000|100%|HC|  |TAMS 0x000000009f200000, 0x000000009f200000| Complete 
| 499|0x000000009f300000, 0x000000009f400000, 0x000000009f400000|100%|HC|  |TAMS 0x000000009f300000, 0x000000009f300000| Complete 
| 500|0x000000009f400000, 0x000000009f500000, 0x000000009f500000|100%|HC|  |TAMS 0x000000009f400000, 0x000000009f400000| Complete 
| 501|0x000000009f500000, 0x000000009f600000, 0x000000009f600000|100%|HC|  |TAMS 0x000000009f500000, 0x000000009f500000| Complete 
| 502|0x000000009f600000, 0x000000009f700000, 0x000000009f700000|100%|HC|  |TAMS 0x000000009f600000, 0x000000009f600000| Complete 
| 503|0x000000009f700000, 0x000000009f800000, 0x000000009f800000|100%|HC|  |TAMS 0x000000009f700000, 0x000000009f700000| Complete 
| 504|0x000000009f800000, 0x000000009f900000, 0x000000009f900000|100%|HC|  |TAMS 0x000000009f800000, 0x000000009f800000| Complete 
| 505|0x000000009f900000, 0x000000009fa00000, 0x000000009fa00000|100%|HC|  |TAMS 0x000000009f900000, 0x000000009f900000| Complete 
| 506|0x000000009fa00000, 0x000000009fb00000, 0x000000009fb00000|100%|HC|  |TAMS 0x000000009fa00000, 0x000000009fa00000| Complete 
| 507|0x000000009fb00000, 0x000000009fc00000, 0x000000009fc00000|100%|HC|  |TAMS 0x000000009fb00000, 0x000000009fb00000| Complete 
| 508|0x000000009fc00000, 0x000000009fd00000, 0x000000009fd00000|100%|HC|  |TAMS 0x000000009fc00000, 0x000000009fc00000| Complete 
| 509|0x000000009fd00000, 0x000000009fe00000, 0x000000009fe00000|100%|HC|  |TAMS 0x000000009fd00000, 0x000000009fd00000| Complete 
| 510|0x000000009fe00000, 0x000000009ff00000, 0x000000009ff00000|100%|HC|  |TAMS 0x000000009fe00000, 0x000000009fe00000| Complete 
| 511|0x000000009ff00000, 0x00000000a0000000, 0x00000000a0000000|100%|HC|  |TAMS 0x000000009ff00000, 0x000000009ff00000| Complete 
| 512|0x00000000a0000000, 0x00000000a0100000, 0x00000000a0100000|100%|HC|  |TAMS 0x00000000a0000000, 0x00000000a0000000| Complete 
| 513|0x00000000a0100000, 0x00000000a0200000, 0x00000000a0200000|100%|HC|  |TAMS 0x00000000a0100000, 0x00000000a0100000| Complete 
| 514|0x00000000a0200000, 0x00000000a0300000, 0x00000000a0300000|100%|HC|  |TAMS 0x00000000a0200000, 0x00000000a0200000| Complete 
| 515|0x00000000a0300000, 0x00000000a0400000, 0x00000000a0400000|100%|HC|  |TAMS 0x00000000a0300000, 0x00000000a0300000| Complete 
| 516|0x00000000a0400000, 0x00000000a0500000, 0x00000000a0500000|100%|HC|  |TAMS 0x00000000a0400000, 0x00000000a0400000| Complete 
| 517|0x00000000a0500000, 0x00000000a0600000, 0x00000000a0600000|100%|HC|  |TAMS 0x00000000a0500000, 0x00000000a0500000| Complete 
| 518|0x00000000a0600000, 0x00000000a0700000, 0x00000000a0700000|100%|HC|  |TAMS 0x00000000a0600000, 0x00000000a0600000| Complete 
| 519|0x00000000a0700000, 0x00000000a0800000, 0x00000000a0800000|100%|HC|  |TAMS 0x00000000a0700000, 0x00000000a0700000| Complete 
| 520|0x00000000a0800000, 0x00000000a0900000, 0x00000000a0900000|100%|HC|  |TAMS 0x00000000a0800000, 0x00000000a0800000| Complete 
| 521|0x00000000a0900000, 0x00000000a0a00000, 0x00000000a0a00000|100%|HC|  |TAMS 0x00000000a0900000, 0x00000000a0900000| Complete 
| 522|0x00000000a0a00000, 0x00000000a0b00000, 0x00000000a0b00000|100%|HC|  |TAMS 0x00000000a0a00000, 0x00000000a0a00000| Complete 
| 523|0x00000000a0b00000, 0x00000000a0c00000, 0x00000000a0c00000|100%|HC|  |TAMS 0x00000000a0b00000, 0x00000000a0b00000| Complete 
| 524|0x00000000a0c00000, 0x00000000a0d00000, 0x00000000a0d00000|100%|HC|  |TAMS 0x00000000a0c00000, 0x00000000a0c00000| Complete 
| 525|0x00000000a0d00000, 0x00000000a0e00000, 0x00000000a0e00000|100%|HC|  |TAMS 0x00000000a0d00000, 0x00000000a0d00000| Complete 
| 526|0x00000000a0e00000, 0x00000000a0f00000, 0x00000000a0f00000|100%|HC|  |TAMS 0x00000000a0e00000, 0x00000000a0e00000| Complete 
| 527|0x00000000a0f00000, 0x00000000a1000000, 0x00000000a1000000|100%|HC|  |TAMS 0x00000000a0f00000, 0x00000000a0f00000| Complete 
| 528|0x00000000a1000000, 0x00000000a1100000, 0x00000000a1100000|100%|HC|  |TAMS 0x00000000a1000000, 0x00000000a1000000| Complete 
| 529|0x00000000a1100000, 0x00000000a1200000, 0x00000000a1200000|100%|HC|  |TAMS 0x00000000a1100000, 0x00000000a1100000| Complete 
| 530|0x00000000a1200000, 0x00000000a1300000, 0x00000000a1300000|100%|HC|  |TAMS 0x00000000a1200000, 0x00000000a1200000| Complete 
| 531|0x00000000a1300000, 0x00000000a1400000, 0x00000000a1400000|100%|HC|  |TAMS 0x00000000a1300000, 0x00000000a1300000| Complete 
| 532|0x00000000a1400000, 0x00000000a1500000, 0x00000000a1500000|100%|HS|  |TAMS 0x00000000a1400000, 0x00000000a1400000| Complete 
| 533|0x00000000a1500000, 0x00000000a1600000, 0x00000000a1600000|100%|HC|  |TAMS 0x00000000a1500000, 0x00000000a1500000| Complete 
| 534|0x00000000a1600000, 0x00000000a1700000, 0x00000000a1700000|100%|HC|  |TAMS 0x00000000a1600000, 0x00000000a1600000| Complete 
| 535|0x00000000a1700000, 0x00000000a1800000, 0x00000000a1800000|100%|HC|  |TAMS 0x00000000a1700000, 0x00000000a1700000| Complete 
| 536|0x00000000a1800000, 0x00000000a1900000, 0x00000000a1900000|100%|HC|  |TAMS 0x00000000a1800000, 0x00000000a1800000| Complete 
| 537|0x00000000a1900000, 0x00000000a1a00000, 0x00000000a1a00000|100%|HC|  |TAMS 0x00000000a1900000, 0x00000000a1900000| Complete 
| 538|0x00000000a1a00000, 0x00000000a1b00000, 0x00000000a1b00000|100%|HC|  |TAMS 0x00000000a1a00000, 0x00000000a1a00000| Complete 
| 539|0x00000000a1b00000, 0x00000000a1c00000, 0x00000000a1c00000|100%|HC|  |TAMS 0x00000000a1b00000, 0x00000000a1b00000| Complete 
| 540|0x00000000a1c00000, 0x00000000a1d00000, 0x00000000a1d00000|100%|HC|  |TAMS 0x00000000a1c00000, 0x00000000a1c00000| Complete 
| 541|0x00000000a1d00000, 0x00000000a1d00000, 0x00000000a1e00000|  0%| F|  |TAMS 0x00000000a1d00000, 0x00000000a1d00000| Untracked 
| 542|0x00000000a1e00000, 0x00000000a1e00000, 0x00000000a1f00000|  0%| F|  |TAMS 0x00000000a1e00000, 0x00000000a1e00000| Untracked 
| 543|0x00000000a1f00000, 0x00000000a1f00000, 0x00000000a2000000|  0%| F|  |TAMS 0x00000000a1f00000, 0x00000000a1f00000| Untracked 
| 544|0x00000000a2000000, 0x00000000a2000000, 0x00000000a2100000|  0%| F|  |TAMS 0x00000000a2000000, 0x00000000a2000000| Untracked 
| 545|0x00000000a2100000, 0x00000000a2100000, 0x00000000a2200000|  0%| F|  |TAMS 0x00000000a2100000, 0x00000000a2100000| Untracked 
| 546|0x00000000a2200000, 0x00000000a2200000, 0x00000000a2300000|  0%| F|  |TAMS 0x00000000a2200000, 0x00000000a2200000| Untracked 
| 547|0x00000000a2300000, 0x00000000a2300000, 0x00000000a2400000|  0%| F|  |TAMS 0x00000000a2300000, 0x00000000a2300000| Untracked 
| 548|0x00000000a2400000, 0x00000000a2500000, 0x00000000a2500000|100%|HS|  |TAMS 0x00000000a2500000, 0x00000000a2400000| Complete 
| 549|0x00000000a2500000, 0x00000000a2600000, 0x00000000a2600000|100%|HC|  |TAMS 0x00000000a2600000, 0x00000000a2500000| Complete 
| 550|0x00000000a2600000, 0x00000000a2700000, 0x00000000a2700000|100%|HC|  |TAMS 0x00000000a2700000, 0x00000000a2600000| Complete 
| 551|0x00000000a2700000, 0x00000000a2800000, 0x00000000a2800000|100%|HC|  |TAMS 0x00000000a2800000, 0x00000000a2700000| Complete 
| 552|0x00000000a2800000, 0x00000000a2900000, 0x00000000a2900000|100%|HC|  |TAMS 0x00000000a2900000, 0x00000000a2800000| Complete 
| 553|0x00000000a2900000, 0x00000000a2a00000, 0x00000000a2a00000|100%|HC|  |TAMS 0x00000000a2a00000, 0x00000000a2900000| Complete 
| 554|0x00000000a2a00000, 0x00000000a2b00000, 0x00000000a2b00000|100%|HC|  |TAMS 0x00000000a2b00000, 0x00000000a2a00000| Complete 
| 555|0x00000000a2b00000, 0x00000000a2c00000, 0x00000000a2c00000|100%|HC|  |TAMS 0x00000000a2c00000, 0x00000000a2b00000| Complete 
| 556|0x00000000a2c00000, 0x00000000a2d00000, 0x00000000a2d00000|100%|HC|  |TAMS 0x00000000a2d00000, 0x00000000a2c00000| Complete 
| 557|0x00000000a2d00000, 0x00000000a2e00000, 0x00000000a2e00000|100%|HC|  |TAMS 0x00000000a2e00000, 0x00000000a2d00000| Complete 
| 558|0x00000000a2e00000, 0x00000000a2f00000, 0x00000000a2f00000|100%|HC|  |TAMS 0x00000000a2f00000, 0x00000000a2e00000| Complete 
| 559|0x00000000a2f00000, 0x00000000a3000000, 0x00000000a3000000|100%|HC|  |TAMS 0x00000000a3000000, 0x00000000a2f00000| Complete 
| 560|0x00000000a3000000, 0x00000000a3100000, 0x00000000a3100000|100%|HC|  |TAMS 0x00000000a3100000, 0x00000000a3000000| Complete 
| 561|0x00000000a3100000, 0x00000000a3200000, 0x00000000a3200000|100%|HC|  |TAMS 0x00000000a3200000, 0x00000000a3100000| Complete 
| 562|0x00000000a3200000, 0x00000000a3300000, 0x00000000a3300000|100%|HC|  |TAMS 0x00000000a3300000, 0x00000000a3200000| Complete 
| 563|0x00000000a3300000, 0x00000000a3400000, 0x00000000a3400000|100%|HC|  |TAMS 0x00000000a3400000, 0x00000000a3300000| Complete 
| 564|0x00000000a3400000, 0x00000000a3500000, 0x00000000a3500000|100%|HC|  |TAMS 0x00000000a3500000, 0x00000000a3400000| Complete 
| 565|0x00000000a3500000, 0x00000000a3600000, 0x00000000a3600000|100%|HC|  |TAMS 0x00000000a3600000, 0x00000000a3500000| Complete 
| 566|0x00000000a3600000, 0x00000000a3700000, 0x00000000a3700000|100%|HC|  |TAMS 0x00000000a3700000, 0x00000000a3600000| Complete 
| 567|0x00000000a3700000, 0x00000000a3800000, 0x00000000a3800000|100%|HC|  |TAMS 0x00000000a3800000, 0x00000000a3700000| Complete 
| 568|0x00000000a3800000, 0x00000000a3900000, 0x00000000a3900000|100%|HC|  |TAMS 0x00000000a3900000, 0x00000000a3800000| Complete 
| 569|0x00000000a3900000, 0x00000000a3a00000, 0x00000000a3a00000|100%|HC|  |TAMS 0x00000000a3a00000, 0x00000000a3900000| Complete 
| 570|0x00000000a3a00000, 0x00000000a3b00000, 0x00000000a3b00000|100%|HC|  |TAMS 0x00000000a3b00000, 0x00000000a3a00000| Complete 
| 571|0x00000000a3b00000, 0x00000000a3c00000, 0x00000000a3c00000|100%|HC|  |TAMS 0x00000000a3c00000, 0x00000000a3b00000| Complete 
| 572|0x00000000a3c00000, 0x00000000a3d00000, 0x00000000a3d00000|100%|HC|  |TAMS 0x00000000a3d00000, 0x00000000a3c00000| Complete 
| 573|0x00000000a3d00000, 0x00000000a3e00000, 0x00000000a3e00000|100%|HC|  |TAMS 0x00000000a3e00000, 0x00000000a3d00000| Complete 
| 574|0x00000000a3e00000, 0x00000000a3f00000, 0x00000000a3f00000|100%|HC|  |TAMS 0x00000000a3f00000, 0x00000000a3e00000| Complete 
| 575|0x00000000a3f00000, 0x00000000a4000000, 0x00000000a4000000|100%|HC|  |TAMS 0x00000000a4000000, 0x00000000a3f00000| Complete 
| 576|0x00000000a4000000, 0x00000000a4100000, 0x00000000a4100000|100%|HC|  |TAMS 0x00000000a4100000, 0x00000000a4000000| Complete 
| 577|0x00000000a4100000, 0x00000000a4200000, 0x00000000a4200000|100%|HC|  |TAMS 0x00000000a4200000, 0x00000000a4100000| Complete 
| 578|0x00000000a4200000, 0x00000000a4300000, 0x00000000a4300000|100%|HC|  |TAMS 0x00000000a4300000, 0x00000000a4200000| Complete 
| 579|0x00000000a4300000, 0x00000000a4400000, 0x00000000a4400000|100%|HC|  |TAMS 0x00000000a4400000, 0x00000000a4300000| Complete 
| 580|0x00000000a4400000, 0x00000000a4500000, 0x00000000a4500000|100%|HC|  |TAMS 0x00000000a4500000, 0x00000000a4400000| Complete 
| 581|0x00000000a4500000, 0x00000000a4600000, 0x00000000a4600000|100%|HC|  |TAMS 0x00000000a4600000, 0x00000000a4500000| Complete 
| 582|0x00000000a4600000, 0x00000000a4700000, 0x00000000a4700000|100%|HC|  |TAMS 0x00000000a4700000, 0x00000000a4600000| Complete 
| 583|0x00000000a4700000, 0x00000000a4800000, 0x00000000a4800000|100%|HC|  |TAMS 0x00000000a4800000, 0x00000000a4700000| Complete 
| 584|0x00000000a4800000, 0x00000000a4900000, 0x00000000a4900000|100%|HC|  |TAMS 0x00000000a4900000, 0x00000000a4800000| Complete 
| 585|0x00000000a4900000, 0x00000000a4a00000, 0x00000000a4a00000|100%|HC|  |TAMS 0x00000000a4a00000, 0x00000000a4900000| Complete 
| 586|0x00000000a4a00000, 0x00000000a4b00000, 0x00000000a4b00000|100%|HC|  |TAMS 0x00000000a4b00000, 0x00000000a4a00000| Complete 
| 587|0x00000000a4b00000, 0x00000000a4c00000, 0x00000000a4c00000|100%|HC|  |TAMS 0x00000000a4c00000, 0x00000000a4b00000| Complete 
| 588|0x00000000a4c00000, 0x00000000a4d00000, 0x00000000a4d00000|100%|HC|  |TAMS 0x00000000a4d00000, 0x00000000a4c00000| Complete 
| 589|0x00000000a4d00000, 0x00000000a4e00000, 0x00000000a4e00000|100%|HC|  |TAMS 0x00000000a4e00000, 0x00000000a4d00000| Complete 
| 590|0x00000000a4e00000, 0x00000000a4f00000, 0x00000000a4f00000|100%|HC|  |TAMS 0x00000000a4f00000, 0x00000000a4e00000| Complete 
| 591|0x00000000a4f00000, 0x00000000a5000000, 0x00000000a5000000|100%|HC|  |TAMS 0x00000000a5000000, 0x00000000a4f00000| Complete 
| 592|0x00000000a5000000, 0x00000000a5100000, 0x00000000a5100000|100%|HC|  |TAMS 0x00000000a5100000, 0x00000000a5000000| Complete 
| 593|0x00000000a5100000, 0x00000000a5200000, 0x00000000a5200000|100%|HC|  |TAMS 0x00000000a5200000, 0x00000000a5100000| Complete 
| 594|0x00000000a5200000, 0x00000000a5300000, 0x00000000a5300000|100%|HC|  |TAMS 0x00000000a5300000, 0x00000000a5200000| Complete 
| 595|0x00000000a5300000, 0x00000000a5400000, 0x00000000a5400000|100%|HC|  |TAMS 0x00000000a5400000, 0x00000000a5300000| Complete 
| 596|0x00000000a5400000, 0x00000000a5500000, 0x00000000a5500000|100%|HC|  |TAMS 0x00000000a5500000, 0x00000000a5400000| Complete 
| 597|0x00000000a5500000, 0x00000000a5600000, 0x00000000a5600000|100%|HC|  |TAMS 0x00000000a5600000, 0x00000000a5500000| Complete 
| 598|0x00000000a5600000, 0x00000000a5700000, 0x00000000a5700000|100%|HC|  |TAMS 0x00000000a5700000, 0x00000000a5600000| Complete 
| 599|0x00000000a5700000, 0x00000000a5800000, 0x00000000a5800000|100%|HC|  |TAMS 0x00000000a5800000, 0x00000000a5700000| Complete 
| 600|0x00000000a5800000, 0x00000000a5900000, 0x00000000a5900000|100%|HC|  |TAMS 0x00000000a5900000, 0x00000000a5800000| Complete 
| 601|0x00000000a5900000, 0x00000000a5a00000, 0x00000000a5a00000|100%|HC|  |TAMS 0x00000000a5a00000, 0x00000000a5900000| Complete 
| 602|0x00000000a5a00000, 0x00000000a5b00000, 0x00000000a5b00000|100%|HC|  |TAMS 0x00000000a5b00000, 0x00000000a5a00000| Complete 
| 603|0x00000000a5b00000, 0x00000000a5c00000, 0x00000000a5c00000|100%|HC|  |TAMS 0x00000000a5c00000, 0x00000000a5b00000| Complete 
| 604|0x00000000a5c00000, 0x00000000a5d00000, 0x00000000a5d00000|100%|HC|  |TAMS 0x00000000a5d00000, 0x00000000a5c00000| Complete 
| 605|0x00000000a5d00000, 0x00000000a5e00000, 0x00000000a5e00000|100%|HC|  |TAMS 0x00000000a5e00000, 0x00000000a5d00000| Complete 
| 606|0x00000000a5e00000, 0x00000000a5f00000, 0x00000000a5f00000|100%|HC|  |TAMS 0x00000000a5f00000, 0x00000000a5e00000| Complete 
| 607|0x00000000a5f00000, 0x00000000a6000000, 0x00000000a6000000|100%|HC|  |TAMS 0x00000000a6000000, 0x00000000a5f00000| Complete 
| 608|0x00000000a6000000, 0x00000000a6100000, 0x00000000a6100000|100%|HC|  |TAMS 0x00000000a6100000, 0x00000000a6000000| Complete 
| 609|0x00000000a6100000, 0x00000000a6200000, 0x00000000a6200000|100%|HC|  |TAMS 0x00000000a6200000, 0x00000000a6100000| Complete 
| 610|0x00000000a6200000, 0x00000000a6300000, 0x00000000a6300000|100%|HC|  |TAMS 0x00000000a6300000, 0x00000000a6200000| Complete 
| 611|0x00000000a6300000, 0x00000000a6400000, 0x00000000a6400000|100%|HC|  |TAMS 0x00000000a6400000, 0x00000000a6300000| Complete 
| 612|0x00000000a6400000, 0x00000000a6500000, 0x00000000a6500000|100%|HC|  |TAMS 0x00000000a6500000, 0x00000000a6400000| Complete 
| 613|0x00000000a6500000, 0x00000000a6600000, 0x00000000a6600000|100%|HS|  |TAMS 0x00000000a6500000, 0x00000000a6500000| Complete 
| 614|0x00000000a6600000, 0x00000000a6700000, 0x00000000a6700000|100%|HC|  |TAMS 0x00000000a6600000, 0x00000000a6600000| Complete 
| 615|0x00000000a6700000, 0x00000000a6800000, 0x00000000a6800000|100%|HC|  |TAMS 0x00000000a6700000, 0x00000000a6700000| Complete 
| 616|0x00000000a6800000, 0x00000000a6900000, 0x00000000a6900000|100%|HC|  |TAMS 0x00000000a6800000, 0x00000000a6800000| Complete 
| 617|0x00000000a6900000, 0x00000000a6a00000, 0x00000000a6a00000|100%|HC|  |TAMS 0x00000000a6900000, 0x00000000a6900000| Complete 
| 618|0x00000000a6a00000, 0x00000000a6b00000, 0x00000000a6b00000|100%|HC|  |TAMS 0x00000000a6a00000, 0x00000000a6a00000| Complete 
| 619|0x00000000a6b00000, 0x00000000a6c00000, 0x00000000a6c00000|100%|HC|  |TAMS 0x00000000a6b00000, 0x00000000a6b00000| Complete 
| 620|0x00000000a6c00000, 0x00000000a6d00000, 0x00000000a6d00000|100%|HC|  |TAMS 0x00000000a6c00000, 0x00000000a6c00000| Complete 
| 621|0x00000000a6d00000, 0x00000000a6e00000, 0x00000000a6e00000|100%|HC|  |TAMS 0x00000000a6d00000, 0x00000000a6d00000| Complete 
| 622|0x00000000a6e00000, 0x00000000a6f00000, 0x00000000a6f00000|100%|HC|  |TAMS 0x00000000a6e00000, 0x00000000a6e00000| Complete 
| 623|0x00000000a6f00000, 0x00000000a7000000, 0x00000000a7000000|100%|HC|  |TAMS 0x00000000a6f00000, 0x00000000a6f00000| Complete 
| 624|0x00000000a7000000, 0x00000000a7100000, 0x00000000a7100000|100%|HC|  |TAMS 0x00000000a7000000, 0x00000000a7000000| Complete 
| 625|0x00000000a7100000, 0x00000000a7200000, 0x00000000a7200000|100%|HC|  |TAMS 0x00000000a7100000, 0x00000000a7100000| Complete 
| 626|0x00000000a7200000, 0x00000000a7300000, 0x00000000a7300000|100%|HC|  |TAMS 0x00000000a7200000, 0x00000000a7200000| Complete 
| 627|0x00000000a7300000, 0x00000000a7400000, 0x00000000a7400000|100%|HC|  |TAMS 0x00000000a7300000, 0x00000000a7300000| Complete 
| 628|0x00000000a7400000, 0x00000000a7500000, 0x00000000a7500000|100%|HC|  |TAMS 0x00000000a7400000, 0x00000000a7400000| Complete 
| 629|0x00000000a7500000, 0x00000000a7600000, 0x00000000a7600000|100%|HC|  |TAMS 0x00000000a7500000, 0x00000000a7500000| Complete 
| 630|0x00000000a7600000, 0x00000000a7700000, 0x00000000a7700000|100%|HS|  |TAMS 0x00000000a7600000, 0x00000000a7600000| Complete 
| 631|0x00000000a7700000, 0x00000000a7800000, 0x00000000a7800000|100%|HC|  |TAMS 0x00000000a7700000, 0x00000000a7700000| Complete 
| 632|0x00000000a7800000, 0x00000000a7900000, 0x00000000a7900000|100%|HC|  |TAMS 0x00000000a7800000, 0x00000000a7800000| Complete 
| 633|0x00000000a7900000, 0x00000000a7a00000, 0x00000000a7a00000|100%|HC|  |TAMS 0x00000000a7900000, 0x00000000a7900000| Complete 
| 634|0x00000000a7a00000, 0x00000000a7b00000, 0x00000000a7b00000|100%|HC|  |TAMS 0x00000000a7a00000, 0x00000000a7a00000| Complete 
| 635|0x00000000a7b00000, 0x00000000a7c00000, 0x00000000a7c00000|100%|HC|  |TAMS 0x00000000a7b00000, 0x00000000a7b00000| Complete 
| 636|0x00000000a7c00000, 0x00000000a7d00000, 0x00000000a7d00000|100%|HC|  |TAMS 0x00000000a7c00000, 0x00000000a7c00000| Complete 
| 637|0x00000000a7d00000, 0x00000000a7e00000, 0x00000000a7e00000|100%|HC|  |TAMS 0x00000000a7d00000, 0x00000000a7d00000| Complete 
| 638|0x00000000a7e00000, 0x00000000a7f00000, 0x00000000a7f00000|100%|HC|  |TAMS 0x00000000a7e00000, 0x00000000a7e00000| Complete 
| 639|0x00000000a7f00000, 0x00000000a8000000, 0x00000000a8000000|100%|HC|  |TAMS 0x00000000a7f00000, 0x00000000a7f00000| Complete 
| 640|0x00000000a8000000, 0x00000000a8100000, 0x00000000a8100000|100%|HC|  |TAMS 0x00000000a8000000, 0x00000000a8000000| Complete 
| 641|0x00000000a8100000, 0x00000000a8200000, 0x00000000a8200000|100%|HC|  |TAMS 0x00000000a8100000, 0x00000000a8100000| Complete 
| 642|0x00000000a8200000, 0x00000000a8300000, 0x00000000a8300000|100%|HC|  |TAMS 0x00000000a8200000, 0x00000000a8200000| Complete 
| 643|0x00000000a8300000, 0x00000000a8400000, 0x00000000a8400000|100%|HC|  |TAMS 0x00000000a8300000, 0x00000000a8300000| Complete 
| 644|0x00000000a8400000, 0x00000000a8500000, 0x00000000a8500000|100%|HC|  |TAMS 0x00000000a8400000, 0x00000000a8400000| Complete 
| 645|0x00000000a8500000, 0x00000000a8600000, 0x00000000a8600000|100%|HC|  |TAMS 0x00000000a8500000, 0x00000000a8500000| Complete 
| 646|0x00000000a8600000, 0x00000000a8700000, 0x00000000a8700000|100%|HC|  |TAMS 0x00000000a8600000, 0x00000000a8600000| Complete 
| 647|0x00000000a8700000, 0x00000000a8800000, 0x00000000a8800000|100%|HC|  |TAMS 0x00000000a8700000, 0x00000000a8700000| Complete 
| 648|0x00000000a8800000, 0x00000000a8900000, 0x00000000a8900000|100%|HC|  |TAMS 0x00000000a8800000, 0x00000000a8800000| Complete 
| 649|0x00000000a8900000, 0x00000000a8a00000, 0x00000000a8a00000|100%|HC|  |TAMS 0x00000000a8900000, 0x00000000a8900000| Complete 
| 650|0x00000000a8a00000, 0x00000000a8b00000, 0x00000000a8b00000|100%|HC|  |TAMS 0x00000000a8a00000, 0x00000000a8a00000| Complete 
| 651|0x00000000a8b00000, 0x00000000a8c00000, 0x00000000a8c00000|100%|HC|  |TAMS 0x00000000a8b00000, 0x00000000a8b00000| Complete 
| 652|0x00000000a8c00000, 0x00000000a8d00000, 0x00000000a8d00000|100%|HC|  |TAMS 0x00000000a8c00000, 0x00000000a8c00000| Complete 
| 653|0x00000000a8d00000, 0x00000000a8e00000, 0x00000000a8e00000|100%|HC|  |TAMS 0x00000000a8d00000, 0x00000000a8d00000| Complete 
| 654|0x00000000a8e00000, 0x00000000a8f00000, 0x00000000a8f00000|100%|HC|  |TAMS 0x00000000a8e00000, 0x00000000a8e00000| Complete 
| 655|0x00000000a8f00000, 0x00000000a9000000, 0x00000000a9000000|100%|HC|  |TAMS 0x00000000a8f00000, 0x00000000a8f00000| Complete 
| 656|0x00000000a9000000, 0x00000000a9100000, 0x00000000a9100000|100%|HC|  |TAMS 0x00000000a9000000, 0x00000000a9000000| Complete 
| 657|0x00000000a9100000, 0x00000000a9200000, 0x00000000a9200000|100%|HC|  |TAMS 0x00000000a9100000, 0x00000000a9100000| Complete 
| 658|0x00000000a9200000, 0x00000000a9300000, 0x00000000a9300000|100%|HC|  |TAMS 0x00000000a9200000, 0x00000000a9200000| Complete 
| 659|0x00000000a9300000, 0x00000000a9400000, 0x00000000a9400000|100%|HC|  |TAMS 0x00000000a9300000, 0x00000000a9300000| Complete 
| 660|0x00000000a9400000, 0x00000000a9500000, 0x00000000a9500000|100%|HC|  |TAMS 0x00000000a9400000, 0x00000000a9400000| Complete 
| 661|0x00000000a9500000, 0x00000000a9600000, 0x00000000a9600000|100%|HC|  |TAMS 0x00000000a9500000, 0x00000000a9500000| Complete 
| 662|0x00000000a9600000, 0x00000000a9700000, 0x00000000a9700000|100%|HC|  |TAMS 0x00000000a9600000, 0x00000000a9600000| Complete 
| 663|0x00000000a9700000, 0x00000000a9800000, 0x00000000a9800000|100%|HS|  |TAMS 0x00000000a9700000, 0x00000000a9700000| Complete 
| 664|0x00000000a9800000, 0x00000000a9900000, 0x00000000a9900000|100%|HC|  |TAMS 0x00000000a9800000, 0x00000000a9800000| Complete 
| 665|0x00000000a9900000, 0x00000000a9a00000, 0x00000000a9a00000|100%|HC|  |TAMS 0x00000000a9900000, 0x00000000a9900000| Complete 
| 666|0x00000000a9a00000, 0x00000000a9b00000, 0x00000000a9b00000|100%|HC|  |TAMS 0x00000000a9a00000, 0x00000000a9a00000| Complete 
| 667|0x00000000a9b00000, 0x00000000a9c00000, 0x00000000a9c00000|100%|HC|  |TAMS 0x00000000a9b00000, 0x00000000a9b00000| Complete 
| 668|0x00000000a9c00000, 0x00000000a9d00000, 0x00000000a9d00000|100%|HC|  |TAMS 0x00000000a9c00000, 0x00000000a9c00000| Complete 
| 669|0x00000000a9d00000, 0x00000000a9e00000, 0x00000000a9e00000|100%|HC|  |TAMS 0x00000000a9d00000, 0x00000000a9d00000| Complete 
| 670|0x00000000a9e00000, 0x00000000a9f00000, 0x00000000a9f00000|100%|HC|  |TAMS 0x00000000a9e00000, 0x00000000a9e00000| Complete 
| 671|0x00000000a9f00000, 0x00000000aa000000, 0x00000000aa000000|100%|HC|  |TAMS 0x00000000a9f00000, 0x00000000a9f00000| Complete 
| 672|0x00000000aa000000, 0x00000000aa100000, 0x00000000aa100000|100%|HC|  |TAMS 0x00000000aa000000, 0x00000000aa000000| Complete 
| 673|0x00000000aa100000, 0x00000000aa200000, 0x00000000aa200000|100%|HC|  |TAMS 0x00000000aa100000, 0x00000000aa100000| Complete 
| 674|0x00000000aa200000, 0x00000000aa300000, 0x00000000aa300000|100%|HC|  |TAMS 0x00000000aa200000, 0x00000000aa200000| Complete 
| 675|0x00000000aa300000, 0x00000000aa400000, 0x00000000aa400000|100%|HC|  |TAMS 0x00000000aa300000, 0x00000000aa300000| Complete 
| 676|0x00000000aa400000, 0x00000000aa500000, 0x00000000aa500000|100%|HC|  |TAMS 0x00000000aa400000, 0x00000000aa400000| Complete 
| 677|0x00000000aa500000, 0x00000000aa600000, 0x00000000aa600000|100%|HC|  |TAMS 0x00000000aa500000, 0x00000000aa500000| Complete 
| 678|0x00000000aa600000, 0x00000000aa700000, 0x00000000aa700000|100%|HC|  |TAMS 0x00000000aa600000, 0x00000000aa600000| Complete 
| 679|0x00000000aa700000, 0x00000000aa800000, 0x00000000aa800000|100%|HC|  |TAMS 0x00000000aa700000, 0x00000000aa700000| Complete 
| 680|0x00000000aa800000, 0x00000000aa900000, 0x00000000aa900000|100%|HC|  |TAMS 0x00000000aa800000, 0x00000000aa800000| Complete 
| 681|0x00000000aa900000, 0x00000000aaa00000, 0x00000000aaa00000|100%|HC|  |TAMS 0x00000000aa900000, 0x00000000aa900000| Complete 
| 682|0x00000000aaa00000, 0x00000000aab00000, 0x00000000aab00000|100%|HC|  |TAMS 0x00000000aaa00000, 0x00000000aaa00000| Complete 
| 683|0x00000000aab00000, 0x00000000aac00000, 0x00000000aac00000|100%|HC|  |TAMS 0x00000000aab00000, 0x00000000aab00000| Complete 
| 684|0x00000000aac00000, 0x00000000aad00000, 0x00000000aad00000|100%|HC|  |TAMS 0x00000000aac00000, 0x00000000aac00000| Complete 
| 685|0x00000000aad00000, 0x00000000aae00000, 0x00000000aae00000|100%|HC|  |TAMS 0x00000000aad00000, 0x00000000aad00000| Complete 
| 686|0x00000000aae00000, 0x00000000aaf00000, 0x00000000aaf00000|100%|HC|  |TAMS 0x00000000aae00000, 0x00000000aae00000| Complete 
| 687|0x00000000aaf00000, 0x00000000ab000000, 0x00000000ab000000|100%|HC|  |TAMS 0x00000000aaf00000, 0x00000000aaf00000| Complete 
| 688|0x00000000ab000000, 0x00000000ab100000, 0x00000000ab100000|100%|HC|  |TAMS 0x00000000ab000000, 0x00000000ab000000| Complete 
| 689|0x00000000ab100000, 0x00000000ab200000, 0x00000000ab200000|100%|HC|  |TAMS 0x00000000ab100000, 0x00000000ab100000| Complete 
| 690|0x00000000ab200000, 0x00000000ab300000, 0x00000000ab300000|100%|HC|  |TAMS 0x00000000ab200000, 0x00000000ab200000| Complete 
| 691|0x00000000ab300000, 0x00000000ab400000, 0x00000000ab400000|100%|HC|  |TAMS 0x00000000ab300000, 0x00000000ab300000| Complete 
| 692|0x00000000ab400000, 0x00000000ab500000, 0x00000000ab500000|100%|HC|  |TAMS 0x00000000ab400000, 0x00000000ab400000| Complete 
| 693|0x00000000ab500000, 0x00000000ab600000, 0x00000000ab600000|100%|HC|  |TAMS 0x00000000ab500000, 0x00000000ab500000| Complete 
| 694|0x00000000ab600000, 0x00000000ab700000, 0x00000000ab700000|100%|HC|  |TAMS 0x00000000ab600000, 0x00000000ab600000| Complete 
| 695|0x00000000ab700000, 0x00000000ab800000, 0x00000000ab800000|100%|HC|  |TAMS 0x00000000ab700000, 0x00000000ab700000| Complete 
| 696|0x00000000ab800000, 0x00000000ab900000, 0x00000000ab900000|100%|HC|  |TAMS 0x00000000ab800000, 0x00000000ab800000| Complete 
| 697|0x00000000ab900000, 0x00000000aba00000, 0x00000000aba00000|100%|HC|  |TAMS 0x00000000ab900000, 0x00000000ab900000| Complete 
| 698|0x00000000aba00000, 0x00000000abb00000, 0x00000000abb00000|100%|HC|  |TAMS 0x00000000aba00000, 0x00000000aba00000| Complete 
| 699|0x00000000abb00000, 0x00000000abc00000, 0x00000000abc00000|100%|HC|  |TAMS 0x00000000abb00000, 0x00000000abb00000| Complete 
| 700|0x00000000abc00000, 0x00000000abd00000, 0x00000000abd00000|100%|HC|  |TAMS 0x00000000abc00000, 0x00000000abc00000| Complete 
| 701|0x00000000abd00000, 0x00000000abe00000, 0x00000000abe00000|100%|HC|  |TAMS 0x00000000abd00000, 0x00000000abd00000| Complete 
| 702|0x00000000abe00000, 0x00000000abf00000, 0x00000000abf00000|100%|HC|  |TAMS 0x00000000abe00000, 0x00000000abe00000| Complete 
| 703|0x00000000abf00000, 0x00000000ac000000, 0x00000000ac000000|100%|HC|  |TAMS 0x00000000abf00000, 0x00000000abf00000| Complete 
| 704|0x00000000ac000000, 0x00000000ac100000, 0x00000000ac100000|100%|HC|  |TAMS 0x00000000ac000000, 0x00000000ac000000| Complete 
| 705|0x00000000ac100000, 0x00000000ac200000, 0x00000000ac200000|100%|HC|  |TAMS 0x00000000ac100000, 0x00000000ac100000| Complete 
| 706|0x00000000ac200000, 0x00000000ac300000, 0x00000000ac300000|100%|HC|  |TAMS 0x00000000ac200000, 0x00000000ac200000| Complete 
| 707|0x00000000ac300000, 0x00000000ac400000, 0x00000000ac400000|100%|HC|  |TAMS 0x00000000ac300000, 0x00000000ac300000| Complete 
| 708|0x00000000ac400000, 0x00000000ac500000, 0x00000000ac500000|100%|HC|  |TAMS 0x00000000ac400000, 0x00000000ac400000| Complete 
| 709|0x00000000ac500000, 0x00000000ac600000, 0x00000000ac600000|100%|HC|  |TAMS 0x00000000ac500000, 0x00000000ac500000| Complete 
| 710|0x00000000ac600000, 0x00000000ac700000, 0x00000000ac700000|100%|HC|  |TAMS 0x00000000ac600000, 0x00000000ac600000| Complete 
| 711|0x00000000ac700000, 0x00000000ac800000, 0x00000000ac800000|100%|HC|  |TAMS 0x00000000ac700000, 0x00000000ac700000| Complete 
| 712|0x00000000ac800000, 0x00000000ac900000, 0x00000000ac900000|100%|HC|  |TAMS 0x00000000ac800000, 0x00000000ac800000| Complete 
| 713|0x00000000ac900000, 0x00000000aca00000, 0x00000000aca00000|100%|HC|  |TAMS 0x00000000ac900000, 0x00000000ac900000| Complete 
| 714|0x00000000aca00000, 0x00000000acb00000, 0x00000000acb00000|100%|HC|  |TAMS 0x00000000aca00000, 0x00000000aca00000| Complete 
| 715|0x00000000acb00000, 0x00000000acc00000, 0x00000000acc00000|100%|HC|  |TAMS 0x00000000acb00000, 0x00000000acb00000| Complete 
| 716|0x00000000acc00000, 0x00000000acd00000, 0x00000000acd00000|100%|HC|  |TAMS 0x00000000acc00000, 0x00000000acc00000| Complete 
| 717|0x00000000acd00000, 0x00000000ace00000, 0x00000000ace00000|100%|HC|  |TAMS 0x00000000acd00000, 0x00000000acd00000| Complete 
| 718|0x00000000ace00000, 0x00000000acf00000, 0x00000000acf00000|100%|HC|  |TAMS 0x00000000ace00000, 0x00000000ace00000| Complete 
| 719|0x00000000acf00000, 0x00000000ad000000, 0x00000000ad000000|100%|HC|  |TAMS 0x00000000acf00000, 0x00000000acf00000| Complete 
| 720|0x00000000ad000000, 0x00000000ad100000, 0x00000000ad100000|100%|HC|  |TAMS 0x00000000ad000000, 0x00000000ad000000| Complete 
| 721|0x00000000ad100000, 0x00000000ad200000, 0x00000000ad200000|100%|HC|  |TAMS 0x00000000ad100000, 0x00000000ad100000| Complete 
| 722|0x00000000ad200000, 0x00000000ad300000, 0x00000000ad300000|100%|HC|  |TAMS 0x00000000ad200000, 0x00000000ad200000| Complete 
| 723|0x00000000ad300000, 0x00000000ad400000, 0x00000000ad400000|100%|HC|  |TAMS 0x00000000ad300000, 0x00000000ad300000| Complete 
| 724|0x00000000ad400000, 0x00000000ad500000, 0x00000000ad500000|100%|HC|  |TAMS 0x00000000ad400000, 0x00000000ad400000| Complete 
| 725|0x00000000ad500000, 0x00000000ad600000, 0x00000000ad600000|100%|HC|  |TAMS 0x00000000ad500000, 0x00000000ad500000| Complete 
| 726|0x00000000ad600000, 0x00000000ad700000, 0x00000000ad700000|100%|HC|  |TAMS 0x00000000ad600000, 0x00000000ad600000| Complete 
| 727|0x00000000ad700000, 0x00000000ad800000, 0x00000000ad800000|100%|HC|  |TAMS 0x00000000ad700000, 0x00000000ad700000| Complete 
| 728|0x00000000ad800000, 0x00000000ad800000, 0x00000000ad900000|  0%| F|  |TAMS 0x00000000ad800000, 0x00000000ad800000| Untracked 
| 729|0x00000000ad900000, 0x00000000ad900000, 0x00000000ada00000|  0%| F|  |TAMS 0x00000000ad900000, 0x00000000ad900000| Untracked 
| 730|0x00000000ada00000, 0x00000000ada00000, 0x00000000adb00000|  0%| F|  |TAMS 0x00000000ada00000, 0x00000000ada00000| Untracked 
| 731|0x00000000adb00000, 0x00000000adb00000, 0x00000000adc00000|  0%| F|  |TAMS 0x00000000adb00000, 0x00000000adb00000| Untracked 
| 732|0x00000000adc00000, 0x00000000adc00000, 0x00000000add00000|  0%| F|  |TAMS 0x00000000adc00000, 0x00000000adc00000| Untracked 
| 733|0x00000000add00000, 0x00000000add00000, 0x00000000ade00000|  0%| F|  |TAMS 0x00000000add00000, 0x00000000add00000| Untracked 
| 734|0x00000000ade00000, 0x00000000ade00000, 0x00000000adf00000|  0%| F|  |TAMS 0x00000000ade00000, 0x00000000ade00000| Untracked 
| 735|0x00000000adf00000, 0x00000000adf979d0, 0x00000000ae000000| 59%| E|  |TAMS 0x00000000adf00000, 0x00000000adf00000| Complete 
| 736|0x00000000ae000000, 0x00000000ae100000, 0x00000000ae100000|100%| E|CS|TAMS 0x00000000ae000000, 0x00000000ae000000| Complete 
| 737|0x00000000ae100000, 0x00000000ae1b2ea8, 0x00000000ae200000| 69%| S|CS|TAMS 0x00000000ae100000, 0x00000000ae100000| Complete 
| 738|0x00000000ae200000, 0x00000000ae300000, 0x00000000ae300000|100%| S|CS|TAMS 0x00000000ae200000, 0x00000000ae200000| Complete 
| 739|0x00000000ae300000, 0x00000000ae400000, 0x00000000ae400000|100%| E|CS|TAMS 0x00000000ae300000, 0x00000000ae300000| Complete 
| 740|0x00000000ae400000, 0x00000000ae500000, 0x00000000ae500000|100%|HS|  |TAMS 0x00000000ae400000, 0x00000000ae400000| Complete 
| 741|0x00000000ae500000, 0x00000000ae600000, 0x00000000ae600000|100%|HC|  |TAMS 0x00000000ae500000, 0x00000000ae500000| Complete 
| 742|0x00000000ae600000, 0x00000000ae700000, 0x00000000ae700000|100%|HC|  |TAMS 0x00000000ae600000, 0x00000000ae600000| Complete 
| 743|0x00000000ae700000, 0x00000000ae800000, 0x00000000ae800000|100%|HC|  |TAMS 0x00000000ae700000, 0x00000000ae700000| Complete 
| 744|0x00000000ae800000, 0x00000000ae900000, 0x00000000ae900000|100%|HC|  |TAMS 0x00000000ae800000, 0x00000000ae800000| Complete 
| 745|0x00000000ae900000, 0x00000000aea00000, 0x00000000aea00000|100%|HC|  |TAMS 0x00000000ae900000, 0x00000000ae900000| Complete 
| 746|0x00000000aea00000, 0x00000000aeb00000, 0x00000000aeb00000|100%|HC|  |TAMS 0x00000000aea00000, 0x00000000aea00000| Complete 
| 747|0x00000000aeb00000, 0x00000000aec00000, 0x00000000aec00000|100%|HC|  |TAMS 0x00000000aeb00000, 0x00000000aeb00000| Complete 
| 748|0x00000000aec00000, 0x00000000aed00000, 0x00000000aed00000|100%|HC|  |TAMS 0x00000000aec00000, 0x00000000aec00000| Complete 
| 749|0x00000000aed00000, 0x00000000aee00000, 0x00000000aee00000|100%|HC|  |TAMS 0x00000000aed00000, 0x00000000aed00000| Complete 
| 750|0x00000000aee00000, 0x00000000aef00000, 0x00000000aef00000|100%|HC|  |TAMS 0x00000000aee00000, 0x00000000aee00000| Complete 
| 751|0x00000000aef00000, 0x00000000af000000, 0x00000000af000000|100%|HC|  |TAMS 0x00000000aef00000, 0x00000000aef00000| Complete 
| 752|0x00000000af000000, 0x00000000af100000, 0x00000000af100000|100%|HC|  |TAMS 0x00000000af000000, 0x00000000af000000| Complete 
| 753|0x00000000af100000, 0x00000000af200000, 0x00000000af200000|100%|HC|  |TAMS 0x00000000af100000, 0x00000000af100000| Complete 
| 754|0x00000000af200000, 0x00000000af300000, 0x00000000af300000|100%|HC|  |TAMS 0x00000000af200000, 0x00000000af200000| Complete 
| 755|0x00000000af300000, 0x00000000af400000, 0x00000000af400000|100%|HC|  |TAMS 0x00000000af300000, 0x00000000af300000| Complete 
| 756|0x00000000af400000, 0x00000000af500000, 0x00000000af500000|100%|HC|  |TAMS 0x00000000af400000, 0x00000000af400000| Complete 
| 757|0x00000000af500000, 0x00000000af600000, 0x00000000af600000|100%|HC|  |TAMS 0x00000000af500000, 0x00000000af500000| Complete 
| 758|0x00000000af600000, 0x00000000af700000, 0x00000000af700000|100%|HC|  |TAMS 0x00000000af600000, 0x00000000af600000| Complete 
| 759|0x00000000af700000, 0x00000000af800000, 0x00000000af800000|100%|HC|  |TAMS 0x00000000af700000, 0x00000000af700000| Complete 
| 760|0x00000000af800000, 0x00000000af900000, 0x00000000af900000|100%|HC|  |TAMS 0x00000000af800000, 0x00000000af800000| Complete 
| 761|0x00000000af900000, 0x00000000afa00000, 0x00000000afa00000|100%|HC|  |TAMS 0x00000000af900000, 0x00000000af900000| Complete 
| 762|0x00000000afa00000, 0x00000000afb00000, 0x00000000afb00000|100%|HC|  |TAMS 0x00000000afa00000, 0x00000000afa00000| Complete 
| 763|0x00000000afb00000, 0x00000000afc00000, 0x00000000afc00000|100%|HC|  |TAMS 0x00000000afb00000, 0x00000000afb00000| Complete 
| 764|0x00000000afc00000, 0x00000000afd00000, 0x00000000afd00000|100%|HC|  |TAMS 0x00000000afc00000, 0x00000000afc00000| Complete 
| 765|0x00000000afd00000, 0x00000000afe00000, 0x00000000afe00000|100%|HC|  |TAMS 0x00000000afd00000, 0x00000000afd00000| Complete 
| 766|0x00000000afe00000, 0x00000000aff00000, 0x00000000aff00000|100%|HC|  |TAMS 0x00000000afe00000, 0x00000000afe00000| Complete 
| 767|0x00000000aff00000, 0x00000000b0000000, 0x00000000b0000000|100%|HC|  |TAMS 0x00000000aff00000, 0x00000000aff00000| Complete 
| 768|0x00000000b0000000, 0x00000000b0100000, 0x00000000b0100000|100%|HC|  |TAMS 0x00000000b0000000, 0x00000000b0000000| Complete 
| 769|0x00000000b0100000, 0x00000000b0200000, 0x00000000b0200000|100%|HC|  |TAMS 0x00000000b0100000, 0x00000000b0100000| Complete 
| 770|0x00000000b0200000, 0x00000000b0300000, 0x00000000b0300000|100%|HC|  |TAMS 0x00000000b0200000, 0x00000000b0200000| Complete 
| 771|0x00000000b0300000, 0x00000000b0400000, 0x00000000b0400000|100%|HC|  |TAMS 0x00000000b0300000, 0x00000000b0300000| Complete 
| 772|0x00000000b0400000, 0x00000000b0500000, 0x00000000b0500000|100%|HC|  |TAMS 0x00000000b0400000, 0x00000000b0400000| Complete 
| 773|0x00000000b0500000, 0x00000000b0600000, 0x00000000b0600000|100%|HC|  |TAMS 0x00000000b0500000, 0x00000000b0500000| Complete 
| 774|0x00000000b0600000, 0x00000000b0700000, 0x00000000b0700000|100%|HC|  |TAMS 0x00000000b0600000, 0x00000000b0600000| Complete 
| 775|0x00000000b0700000, 0x00000000b0800000, 0x00000000b0800000|100%|HC|  |TAMS 0x00000000b0700000, 0x00000000b0700000| Complete 
| 776|0x00000000b0800000, 0x00000000b0900000, 0x00000000b0900000|100%|HC|  |TAMS 0x00000000b0800000, 0x00000000b0800000| Complete 
| 777|0x00000000b0900000, 0x00000000b0a00000, 0x00000000b0a00000|100%|HC|  |TAMS 0x00000000b0900000, 0x00000000b0900000| Complete 
| 778|0x00000000b0a00000, 0x00000000b0b00000, 0x00000000b0b00000|100%|HC|  |TAMS 0x00000000b0a00000, 0x00000000b0a00000| Complete 
| 779|0x00000000b0b00000, 0x00000000b0c00000, 0x00000000b0c00000|100%|HC|  |TAMS 0x00000000b0b00000, 0x00000000b0b00000| Complete 
| 780|0x00000000b0c00000, 0x00000000b0d00000, 0x00000000b0d00000|100%|HC|  |TAMS 0x00000000b0c00000, 0x00000000b0c00000| Complete 
| 781|0x00000000b0d00000, 0x00000000b0e00000, 0x00000000b0e00000|100%|HC|  |TAMS 0x00000000b0d00000, 0x00000000b0d00000| Complete 
| 782|0x00000000b0e00000, 0x00000000b0f00000, 0x00000000b0f00000|100%|HC|  |TAMS 0x00000000b0e00000, 0x00000000b0e00000| Complete 

Card table byte_map: [0x0000024aa5380000,0x0000024aa5780000] _byte_map_base: 0x0000024aa4f80000

Marking Bits (Prev, Next): (CMBitMap*) 0x0000024a8c20bac0, (CMBitMap*) 0x0000024a8c20ba80
 Prev Bits: [0x0000024aa7b80000, 0x0000024aa9b80000)
 Next Bits: [0x0000024aa5b80000, 0x0000024aa7b80000)

Polling page: 0x0000024a8bef0000

Metaspace:

Usage:
  Non-class:    150.67 MB used.
      Class:     22.78 MB used.
       Both:    173.44 MB used.

Virtual space:
  Non-class space:      192.00 MB reserved,     154.56 MB ( 81%) committed,  3 nodes.
      Class space:      416.00 MB reserved,      24.25 MB (  6%) committed,  1 nodes.
             Both:      608.00 MB reserved,     178.81 MB ( 29%) committed. 

Chunk freelists:
   Non-Class:  7.86 MB
       Class:  8.02 MB
        Both:  15.88 MB

MaxMetaspaceSize: 512.00 MB
CompressedClassSpaceSize: 416.00 MB
Initial GC threshold: 21.00 MB
Current GC threshold: 213.56 MB
CDS: on
MetaspaceReclaimPolicy: balanced
 - commit_granule_bytes: 65536.
 - commit_granule_words: 8192.
 - virtual_space_node_default_size: 8388608.
 - enlarge_chunks_in_place: 1.
 - new_chunks_are_fully_committed: 0.
 - uncommit_free_chunks: 1.
 - use_allocation_guard: 0.
 - handle_deallocations: 1.


Internal statistics:

num_allocs_failed_limit: 9.
num_arena_births: 3262.
num_arena_deaths: 66.
num_vsnodes_births: 4.
num_vsnodes_deaths: 0.
num_space_committed: 2898.
num_space_uncommitted: 40.
num_chunks_returned_to_freelist: 400.
num_chunks_taken_from_freelist: 11643.
num_chunk_merges: 109.
num_chunk_splits: 7548.
num_chunks_enlarged: 4638.
num_inconsistent_stats: 0.

CodeHeap 'non-profiled nmethods': size=120000Kb used=16333Kb max_used=16333Kb free=103666Kb
 bounds [0x0000024a9cdd0000, 0x0000024a9ddd0000, 0x0000024aa4300000]
CodeHeap 'profiled nmethods': size=120000Kb used=48473Kb max_used=49277Kb free=71526Kb
 bounds [0x0000024a95300000, 0x0000024a98330000, 0x0000024a9c830000]
CodeHeap 'non-nmethods': size=5760Kb used=2535Kb max_used=2596Kb free=3224Kb
 bounds [0x0000024a9c830000, 0x0000024a9cac0000, 0x0000024a9cdd0000]
 total_blobs=28041 nmethods=26945 adapters=1007
 compilation: enabled
              stopped_count=0, restarted_count=0
 full_count=0

Compilation events (20 events):
Event: 75.343 Thread 0x0000024ad8987060 nmethod 35877 0x0000024a9ddb8790 code [0x0000024a9ddb8920, 0x0000024a9ddb89b8]
Event: 75.375 Thread 0x0000024aac1281c0 nmethod 35888 0x0000024a9ddb8a90 code [0x0000024a9ddb8dc0, 0x0000024a9ddbbd30]
Event: 75.379 Thread 0x0000024aac9e0140 35906 %     3       kotlin.io.ByteStreamsKt::copyTo @ 27 (60 bytes)
Event: 75.380 Thread 0x0000024aac9e0140 nmethod 35906% 0x0000024a971f2410 code [0x0000024a971f26e0, 0x0000024a971f3608]
Event: 75.724 Thread 0x0000024aac9e0140 35907       3       kotlin.io.ByteStreamsKt::copyTo (60 bytes)
Event: 75.725 Thread 0x0000024aac9e0140 nmethod 35907 0x0000024a969aee90 code [0x0000024a969af160, 0x0000024a969affa8]
Event: 75.753 Thread 0x0000024aac9e0140 35908   !   3       com.android.builder.aar.AarExtractor::extract (262 bytes)
Event: 75.758 Thread 0x0000024aac9e0140 nmethod 35908 0x0000024a97258910 code [0x0000024a97258e80, 0x0000024a9725b888]
Event: 75.828 Thread 0x0000024aac9e0140 35909   !   3       java.util.concurrent.ArrayBlockingQueue::take (46 bytes)
Event: 75.829 Thread 0x0000024aac9e0140 nmethod 35909 0x0000024a96e10590 code [0x0000024a96e10820, 0x0000024a96e11498]
Event: 76.034 Thread 0x0000024aac1281c0 35910       4       kotlin.io.ByteStreamsKt::copyTo (60 bytes)
Event: 76.069 Thread 0x0000024aac1281c0 nmethod 35910 0x0000024a9ddbd890 code [0x0000024a9ddbdae0, 0x0000024a9ddbf350]
Event: 76.300 Thread 0x0000024aac1281c0 35911   !   4       java.io.FileOutputStream::close (69 bytes)
Event: 76.311 Thread 0x0000024aac1281c0 nmethod 35911 0x0000024a9ddc0490 code [0x0000024a9ddc0660, 0x0000024a9ddc13f8]
Event: 76.416 Thread 0x0000024aac1281c0 35912       4       java.io.FileOutputStream::<init> (111 bytes)
Event: 76.426 Thread 0x0000024aac1281c0 nmethod 35912 0x0000024a9ddc1910 code [0x0000024a9ddc1ae0, 0x0000024a9ddc24c8]
Event: 77.020 Thread 0x0000024aac1281c0 35913   !   4       com.google.common.io.Closer::close (91 bytes)
Event: 77.030 Thread 0x0000024aac1281c0 nmethod 35913 0x0000024a9ddc2910 code [0x0000024a9ddc2ae0, 0x0000024a9ddc2eb8]
Event: 77.064 Thread 0x0000024aac1281c0 35914       4       com.google.common.collect.RegularImmutableSet::contains (57 bytes)
Event: 77.065 Thread 0x0000024aac1281c0 nmethod 35914 0x0000024a9ddc3290 code [0x0000024a9ddc3420, 0x0000024a9ddc34f8]

GC Heap History (20 events):
Event: 75.288 GC heap before
{Heap before GC invocations=90 (full 0):
 garbage-first heap   total 563200K, used 455971K [0x0000000080000000, 0x0000000100000000)
  region size 1024K, 10 young (10240K), 7 survivors (7168K)
 Metaspace       used 182917K, committed 185472K, reserved 622592K
  class space    used 23701K, committed 24832K, reserved 425984K
}
Event: 75.294 GC heap after
{Heap after GC invocations=91 (full 0):
 garbage-first heap   total 563200K, used 430158K [0x0000000080000000, 0x0000000100000000)
  region size 1024K, 5 young (5120K), 5 survivors (5120K)
 Metaspace       used 182917K, committed 185472K, reserved 622592K
  class space    used 23701K, committed 24832K, reserved 425984K
}
Event: 75.382 GC heap before
{Heap before GC invocations=91 (full 0):
 garbage-first heap   total 563200K, used 453710K [0x0000000080000000, 0x0000000100000000)
  region size 1024K, 8 young (8192K), 5 survivors (5120K)
 Metaspace       used 182917K, committed 185472K, reserved 622592K
  class space    used 23701K, committed 24832K, reserved 425984K
}
Event: 75.386 GC heap after
{Heap after GC invocations=92 (full 0):
 garbage-first heap   total 563200K, used 436501K [0x0000000080000000, 0x0000000100000000)
  region size 1024K, 5 young (5120K), 5 survivors (5120K)
 Metaspace       used 182917K, committed 185472K, reserved 622592K
  class space    used 23701K, committed 24832K, reserved 425984K
}
Event: 75.530 GC heap before
{Heap before GC invocations=92 (full 0):
 garbage-first heap   total 563200K, used 465173K [0x0000000080000000, 0x0000000100000000)
  region size 1024K, 8 young (8192K), 5 survivors (5120K)
 Metaspace       used 182917K, committed 185472K, reserved 622592K
  class space    used 23701K, committed 24832K, reserved 425984K
}
Event: 75.535 GC heap after
{Heap after GC invocations=93 (full 0):
 garbage-first heap   total 563200K, used 448783K [0x0000000080000000, 0x0000000100000000)
  region size 1024K, 5 young (5120K), 5 survivors (5120K)
 Metaspace       used 182917K, committed 185472K, reserved 622592K
  class space    used 23701K, committed 24832K, reserved 425984K
}
Event: 75.795 GC heap before
{Heap before GC invocations=93 (full 0):
 garbage-first heap   total 563200K, used 485647K [0x0000000080000000, 0x0000000100000000)
  region size 1024K, 9 young (9216K), 5 survivors (5120K)
 Metaspace       used 182919K, committed 185472K, reserved 622592K
  class space    used 23701K, committed 24832K, reserved 425984K
}
Event: 75.798 GC heap after
{Heap after GC invocations=94 (full 0):
 garbage-first heap   total 563200K, used 465257K [0x0000000080000000, 0x0000000100000000)
  region size 1024K, 2 young (2048K), 2 survivors (2048K)
 Metaspace       used 182919K, committed 185472K, reserved 622592K
  class space    used 23701K, committed 24832K, reserved 425984K
}
Event: 75.935 GC heap before
{Heap before GC invocations=94 (full 0):
 garbage-first heap   total 629760K, used 531817K [0x0000000080000000, 0x0000000100000000)
  region size 1024K, 3 young (3072K), 2 survivors (2048K)
 Metaspace       used 182920K, committed 185472K, reserved 622592K
  class space    used 23701K, committed 24832K, reserved 425984K
}
Event: 75.944 GC heap after
{Heap after GC invocations=95 (full 0):
 garbage-first heap   total 629760K, used 497777K [0x0000000080000000, 0x0000000100000000)
  region size 1024K, 2 young (2048K), 2 survivors (2048K)
 Metaspace       used 182920K, committed 185472K, reserved 622592K
  class space    used 23701K, committed 24832K, reserved 425984K
}
Event: 75.962 GC heap before
{Heap before GC invocations=95 (full 0):
 garbage-first heap   total 629760K, used 547953K [0x0000000080000000, 0x0000000100000000)
  region size 1024K, 3 young (3072K), 2 survivors (2048K)
 Metaspace       used 182920K, committed 185472K, reserved 622592K
  class space    used 23701K, committed 24832K, reserved 425984K
}
Event: 75.966 GC heap after
{Heap after GC invocations=96 (full 0):
 garbage-first heap   total 629760K, used 481629K [0x0000000080000000, 0x0000000100000000)
  region size 1024K, 2 young (2048K), 2 survivors (2048K)
 Metaspace       used 182920K, committed 185472K, reserved 622592K
  class space    used 23701K, committed 24832K, reserved 425984K
}
Event: 76.051 GC heap before
{Heap before GC invocations=96 (full 0):
 garbage-first heap   total 629760K, used 502109K [0x0000000080000000, 0x0000000100000000)
  region size 1024K, 3 young (3072K), 2 survivors (2048K)
 Metaspace       used 182920K, committed 185472K, reserved 622592K
  class space    used 23701K, committed 24832K, reserved 425984K
}
Event: 76.056 GC heap after
{Heap after GC invocations=97 (full 0):
 garbage-first heap   total 757760K, used 490507K [0x0000000080000000, 0x0000000100000000)
  region size 1024K, 2 young (2048K), 2 survivors (2048K)
 Metaspace       used 182920K, committed 185472K, reserved 622592K
  class space    used 23701K, committed 24832K, reserved 425984K
}
Event: 76.162 GC heap before
{Heap before GC invocations=97 (full 0):
 garbage-first heap   total 757760K, used 507915K [0x0000000080000000, 0x0000000100000000)
  region size 1024K, 3 young (3072K), 2 survivors (2048K)
 Metaspace       used 182920K, committed 185472K, reserved 622592K
  class space    used 23701K, committed 24832K, reserved 425984K
}
Event: 76.165 GC heap after
{Heap after GC invocations=98 (full 0):
 garbage-first heap   total 757760K, used 498672K [0x0000000080000000, 0x0000000100000000)
  region size 1024K, 2 young (2048K), 2 survivors (2048K)
 Metaspace       used 182920K, committed 185472K, reserved 622592K
  class space    used 23701K, committed 24832K, reserved 425984K
}
Event: 76.325 GC heap before
{Heap before GC invocations=98 (full 0):
 garbage-first heap   total 757760K, used 532464K [0x0000000080000000, 0x0000000100000000)
  region size 1024K, 3 young (3072K), 2 survivors (2048K)
 Metaspace       used 182920K, committed 185472K, reserved 622592K
  class space    used 23701K, committed 24832K, reserved 425984K
}
Event: 76.328 GC heap after
{Heap after GC invocations=99 (full 0):
 garbage-first heap   total 757760K, used 515114K [0x0000000080000000, 0x0000000100000000)
  region size 1024K, 2 young (2048K), 2 survivors (2048K)
 Metaspace       used 182920K, committed 185472K, reserved 622592K
  class space    used 23701K, committed 24832K, reserved 425984K
}
Event: 76.429 GC heap before
{Heap before GC invocations=99 (full 0):
 garbage-first heap   total 757760K, used 581674K [0x0000000080000000, 0x0000000100000000)
  region size 1024K, 3 young (3072K), 2 survivors (2048K)
 Metaspace       used 182920K, committed 185472K, reserved 622592K
  class space    used 23701K, committed 24832K, reserved 425984K
}
Event: 76.432 GC heap after
{Heap after GC invocations=100 (full 0):
 garbage-first heap   total 757760K, used 547892K [0x0000000080000000, 0x0000000100000000)
  region size 1024K, 2 young (2048K), 2 survivors (2048K)
 Metaspace       used 182920K, committed 185472K, reserved 622592K
  class space    used 23701K, committed 24832K, reserved 425984K
}

Dll operation events (17 events):
Event: 0.007 Loaded shared library C:\Program Files\Eclipse Adoptium\jdk-17.0.18.8-hotspot\bin\java.dll
Event: 0.020 Loaded shared library C:\Program Files\Eclipse Adoptium\jdk-17.0.18.8-hotspot\bin\jsvml.dll
Event: 0.051 Loaded shared library C:\Program Files\Eclipse Adoptium\jdk-17.0.18.8-hotspot\bin\zip.dll
Event: 0.055 Loaded shared library C:\Program Files\Eclipse Adoptium\jdk-17.0.18.8-hotspot\bin\instrument.dll
Event: 0.059 Loaded shared library C:\Program Files\Eclipse Adoptium\jdk-17.0.18.8-hotspot\bin\net.dll
Event: 0.061 Loaded shared library C:\Program Files\Eclipse Adoptium\jdk-17.0.18.8-hotspot\bin\nio.dll
Event: 0.065 Loaded shared library C:\Program Files\Eclipse Adoptium\jdk-17.0.18.8-hotspot\bin\zip.dll
Event: 0.159 Loaded shared library C:\Program Files\Eclipse Adoptium\jdk-17.0.18.8-hotspot\bin\jimage.dll
Event: 0.190 Loaded shared library C:\Program Files\Eclipse Adoptium\jdk-17.0.18.8-hotspot\bin\verify.dll
Event: 0.277 Loaded shared library C:\Users\HP\.gradle\native\68d5fa5c4cc2d200863cafc0d521ce42e7d3e7ee720ec0a83991735586a16f82\windows-amd64\native-platform.dll
Event: 0.283 Loaded shared library C:\Users\HP\.gradle\native\e376f236ea51e6404a007f0833ffe2c6e607c4080706a723a18a27aeea778392\windows-amd64\native-platform-file-events.dll
Event: 0.660 Loaded shared library C:\Program Files\Eclipse Adoptium\jdk-17.0.18.8-hotspot\bin\management.dll
Event: 0.662 Loaded shared library C:\Program Files\Eclipse Adoptium\jdk-17.0.18.8-hotspot\bin\management_ext.dll
Event: 0.801 Loaded shared library C:\Program Files\Eclipse Adoptium\jdk-17.0.18.8-hotspot\bin\extnet.dll
Event: 0.963 Loaded shared library C:\Program Files\Eclipse Adoptium\jdk-17.0.18.8-hotspot\bin\sunmscapi.dll
Event: 35.192 Loaded shared library C:\Users\HP\AppData\Local\Temp\native-platform17311083742825377637dir\native-platform.dll
Event: 36.578 Loaded shared library C:\Program Files\Eclipse Adoptium\jdk-17.0.18.8-hotspot\bin\rmi.dll

Deoptimization events (20 events):
Event: 73.330 Thread 0x0000024ad1232660 DEOPT PACKING pc=0x0000024a960aa044 sp=0x000000a3bc7ff000
Event: 73.330 Thread 0x0000024ad1232660 DEOPT UNPACKING pc=0x0000024a9c887143 sp=0x000000a3bc7fe538 mode 0
Event: 73.330 Thread 0x0000024ad1232660 DEOPT PACKING pc=0x0000024a960a5cb4 sp=0x000000a3bc7ff100
Event: 73.330 Thread 0x0000024ad1232660 DEOPT UNPACKING pc=0x0000024a9c887143 sp=0x000000a3bc7fe5c0 mode 0
Event: 73.525 Thread 0x0000024ace0cda10 DEOPT PACKING pc=0x0000024a97b6bda7 sp=0x000000a3b63fecb0
Event: 73.525 Thread 0x0000024ace0cda10 DEOPT UNPACKING pc=0x0000024a9c887143 sp=0x000000a3b63fe148 mode 0
Event: 74.278 Thread 0x0000024ace0d07a0 DEOPT PACKING pc=0x0000024a98060e3a sp=0x000000a3b52fee40
Event: 74.278 Thread 0x0000024ace0d07a0 DEOPT UNPACKING pc=0x0000024a9c887143 sp=0x000000a3b52fe2f8 mode 0
Event: 74.780 Thread 0x0000024ad1232b70 Uncommon trap: trap_request=0xffffff45 fr.pc=0x0000024a9d8ded80 relative=0x0000000000000540
Event: 74.780 Thread 0x0000024ad1232b70 Uncommon trap: reason=unstable_if action=reinterpret pc=0x0000024a9d8ded80 method=java.io.PushbackInputStream.read([BII)I @ 122 c2
Event: 74.780 Thread 0x0000024ad1232b70 DEOPT PACKING pc=0x0000024a9d8ded80 sp=0x000000a3bc3fb670
Event: 74.780 Thread 0x0000024ad1232b70 DEOPT UNPACKING pc=0x0000024a9c8869a3 sp=0x000000a3bc3fb5b8 mode 2
Event: 74.782 Thread 0x0000024ad1232b70 Uncommon trap: trap_request=0xffffff45 fr.pc=0x0000024a9d50b978 relative=0x0000000000000238
Event: 74.782 Thread 0x0000024ad1232b70 Uncommon trap: reason=unstable_if action=reinterpret pc=0x0000024a9d50b978 method=java.io.PushbackInputStream.read([BII)I @ 122 c2
Event: 74.782 Thread 0x0000024ad1232b70 DEOPT PACKING pc=0x0000024a9d50b978 sp=0x000000a3bc3fb5e0
Event: 74.782 Thread 0x0000024ad1232b70 DEOPT UNPACKING pc=0x0000024a9c8869a3 sp=0x000000a3bc3fb5b0 mode 2
Event: 74.829 Thread 0x0000024ace0cda10 DEOPT PACKING pc=0x0000024a98043414 sp=0x000000a3b63fe9c0
Event: 74.829 Thread 0x0000024ace0cda10 DEOPT UNPACKING pc=0x0000024a9c887143 sp=0x000000a3b63fdeb8 mode 0
Event: 75.724 Thread 0x0000024ad1ac8da0 DEOPT PACKING pc=0x0000024a97cacc1c sp=0x000000a3bd0fb100
Event: 75.724 Thread 0x0000024ad1ac8da0 DEOPT UNPACKING pc=0x0000024a9c887143 sp=0x000000a3bd0fa610 mode 0

Classes loaded (20 events):
Event: 52.498 Loading class java/util/TreeMap$NavigableSubMap$SubMapKeyIterator
Event: 52.499 Loading class java/util/TreeMap$NavigableSubMap$SubMapKeyIterator done
Event: 61.213 Loading class java/rmi/server/Unreferenced
Event: 61.214 Loading class java/rmi/server/Unreferenced done
Event: 73.245 Loading class java/io/BufferedWriterBeanInfo
Event: 73.245 Loading class java/io/BufferedWriterBeanInfo done
Event: 73.246 Loading class java/io/BufferedWriterBeanInfo
Event: 73.246 Loading class java/io/BufferedWriterBeanInfo done
Event: 73.246 Loading class java/io/WriterBeanInfo
Event: 73.246 Loading class java/io/WriterBeanInfo done
Event: 73.247 Loading class java/io/WriterBeanInfo
Event: 73.247 Loading class java/io/WriterBeanInfo done
Event: 73.247 Loading class java/io/WriterCustomizer
Event: 73.247 Loading class java/io/WriterCustomizer done
Event: 73.248 Loading class java/io/WriterCustomizer
Event: 73.248 Loading class java/io/WriterCustomizer done
Event: 73.248 Loading class java/io/BufferedWriterCustomizer
Event: 73.248 Loading class java/io/BufferedWriterCustomizer done
Event: 73.248 Loading class java/io/BufferedWriterCustomizer
Event: 73.248 Loading class java/io/BufferedWriterCustomizer done

Classes unloaded (20 events):
Event: 77.304 Thread 0x0000024aac104500 Unloading class 0x0000024aaf146ff8 'jdk/internal/jimage/ImageHeader'
Event: 77.304 Thread 0x0000024aac104500 Unloading class 0x0000024aaf146dc8 'jdk/internal/jimage/BasicImageReader$2'
Event: 77.304 Thread 0x0000024aac104500 Unloading class 0x0000024aaf146b98 'jdk/internal/jimage/BasicImageReader$1'
Event: 77.304 Thread 0x0000024aac104500 Unloading class 0x0000024aaf146930 'jdk/internal/jimage/ImageReader$Resource'
Event: 77.304 Thread 0x0000024aac104500 Unloading class 0x0000024aaf1466c8 'jdk/internal/jimage/ImageReader$LinkNode'
Event: 77.304 Thread 0x0000024aac104500 Unloading class 0x0000024aaf146460 'jdk/internal/jimage/ImageReader$Directory'
Event: 77.304 Thread 0x0000024aac104500 Unloading class 0x0000024aaf1461f8 'jdk/internal/jimage/ImageReader$Node'
Event: 77.304 Thread 0x0000024aac104500 Unloading class 0x0000024aaf146000 'jdk/internal/jimage/ImageStrings'
Event: 77.304 Thread 0x0000024aac104500 Unloading class 0x0000024aaf145b50 'jdk/internal/jimage/ImageReader$SharedImageReader'
Event: 77.304 Thread 0x0000024aac104500 Unloading class 0x0000024aaf145890 'jdk/internal/jimage/BasicImageReader'
Event: 77.304 Thread 0x0000024aac104500 Unloading class 0x0000024aaf145670 'jdk/internal/jimage/ImageReader'
Event: 77.304 Thread 0x0000024aac104500 Unloading class 0x0000024aaf145448 'jdk/internal/jrtfs/SystemImage$2'
Event: 77.304 Thread 0x0000024aac104500 Unloading class 0x0000024aaf145230 'jdk/internal/jrtfs/SystemImage$$Lambda$2749+0x0000024aaf145230'
Event: 77.304 Thread 0x0000024aac104500 Unloading class 0x0000024aaf145000 'jdk/internal/jrtfs/ExplodedImage'
Event: 77.304 Thread 0x0000024aac104500 Unloading class 0x0000024aaf144dc8 'jdk/internal/jrtfs/SystemImage$1'
Event: 77.304 Thread 0x0000024aac104500 Unloading class 0x0000024aaf144bb0 'jdk/internal/jrtfs/SystemImage'
Event: 77.304 Thread 0x0000024aac104500 Unloading class 0x0000024aaf144950 'jdk/internal/jrtfs/JrtFileStore'
Event: 77.305 Thread 0x0000024aac104500 Unloading class 0x0000024aaf1445d8 'jdk/internal/jrtfs/JrtPath'
Event: 77.305 Thread 0x0000024aac104500 Unloading class 0x0000024aaf1442e0 'jdk/internal/jrtfs/JrtFileSystem'
Event: 77.305 Thread 0x0000024aac104500 Unloading class 0x0000024aaf144000 'jdk/internal/jrtfs/JrtFileSystemProvider'

Classes redefined (0 events):
No events

Internal exceptions (20 events):
Event: 72.724 Thread 0x0000024acffa5060 Exception <a 'sun/nio/fs/WindowsException'{0x000000009f5318a0}> (0x000000009f5318a0) 
thrown [s\src\hotspot\share\prims\jni.cpp, line 516]
Event: 72.729 Thread 0x0000024acffa5060 Exception <a 'sun/nio/fs/WindowsException'{0x000000009f554f78}> (0x000000009f554f78) 
thrown [s\src\hotspot\share\prims\jni.cpp, line 516]
Event: 72.732 Thread 0x0000024acffa5060 Exception <a 'sun/nio/fs/WindowsException'{0x000000009f55f430}> (0x000000009f55f430) 
thrown [s\src\hotspot\share\prims\jni.cpp, line 516]
Event: 72.856 Thread 0x0000024acffa5060 Exception <a 'sun/nio/fs/WindowsException'{0x000000009eedf3f0}> (0x000000009eedf3f0) 
thrown [s\src\hotspot\share\prims\jni.cpp, line 516]
Event: 72.859 Thread 0x0000024acffa5060 Exception <a 'sun/nio/fs/WindowsException'{0x000000009eef2c70}> (0x000000009eef2c70) 
thrown [s\src\hotspot\share\prims\jni.cpp, line 516]
Event: 72.868 Thread 0x0000024acffa5060 Exception <a 'sun/nio/fs/WindowsException'{0x000000009ed51ca8}> (0x000000009ed51ca8) 
thrown [s\src\hotspot\share\prims\jni.cpp, line 516]
Event: 72.868 Thread 0x0000024acffa5060 Exception <a 'sun/nio/fs/WindowsException'{0x000000009ed52b60}> (0x000000009ed52b60) 
thrown [s\src\hotspot\share\prims\jni.cpp, line 516]
Event: 72.868 Thread 0x0000024acffa5060 Exception <a 'sun/nio/fs/WindowsException'{0x000000009ed52ce0}> (0x000000009ed52ce0) 
thrown [s\src\hotspot\share\prims\jni.cpp, line 516]
Event: 72.869 Thread 0x0000024acffa5060 Exception <a 'sun/nio/fs/WindowsException'{0x000000009ed57d68}> (0x000000009ed57d68) 
thrown [s\src\hotspot\share\prims\jni.cpp, line 516]
Event: 72.869 Thread 0x0000024acffa5060 Exception <a 'sun/nio/fs/WindowsException'{0x000000009ed57f18}> (0x000000009ed57f18) 
thrown [s\src\hotspot\share\prims\jni.cpp, line 516]
Event: 72.889 Thread 0x0000024acffa5060 Exception <a 'sun/nio/fs/WindowsException'{0x000000009edc4768}> (0x000000009edc4768) 
thrown [s\src\hotspot\share\prims\jni.cpp, line 516]
Event: 72.889 Thread 0x0000024acffa5060 Exception <a 'sun/nio/fs/WindowsException'{0x000000009edc5638}> (0x000000009edc5638) 
thrown [s\src\hotspot\share\prims\jni.cpp, line 516]
Event: 72.890 Thread 0x0000024acffa5060 Exception <a 'sun/nio/fs/WindowsException'{0x000000009edc57d0}> (0x000000009edc57d0) 
thrown [s\src\hotspot\share\prims\jni.cpp, line 516]
Event: 73.221 Thread 0x0000024acffa5060 Exception <a 'java/lang/ClassNotFoundException'{0x000000009e4a4cb8}: groovy/util/FileTreeBuilderBeanInfo> (0x000000009e4a4cb8) 
thrown [s\src\hotspot\share\classfile\systemDictionary.cpp, line 256]
Event: 73.223 Thread 0x0000024acffa5060 Exception <a 'java/lang/ClassNotFoundException'{0x000000009e304f68}: groovy/util/FileTreeBuilderCustomizer> (0x000000009e304f68) 
thrown [s\src\hotspot\share\classfile\systemDictionary.cpp, line 256]
Event: 73.246 Thread 0x0000024acffa5060 Exception <a 'java/lang/ClassNotFoundException'{0x000000009e33be90}: java/io/BufferedWriterBeanInfo> (0x000000009e33be90) 
thrown [s\src\hotspot\share\classfile\systemDictionary.cpp, line 256]
Event: 73.247 Thread 0x0000024acffa5060 Exception <a 'java/lang/ClassNotFoundException'{0x000000009e3412e8}: java/io/WriterBeanInfo> (0x000000009e3412e8) 
thrown [s\src\hotspot\share\classfile\systemDictionary.cpp, line 256]
Event: 73.248 Thread 0x0000024acffa5060 Exception <a 'java/lang/ClassNotFoundException'{0x000000009e346760}: java/io/WriterCustomizer> (0x000000009e346760) 
thrown [s\src\hotspot\share\classfile\systemDictionary.cpp, line 256]
Event: 73.249 Thread 0x0000024acffa5060 Exception <a 'java/lang/ClassNotFoundException'{0x000000009e354a58}: java/io/BufferedWriterCustomizer> (0x000000009e354a58) 
thrown [s\src\hotspot\share\classfile\systemDictionary.cpp, line 256]
Event: 73.400 Thread 0x0000024ad1231c40 Exception <a 'sun/nio/fs/WindowsException'{0x00000000a205c270}> (0x00000000a205c270) 
thrown [s\src\hotspot\share\prims\jni.cpp, line 516]

VM Operations (20 events):
Event: 75.294 Executing VM operation: G1TryInitiateConcMark done
Event: 75.381 Executing VM operation: G1TryInitiateConcMark
Event: 75.386 Executing VM operation: G1TryInitiateConcMark done
Event: 75.530 Executing VM operation: G1TryInitiateConcMark
Event: 75.535 Executing VM operation: G1TryInitiateConcMark done
Event: 75.794 Executing VM operation: G1TryInitiateConcMark
Event: 75.798 Executing VM operation: G1TryInitiateConcMark done
Event: 75.935 Executing VM operation: G1TryInitiateConcMark
Event: 75.944 Executing VM operation: G1TryInitiateConcMark done
Event: 75.962 Executing VM operation: G1TryInitiateConcMark
Event: 75.966 Executing VM operation: G1TryInitiateConcMark done
Event: 76.051 Executing VM operation: G1TryInitiateConcMark
Event: 76.056 Executing VM operation: G1TryInitiateConcMark done
Event: 76.162 Executing VM operation: G1TryInitiateConcMark
Event: 76.165 Executing VM operation: G1TryInitiateConcMark done
Event: 76.325 Executing VM operation: G1TryInitiateConcMark
Event: 76.329 Executing VM operation: G1TryInitiateConcMark done
Event: 76.428 Executing VM operation: G1TryInitiateConcMark
Event: 76.432 Executing VM operation: G1TryInitiateConcMark done
Event: 77.230 Executing VM operation: G1PauseRemark

Memory protections (0 events):
No events

Nmethod flushes (20 events):
Event: 72.713 Thread 0x0000024aac132af0 flushing  nmethod 0x0000024a97cdea10
Event: 72.714 Thread 0x0000024aac132af0 flushing  nmethod 0x0000024a97dc2010
Event: 72.714 Thread 0x0000024aac132af0 flushing  nmethod 0x0000024a97dc3f10
Event: 72.714 Thread 0x0000024aac132af0 flushing  nmethod 0x0000024a97e23d90
Event: 72.715 Thread 0x0000024aac132af0 flushing  nmethod 0x0000024a97edf510
Event: 72.716 Thread 0x0000024aac132af0 flushing  nmethod 0x0000024a9804e990
Event: 72.717 Thread 0x0000024aac132af0 flushing  nmethod 0x0000024a980a2f90
Event: 72.717 Thread 0x0000024aac132af0 flushing  nmethod 0x0000024a9812fb10
Event: 72.717 Thread 0x0000024aac132af0 flushing  nmethod 0x0000024a9812fe90
Event: 72.717 Thread 0x0000024aac132af0 flushing  nmethod 0x0000024a98138f90
Event: 72.717 Thread 0x0000024aac132af0 flushing  nmethod 0x0000024a98139b90
Event: 72.717 Thread 0x0000024aac132af0 flushing  nmethod 0x0000024a98140f90
Event: 72.717 Thread 0x0000024aac132af0 flushing  nmethod 0x0000024a98142190
Event: 72.717 Thread 0x0000024aac132af0 flushing  nmethod 0x0000024a98145f10
Event: 72.717 Thread 0x0000024aac132af0 flushing  nmethod 0x0000024a9814be10
Event: 72.717 Thread 0x0000024aac132af0 flushing  nmethod 0x0000024a9814f010
Event: 72.717 Thread 0x0000024aac132af0 flushing  nmethod 0x0000024a98159890
Event: 72.717 Thread 0x0000024aac132af0 flushing  nmethod 0x0000024a9815e210
Event: 72.718 Thread 0x0000024aac132af0 flushing  nmethod 0x0000024a9817b590
Event: 72.718 Thread 0x0000024aac132af0 flushing  nmethod 0x0000024a9818dc90

Events (20 events):
Event: 60.264 Thread 0x0000024ad8a1cb80 Thread added: 0x0000024ad9e12f40
Event: 60.298 Thread 0x0000024ad9902d80 Thread added: 0x0000024ae1f9baa0
Event: 60.624 Thread 0x0000024ad6e613e0 Thread added: 0x0000024ad98bb4a0
Event: 60.624 Thread 0x0000024ad6e613e0 Thread added: 0x0000024ad799bbc0
Event: 60.634 Thread 0x0000024ad98ba570 Thread added: 0x0000024ae1f9b590
Event: 60.634 Thread 0x0000024ad98ba570 Thread added: 0x0000024ae1f9bfb0
Event: 60.644 Thread 0x0000024ad6e5dc30 Thread added: 0x0000024ad6eca890
Event: 60.644 Thread 0x0000024ad6e5dc30 Thread added: 0x0000024ad6ec8f40
Event: 60.655 Thread 0x0000024ad6e5d720 Thread added: 0x0000024ae00590c0
Event: 60.655 Thread 0x0000024ad6e5d720 Thread added: 0x0000024ae00595d0
Event: 64.508 Thread 0x0000024ad6e62310 Thread exited: 0x0000024ad6e62310
Event: 66.444 Thread 0x0000024acffabab0 Thread added: 0x0000024ad9f1e4a0
Event: 68.768 Thread 0x0000024ad8a1b740 Thread exited: 0x0000024ad8a1b740
Event: 70.242 Thread 0x0000024acf420a60 Thread exited: 0x0000024acf420a60
Event: 70.321 Thread 0x0000024aac9e0140 Thread added: 0x0000024ad8987060
Event: 70.480 Thread 0x0000024ad8987060 Thread exited: 0x0000024ad8987060
Event: 70.581 Thread 0x0000024aac9e0140 Thread added: 0x0000024ad8987060
Event: 71.291 Thread 0x0000024acffa9740 Thread added: 0x0000024ad9e14380
Event: 74.087 Thread 0x0000024ad9f1e4a0 Thread exited: 0x0000024ad9f1e4a0
Event: 75.724 Thread 0x0000024ad8987060 Thread exited: 0x0000024ad8987060


Dynamic libraries:
0x00007ff6923a0000 - 0x00007ff6923ae000 	C:\Program Files\Eclipse Adoptium\jdk-17.0.18.8-hotspot\bin\java.exe
0x00007ff991020000 - 0x00007ff991287000 	C:\WINDOWS\SYSTEM32\ntdll.dll
0x00007ff990740000 - 0x00007ff99080a000 	C:\WINDOWS\System32\KERNEL32.DLL
0x00007ff98e4a0000 - 0x00007ff98e8a2000 	C:\WINDOWS\System32\KERNELBASE.dll
0x00007ff98e8b0000 - 0x00007ff98e9fc000 	C:\WINDOWS\System32\ucrtbase.dll
0x00007ff928640000 - 0x00007ff92865e000 	C:\Program Files\Eclipse Adoptium\jdk-17.0.18.8-hotspot\bin\VCRUNTIME140.dll
0x00007ff928660000 - 0x00007ff928678000 	C:\Program Files\Eclipse Adoptium\jdk-17.0.18.8-hotspot\bin\jli.dll
0x00007ff990a70000 - 0x00007ff990c3f000 	C:\WINDOWS\System32\USER32.dll
0x00007ff969720000 - 0x00007ff9699b0000 	C:\WINDOWS\WinSxS\amd64_microsoft.windows.common-controls_6595b64144ccf1df_6.0.26100.9278_none_3e0d1ba8e3303201\COMCTL32.dll
0x00007ff98ed20000 - 0x00007ff98ed47000 	C:\WINDOWS\System32\win32u.dll
0x00007ff98fb60000 - 0x00007ff98fc09000 	C:\WINDOWS\System32\msvcrt.dll
0x00007ff9904b0000 - 0x00007ff9904db000 	C:\WINDOWS\System32\GDI32.dll
0x00007ff98e230000 - 0x00007ff98e359000 	C:\WINDOWS\System32\gdi32full.dll
0x00007ff98e360000 - 0x00007ff98e403000 	C:\WINDOWS\System32\msvcp_win.dll
0x00007ff98f850000 - 0x00007ff98f881000 	C:\WINDOWS\System32\IMM32.DLL
0x00007ff96c9e0000 - 0x00007ff96c9ec000 	C:\Program Files\Eclipse Adoptium\jdk-17.0.18.8-hotspot\bin\vcruntime140_1.dll
0x00007ff9285b0000 - 0x00007ff92863d000 	C:\Program Files\Eclipse Adoptium\jdk-17.0.18.8-hotspot\bin\msvcp140.dll
0x00007ff8d7870000 - 0x00007ff8d84db000 	C:\Program Files\Eclipse Adoptium\jdk-17.0.18.8-hotspot\bin\server\jvm.dll
0x00007ff9908d0000 - 0x00007ff99098c000 	C:\WINDOWS\System32\ADVAPI32.dll
0x00007ff98f5b0000 - 0x00007ff98f659000 	C:\WINDOWS\System32\sechost.dll
0x00007ff98f2a0000 - 0x00007ff98f3b8000 	C:\WINDOWS\System32\RPCRT4.dll
0x00007ff9906b0000 - 0x00007ff990730000 	C:\WINDOWS\System32\WS2_32.dll
0x00007ff98a690000 - 0x00007ff98a6c6000 	C:\WINDOWS\SYSTEM32\WINMM.dll
0x00007ff98e090000 - 0x00007ff98e0ee000 	C:\WINDOWS\SYSTEM32\POWRPROF.dll
0x00007ff97f380000 - 0x00007ff97f38b000 	C:\WINDOWS\SYSTEM32\VERSION.dll
0x00007ff98e070000 - 0x00007ff98e085000 	C:\WINDOWS\SYSTEM32\UMPDC.dll
0x00007ff98cf00000 - 0x00007ff98cf1b000 	C:\WINDOWS\SYSTEM32\kernel.appcore.dll
0x00007ff96c860000 - 0x00007ff96c86a000 	C:\Program Files\Eclipse Adoptium\jdk-17.0.18.8-hotspot\bin\jimage.dll
0x00007ff98b690000 - 0x00007ff98b8d2000 	C:\WINDOWS\SYSTEM32\DBGHELP.DLL
0x00007ff990c50000 - 0x00007ff990fd4000 	C:\WINDOWS\System32\combase.dll
0x00007ff98fa70000 - 0x00007ff98fb49000 	C:\WINDOWS\System32\OLEAUT32.dll
0x00007ff95f530000 - 0x00007ff95f56b000 	C:\WINDOWS\SYSTEM32\dbgcore.DLL
0x00007ff98ea10000 - 0x00007ff98eabc000 	C:\WINDOWS\System32\bcryptPrimitives.dll
0x00007ff95f750000 - 0x00007ff95f75e000 	C:\Program Files\Eclipse Adoptium\jdk-17.0.18.8-hotspot\bin\instrument.dll
0x00007ff928580000 - 0x00007ff9285a5000 	C:\Program Files\Eclipse Adoptium\jdk-17.0.18.8-hotspot\bin\java.dll
0x00007ff912330000 - 0x00007ff912407000 	C:\Program Files\Eclipse Adoptium\jdk-17.0.18.8-hotspot\bin\jsvml.dll
0x00007ff98fd10000 - 0x00007ff9904a8000 	C:\WINDOWS\System32\SHELL32.dll
0x00007ff98bc70000 - 0x00007ff98c51e000 	C:\WINDOWS\SYSTEM32\windows.storage.dll
0x00007ff98f750000 - 0x00007ff98f84b000 	C:\WINDOWS\System32\SHCORE.dll
0x00007ff98f230000 - 0x00007ff98f296000 	C:\WINDOWS\System32\shlwapi.dll
0x00007ff98e150000 - 0x00007ff98e179000 	C:\WINDOWS\SYSTEM32\profapi.dll
0x00007ff928540000 - 0x00007ff928558000 	C:\Program Files\Eclipse Adoptium\jdk-17.0.18.8-hotspot\bin\zip.dll
0x00007ff923270000 - 0x00007ff92328a000 	C:\Program Files\Eclipse Adoptium\jdk-17.0.18.8-hotspot\bin\net.dll
0x00007ff985020000 - 0x00007ff98514a000 	C:\WINDOWS\SYSTEM32\WINHTTP.dll
0x00007ff98d4c0000 - 0x00007ff98d52c000 	C:\WINDOWS\system32\mswsock.dll
0x00007ff928560000 - 0x00007ff928576000 	C:\Program Files\Eclipse Adoptium\jdk-17.0.18.8-hotspot\bin\nio.dll
0x00007ff96ae90000 - 0x00007ff96aea0000 	C:\Program Files\Eclipse Adoptium\jdk-17.0.18.8-hotspot\bin\verify.dll
0x00007ff9217d0000 - 0x00007ff9217f7000 	C:\Users\HP\.gradle\native\68d5fa5c4cc2d200863cafc0d521ce42e7d3e7ee720ec0a83991735586a16f82\windows-amd64\native-platform.dll
0x00007ff913190000 - 0x00007ff9132d4000 	C:\Users\HP\.gradle\native\e376f236ea51e6404a007f0833ffe2c6e607c4080706a723a18a27aeea778392\windows-amd64\native-platform-file-events.dll
0x00007ff96ad60000 - 0x00007ff96ad6a000 	C:\Program Files\Eclipse Adoptium\jdk-17.0.18.8-hotspot\bin\management.dll
0x00007ff9658a0000 - 0x00007ff9658ac000 	C:\Program Files\Eclipse Adoptium\jdk-17.0.18.8-hotspot\bin\management_ext.dll
0x00007ff9904e0000 - 0x00007ff9904e8000 	C:\WINDOWS\System32\PSAPI.DLL
0x00007ff98d7b0000 - 0x00007ff98d7cb000 	C:\WINDOWS\SYSTEM32\CRYPTSP.dll
0x00007ff98ce60000 - 0x00007ff98ce99000 	C:\WINDOWS\system32\rsaenh.dll
0x00007ff98d570000 - 0x00007ff98d5a4000 	C:\WINDOWS\SYSTEM32\USERENV.dll
0x00007ff98e120000 - 0x00007ff98e14a000 	C:\WINDOWS\SYSTEM32\bcrypt.dll
0x00007ff98d7d0000 - 0x00007ff98d7dc000 	C:\WINDOWS\SYSTEM32\CRYPTBASE.dll
0x00007ff98c900000 - 0x00007ff98c933000 	C:\WINDOWS\SYSTEM32\IPHLPAPI.DLL
0x00007ff98f3c0000 - 0x00007ff98f3ca000 	C:\WINDOWS\System32\NSI.dll
0x00007ff9874c0000 - 0x00007ff9874dd000 	C:\WINDOWS\SYSTEM32\dhcpcsvc6.DLL
0x00007ff9872d0000 - 0x00007ff9872f5000 	C:\WINDOWS\SYSTEM32\dhcpcsvc.DLL
0x00007ff98c9a0000 - 0x00007ff98caf8000 	C:\WINDOWS\SYSTEM32\DNSAPI.dll
0x00007ff98d2a0000 - 0x00007ff98d2ad000 	C:\WINDOWS\SYSTEM32\DSPARSE.dll
0x00007ff95f8b0000 - 0x00007ff95f8b9000 	C:\Program Files\Eclipse Adoptium\jdk-17.0.18.8-hotspot\bin\extnet.dll
0x00007ff95b040000 - 0x00007ff95b04e000 	C:\Program Files\Eclipse Adoptium\jdk-17.0.18.8-hotspot\bin\sunmscapi.dll
0x00007ff98eb90000 - 0x00007ff98ed0e000 	C:\WINDOWS\System32\CRYPT32.dll
0x00007ff98d9f0000 - 0x00007ff98da20000 	C:\WINDOWS\SYSTEM32\ncrypt.dll
0x00007ff98d9a0000 - 0x00007ff98d9df000 	C:\WINDOWS\SYSTEM32\NTASN1.dll
0x00007ff9654f0000 - 0x00007ff9654f8000 	C:\WINDOWS\system32\wshunix.dll
0x00007ff8c8990000 - 0x00007ff8c89a8000 	C:\WINDOWS\system32\napinsp.dll
0x00007ff8c8970000 - 0x00007ff8c8983000 	C:\WINDOWS\System32\winrnr.dll
0x00007ff8efae0000 - 0x00007ff8efb07000 	C:\WINDOWS\system32\nlansp_c.dll
0x00007ff953770000 - 0x00007ff953786000 	C:\WINDOWS\system32\wshbth.dll
0x00007ff984d20000 - 0x00007ff984d2b000 	C:\Windows\System32\rasadhlp.dll
0x00007ff987640000 - 0x00007ff9876c6000 	C:\WINDOWS\System32\fwpuclnt.dll
0x00007ff98a5e0000 - 0x00007ff98a67f000 	C:\WINDOWS\system32\apphelp.dll
0x00007ff98d030000 - 0x00007ff98d066000 	C:\WINDOWS\SYSTEM32\ntmarta.dll
0x00007ff97ee60000 - 0x00007ff97ee7e000 	C:\Users\HP\AppData\Local\Temp\native-platform17311083742825377637dir\native-platform.dll
0x00007ff985900000 - 0x00007ff985907000 	C:\Program Files\Eclipse Adoptium\jdk-17.0.18.8-hotspot\bin\rmi.dll

dbghelp: loaded successfully - version: 4.0.5 - missing functions: none
symbol engine: initialized successfully - sym options: 0x614 - pdb path: .;C:\Program Files\Eclipse Adoptium\jdk-17.0.18.8-hotspot\bin;C:\WINDOWS\SYSTEM32;C:\WINDOWS\WinSxS\amd64_microsoft.windows.common-controls_6595b64144ccf1df_6.0.26100.9278_none_3e0d1ba8e3303201;C:\Program Files\Eclipse Adoptium\jdk-17.0.18.8-hotspot\bin\server;C:\Users\HP\.gradle\native\68d5fa5c4cc2d200863cafc0d521ce42e7d3e7ee720ec0a83991735586a16f82\windows-amd64;C:\Users\HP\.gradle\native\e376f236ea51e6404a007f0833ffe2c6e607c4080706a723a18a27aeea778392\windows-amd64;C:\Users\HP\AppData\Local\Temp\native-platform17311083742825377637dir

VM Arguments:
jvm_args: -XX:MaxMetaspaceSize=512m --add-opens=java.base/java.util=ALL-UNNAMED --add-opens=java.base/java.lang=ALL-UNNAMED --add-opens=java.base/java.lang.invoke=ALL-UNNAMED --add-opens=java.prefs/java.util.prefs=ALL-UNNAMED --add-opens=java.base/java.nio.charset=ALL-UNNAMED --add-opens=java.base/java.net=ALL-UNNAMED --add-opens=java.base/java.util.concurrent.atomic=ALL-UNNAMED -Xmx2048m -Dfile.encoding=windows-1252 -Duser.country=ID -Duser.language=en -Duser.variant -javaagent:C:\Users\HP\.gradle\wrapper\dists\gradle-8.3-all\6en3ugtfdg5xnpx44z4qbwgas\gradle-8.3\lib\agents\gradle-instrumentation-agent-8.3.jar 
java_command: org.gradle.launcher.daemon.bootstrap.GradleDaemon 8.3
java_class_path (initial): C:\Users\HP\.gradle\wrapper\dists\gradle-8.3-all\6en3ugtfdg5xnpx44z4qbwgas\gradle-8.3\lib\gradle-launcher-8.3.jar
Launcher Type: SUN_STANDARD

[Global flags]
     intx CICompilerCount                          = 4                                         {product} {ergonomic}
   size_t CompressedClassSpaceSize                 = 436207616                                 {product} {ergonomic}
     uint ConcGCThreads                            = 3                                         {product} {ergonomic}
     uint G1ConcRefinementThreads                  = 10                                        {product} {ergonomic}
   size_t G1HeapRegionSize                         = 1048576                                   {product} {ergonomic}
    uintx GCDrainStackTargetSize                   = 64                                        {product} {ergonomic}
   size_t InitialHeapSize                          = 130023424                                 {product} {ergonomic}
   size_t MarkStackSize                            = 4194304                                   {product} {ergonomic}
   size_t MaxHeapSize                              = 2147483648                                {product} {command line}
   size_t MaxMetaspaceSize                         = 536870912                                 {product} {command line}
   size_t MaxNewSize                               = 1287651328                                {product} {ergonomic}
   size_t MinHeapDeltaBytes                        = 1048576                                   {product} {ergonomic}
   size_t MinHeapSize                              = 8388608                                   {product} {ergonomic}
    uintx NonNMethodCodeHeapSize                   = 5839372                                {pd product} {ergonomic}
    uintx NonProfiledCodeHeapSize                  = 122909434                              {pd product} {ergonomic}
    uintx ProfiledCodeHeapSize                     = 122909434                              {pd product} {ergonomic}
    uintx ReservedCodeCacheSize                    = 251658240                              {pd product} {ergonomic}
     bool SegmentedCodeCache                       = true                                      {product} {ergonomic}
   size_t SoftMaxHeapSize                          = 2147483648                             {manageable} {ergonomic}
     bool UseCompressedClassPointers               = true                           {product lp64_product} {ergonomic}
     bool UseCompressedOops                        = true                           {product lp64_product} {ergonomic}
     bool UseG1GC                                  = true                                      {product} {ergonomic}
     bool UseLargePagesIndividualAllocation        = false                                  {pd product} {ergonomic}

Logging:
Log output configuration:
 #0: stdout all=warning uptime,level,tags
 #1: stderr all=off uptime,level,tags

Environment Variables:
JAVA_HOME=C:\Program Files\Eclipse Adoptium\jdk-17.0.18.8-hotspot\
CLASSPATH=D:\my project\packing_frontend\android\\gradle\wrapper\gradle-wrapper.jar
PATH=C:\Program Files\PowerShell\7;c:\Users\HP\AppData\Roaming\Code\User\globalStorage\github.copilot-chat\debugCommand;c:\Users\HP\AppData\Roaming\Code\User\globalStorage\github.copilot-chat\copilotCli;D:\Borland\Delphi7\Bin;D:\Borland\Delphi7\Projects\Bpl\;C:\Program Files\Eclipse Adoptium\jdk-17.0.18.8-hotspot\bin;C:\windows\system32;C:\windows;C:\windows\System32\Wbem;C:\windows\System32\WindowsPowerShell\v1.0\;C:\windows\System32\OpenSSH\;C:\Program Files\dotnet\;C:\Program Files\nodejs\;C:\Program Files\Git\cmd;C:\WINDOWS\system32;C:\WINDOWS;C:\WINDOWS\System32\Wbem;C:\WINDOWS\System32\WindowsPowerShell\v1.0\;C:\WINDOWS\System32\OpenSSH\;C:\Program Files\WireGuard\;C:\Program Files\PowerShell\7\;C:\Users\HP\AppData\Local\Microsoft\WindowsApps;C:\Users\HP\.dotnet\tools;C:\Users\HP\AppData\Roaming\npm;C:\Users\HP\AppData\Local\Programs\Microsoft VS Code\bin;C:\Users\HP\AppData\Local\Android\Sdk\platform-tools;C:\Users\HP\AppData\Local\Android\Sdk\emulator;C:\Program Files (x86)\Developer Express Inc\Library\Delphi7;C:\development\flutter;;C:\Users\HP\AppData\Local\Programs\Ollama
USERNAME=HP
LANG=en_US.UTF-8
OS=Windows_NT
PROCESSOR_IDENTIFIER=Intel64 Family 6 Model 186 Stepping 3, GenuineIntel
TMP=C:\Users\HP\AppData\Local\Temp
TEMP=C:\Users\HP\AppData\Local\Temp



Periodic native trim disabled


---------------  S Y S T E M  ---------------

OS:
 Windows 11 , 64 bit Build 26100 (10.0.26100.9278)
OS uptime: 1 days 23:10 hours
Hyper-V role detected

CPU: total 12 (initial active 12) (6 cores per cpu, 2 threads per core) family 6 model 186 stepping 3 microcode 0x6134, cx8, cmov, fxsr, ht, mmx, 3dnowpref, sse, sse2, sse3, ssse3, sse4.1, sse4.2, popcnt, lzcnt, tsc, tscinvbit, avx, avx2, aes, erms, clmul, bmi1, bmi2, adx, sha, fma, vzeroupper, clflush, clflushopt, clwb, hv
Processor Information for all 12 processors :
  Max Mhz: 1400, Current Mhz: 1400, Mhz Limit: 1400

Memory: 4k page, system-wide physical 7903M (44M free)
TotalPageFile size 24287M (AvailPageFile size 146M)
current process WorkingSet (physical memory assigned to process): 901M, peak: 907M
current process commit charge ("private bytes"): 1331M, peak: 1803M

vm_info: OpenJDK 64-Bit Server VM (17.0.18+8) for windows-amd64 JRE (17.0.18+8), built on Jan 20 2026 22:28:22 by "admin" with MS VC++ 17.12 (VS2022)

END.
