#
# There is insufficient memory for the Java Runtime Environment to continue.
# Native memory allocation (malloc) failed to allocate 1167456 bytes. Error detail: Chunk::new
# Possible reasons:
#   The system is out of physical RAM or swap space
#   This process is running with CompressedOops enabled, and the Java Heap may be blocking the growth of the native heap
# Possible solutions:
#   Reduce memory load on the system
#   Increase physical memory or swap space
#   Check if swap backing store is full
#   Decrease Java heap size (-Xmx/-Xms)
#   Decrease number of Java threads
#   Decrease Java thread stack sizes (-Xss)
#   Set larger code cache with -XX:ReservedCodeCacheSize=
#   JVM is running with Unscaled Compressed Oops mode in which the Java heap is
#     placed in the first 4GB address space. The Java Heap base address is the
#     maximum limit for the native heap growth. Please use -XX:HeapBaseMinAddress
#     to set the Java Heap base and to place the Java Heap above 4GB virtual address.
# This output file may be truncated or incomplete.
#
#  Out of Memory Error (arena.cpp:191), pid=23604, tid=25700
#
# JRE version: OpenJDK Runtime Environment Temurin-17.0.18+8 (17.0.18+8) (build 17.0.18+8)
# Java VM: OpenJDK 64-Bit Server VM Temurin-17.0.18+8 (17.0.18+8, mixed mode, sharing, tiered, compressed oops, compressed class ptrs, g1 gc, windows-amd64)
# No core dump will be written. Minidumps are not enabled by default on client versions of Windows
#

---------------  S U M M A R Y ------------

Command Line: -XX:MaxMetaspaceSize=512m --add-opens=java.base/java.util=ALL-UNNAMED --add-opens=java.base/java.lang=ALL-UNNAMED --add-opens=java.base/java.lang.invoke=ALL-UNNAMED --add-opens=java.prefs/java.util.prefs=ALL-UNNAMED --add-opens=java.base/java.nio.charset=ALL-UNNAMED --add-opens=java.base/java.net=ALL-UNNAMED --add-opens=java.base/java.util.concurrent.atomic=ALL-UNNAMED -Xmx2048m -Dfile.encoding=windows-1252 -Duser.country=ID -Duser.language=en -Duser.variant -javaagent:C:\Users\HP\.gradle\wrapper\dists\gradle-8.3-all\6en3ugtfdg5xnpx44z4qbwgas\gradle-8.3\lib\agents\gradle-instrumentation-agent-8.3.jar org.gradle.launcher.daemon.bootstrap.GradleDaemon 8.3

Host: Intel(R) Core(TM) 5 120U, 12 cores, 7G,  Windows 11 , 64 bit Build 26100 (10.0.26100.8328)
Time: Fri May 22 17:13:14 2026 SE Asia Standard Time elapsed time: 266.146396 seconds (0d 0h 4m 26s)

---------------  T H R E A D  ---------------

Current thread (0x000001fa76709fa0):  JavaThread "C2 CompilerThread0" daemon [_thread_in_native, id=25700, stack(0x0000003b68000000,0x0000003b68100000)]


Current CompileTask:
C2:266146 34408       4       java.beans.MethodRef::set (58 bytes)

Stack: [0x0000003b68000000,0x0000003b68100000]
Native frames: (J=compiled Java code, j=interpreted, Vv=VM code, C=native code)
V  [jvm.dll+0x6846f9]
V  [jvm.dll+0x839ea5]
V  [jvm.dll+0x83b91e]
V  [jvm.dll+0x83bfa3]
V  [jvm.dll+0x248eff]
V  [jvm.dll+0xad496]
V  [jvm.dll+0xadb3c]
V  [jvm.dll+0x2b05df]
V  [jvm.dll+0x58acf5]
V  [jvm.dll+0x222e84]
V  [jvm.dll+0x22327d]
V  [jvm.dll+0x21bfdb]
V  [jvm.dll+0x2190fe]
V  [jvm.dll+0x1a4920]
V  [jvm.dll+0x22989a]
V  [jvm.dll+0x227a4b]
V  [jvm.dll+0x7f0658]
V  [jvm.dll+0x7eaaec]
V  [jvm.dll+0x6835c7]
C  [ucrtbase.dll+0x37b0]
C  [KERNEL32.DLL+0x2e957]
C  [ntdll.dll+0x427c]


---------------  P R O C E S S  ---------------

Threads class SMR info:
_java_thread_list=0x000001fa2589d390, length=245, elements={
0x000001fa5864b640, 0x000001fa766e5700, 0x000001fa766e62c0, 0x000001fa766fdea0,
0x000001fa76700780, 0x000001fa76701140, 0x000001fa76703b10, 0x000001fa76709fa0,
0x000001fa76717d20, 0x000001fa767195b0, 0x000001fa76719ac0, 0x000001fa76718b90,
0x000001fa7671be30, 0x000001fa76719fd0, 0x000001fa7671a9f0, 0x000001fa767190a0,
0x000001fa7671b410, 0x000001fa7cc3fb80, 0x000001fa7cc43840, 0x000001fa7cc414d0,
0x000001fa7cc40090, 0x000001fa7cc419e0, 0x000001fa7cc44260, 0x000001fa7cc42910,
0x000001fa7cc44770, 0x000001fa7cc44c80, 0x000001fa7cc45190, 0x000001fa7cc456a0,
0x000001fa7cc45bb0, 0x000001fa7cc460c0, 0x000001fa7cc465d0, 0x000001fa7e6e65d0,
0x000001fa7e6e6ff0, 0x000001fa7e6e6ae0, 0x000001fa7e6e4c80, 0x000001fa7e6e5190,
0x000001fa7e6e7500, 0x000001fa7e6eb6d0, 0x000001fa7e6eb1c0, 0x000001fa7e6e8940,
0x000001fa7e6e8e50, 0x000001fa1b2603b0, 0x000001fa1b25f480, 0x000001fa1b25e040,
0x000001fa1b260dd0, 0x000001fa1b261d00, 0x000001fa1b262210, 0x000001fa1d66a280,
0x000001fa1d6665c0, 0x000001fa1d668e40, 0x000001fa1d6674f0, 0x000001fa1d667f10,
0x000001fa1d666ad0, 0x000001fa1d667a00, 0x000001fa1d668420, 0x000001fa1d668930,
0x000001fa1d669350, 0x000001fa1d669860, 0x000001fa1d6660b0, 0x000001fa1d66c5f0,
0x000001fa1d66a790, 0x000001fa1d669d70, 0x000001fa1d66cb00, 0x000001fa1d66d520,
0x000001fa1d66aca0, 0x000001fa1d66da30, 0x000001fa1d66b6c0, 0x000001fa1bf989f0,
0x000001fa1bf98f00, 0x000001fa1bf96b90, 0x000001fa1bf97ac0, 0x000001fa1bf99410,
0x000001fa1bf99920, 0x000001fa1bf97fd0, 0x000001fa1bf99e30, 0x000001fa1bf96680,
0x000001fa1bf9a340, 0x000001fa1bf9a850, 0x000001fa1bf975b0, 0x000001fa1bf970a0,
0x000001fa1bf9daf0, 0x000001fa1bf9ad60, 0x000001fa1bf9c6b0, 0x000001fa1bf9e000,
0x000001fa1bf9bc90, 0x000001fa1bf9cbc0, 0x000001fa1bf9d0d0, 0x000001fa1bf9d5e0,
0x000001fa1bf9b780, 0x000001fa1bf9b270, 0x000001fa1d192a40, 0x000001fa1d192020,
0x000001fa1d192f50, 0x000001fa1d193460, 0x000001fa1d193970, 0x000001fa1d193e80,
0x000001fa1d194390, 0x000001fa1d191600, 0x000001fa1d194db0, 0x000001fa1d197630,
0x000001fa1d196c10, 0x000001fa1d197b40, 0x000001fa1d197120, 0x000001fa1d198050,
0x000001fa1d1961f0, 0x000001fa1d198560, 0x000001fa1d1957d0, 0x000001fa1d196700,
0x000001fa1d198a70, 0x000001fa1d1952c0, 0x000001fa1d195ce0, 0x000001fa1d198f80,
0x000001fa1bebb710, 0x000001fa1beb98b0, 0x000001fa1beb93a0, 0x000001fa1beb8e90,
0x000001fa1bebc640, 0x000001fa1bebcb50, 0x000001fa1bebd060, 0x000001fa1bebc130,
0x000001fa1bebd570, 0x000001fa1bebbc20, 0x000001fa1beb9dc0, 0x000001fa1bebacf0,
0x000001fa1bebda80, 0x000001fa1beba2d0, 0x000001fa1bebdf90, 0x000001fa1beba7e0,
0x000001fa1bebe4a0, 0x000001fa1bebe9b0, 0x000001fa1bebb200, 0x000001fa1bebeec0,
0x000001fa1bebf3d0, 0x000001fa1c5845e0, 0x000001fa1c5840d0, 0x000001fa1c585510,
0x000001fa1c585f30, 0x000001fa1c583bc0, 0x000001fa1c5831a0, 0x000001fa1c586e60,
0x000001fa1c5836b0, 0x000001fa1c587d90, 0x000001fa1c588cc0, 0x000001fa1c587370,
0x000001fa1c5882a0, 0x000001fa1c5887b0, 0x000001fa1c587880, 0x000001fa1c5891d0,
0x000001fa1c585000, 0x000001fa1c58a610, 0x000001fa1c58a100, 0x000001fa1c5896e0,
0x000001fa1c589bf0, 0x000001fa1b25ef70, 0x000001fa1b25fea0, 0x000001fa1b2608c0,
0x000001fa1b25ea60, 0x000001fa1b2612e0, 0x000001fa1b262720, 0x000001fa1b2617f0,
0x000001fa1b262c30, 0x000001fa1b263140, 0x000001fa1b25f990, 0x000001fa1b264fa0,
0x000001fa1b264a90, 0x000001fa1b2654b0, 0x000001fa1b263650, 0x000001fa1b264070,
0x000001fa1b263b60, 0x000001fa7e6e3d50, 0x000001fa7e6e56a0, 0x000001fa7e6e7a10,
0x000001fa7e6e4260, 0x000001fa7e6e5bb0, 0x000001fa7e6e60c0, 0x000001fa7e6e4770,
0x000001fa7e6e7f20, 0x000001fa7e6e9360, 0x000001fa7e6e9870, 0x000001fa7e6e9d80,
0x000001fa7e6e8430, 0x000001fa7e6ea290, 0x000001fa7e6ea7a0, 0x000001fa7cc42400,
0x000001fa7cc41ef0, 0x000001fa7cc42e20, 0x000001fa7cc43330, 0x000001fa7cc43d50,
0x000001fa1d66bbd0, 0x000001fa1d66b1b0, 0x000001fa1d66c0e0, 0x000001fa7cc47500,
0x000001fa1c586950, 0x000001fa23fe9880, 0x000001fa23fea7b0, 0x000001fa23fe7000,
0x000001fa23fea2a0, 0x000001fa23feb1d0, 0x000001fa23fe7a20, 0x000001fa23feb6e0,
0x000001fa23fe7f30, 0x000001fa23febbf0, 0x000001fa23fe8440, 0x000001fa23feda50,
0x000001fa23feee90, 0x000001fa23fef3a0, 0x000001fa23fefdc0, 0x000001fa23fec610,
0x000001fa23ff02d0, 0x000001fa23fee980, 0x000001fa23fed540, 0x000001fa23fecb20,
0x000001fa23ff1710, 0x000001fa23fee470, 0x000001fa23ff1c20, 0x000001fa23ff1200,
0x000001fa23ff2640, 0x000001fa23fec100, 0x000001fa23fe9370, 0x000001fa23feacc0,
0x000001fa2d839610, 0x000001fa2d83b980, 0x000001fa2d838bf0, 0x000001fa2d83cdc0,
0x000001fa2d83c3a0, 0x000001fa2d83c8b0, 0x000001fa2d83aa50, 0x000001fa2d839b20,
0x000001fa2d83d7e0, 0x000001fa2d83a030, 0x000001fa2d83f130, 0x000001fa2d840a80,
0x000001fa2d840060, 0x000001fa2d840570, 0x000001fa2d840f90, 0x000001fa2d8414a0,
0x000001fa2d83dcf0, 0x000001fa2d8419b0, 0x000001fa2d83e200, 0x000001fa2d841ec0,
0x000001fa2d83e710, 0x000001fa2d842df0, 0x000001fa2d83fb50, 0x000001fa2d843d20,
0x000001fa26748ac0
}

Java Threads: ( => current thread )
  0x000001fa5864b640 JavaThread "main" [_thread_blocked, id=27948, stack(0x0000003b67300000,0x0000003b67400000)]
  0x000001fa766e5700 JavaThread "Reference Handler" daemon [_thread_blocked, id=5192, stack(0x0000003b67a00000,0x0000003b67b00000)]
  0x000001fa766e62c0 JavaThread "Finalizer" daemon [_thread_blocked, id=13088, stack(0x0000003b67b00000,0x0000003b67c00000)]
  0x000001fa766fdea0 JavaThread "Signal Dispatcher" daemon [_thread_blocked, id=28416, stack(0x0000003b67c00000,0x0000003b67d00000)]
  0x000001fa76700780 JavaThread "Attach Listener" daemon [_thread_blocked, id=4508, stack(0x0000003b67d00000,0x0000003b67e00000)]
  0x000001fa76701140 JavaThread "Service Thread" daemon [_thread_blocked, id=4180, stack(0x0000003b67e00000,0x0000003b67f00000)]
  0x000001fa76703b10 JavaThread "Monitor Deflation Thread" daemon [_thread_blocked, id=28944, stack(0x0000003b67f00000,0x0000003b68000000)]
=>0x000001fa76709fa0 JavaThread "C2 CompilerThread0" daemon [_thread_in_native, id=25700, stack(0x0000003b68000000,0x0000003b68100000)]
  0x000001fa76717d20 JavaThread "C1 CompilerThread0" daemon [_thread_blocked, id=15084, stack(0x0000003b68100000,0x0000003b68200000)]
  0x000001fa767195b0 JavaThread "Sweeper thread" daemon [_thread_blocked, id=28296, stack(0x0000003b68200000,0x0000003b68300000)]
  0x000001fa76719ac0 JavaThread "Common-Cleaner" daemon [_thread_blocked, id=23104, stack(0x0000003b68300000,0x0000003b68400000)]
  0x000001fa76718b90 JavaThread "Notification Thread" daemon [_thread_blocked, id=1936, stack(0x0000003b68400000,0x0000003b68500000)]
  0x000001fa7671be30 JavaThread "Daemon health stats" [_thread_blocked, id=27980, stack(0x0000003b68a00000,0x0000003b68b00000)]
  0x000001fa76719fd0 JavaThread "Incoming local TCP Connector on port 54830" [_thread_in_native, id=30068, stack(0x0000003b68b00000,0x0000003b68c00000)]
  0x000001fa7671a9f0 JavaThread "Daemon periodic checks" [_thread_blocked, id=24204, stack(0x0000003b68c00000,0x0000003b68d00000)]
  0x000001fa767190a0 JavaThread "Daemon" [_thread_blocked, id=31664, stack(0x0000003b68d00000,0x0000003b68e00000)]
  0x000001fa7671b410 JavaThread "Daemon worker" [_thread_blocked, id=31484, stack(0x0000003b69000000,0x0000003b69100000)]
  0x000001fa7cc3fb80 JavaThread "Cache worker for journal cache (C:\Users\HP\.gradle\caches\journal-1)" [_thread_blocked, id=4928, stack(0x0000003b69400000,0x0000003b69500000)]
  0x000001fa7cc43840 JavaThread "File lock request listener" [_thread_in_native, id=19604, stack(0x0000003b69500000,0x0000003b69600000)]
  0x000001fa7cc414d0 JavaThread "Cache worker for file hash cache (C:\Users\HP\.gradle\caches\8.3\fileHashes)" [_thread_blocked, id=23088, stack(0x0000003b69600000,0x0000003b69700000)]
  0x000001fa7cc40090 JavaThread "File watcher server" daemon [_thread_in_native, id=14800, stack(0x0000003b69c00000,0x0000003b69d00000)]
  0x000001fa7cc419e0 JavaThread "File watcher consumer" daemon [_thread_blocked, id=30972, stack(0x0000003b69d00000,0x0000003b69e00000)]
  0x000001fa7cc44260 JavaThread "Cache worker for file content cache (C:\Users\HP\.gradle\caches\8.3\fileContent)" [_thread_blocked, id=2212, stack(0x0000003b6a100000,0x0000003b6a200000)]
  0x000001fa7cc42910 JavaThread "Cache worker for execution history cache (C:\Users\HP\.gradle\caches\8.3\executionHistory)" [_thread_blocked, id=31308, stack(0x0000003b6a500000,0x0000003b6a600000)]
  0x000001fa7cc44770 JavaThread "jar transforms" [_thread_blocked, id=21488, stack(0x0000003b6a600000,0x0000003b6a700000)]
  0x000001fa7cc44c80 JavaThread "jar transforms Thread 2" [_thread_blocked, id=17576, stack(0x0000003b6a700000,0x0000003b6a800000)]
  0x000001fa7cc45190 JavaThread "jar transforms Thread 3" [_thread_blocked, id=26824, stack(0x0000003b6a800000,0x0000003b6a900000)]
  0x000001fa7cc456a0 JavaThread "jar transforms Thread 4" [_thread_blocked, id=28724, stack(0x0000003b6a900000,0x0000003b6aa00000)]
  0x000001fa7cc45bb0 JavaThread "Cache worker for kotlin-dsl (C:\Users\HP\.gradle\caches\8.3\kotlin-dsl)" [_thread_blocked, id=14356, stack(0x0000003b6ac00000,0x0000003b6ad00000)]
  0x000001fa7cc460c0 JavaThread "jar transforms Thread 5" [_thread_blocked, id=18904, stack(0x0000003b6ad00000,0x0000003b6ae00000)]
  0x000001fa7cc465d0 JavaThread "jar transforms Thread 6" [_thread_blocked, id=22360, stack(0x0000003b6ae00000,0x0000003b6af00000)]
  0x000001fa7e6e65d0 JavaThread "jar transforms Thread 7" [_thread_blocked, id=30844, stack(0x0000003b6b100000,0x0000003b6b200000)]
  0x000001fa7e6e6ff0 JavaThread "jar transforms Thread 8" [_thread_blocked, id=23804, stack(0x0000003b6b200000,0x0000003b6b300000)]
  0x000001fa7e6e6ae0 JavaThread "jar transforms Thread 9" [_thread_blocked, id=9744, stack(0x0000003b6b300000,0x0000003b6b400000)]
  0x000001fa7e6e4c80 JavaThread "jar transforms Thread 10" [_thread_blocked, id=30516, stack(0x0000003b6b400000,0x0000003b6b500000)]
  0x000001fa7e6e5190 JavaThread "jar transforms Thread 11" [_thread_blocked, id=28864, stack(0x0000003b6b500000,0x0000003b6b600000)]
  0x000001fa7e6e7500 JavaThread "jar transforms Thread 12" [_thread_blocked, id=2260, stack(0x0000003b6b600000,0x0000003b6b700000)]
  0x000001fa7e6eb6d0 JavaThread "Memory manager" [_thread_blocked, id=31728, stack(0x0000003b67000000,0x0000003b67100000)]
  0x000001fa7e6eb1c0 JavaThread "ForkJoinPool.commonPool-worker-1" daemon [_thread_blocked, id=7244, stack(0x0000003b6c600000,0x0000003b6c700000)]
  0x000001fa7e6e8940 JavaThread "ForkJoinPool.commonPool-worker-2" daemon [_thread_blocked, id=29716, stack(0x0000003b6c700000,0x0000003b6c800000)]
  0x000001fa7e6e8e50 JavaThread "ForkJoinPool.commonPool-worker-3" daemon [_thread_blocked, id=24808, stack(0x0000003b6c800000,0x0000003b6c900000)]
  0x000001fa1b2603b0 JavaThread "ForkJoinPool.commonPool-worker-4" daemon [_thread_blocked, id=4112, stack(0x0000003b6c900000,0x0000003b6ca00000)]
  0x000001fa1b25f480 JavaThread "ForkJoinPool.commonPool-worker-6" daemon [_thread_blocked, id=25172, stack(0x0000003b6cb00000,0x0000003b6cc00000)]
  0x000001fa1b25e040 JavaThread "ForkJoinPool.commonPool-worker-7" daemon [_thread_blocked, id=26260, stack(0x0000003b6cc00000,0x0000003b6cd00000)]
  0x000001fa1b260dd0 JavaThread "ForkJoinPool.commonPool-worker-8" daemon [_thread_blocked, id=15440, stack(0x0000003b6cd00000,0x0000003b6ce00000)]
  0x000001fa1b261d00 JavaThread "ForkJoinPool.commonPool-worker-9" daemon [_thread_blocked, id=6264, stack(0x0000003b6ce00000,0x0000003b6cf00000)]
  0x000001fa1b262210 JavaThread "ForkJoinPool.commonPool-worker-11" daemon [_thread_blocked, id=28704, stack(0x0000003b6d000000,0x0000003b6d100000)]
  0x000001fa1d66a280 JavaThread "pool-3-thread-1" [_thread_blocked, id=31604, stack(0x0000003b6d100000,0x0000003b6d200000)]
  0x000001fa1d6665c0 JavaThread "Handler for socket connection from /127.0.0.1:54830 to /127.0.0.1:63305" [_thread_in_native, id=28088, stack(0x0000003b67100000,0x0000003b67200000)]
  0x000001fa1d668e40 JavaThread "Cancel handler" [_thread_blocked, id=29468, stack(0x0000003b67200000,0x0000003b67300000)]
  0x000001fa1d6674f0 JavaThread "Asynchronous log dispatcher for DefaultDaemonConnection: socket connection from /127.0.0.1:54830 to /127.0.0.1:63305" [_thread_blocked, id=25548, stack(0x0000003b68e00000,0x0000003b68f00000)]
  0x000001fa1d667f10 JavaThread "Stdin handler" [_thread_blocked, id=20712, stack(0x0000003b68f00000,0x0000003b69000000)]
  0x000001fa1d666ad0 JavaThread "Daemon client event forwarder" [_thread_blocked, id=9288, stack(0x0000003b69100000,0x0000003b69200000)]
  0x000001fa1d667a00 JavaThread "Cache worker for checksums cache (D:\my project\packing_frontend\android\.gradle\8.3\checksums)" [_thread_blocked, id=25784, stack(0x0000003b69300000,0x0000003b69400000)]
  0x000001fa1d668420 JavaThread "Cache worker for file hash cache (D:\my project\packing_frontend\android\.gradle\8.3\fileHashes)" [_thread_blocked, id=16996, stack(0x0000003b69e00000,0x0000003b69f00000)]
  0x000001fa1d668930 JavaThread "Cache worker for cache directory md-supplier (C:\Users\HP\.gradle\caches\8.3\md-supplier)" [_thread_blocked, id=18752, stack(0x0000003b69f00000,0x0000003b6a000000)]
  0x000001fa1d669350 JavaThread "Cache worker for cache directory md-rule (C:\Users\HP\.gradle\caches\8.3\md-rule)" [_thread_blocked, id=26596, stack(0x0000003b6a000000,0x0000003b6a100000)]
  0x000001fa1d669860 JavaThread "Unconstrained build operations" [_thread_blocked, id=16440, stack(0x0000003b69200000,0x0000003b69300000)]
  0x000001fa1d6660b0 JavaThread "Unconstrained build operations Thread 2" [_thread_blocked, id=18308, stack(0x0000003b6a400000,0x0000003b6a500000)]
  0x000001fa1d66c5f0 JavaThread "Cache worker for dependencies-accessors (D:\my project\packing_frontend\android\.gradle\8.3\dependencies-accessors)" [_thread_blocked, id=28752, stack(0x0000003b6af00000,0x0000003b6b000000)]
  0x000001fa1d66a790 JavaThread "Cache worker for Build Output Cleanup Cache (D:\my project\packing_frontend\node_modules\@react-native\gradle-plugin\.gradle\buildOutputCleanup)" [_thread_blocked, id=28228, stack(0x0000003b6b000000,0x0000003b6b100000)]
  0x000001fa1d669d70 JavaThread "Unconstrained build operations Thread 3" [_thread_blocked, id=208, stack(0x0000003b6b700000,0x0000003b6b800000)]
  0x000001fa1d66cb00 JavaThread "Unconstrained build operations Thread 4" [_thread_blocked, id=20700, stack(0x0000003b6b800000,0x0000003b6b900000)]
  0x000001fa1d66d520 JavaThread "Unconstrained build operations Thread 5" [_thread_blocked, id=24136, stack(0x0000003b6b900000,0x0000003b6ba00000)]
  0x000001fa1d66aca0 JavaThread "Unconstrained build operations Thread 6" [_thread_blocked, id=2512, stack(0x0000003b6ba00000,0x0000003b6bb00000)]
  0x000001fa1d66da30 JavaThread "Unconstrained build operations Thread 7" [_thread_blocked, id=23172, stack(0x0000003b6bb00000,0x0000003b6bc00000)]
  0x000001fa1d66b6c0 JavaThread "Unconstrained build operations Thread 8" [_thread_blocked, id=1260, stack(0x0000003b6bc00000,0x0000003b6bd00000)]
  0x000001fa1bf989f0 JavaThread "Unconstrained build operations Thread 9" [_thread_blocked, id=30912, stack(0x0000003b6bd00000,0x0000003b6be00000)]
  0x000001fa1bf98f00 JavaThread "Unconstrained build operations Thread 10" [_thread_blocked, id=22244, stack(0x0000003b6be00000,0x0000003b6bf00000)]
  0x000001fa1bf96b90 JavaThread "Unconstrained build operations Thread 11" [_thread_blocked, id=19768, stack(0x0000003b6bf00000,0x0000003b6c000000)]
  0x000001fa1bf97ac0 JavaThread "Unconstrained build operations Thread 12" [_thread_blocked, id=31712, stack(0x0000003b6c000000,0x0000003b6c100000)]
  0x000001fa1bf99410 JavaThread "Unconstrained build operations Thread 13" [_thread_blocked, id=25056, stack(0x0000003b6c100000,0x0000003b6c200000)]
  0x000001fa1bf99920 JavaThread "Cache worker for Build Output Cleanup Cache (D:\my project\packing_frontend\android\.gradle\buildOutputCleanup)" [_thread_blocked, id=30584, stack(0x0000003b6c200000,0x0000003b6c300000)]
  0x000001fa1bf97fd0 JavaThread "included builds" [_thread_blocked, id=29784, stack(0x0000003b6c300000,0x0000003b6c400000)]
  0x000001fa1bf99e30 JavaThread "Execution worker" [_thread_blocked, id=30404, stack(0x0000003b6c400000,0x0000003b6c500000)]
  0x000001fa1bf96680 JavaThread "Execution worker Thread 2" [_thread_blocked, id=25908, stack(0x0000003b6c500000,0x0000003b6c600000)]
  0x000001fa1bf9a340 JavaThread "Execution worker Thread 3" [_thread_blocked, id=13260, stack(0x0000003b6ca00000,0x0000003b6cb00000)]
  0x000001fa1bf9a850 JavaThread "Execution worker Thread 4" [_thread_blocked, id=3524, stack(0x0000003b6d200000,0x0000003b6d300000)]
  0x000001fa1bf975b0 JavaThread "Execution worker Thread 5" [_thread_blocked, id=25024, stack(0x0000003b6d300000,0x0000003b6d400000)]
  0x000001fa1bf970a0 JavaThread "Execution worker Thread 6" [_thread_blocked, id=21476, stack(0x0000003b6d400000,0x0000003b6d500000)]
  0x000001fa1bf9daf0 JavaThread "Execution worker Thread 7" [_thread_in_Java, id=30580, stack(0x0000003b6d500000,0x0000003b6d600000)]
  0x000001fa1bf9ad60 JavaThread "Execution worker Thread 8" [_thread_blocked, id=31556, stack(0x0000003b6d600000,0x0000003b6d700000)]
  0x000001fa1bf9c6b0 JavaThread "Execution worker Thread 9" [_thread_blocked, id=30368, stack(0x0000003b6d700000,0x0000003b6d800000)]
  0x000001fa1bf9e000 JavaThread "Execution worker Thread 10" [_thread_blocked, id=24292, stack(0x0000003b6d800000,0x0000003b6d900000)]
  0x000001fa1bf9bc90 JavaThread "Execution worker Thread 11" [_thread_blocked, id=15720, stack(0x0000003b6d900000,0x0000003b6da00000)]
  0x000001fa1bf9cbc0 JavaThread "Cache worker for execution history cache (D:\my project\packing_frontend\node_modules\@react-native\gradle-plugin\.gradle\8.3\executionHistory)" [_thread_blocked, id=30976, stack(0x0000003b6da00000,0x0000003b6db00000)]
  0x000001fa1bf9d0d0 JavaThread "Unconstrained build operations Thread 14" [_thread_blocked, id=31016, stack(0x0000003b6db00000,0x0000003b6dc00000)]
  0x000001fa1bf9d5e0 JavaThread "Unconstrained build operations Thread 15" [_thread_blocked, id=31572, stack(0x0000003b6dc00000,0x0000003b6dd00000)]
  0x000001fa1bf9b780 JavaThread "Unconstrained build operations Thread 16" [_thread_blocked, id=22636, stack(0x0000003b6dd00000,0x0000003b6de00000)]
  0x000001fa1bf9b270 JavaThread "Unconstrained build operations Thread 17" [_thread_blocked, id=28940, stack(0x0000003b6de00000,0x0000003b6df00000)]
  0x000001fa1d192a40 JavaThread "Unconstrained build operations Thread 18" [_thread_blocked, id=4684, stack(0x0000003b6df00000,0x0000003b6e000000)]
  0x000001fa1d192020 JavaThread "Unconstrained build operations Thread 19" [_thread_blocked, id=28260, stack(0x0000003b6e000000,0x0000003b6e100000)]
  0x000001fa1d192f50 JavaThread "Unconstrained build operations Thread 20" [_thread_blocked, id=17868, stack(0x0000003b6e100000,0x0000003b6e200000)]
  0x000001fa1d193460 JavaThread "Unconstrained build operations Thread 21" [_thread_blocked, id=29444, stack(0x0000003b6e200000,0x0000003b6e300000)]
  0x000001fa1d193970 JavaThread "Unconstrained build operations Thread 22" [_thread_blocked, id=24708, stack(0x0000003b6e300000,0x0000003b6e400000)]
  0x000001fa1d193e80 JavaThread "Unconstrained build operations Thread 23" [_thread_blocked, id=4812, stack(0x0000003b6e400000,0x0000003b6e500000)]
  0x000001fa1d194390 JavaThread "Unconstrained build operations Thread 24" [_thread_blocked, id=27304, stack(0x0000003b6e500000,0x0000003b6e600000)]
  0x000001fa1d191600 JavaThread "Unconstrained build operations Thread 25" [_thread_blocked, id=25412, stack(0x0000003b6e600000,0x0000003b6e700000)]
  0x000001fa1d194db0 JavaThread "Unconstrained build operations Thread 26" [_thread_blocked, id=31676, stack(0x0000003b6e700000,0x0000003b6e800000)]
  0x000001fa1d197630 JavaThread "Unconstrained build operations Thread 27" [_thread_blocked, id=11704, stack(0x0000003b6e800000,0x0000003b6e900000)]
  0x000001fa1d196c10 JavaThread "Unconstrained build operations Thread 28" [_thread_blocked, id=18992, stack(0x0000003b6e900000,0x0000003b6ea00000)]
  0x000001fa1d197b40 JavaThread "Unconstrained build operations Thread 29" [_thread_blocked, id=14740, stack(0x0000003b6ea00000,0x0000003b6eb00000)]
  0x000001fa1d197120 JavaThread "Unconstrained build operations Thread 30" [_thread_blocked, id=14168, stack(0x0000003b6eb00000,0x0000003b6ec00000)]
  0x000001fa1d198050 JavaThread "Unconstrained build operations Thread 31" [_thread_blocked, id=30656, stack(0x0000003b6ec00000,0x0000003b6ed00000)]
  0x000001fa1d1961f0 JavaThread "Unconstrained build operations Thread 32" [_thread_blocked, id=31464, stack(0x0000003b6ed00000,0x0000003b6ee00000)]
  0x000001fa1d198560 JavaThread "Unconstrained build operations Thread 33" [_thread_blocked, id=10560, stack(0x0000003b6ee00000,0x0000003b6ef00000)]
  0x000001fa1d1957d0 JavaThread "Unconstrained build operations Thread 34" [_thread_blocked, id=25868, stack(0x0000003b6ef00000,0x0000003b6f000000)]
  0x000001fa1d196700 JavaThread "Unconstrained build operations Thread 35" [_thread_blocked, id=22416, stack(0x0000003b6f000000,0x0000003b6f100000)]
  0x000001fa1d198a70 JavaThread "Unconstrained build operations Thread 36" [_thread_blocked, id=13020, stack(0x0000003b6f100000,0x0000003b6f200000)]
  0x000001fa1d1952c0 JavaThread "Unconstrained build operations Thread 37" [_thread_blocked, id=25632, stack(0x0000003b6f200000,0x0000003b6f300000)]
  0x000001fa1d195ce0 JavaThread "Unconstrained build operations Thread 38" [_thread_blocked, id=19928, stack(0x0000003b6f300000,0x0000003b6f400000)]
  0x000001fa1d198f80 JavaThread "Unconstrained build operations Thread 39" [_thread_blocked, id=7180, stack(0x0000003b6f400000,0x0000003b6f500000)]
  0x000001fa1bebb710 JavaThread "Unconstrained build operations Thread 40" [_thread_blocked, id=24896, stack(0x0000003b6f500000,0x0000003b6f600000)]
  0x000001fa1beb98b0 JavaThread "Unconstrained build operations Thread 41" [_thread_blocked, id=21084, stack(0x0000003b6f600000,0x0000003b6f700000)]
  0x000001fa1beb93a0 JavaThread "Unconstrained build operations Thread 42" [_thread_blocked, id=30552, stack(0x0000003b6f700000,0x0000003b6f800000)]
  0x000001fa1beb8e90 JavaThread "Unconstrained build operations Thread 43" [_thread_blocked, id=30000, stack(0x0000003b6f800000,0x0000003b6f900000)]
  0x000001fa1bebc640 JavaThread "Unconstrained build operations Thread 44" [_thread_blocked, id=6536, stack(0x0000003b6f900000,0x0000003b6fa00000)]
  0x000001fa1bebcb50 JavaThread "Unconstrained build operations Thread 45" [_thread_blocked, id=13936, stack(0x0000003b6fa00000,0x0000003b6fb00000)]
  0x000001fa1bebd060 JavaThread "Unconstrained build operations Thread 46" [_thread_blocked, id=17228, stack(0x0000003b6fb00000,0x0000003b6fc00000)]
  0x000001fa1bebc130 JavaThread "Unconstrained build operations Thread 47" [_thread_blocked, id=14148, stack(0x0000003b6fc00000,0x0000003b6fd00000)]
  0x000001fa1bebd570 JavaThread "Unconstrained build operations Thread 48" [_thread_blocked, id=26148, stack(0x0000003b6fd00000,0x0000003b6fe00000)]
  0x000001fa1bebbc20 JavaThread "Unconstrained build operations Thread 49" [_thread_blocked, id=7800, stack(0x0000003b6fe00000,0x0000003b6ff00000)]
  0x000001fa1beb9dc0 JavaThread "Unconstrained build operations Thread 50" [_thread_blocked, id=25764, stack(0x0000003b6aa00000,0x0000003b6ab00000)]
  0x000001fa1bebacf0 JavaThread "Unconstrained build operations Thread 51" [_thread_blocked, id=30348, stack(0x0000003b6ff00000,0x0000003b70000000)]
  0x000001fa1bebda80 JavaThread "Unconstrained build operations Thread 52" [_thread_blocked, id=27512, stack(0x0000003b70000000,0x0000003b70100000)]
  0x000001fa1beba2d0 JavaThread "Unconstrained build operations Thread 53" [_thread_blocked, id=28656, stack(0x0000003b70100000,0x0000003b70200000)]
  0x000001fa1bebdf90 JavaThread "Unconstrained build operations Thread 54" [_thread_blocked, id=9456, stack(0x0000003b70200000,0x0000003b70300000)]
  0x000001fa1beba7e0 JavaThread "Unconstrained build operations Thread 55" [_thread_blocked, id=29692, stack(0x0000003b70300000,0x0000003b70400000)]
  0x000001fa1bebe4a0 JavaThread "Unconstrained build operations Thread 56" [_thread_blocked, id=25480, stack(0x0000003b70400000,0x0000003b70500000)]
  0x000001fa1bebe9b0 JavaThread "Unconstrained build operations Thread 57" [_thread_blocked, id=328, stack(0x0000003b70500000,0x0000003b70600000)]
  0x000001fa1bebb200 JavaThread "Unconstrained build operations Thread 58" [_thread_blocked, id=17036, stack(0x0000003b70600000,0x0000003b70700000)]
  0x000001fa1bebeec0 JavaThread "Unconstrained build operations Thread 59" [_thread_blocked, id=24792, stack(0x0000003b70700000,0x0000003b70800000)]
  0x000001fa1bebf3d0 JavaThread "Unconstrained build operations Thread 60" [_thread_blocked, id=5600, stack(0x0000003b70800000,0x0000003b70900000)]
  0x000001fa1c5845e0 JavaThread "Unconstrained build operations Thread 61" [_thread_blocked, id=29200, stack(0x0000003b70a00000,0x0000003b70b00000)]
  0x000001fa1c5840d0 JavaThread "Unconstrained build operations Thread 62" [_thread_blocked, id=10620, stack(0x0000003b70b00000,0x0000003b70c00000)]
  0x000001fa1c585510 JavaThread "Unconstrained build operations Thread 63" [_thread_blocked, id=18628, stack(0x0000003b70c00000,0x0000003b70d00000)]
  0x000001fa1c585f30 JavaThread "Unconstrained build operations Thread 64" [_thread_blocked, id=31172, stack(0x0000003b70d00000,0x0000003b70e00000)]
  0x000001fa1c583bc0 JavaThread "Unconstrained build operations Thread 65" [_thread_blocked, id=19836, stack(0x0000003b70e00000,0x0000003b70f00000)]
  0x000001fa1c5831a0 JavaThread "Unconstrained build operations Thread 66" [_thread_blocked, id=8288, stack(0x0000003b70f00000,0x0000003b71000000)]
  0x000001fa1c586e60 JavaThread "Unconstrained build operations Thread 67" [_thread_blocked, id=18128, stack(0x0000003b71000000,0x0000003b71100000)]
  0x000001fa1c5836b0 JavaThread "Unconstrained build operations Thread 68" [_thread_blocked, id=27768, stack(0x0000003b71100000,0x0000003b71200000)]
  0x000001fa1c587d90 JavaThread "Unconstrained build operations Thread 69" [_thread_blocked, id=13888, stack(0x0000003b71200000,0x0000003b71300000)]
  0x000001fa1c588cc0 JavaThread "Unconstrained build operations Thread 70" [_thread_blocked, id=31276, stack(0x0000003b71300000,0x0000003b71400000)]
  0x000001fa1c587370 JavaThread "Unconstrained build operations Thread 71" [_thread_blocked, id=23584, stack(0x0000003b71400000,0x0000003b71500000)]
  0x000001fa1c5882a0 JavaThread "Unconstrained build operations Thread 72" [_thread_blocked, id=29880, stack(0x0000003b71500000,0x0000003b71600000)]
  0x000001fa1c5887b0 JavaThread "Unconstrained build operations Thread 73" [_thread_blocked, id=7208, stack(0x0000003b71600000,0x0000003b71700000)]
  0x000001fa1c587880 JavaThread "Unconstrained build operations Thread 74" [_thread_blocked, id=20676, stack(0x0000003b71700000,0x0000003b71800000)]
  0x000001fa1c5891d0 JavaThread "Unconstrained build operations Thread 75" [_thread_blocked, id=30932, stack(0x0000003b71800000,0x0000003b71900000)]
  0x000001fa1c585000 JavaThread "Unconstrained build operations Thread 76" [_thread_blocked, id=27756, stack(0x0000003b71900000,0x0000003b71a00000)]
  0x000001fa1c58a610 JavaThread "Unconstrained build operations Thread 77" [_thread_blocked, id=20092, stack(0x0000003b71a00000,0x0000003b71b00000)]
  0x000001fa1c58a100 JavaThread "Unconstrained build operations Thread 78" [_thread_blocked, id=13732, stack(0x0000003b71b00000,0x0000003b71c00000)]
  0x000001fa1c5896e0 JavaThread "Unconstrained build operations Thread 79" [_thread_blocked, id=4296, stack(0x0000003b71c00000,0x0000003b71d00000)]
  0x000001fa1c589bf0 JavaThread "Unconstrained build operations Thread 80" [_thread_blocked, id=31160, stack(0x0000003b71d00000,0x0000003b71e00000)]
  0x000001fa1b25ef70 JavaThread "Unconstrained build operations Thread 81" [_thread_blocked, id=12832, stack(0x0000003b71e00000,0x0000003b71f00000)]
  0x000001fa1b25fea0 JavaThread "Unconstrained build operations Thread 82" [_thread_blocked, id=29288, stack(0x0000003b71f00000,0x0000003b72000000)]
  0x000001fa1b2608c0 JavaThread "Unconstrained build operations Thread 83" [_thread_blocked, id=18916, stack(0x0000003b70900000,0x0000003b70a00000)]
  0x000001fa1b25ea60 JavaThread "Unconstrained build operations Thread 84" [_thread_blocked, id=25152, stack(0x0000003b72000000,0x0000003b72100000)]
  0x000001fa1b2612e0 JavaThread "Unconstrained build operations Thread 85" [_thread_blocked, id=7948, stack(0x0000003b72100000,0x0000003b72200000)]
  0x000001fa1b262720 JavaThread "Unconstrained build operations Thread 86" [_thread_blocked, id=30772, stack(0x0000003b72200000,0x0000003b72300000)]
  0x000001fa1b2617f0 JavaThread "Unconstrained build operations Thread 87" [_thread_blocked, id=24072, stack(0x0000003b72300000,0x0000003b72400000)]
  0x000001fa1b262c30 JavaThread "Unconstrained build operations Thread 88" [_thread_blocked, id=22644, stack(0x0000003b72400000,0x0000003b72500000)]
  0x000001fa1b263140 JavaThread "Unconstrained build operations Thread 89" [_thread_blocked, id=31152, stack(0x0000003b72500000,0x0000003b72600000)]
  0x000001fa1b25f990 JavaThread "Unconstrained build operations Thread 90" [_thread_blocked, id=10392, stack(0x0000003b72600000,0x0000003b72700000)]
  0x000001fa1b264fa0 JavaThread "Unconstrained build operations Thread 91" [_thread_blocked, id=27864, stack(0x0000003b72700000,0x0000003b72800000)]
  0x000001fa1b264a90 JavaThread "Unconstrained build operations Thread 92" [_thread_blocked, id=21668, stack(0x0000003b72800000,0x0000003b72900000)]
  0x000001fa1b2654b0 JavaThread "Unconstrained build operations Thread 93" [_thread_blocked, id=29388, stack(0x0000003b72900000,0x0000003b72a00000)]
  0x000001fa1b263650 JavaThread "Unconstrained build operations Thread 94" [_thread_blocked, id=22196, stack(0x0000003b72a00000,0x0000003b72b00000)]
  0x000001fa1b264070 JavaThread "Unconstrained build operations Thread 95" [_thread_blocked, id=30852, stack(0x0000003b72f00000,0x0000003b73000000)]
  0x000001fa1b263b60 JavaThread "Unconstrained build operations Thread 96" [_thread_blocked, id=16568, stack(0x0000003b73000000,0x0000003b73100000)]
  0x000001fa7e6e3d50 JavaThread "Unconstrained build operations Thread 97" [_thread_blocked, id=31740, stack(0x0000003b73100000,0x0000003b73200000)]
  0x000001fa7e6e56a0 JavaThread "Unconstrained build operations Thread 98" [_thread_blocked, id=12476, stack(0x0000003b73200000,0x0000003b73300000)]
  0x000001fa7e6e7a10 JavaThread "Unconstrained build operations Thread 99" [_thread_blocked, id=11812, stack(0x0000003b73300000,0x0000003b73400000)]
  0x000001fa7e6e4260 JavaThread "Unconstrained build operations Thread 100" [_thread_blocked, id=30748, stack(0x0000003b73400000,0x0000003b73500000)]
  0x000001fa7e6e5bb0 JavaThread "Unconstrained build operations Thread 101" [_thread_blocked, id=26632, stack(0x0000003b73500000,0x0000003b73600000)]
  0x000001fa7e6e60c0 JavaThread "Unconstrained build operations Thread 102" [_thread_blocked, id=4884, stack(0x0000003b73600000,0x0000003b73700000)]
  0x000001fa7e6e4770 JavaThread "Unconstrained build operations Thread 103" [_thread_blocked, id=28620, stack(0x0000003b73700000,0x0000003b73800000)]
  0x000001fa7e6e7f20 JavaThread "Unconstrained build operations Thread 104" [_thread_blocked, id=1764, stack(0x0000003b73800000,0x0000003b73900000)]
  0x000001fa7e6e9360 JavaThread "Unconstrained build operations Thread 105" [_thread_blocked, id=17472, stack(0x0000003b73900000,0x0000003b73a00000)]
  0x000001fa7e6e9870 JavaThread "Unconstrained build operations Thread 106" [_thread_blocked, id=30340, stack(0x0000003b73a00000,0x0000003b73b00000)]
  0x000001fa7e6e9d80 JavaThread "Unconstrained build operations Thread 107" [_thread_blocked, id=26240, stack(0x0000003b73b00000,0x0000003b73c00000)]
  0x000001fa7e6e8430 JavaThread "Unconstrained build operations Thread 108" [_thread_blocked, id=31272, stack(0x0000003b73c00000,0x0000003b73d00000)]
  0x000001fa7e6ea290 JavaThread "Unconstrained build operations Thread 109" [_thread_blocked, id=6128, stack(0x0000003b73d00000,0x0000003b73e00000)]
  0x000001fa7e6ea7a0 JavaThread "Unconstrained build operations Thread 110" [_thread_blocked, id=26696, stack(0x0000003b73e00000,0x0000003b73f00000)]
  0x000001fa7cc42400 JavaThread "Unconstrained build operations Thread 111" [_thread_blocked, id=3328, stack(0x0000003b73f00000,0x0000003b74000000)]
  0x000001fa7cc41ef0 JavaThread "Unconstrained build operations Thread 112" [_thread_blocked, id=23176, stack(0x0000003b74000000,0x0000003b74100000)]
  0x000001fa7cc42e20 JavaThread "Unconstrained build operations Thread 113" [_thread_blocked, id=20396, stack(0x0000003b74100000,0x0000003b74200000)]
  0x000001fa7cc43330 JavaThread "Unconstrained build operations Thread 114" [_thread_blocked, id=11684, stack(0x0000003b74200000,0x0000003b74300000)]
  0x000001fa7cc43d50 JavaThread "Unconstrained build operations Thread 115" [_thread_blocked, id=29344, stack(0x0000003b74300000,0x0000003b74400000)]
  0x000001fa1d66bbd0 JavaThread "pool-6-thread-1" [_thread_blocked, id=17628, stack(0x0000003b74400000,0x0000003b74500000)]
  0x000001fa1d66b1b0 JavaThread "build event listener" [_thread_blocked, id=24916, stack(0x0000003b74500000,0x0000003b74600000)]
  0x000001fa1d66c0e0 JavaThread "Unconstrained build operations Thread 116" [_thread_blocked, id=30076, stack(0x0000003b74600000,0x0000003b74700000)]
  0x000001fa7cc47500 JavaThread "Unconstrained build operations Thread 117" [_thread_blocked, id=21396, stack(0x0000003b74700000,0x0000003b74800000)]
  0x000001fa1c586950 JavaThread "Unconstrained build operations Thread 118" [_thread_blocked, id=16004, stack(0x0000003b74800000,0x0000003b74900000)]
  0x000001fa23fe9880 JavaThread "Unconstrained build operations Thread 119" [_thread_blocked, id=412, stack(0x0000003b74900000,0x0000003b74a00000)]
  0x000001fa23fea7b0 JavaThread "Unconstrained build operations Thread 120" [_thread_blocked, id=27092, stack(0x0000003b74a00000,0x0000003b74b00000)]
  0x000001fa23fe7000 JavaThread "Cache worker for execution history cache (D:\my project\packing_frontend\android\.gradle\8.3\executionHistory)" [_thread_blocked, id=22044, stack(0x0000003b74b00000,0x0000003b74c00000)]
  0x000001fa23fea2a0 JavaThread "WorkerExecutor Queue Thread 3" [_thread_blocked, id=29292, stack(0x0000003b74e00000,0x0000003b74f00000)]
  0x000001fa23feb1d0 JavaThread "WorkerExecutor Queue Thread 5" [_thread_blocked, id=29396, stack(0x0000003b75000000,0x0000003b75100000)]
  0x000001fa23fe7a20 JavaThread "WorkerExecutor Queue Thread 6" [_thread_in_native, id=812, stack(0x0000003b6ab00000,0x0000003b6ac00000)]
  0x000001fa23feb6e0 JavaThread "WorkerExecutor Queue Thread 7" [_thread_in_native, id=3172, stack(0x0000003b75100000,0x0000003b75200000)]
  0x000001fa23fe7f30 JavaThread "WorkerExecutor Queue Thread 8" [_thread_blocked, id=2052, stack(0x0000003b75200000,0x0000003b75300000)]
  0x000001fa23febbf0 JavaThread "WorkerExecutor Queue Thread 9" [_thread_blocked, id=11780, stack(0x0000003b75300000,0x0000003b75400000)]
  0x000001fa23fe8440 JavaThread "WorkerExecutor Queue Thread 10" [_thread_in_native, id=31032, stack(0x0000003b75400000,0x0000003b75500000)]
  0x000001fa23feda50 JavaThread "WorkerExecutor Queue Thread 11" [_thread_blocked, id=31372, stack(0x0000003b75500000,0x0000003b75600000)]
  0x000001fa23feee90 JavaThread "Cache worker for Java compile cache (C:\Users\HP\.gradle\caches\8.3\javaCompile)" [_thread_blocked, id=20028, stack(0x0000003b75800000,0x0000003b75900000)]
  0x000001fa23fef3a0 JavaThread "Build operations" [_thread_blocked, id=30456, stack(0x0000003b74f00000,0x0000003b75000000)]
  0x000001fa23fefdc0 JavaThread "Build operations Thread 2" [_thread_blocked, id=14208, stack(0x0000003b75600000,0x0000003b75700000)]
  0x000001fa23fec610 JavaThread "Build operations Thread 3" [_thread_blocked, id=21752, stack(0x0000003b75900000,0x0000003b75a00000)]
  0x000001fa23ff02d0 JavaThread "Build operations Thread 4" [_thread_blocked, id=25712, stack(0x0000003b75a00000,0x0000003b75b00000)]
  0x000001fa23fee980 JavaThread "Build operations Thread 5" [_thread_blocked, id=660, stack(0x0000003b75b00000,0x0000003b75c00000)]
  0x000001fa23fed540 JavaThread "Build operations Thread 6" [_thread_blocked, id=22656, stack(0x0000003b75c00000,0x0000003b75d00000)]
  0x000001fa23fecb20 JavaThread "Build operations Thread 7" [_thread_blocked, id=11472, stack(0x0000003b75d00000,0x0000003b75e00000)]
  0x000001fa23ff1710 JavaThread "Build operations Thread 8" [_thread_blocked, id=2448, stack(0x0000003b75e00000,0x0000003b75f00000)]
  0x000001fa23fee470 JavaThread "Build operations Thread 9" [_thread_blocked, id=24016, stack(0x0000003b75f00000,0x0000003b76000000)]
  0x000001fa23ff1c20 JavaThread "Build operations Thread 10" [_thread_blocked, id=16080, stack(0x0000003b76000000,0x0000003b76100000)]
  0x000001fa23ff1200 JavaThread "Build operations Thread 11" [_thread_blocked, id=23916, stack(0x0000003b76100000,0x0000003b76200000)]
  0x000001fa23ff2640 JavaThread "WorkerExecutor Queue Thread 15" [_thread_blocked, id=22436, stack(0x0000003b76300000,0x0000003b76400000)]
  0x000001fa23fec100 JavaThread "Build operations Thread 12" [_thread_blocked, id=28424, stack(0x0000003b76400000,0x0000003b76500000)]
  0x000001fa23fe9370 JavaThread "WorkerExecutor Queue Thread 16" [_thread_blocked, id=28832, stack(0x0000003b74d00000,0x0000003b74e00000)]
  0x000001fa23feacc0 JavaThread "WorkerExecutor Queue Thread 17" [_thread_blocked, id=14320, stack(0x0000003b75700000,0x0000003b75800000)]
  0x000001fa2d839610 JavaThread "Exec process Thread 4" [_thread_blocked, id=29116, stack(0x0000003b76200000,0x0000003b76300000)]
  0x000001fa2d83b980 JavaThread "Exec process Thread 5" [_thread_blocked, id=30344, stack(0x0000003b76700000,0x0000003b76800000)]
  0x000001fa2d838bf0 JavaThread "Exec process Thread 6" [_thread_blocked, id=9792, stack(0x0000003b76800000,0x0000003b76900000)]
  0x000001fa2d83cdc0 JavaThread "RMI Scheduler(0)" daemon [_thread_blocked, id=2428, stack(0x0000003b6cf00000,0x0000003b6d000000)]
  0x000001fa2d83c3a0 JavaThread "RMI RenewClean-[127.0.0.1:17400,org.jetbrains.kotlin.daemon.common.LoopbackNetworkInterface$ClientLoopbackSocketFactory@a68f958]" daemon [_thread_blocked, id=21624, stack(0x0000003b76600000,0x0000003b76700000)]
  0x000001fa2d83c8b0 JavaThread "RMI GC Daemon" daemon [_thread_blocked, id=24392, stack(0x0000003b76900000,0x0000003b76a00000)]
  0x000001fa2d83aa50 JavaThread "RMI TCP Accept-0" daemon [_thread_in_native, id=28980, stack(0x0000003b76a00000,0x0000003b76b00000)]
  0x000001fa2d839b20 JavaThread "RMI Reaper" [_thread_blocked, id=19964, stack(0x0000003b76b00000,0x0000003b76c00000)]
  0x000001fa2d83d7e0 JavaThread "RMI TCP Connection(idle)" daemon [_thread_blocked, id=31392, stack(0x0000003b76c00000,0x0000003b76d00000)]
  0x000001fa2d83a030 JavaThread "WorkerExecutor Queue Thread 18" [_thread_blocked, id=4304, stack(0x0000003b76d00000,0x0000003b76e00000)]
  0x000001fa2d83f130 JavaThread "Exec process Thread 7" [_thread_blocked, id=31376, stack(0x0000003b77200000,0x0000003b77300000)]
  0x000001fa2d840a80 JavaThread "RMI RenewClean-[127.0.0.1:17400,org.jetbrains.kotlin.daemon.common.LoopbackNetworkInterface$ClientLoopbackSocketFactory@7649a3dd]" daemon [_thread_blocked, id=19040, stack(0x0000003b77300000,0x0000003b77400000)]
  0x000001fa2d840060 JavaThread "RMI TCP Connection(idle)" daemon [_thread_blocked, id=11876, stack(0x0000003b77400000,0x0000003b77500000)]
  0x000001fa2d840570 JavaThread "Exec process Thread 8" [_thread_blocked, id=17004, stack(0x0000003b77500000,0x0000003b77600000)]
  0x000001fa2d840f90 JavaThread "Exec process Thread 9" [_thread_blocked, id=21704, stack(0x0000003b77600000,0x0000003b77700000)]
  0x000001fa2d8414a0 JavaThread "Exec process Thread 10" [_thread_blocked, id=29572, stack(0x0000003b77700000,0x0000003b77800000)]
  0x000001fa2d83dcf0 JavaThread "Exec process Thread 11" [_thread_blocked, id=29244, stack(0x0000003b77800000,0x0000003b77900000)]
  0x000001fa2d8419b0 JavaThread "Exec process Thread 12" [_thread_blocked, id=7296, stack(0x0000003b77900000,0x0000003b77a00000)]
  0x000001fa2d83e200 JavaThread "Exec process Thread 13" [_thread_blocked, id=21800, stack(0x0000003b77a00000,0x0000003b77b00000)]
  0x000001fa2d841ec0 JavaThread "Exec process Thread 14" [_thread_blocked, id=24444, stack(0x0000003b77b00000,0x0000003b77c00000)]
  0x000001fa2d83e710 JavaThread "Exec process Thread 15" [_thread_blocked, id=19032, stack(0x0000003b77c00000,0x0000003b77d00000)]
  0x000001fa2d842df0 JavaThread "WorkerExecutor Queue Thread 19" [_thread_blocked, id=19332, stack(0x0000003b74c00000,0x0000003b74d00000)]
  0x000001fa2d83fb50 JavaThread "Thread-360" [_thread_in_native, id=20888, stack(0x0000003b77d00000,0x0000003b77e00000)]
  0x000001fa2d843d20 JavaThread "Thread-361" [_thread_in_native, id=12528, stack(0x0000003b77e00000,0x0000003b77f00000)]
  0x000001fa26748ac0 JavaThread "C2 CompilerThread1" daemon [_thread_in_native, id=31412, stack(0x0000003b76e00000,0x0000003b76f00000)]

Other Threads:
  0x000001fa766e0e00 VMThread "VM Thread" [stack: 0x0000003b67900000,0x0000003b67a00000] [id=30364]
  0x000001fa5864c4c0 WatcherThread [stack: 0x0000003b68500000,0x0000003b68600000] [id=20816]
  0x000001fa586abb70 GCTaskThread "GC Thread#0" [stack: 0x0000003b67400000,0x0000003b67500000] [id=6524]
  0x000001fa7bc14910 GCTaskThread "GC Thread#1" [stack: 0x0000003b68600000,0x0000003b68700000] [id=25516]
  0x000001fa7c059b30 GCTaskThread "GC Thread#2" [stack: 0x0000003b68700000,0x0000003b68800000] [id=17352]
  0x000001fa7bc46b80 GCTaskThread "GC Thread#3" [stack: 0x0000003b68800000,0x0000003b68900000] [id=2876]
  0x000001fa7bf86c70 GCTaskThread "GC Thread#4" [stack: 0x0000003b68900000,0x0000003b68a00000] [id=26076]
  0x000001fa7c1e37f0 GCTaskThread "GC Thread#5" [stack: 0x0000003b69700000,0x0000003b69800000] [id=22552]
  0x000001fa7cf32440 GCTaskThread "GC Thread#6" [stack: 0x0000003b69800000,0x0000003b69900000] [id=17208]
  0x000001fa7cf32700 GCTaskThread "GC Thread#7" [stack: 0x0000003b69900000,0x0000003b69a00000] [id=5900]
  0x000001fa7cf329c0 GCTaskThread "GC Thread#8" [stack: 0x0000003b69a00000,0x0000003b69b00000] [id=30660]
  0x000001fa7cf96da0 GCTaskThread "GC Thread#9" [stack: 0x0000003b69b00000,0x0000003b69c00000] [id=25440]
  0x000001fa586bcac0 ConcurrentGCThread "G1 Main Marker" [stack: 0x0000003b67500000,0x0000003b67600000] [id=13696]
  0x000001fa586be1b0 ConcurrentGCThread "G1 Conc#0" [stack: 0x0000003b67600000,0x0000003b67700000] [id=13172]
  0x000001fa7bf11310 ConcurrentGCThread "G1 Conc#1" [stack: 0x0000003b6a200000,0x0000003b6a300000] [id=23692]
  0x000001fa7bf11890 ConcurrentGCThread "G1 Conc#2" [stack: 0x0000003b6a300000,0x0000003b6a400000] [id=31264]
  0x000001fa586f7cc0 ConcurrentGCThread "G1 Refine#0" [stack: 0x0000003b67700000,0x0000003b67800000] [id=26172]
  0x000001fa7f138250 ConcurrentGCThread "G1 Refine#1" [stack: 0x0000003b72b00000,0x0000003b72c00000] [id=26680]
  0x000001fa7f135640 ConcurrentGCThread "G1 Refine#2" [stack: 0x0000003b72c00000,0x0000003b72d00000] [id=24260]
  0x000001fa7f134d70 ConcurrentGCThread "G1 Refine#3" [stack: 0x0000003b72d00000,0x0000003b72e00000] [id=26312]
  0x000001fa7f1370b0 ConcurrentGCThread "G1 Refine#4" [stack: 0x0000003b72e00000,0x0000003b72f00000] [id=30424]
  0x000001fa765965a0 ConcurrentGCThread "G1 Service" [stack: 0x0000003b67800000,0x0000003b67900000] [id=28556]

Threads with active compile tasks:
C2 CompilerThread0  266206 34408       4       java.beans.MethodRef::set (58 bytes)
C2 CompilerThread1  266206 34409       4       java.lang.reflect.Method::getTypeParameters (19 bytes)

VM state: not at safepoint (normal execution)

VM Mutex/Monitor currently owned by a thread: None

Heap address: 0x0000000080000000, size: 2048 MB, Compressed Oops mode: 32-bit

CDS archive(s) mapped at: [0x000001fa00000000-0x000001fa00bb0000-0x000001fa00bb0000), size 12255232, SharedBaseAddress: 0x000001fa00000000, ArchiveRelocationMode: 1.
Compressed class space mapped at: 0x000001fa01000000-0x000001fa1b000000, reserved size: 436207616
Narrow klass base: 0x000001fa00000000, Narrow klass shift: 0, Narrow klass range: 0x100000000

GC Precious Log:
 CPUs: 12 total, 12 available
 Memory: 7903M
 Large Page Support: Disabled
 NUMA Support: Disabled
 Compressed Oops: Enabled (32-bit)
 Heap Region Size: 1M
 Heap Min Capacity: 8M
 Heap Initial Capacity: 124M
 Heap Max Capacity: 2G
 Pre-touch: Disabled
 Parallel Workers: 10
 Concurrent Workers: 3
 Concurrent Refinement Workers: 10
 Periodic GC: Disabled

Heap:
 garbage-first heap   total 634880K, used 494055K [0x0000000080000000, 0x0000000100000000)
  region size 1024K, 131 young (134144K), 10 survivors (10240K)
 Metaspace       used 189802K, committed 192256K, reserved 622592K
  class space    used 24560K, committed 25664K, reserved 425984K

Heap Regions: E=young(eden), S=young(survivor), O=old, HS=humongous(starts), HC=humongous(continues), CS=collection set, F=free, OA=open archive, CA=closed archive, TAMS=top-at-mark-start (previous, next)
|   0|0x0000000080000000, 0x0000000080100000, 0x0000000080100000|100%|HS|  |TAMS 0x0000000080100000, 0x0000000080000000| Complete 
|   1|0x0000000080100000, 0x0000000080200000, 0x0000000080200000|100%|HC|  |TAMS 0x0000000080200000, 0x0000000080100000| Complete 
|   2|0x0000000080200000, 0x0000000080300000, 0x0000000080300000|100%|HC|  |TAMS 0x0000000080300000, 0x0000000080200000| Complete 
|   3|0x0000000080300000, 0x0000000080400000, 0x0000000080400000|100%|HC|  |TAMS 0x0000000080400000, 0x0000000080300000| Complete 
|   4|0x0000000080400000, 0x0000000080500000, 0x0000000080500000|100%| O|  |TAMS 0x0000000080500000, 0x0000000080400000| Untracked 
|   5|0x0000000080500000, 0x0000000080600000, 0x0000000080600000|100%| O|  |TAMS 0x0000000080600000, 0x0000000080500000| Untracked 
|   6|0x0000000080600000, 0x0000000080700000, 0x0000000080700000|100%| O|  |TAMS 0x0000000080700000, 0x0000000080600000| Untracked 
|   7|0x0000000080700000, 0x0000000080800000, 0x0000000080800000|100%| O|  |TAMS 0x0000000080800000, 0x0000000080700000| Untracked 
|   8|0x0000000080800000, 0x0000000080900000, 0x0000000080900000|100%| O|  |TAMS 0x0000000080900000, 0x0000000080800000| Untracked 
|   9|0x0000000080900000, 0x0000000080a00000, 0x0000000080a00000|100%| O|  |TAMS 0x0000000080a00000, 0x0000000080900000| Untracked 
|  10|0x0000000080a00000, 0x0000000080b00000, 0x0000000080b00000|100%| O|  |TAMS 0x0000000080b00000, 0x0000000080a00000| Untracked 
|  11|0x0000000080b00000, 0x0000000080c00000, 0x0000000080c00000|100%| O|  |TAMS 0x0000000080c00000, 0x0000000080b00000| Untracked 
|  12|0x0000000080c00000, 0x0000000080d00000, 0x0000000080d00000|100%| O|  |TAMS 0x0000000080d00000, 0x0000000080c00000| Untracked 
|  13|0x0000000080d00000, 0x0000000080e00000, 0x0000000080e00000|100%| O|  |TAMS 0x0000000080e00000, 0x0000000080d00000| Untracked 
|  14|0x0000000080e00000, 0x0000000080f00000, 0x0000000080f00000|100%| O|  |TAMS 0x0000000080f00000, 0x0000000080e00000| Untracked 
|  15|0x0000000080f00000, 0x0000000081000000, 0x0000000081000000|100%| O|  |TAMS 0x0000000081000000, 0x0000000080f00000| Untracked 
|  16|0x0000000081000000, 0x0000000081100000, 0x0000000081100000|100%| O|  |TAMS 0x0000000081100000, 0x0000000081000000| Untracked 
|  17|0x0000000081100000, 0x0000000081200000, 0x0000000081200000|100%| O|  |TAMS 0x0000000081200000, 0x0000000081100000| Untracked 
|  18|0x0000000081200000, 0x0000000081300000, 0x0000000081300000|100%| O|  |TAMS 0x0000000081300000, 0x0000000081200000| Untracked 
|  19|0x0000000081300000, 0x0000000081400000, 0x0000000081400000|100%| O|  |TAMS 0x0000000081400000, 0x0000000081300000| Untracked 
|  20|0x0000000081400000, 0x0000000081500000, 0x0000000081500000|100%| O|  |TAMS 0x0000000081500000, 0x0000000081400000| Untracked 
|  21|0x0000000081500000, 0x0000000081600000, 0x0000000081600000|100%| O|  |TAMS 0x0000000081600000, 0x0000000081500000| Untracked 
|  22|0x0000000081600000, 0x0000000081700000, 0x0000000081700000|100%| O|  |TAMS 0x0000000081700000, 0x0000000081600000| Untracked 
|  23|0x0000000081700000, 0x0000000081800000, 0x0000000081800000|100%| O|  |TAMS 0x0000000081800000, 0x0000000081700000| Untracked 
|  24|0x0000000081800000, 0x0000000081900000, 0x0000000081900000|100%| O|  |TAMS 0x0000000081900000, 0x0000000081800000| Untracked 
|  25|0x0000000081900000, 0x0000000081a00000, 0x0000000081a00000|100%| O|  |TAMS 0x0000000081a00000, 0x0000000081900000| Untracked 
|  26|0x0000000081a00000, 0x0000000081b00000, 0x0000000081b00000|100%| O|  |TAMS 0x0000000081b00000, 0x0000000081a00000| Untracked 
|  27|0x0000000081b00000, 0x0000000081c00000, 0x0000000081c00000|100%| O|  |TAMS 0x0000000081c00000, 0x0000000081b00000| Untracked 
|  28|0x0000000081c00000, 0x0000000081d00000, 0x0000000081d00000|100%|HS|  |TAMS 0x0000000081d00000, 0x0000000081c00000| Complete 
|  29|0x0000000081d00000, 0x0000000081e00000, 0x0000000081e00000|100%|HC|  |TAMS 0x0000000081e00000, 0x0000000081d00000| Complete 
|  30|0x0000000081e00000, 0x0000000081f00000, 0x0000000081f00000|100%| O|  |TAMS 0x0000000081f00000, 0x0000000081e00000| Untracked 
|  31|0x0000000081f00000, 0x0000000082000000, 0x0000000082000000|100%| O|  |TAMS 0x0000000082000000, 0x0000000081f00000| Untracked 
|  32|0x0000000082000000, 0x0000000082100000, 0x0000000082100000|100%| O|  |TAMS 0x0000000082100000, 0x0000000082000000| Untracked 
|  33|0x0000000082100000, 0x0000000082200000, 0x0000000082200000|100%| O|  |TAMS 0x0000000082200000, 0x0000000082100000| Untracked 
|  34|0x0000000082200000, 0x0000000082300000, 0x0000000082300000|100%| O|  |TAMS 0x0000000082300000, 0x0000000082200000| Untracked 
|  35|0x0000000082300000, 0x0000000082400000, 0x0000000082400000|100%| O|  |TAMS 0x0000000082400000, 0x0000000082300000| Untracked 
|  36|0x0000000082400000, 0x0000000082500000, 0x0000000082500000|100%| O|  |TAMS 0x0000000082500000, 0x0000000082400000| Untracked 
|  37|0x0000000082500000, 0x0000000082600000, 0x0000000082600000|100%| O|  |TAMS 0x0000000082600000, 0x0000000082500000| Untracked 
|  38|0x0000000082600000, 0x0000000082700000, 0x0000000082700000|100%| O|  |TAMS 0x0000000082700000, 0x0000000082600000| Untracked 
|  39|0x0000000082700000, 0x0000000082800000, 0x0000000082800000|100%| O|  |TAMS 0x0000000082800000, 0x0000000082700000| Untracked 
|  40|0x0000000082800000, 0x0000000082900000, 0x0000000082900000|100%|HS|  |TAMS 0x0000000082900000, 0x0000000082800000| Complete 
|  41|0x0000000082900000, 0x0000000082a00000, 0x0000000082a00000|100%|HC|  |TAMS 0x0000000082a00000, 0x0000000082900000| Complete 
|  42|0x0000000082a00000, 0x0000000082b00000, 0x0000000082b00000|100%|HS|  |TAMS 0x0000000082b00000, 0x0000000082a00000| Complete 
|  43|0x0000000082b00000, 0x0000000082c00000, 0x0000000082c00000|100%|HC|  |TAMS 0x0000000082c00000, 0x0000000082b00000| Complete 
|  44|0x0000000082c00000, 0x0000000082d00000, 0x0000000082d00000|100%|HC|  |TAMS 0x0000000082d00000, 0x0000000082c00000| Complete 
|  45|0x0000000082d00000, 0x0000000082e00000, 0x0000000082e00000|100%|HC|  |TAMS 0x0000000082e00000, 0x0000000082d00000| Complete 
|  46|0x0000000082e00000, 0x0000000082f00000, 0x0000000082f00000|100%| O|  |TAMS 0x0000000082f00000, 0x0000000082e00000| Untracked 
|  47|0x0000000082f00000, 0x0000000083000000, 0x0000000083000000|100%| O|  |TAMS 0x0000000083000000, 0x0000000082f00000| Untracked 
|  48|0x0000000083000000, 0x0000000083100000, 0x0000000083100000|100%| O|  |TAMS 0x0000000083100000, 0x0000000083000000| Untracked 
|  49|0x0000000083100000, 0x0000000083200000, 0x0000000083200000|100%| O|  |TAMS 0x0000000083200000, 0x0000000083100000| Untracked 
|  50|0x0000000083200000, 0x0000000083300000, 0x0000000083300000|100%| O|  |TAMS 0x0000000083300000, 0x0000000083200000| Untracked 
|  51|0x0000000083300000, 0x0000000083400000, 0x0000000083400000|100%|HS|  |TAMS 0x0000000083400000, 0x0000000083300000| Complete 
|  52|0x0000000083400000, 0x0000000083500000, 0x0000000083500000|100%|HC|  |TAMS 0x0000000083500000, 0x0000000083400000| Complete 
|  53|0x0000000083500000, 0x0000000083600000, 0x0000000083600000|100%|HC|  |TAMS 0x0000000083600000, 0x0000000083500000| Complete 
|  54|0x0000000083600000, 0x0000000083700000, 0x0000000083700000|100%|HC|  |TAMS 0x0000000083700000, 0x0000000083600000| Complete 
|  55|0x0000000083700000, 0x0000000083800000, 0x0000000083800000|100%| O|  |TAMS 0x0000000083800000, 0x0000000083700000| Untracked 
|  56|0x0000000083800000, 0x0000000083900000, 0x0000000083900000|100%| O|  |TAMS 0x0000000083900000, 0x0000000083800000| Untracked 
|  57|0x0000000083900000, 0x0000000083a00000, 0x0000000083a00000|100%| O|  |TAMS 0x0000000083a00000, 0x0000000083900000| Untracked 
|  58|0x0000000083a00000, 0x0000000083b00000, 0x0000000083b00000|100%| O|  |TAMS 0x0000000083b00000, 0x0000000083a00000| Untracked 
|  59|0x0000000083b00000, 0x0000000083c00000, 0x0000000083c00000|100%| O|  |TAMS 0x0000000083c00000, 0x0000000083b00000| Untracked 
|  60|0x0000000083c00000, 0x0000000083d00000, 0x0000000083d00000|100%| O|  |TAMS 0x0000000083d00000, 0x0000000083c00000| Untracked 
|  61|0x0000000083d00000, 0x0000000083e00000, 0x0000000083e00000|100%| O|  |TAMS 0x0000000083e00000, 0x0000000083d00000| Untracked 
|  62|0x0000000083e00000, 0x0000000083f00000, 0x0000000083f00000|100%| O|  |TAMS 0x0000000083f00000, 0x0000000083e00000| Untracked 
|  63|0x0000000083f00000, 0x0000000084000000, 0x0000000084000000|100%| O|  |TAMS 0x0000000084000000, 0x0000000083f00000| Untracked 
|  64|0x0000000084000000, 0x0000000084100000, 0x0000000084100000|100%| O|  |TAMS 0x0000000084100000, 0x0000000084000000| Untracked 
|  65|0x0000000084100000, 0x0000000084200000, 0x0000000084200000|100%| O|  |TAMS 0x0000000084200000, 0x0000000084100000| Untracked 
|  66|0x0000000084200000, 0x0000000084300000, 0x0000000084300000|100%| O|  |TAMS 0x0000000084300000, 0x0000000084200000| Untracked 
|  67|0x0000000084300000, 0x0000000084400000, 0x0000000084400000|100%| O|  |TAMS 0x0000000084300000, 0x0000000084300000| Untracked 
|  68|0x0000000084400000, 0x0000000084500000, 0x0000000084500000|100%|HS|  |TAMS 0x0000000084500000, 0x0000000084400000| Complete 
|  69|0x0000000084500000, 0x0000000084600000, 0x0000000084600000|100%|HS|  |TAMS 0x0000000084600000, 0x0000000084500000| Complete 
|  70|0x0000000084600000, 0x0000000084700000, 0x0000000084700000|100%|HS|  |TAMS 0x0000000084700000, 0x0000000084600000| Complete 
|  71|0x0000000084700000, 0x0000000084800000, 0x0000000084800000|100%|HS|  |TAMS 0x0000000084800000, 0x0000000084700000| Complete 
|  72|0x0000000084800000, 0x0000000084900000, 0x0000000084900000|100%| O|  |TAMS 0x0000000084900000, 0x0000000084800000| Untracked 
|  73|0x0000000084900000, 0x0000000084a00000, 0x0000000084a00000|100%|HS|  |TAMS 0x0000000084a00000, 0x0000000084900000| Complete 
|  74|0x0000000084a00000, 0x0000000084b00000, 0x0000000084b00000|100%| O|  |TAMS 0x0000000084b00000, 0x0000000084a00000| Untracked 
|  75|0x0000000084b00000, 0x0000000084c00000, 0x0000000084c00000|100%| O|  |TAMS 0x0000000084c00000, 0x0000000084b00000| Untracked 
|  76|0x0000000084c00000, 0x0000000084d00000, 0x0000000084d00000|100%| O|  |TAMS 0x0000000084d00000, 0x0000000084c00000| Untracked 
|  77|0x0000000084d00000, 0x0000000084e00000, 0x0000000084e00000|100%| O|  |TAMS 0x0000000084e00000, 0x0000000084d00000| Untracked 
|  78|0x0000000084e00000, 0x0000000084f00000, 0x0000000084f00000|100%| O|  |TAMS 0x0000000084f00000, 0x0000000084e00000| Untracked 
|  79|0x0000000084f00000, 0x0000000085000000, 0x0000000085000000|100%| O|  |TAMS 0x0000000085000000, 0x0000000084f00000| Untracked 
|  80|0x0000000085000000, 0x0000000085100000, 0x0000000085100000|100%| O|  |TAMS 0x0000000085100000, 0x0000000085000000| Untracked 
|  81|0x0000000085100000, 0x0000000085200000, 0x0000000085200000|100%| O|  |TAMS 0x0000000085200000, 0x0000000085100000| Untracked 
|  82|0x0000000085200000, 0x0000000085300000, 0x0000000085300000|100%| O|  |TAMS 0x0000000085300000, 0x0000000085200000| Untracked 
|  83|0x0000000085300000, 0x0000000085400000, 0x0000000085400000|100%| O|  |TAMS 0x0000000085400000, 0x0000000085300000| Untracked 
|  84|0x0000000085400000, 0x0000000085500000, 0x0000000085500000|100%| O|  |TAMS 0x0000000085500000, 0x0000000085400000| Untracked 
|  85|0x0000000085500000, 0x0000000085600000, 0x0000000085600000|100%| O|  |TAMS 0x0000000085600000, 0x0000000085500000| Untracked 
|  86|0x0000000085600000, 0x0000000085700000, 0x0000000085700000|100%| O|  |TAMS 0x0000000085700000, 0x0000000085600000| Untracked 
|  87|0x0000000085700000, 0x0000000085800000, 0x0000000085800000|100%| O|  |TAMS 0x0000000085800000, 0x0000000085700000| Untracked 
|  88|0x0000000085800000, 0x0000000085900000, 0x0000000085900000|100%| O|  |TAMS 0x0000000085900000, 0x0000000085800000| Untracked 
|  89|0x0000000085900000, 0x0000000085a00000, 0x0000000085a00000|100%| O|  |TAMS 0x0000000085a00000, 0x0000000085900000| Untracked 
|  90|0x0000000085a00000, 0x0000000085b00000, 0x0000000085b00000|100%| O|  |TAMS 0x0000000085b00000, 0x0000000085a00000| Untracked 
|  91|0x0000000085b00000, 0x0000000085c00000, 0x0000000085c00000|100%| O|  |TAMS 0x0000000085c00000, 0x0000000085b00000| Untracked 
|  92|0x0000000085c00000, 0x0000000085d00000, 0x0000000085d00000|100%| O|  |TAMS 0x0000000085d00000, 0x0000000085c00000| Untracked 
|  93|0x0000000085d00000, 0x0000000085e00000, 0x0000000085e00000|100%| O|  |TAMS 0x0000000085e00000, 0x0000000085d00000| Untracked 
|  94|0x0000000085e00000, 0x0000000085f00000, 0x0000000085f00000|100%| O|  |TAMS 0x0000000085f00000, 0x0000000085e00000| Untracked 
|  95|0x0000000085f00000, 0x0000000086000000, 0x0000000086000000|100%| O|  |TAMS 0x0000000086000000, 0x0000000085f00000| Untracked 
|  96|0x0000000086000000, 0x0000000086100000, 0x0000000086100000|100%| O|  |TAMS 0x0000000086100000, 0x0000000086000000| Untracked 
|  97|0x0000000086100000, 0x0000000086200000, 0x0000000086200000|100%| O|  |TAMS 0x0000000086200000, 0x0000000086100000| Untracked 
|  98|0x0000000086200000, 0x0000000086300000, 0x0000000086300000|100%|HS|  |TAMS 0x0000000086300000, 0x0000000086200000| Complete 
|  99|0x0000000086300000, 0x0000000086400000, 0x0000000086400000|100%|HC|  |TAMS 0x0000000086400000, 0x0000000086300000| Complete 
| 100|0x0000000086400000, 0x0000000086500000, 0x0000000086500000|100%|HS|  |TAMS 0x0000000086500000, 0x0000000086400000| Complete 
| 101|0x0000000086500000, 0x0000000086600000, 0x0000000086600000|100%|HC|  |TAMS 0x0000000086600000, 0x0000000086500000| Complete 
| 102|0x0000000086600000, 0x0000000086700000, 0x0000000086700000|100%|HC|  |TAMS 0x0000000086700000, 0x0000000086600000| Complete 
| 103|0x0000000086700000, 0x0000000086800000, 0x0000000086800000|100%|HC|  |TAMS 0x0000000086800000, 0x0000000086700000| Complete 
| 104|0x0000000086800000, 0x0000000086900000, 0x0000000086900000|100%|HS|  |TAMS 0x0000000086900000, 0x0000000086800000| Complete 
| 105|0x0000000086900000, 0x0000000086a00000, 0x0000000086a00000|100%|HC|  |TAMS 0x0000000086a00000, 0x0000000086900000| Complete 
| 106|0x0000000086a00000, 0x0000000086b00000, 0x0000000086b00000|100%|HC|  |TAMS 0x0000000086b00000, 0x0000000086a00000| Complete 
| 107|0x0000000086b00000, 0x0000000086c00000, 0x0000000086c00000|100%|HS|  |TAMS 0x0000000086c00000, 0x0000000086b00000| Complete 
| 108|0x0000000086c00000, 0x0000000086d00000, 0x0000000086d00000|100%|HC|  |TAMS 0x0000000086d00000, 0x0000000086c00000| Complete 
| 109|0x0000000086d00000, 0x0000000086e00000, 0x0000000086e00000|100%|HS|  |TAMS 0x0000000086e00000, 0x0000000086d00000| Complete 
| 110|0x0000000086e00000, 0x0000000086f00000, 0x0000000086f00000|100%| O|  |TAMS 0x0000000086f00000, 0x0000000086e00000| Untracked 
| 111|0x0000000086f00000, 0x0000000087000000, 0x0000000087000000|100%|HS|  |TAMS 0x0000000087000000, 0x0000000086f00000| Complete 
| 112|0x0000000087000000, 0x0000000087100000, 0x0000000087100000|100%|HC|  |TAMS 0x0000000087100000, 0x0000000087000000| Complete 
| 113|0x0000000087100000, 0x0000000087200000, 0x0000000087200000|100%|HS|  |TAMS 0x0000000087200000, 0x0000000087100000| Complete 
| 114|0x0000000087200000, 0x0000000087300000, 0x0000000087300000|100%| O|  |TAMS 0x0000000087300000, 0x0000000087200000| Untracked 
| 115|0x0000000087300000, 0x0000000087400000, 0x0000000087400000|100%| O|  |TAMS 0x0000000087400000, 0x0000000087300000| Untracked 
| 116|0x0000000087400000, 0x0000000087500000, 0x0000000087500000|100%| O|  |TAMS 0x0000000087500000, 0x0000000087400000| Untracked 
| 117|0x0000000087500000, 0x0000000087600000, 0x0000000087600000|100%| O|  |TAMS 0x0000000087600000, 0x0000000087500000| Untracked 
| 118|0x0000000087600000, 0x0000000087700000, 0x0000000087700000|100%| O|  |TAMS 0x0000000087700000, 0x0000000087600000| Untracked 
| 119|0x0000000087700000, 0x0000000087800000, 0x0000000087800000|100%| O|  |TAMS 0x0000000087800000, 0x0000000087700000| Untracked 
| 120|0x0000000087800000, 0x0000000087900000, 0x0000000087900000|100%| O|  |TAMS 0x0000000087900000, 0x0000000087800000| Untracked 
| 121|0x0000000087900000, 0x0000000087a00000, 0x0000000087a00000|100%| O|  |TAMS 0x0000000087a00000, 0x0000000087900000| Untracked 
| 122|0x0000000087a00000, 0x0000000087b00000, 0x0000000087b00000|100%| O|  |TAMS 0x0000000087b00000, 0x0000000087a00000| Untracked 
| 123|0x0000000087b00000, 0x0000000087c00000, 0x0000000087c00000|100%|HS|  |TAMS 0x0000000087b00000, 0x0000000087b00000| Complete 
| 124|0x0000000087c00000, 0x0000000087d00000, 0x0000000087d00000|100%|HC|  |TAMS 0x0000000087c00000, 0x0000000087c00000| Complete 
| 125|0x0000000087d00000, 0x0000000087e00000, 0x0000000087e00000|100%| O|  |TAMS 0x0000000087e00000, 0x0000000087d00000| Untracked 
| 126|0x0000000087e00000, 0x0000000087f00000, 0x0000000087f00000|100%|HS|  |TAMS 0x0000000087e00000, 0x0000000087e00000| Complete 
| 127|0x0000000087f00000, 0x0000000088000000, 0x0000000088000000|100%|HC|  |TAMS 0x0000000087f00000, 0x0000000087f00000| Complete 
| 128|0x0000000088000000, 0x0000000088100000, 0x0000000088100000|100%|HS|  |TAMS 0x0000000088000000, 0x0000000088000000| Complete 
| 129|0x0000000088100000, 0x0000000088200000, 0x0000000088200000|100%|HC|  |TAMS 0x0000000088100000, 0x0000000088100000| Complete 
| 130|0x0000000088200000, 0x0000000088300000, 0x0000000088300000|100%| O|  |TAMS 0x0000000088200000, 0x0000000088200000| Untracked 
| 131|0x0000000088300000, 0x0000000088400000, 0x0000000088400000|100%| O|  |TAMS 0x0000000088300000, 0x0000000088300000| Untracked 
| 132|0x0000000088400000, 0x0000000088500000, 0x0000000088500000|100%| O|  |TAMS 0x0000000088400000, 0x0000000088400000| Untracked 
| 133|0x0000000088500000, 0x0000000088600000, 0x0000000088600000|100%| O|  |TAMS 0x0000000088500000, 0x0000000088500000| Untracked 
| 134|0x0000000088600000, 0x0000000088700000, 0x0000000088700000|100%| O|  |TAMS 0x0000000088600000, 0x0000000088600000| Untracked 
| 135|0x0000000088700000, 0x0000000088800000, 0x0000000088800000|100%| O|  |TAMS 0x0000000088700000, 0x0000000088700000| Untracked 
| 136|0x0000000088800000, 0x0000000088900000, 0x0000000088900000|100%| O|  |TAMS 0x0000000088800000, 0x0000000088800000| Untracked 
| 137|0x0000000088900000, 0x0000000088a00000, 0x0000000088a00000|100%| O|  |TAMS 0x0000000088900000, 0x0000000088900000| Untracked 
| 138|0x0000000088a00000, 0x0000000088b00000, 0x0000000088b00000|100%| O|  |TAMS 0x0000000088a00000, 0x0000000088a00000| Untracked 
| 139|0x0000000088b00000, 0x0000000088c00000, 0x0000000088c00000|100%| O|  |TAMS 0x0000000088b00000, 0x0000000088b00000| Untracked 
| 140|0x0000000088c00000, 0x0000000088d00000, 0x0000000088d00000|100%| O|  |TAMS 0x0000000088c00000, 0x0000000088c00000| Untracked 
| 141|0x0000000088d00000, 0x0000000088e00000, 0x0000000088e00000|100%| O|  |TAMS 0x0000000088d00000, 0x0000000088d00000| Untracked 
| 142|0x0000000088e00000, 0x0000000088f00000, 0x0000000088f00000|100%| O|  |TAMS 0x0000000088e00000, 0x0000000088e00000| Untracked 
| 143|0x0000000088f00000, 0x0000000089000000, 0x0000000089000000|100%|HS|  |TAMS 0x0000000088f00000, 0x0000000088f00000| Complete 
| 144|0x0000000089000000, 0x0000000089100000, 0x0000000089100000|100%|HC|  |TAMS 0x0000000089000000, 0x0000000089000000| Complete 
| 145|0x0000000089100000, 0x0000000089200000, 0x0000000089200000|100%| O|  |TAMS 0x0000000089200000, 0x0000000089100000| Untracked 
| 146|0x0000000089200000, 0x0000000089300000, 0x0000000089300000|100%|HS|  |TAMS 0x0000000089300000, 0x0000000089200000| Complete 
| 147|0x0000000089300000, 0x0000000089400000, 0x0000000089400000|100%|HC|  |TAMS 0x0000000089400000, 0x0000000089300000| Complete 
| 148|0x0000000089400000, 0x0000000089500000, 0x0000000089500000|100%| O|  |TAMS 0x0000000089500000, 0x0000000089400000| Untracked 
| 149|0x0000000089500000, 0x0000000089600000, 0x0000000089600000|100%| O|  |TAMS 0x0000000089600000, 0x0000000089500000| Untracked 
| 150|0x0000000089600000, 0x0000000089700000, 0x0000000089700000|100%| O|  |TAMS 0x0000000089700000, 0x0000000089600000| Untracked 
| 151|0x0000000089700000, 0x0000000089800000, 0x0000000089800000|100%| O|  |TAMS 0x0000000089800000, 0x0000000089700000| Untracked 
| 152|0x0000000089800000, 0x0000000089900000, 0x0000000089900000|100%| O|  |TAMS 0x0000000089900000, 0x0000000089800000| Untracked 
| 153|0x0000000089900000, 0x0000000089a00000, 0x0000000089a00000|100%| O|  |TAMS 0x0000000089a00000, 0x0000000089900000| Untracked 
| 154|0x0000000089a00000, 0x0000000089b00000, 0x0000000089b00000|100%| O|  |TAMS 0x0000000089b00000, 0x0000000089a00000| Untracked 
| 155|0x0000000089b00000, 0x0000000089c00000, 0x0000000089c00000|100%| O|  |TAMS 0x0000000089c00000, 0x0000000089b00000| Untracked 
| 156|0x0000000089c00000, 0x0000000089d00000, 0x0000000089d00000|100%| O|  |TAMS 0x0000000089d00000, 0x0000000089c00000| Untracked 
| 157|0x0000000089d00000, 0x0000000089e00000, 0x0000000089e00000|100%| O|  |TAMS 0x0000000089e00000, 0x0000000089d00000| Untracked 
| 158|0x0000000089e00000, 0x0000000089f00000, 0x0000000089f00000|100%| O|  |TAMS 0x0000000089f00000, 0x0000000089e00000| Untracked 
| 159|0x0000000089f00000, 0x000000008a000000, 0x000000008a000000|100%| O|  |TAMS 0x000000008a000000, 0x0000000089f00000| Untracked 
| 160|0x000000008a000000, 0x000000008a100000, 0x000000008a100000|100%| O|  |TAMS 0x000000008a100000, 0x000000008a000000| Untracked 
| 161|0x000000008a100000, 0x000000008a200000, 0x000000008a200000|100%| O|  |TAMS 0x000000008a200000, 0x000000008a100000| Untracked 
| 162|0x000000008a200000, 0x000000008a300000, 0x000000008a300000|100%| O|  |TAMS 0x000000008a300000, 0x000000008a200000| Untracked 
| 163|0x000000008a300000, 0x000000008a400000, 0x000000008a400000|100%| O|  |TAMS 0x000000008a300000, 0x000000008a300000| Untracked 
| 164|0x000000008a400000, 0x000000008a500000, 0x000000008a500000|100%| O|  |TAMS 0x000000008a500000, 0x000000008a400000| Untracked 
| 165|0x000000008a500000, 0x000000008a600000, 0x000000008a600000|100%| O|  |TAMS 0x000000008a500000, 0x000000008a500000| Untracked 
| 166|0x000000008a600000, 0x000000008a700000, 0x000000008a700000|100%| O|  |TAMS 0x000000008a700000, 0x000000008a600000| Untracked 
| 167|0x000000008a700000, 0x000000008a800000, 0x000000008a800000|100%| O|  |TAMS 0x000000008a800000, 0x000000008a700000| Untracked 
| 168|0x000000008a800000, 0x000000008a900000, 0x000000008a900000|100%|HS|  |TAMS 0x000000008a900000, 0x000000008a800000| Complete 
| 169|0x000000008a900000, 0x000000008aa00000, 0x000000008aa00000|100%|HS|  |TAMS 0x000000008aa00000, 0x000000008a900000| Complete 
| 170|0x000000008aa00000, 0x000000008ab00000, 0x000000008ab00000|100%|HS|  |TAMS 0x000000008aa00000, 0x000000008aa00000| Complete 
| 171|0x000000008ab00000, 0x000000008ac00000, 0x000000008ac00000|100%|HC|  |TAMS 0x000000008ab00000, 0x000000008ab00000| Complete 
| 172|0x000000008ac00000, 0x000000008ad00000, 0x000000008ad00000|100%| O|  |TAMS 0x000000008ad00000, 0x000000008ac00000| Untracked 
| 173|0x000000008ad00000, 0x000000008ae00000, 0x000000008ae00000|100%| O|  |TAMS 0x000000008ad00000, 0x000000008ad00000| Untracked 
| 174|0x000000008ae00000, 0x000000008af00000, 0x000000008af00000|100%| O|  |TAMS 0x000000008af00000, 0x000000008ae00000| Untracked 
| 175|0x000000008af00000, 0x000000008b000000, 0x000000008b000000|100%| O|  |TAMS 0x000000008af00000, 0x000000008af00000| Untracked 
| 176|0x000000008b000000, 0x000000008b100000, 0x000000008b100000|100%| O|  |TAMS 0x000000008b100000, 0x000000008b000000| Untracked 
| 177|0x000000008b100000, 0x000000008b200000, 0x000000008b200000|100%| O|  |TAMS 0x000000008b200000, 0x000000008b100000| Untracked 
| 178|0x000000008b200000, 0x000000008b300000, 0x000000008b300000|100%| O|  |TAMS 0x000000008b200000, 0x000000008b200000| Untracked 
| 179|0x000000008b300000, 0x000000008b400000, 0x000000008b400000|100%| O|  |TAMS 0x000000008b400000, 0x000000008b300000| Untracked 
| 180|0x000000008b400000, 0x000000008b500000, 0x000000008b500000|100%| O|  |TAMS 0x000000008b500000, 0x000000008b400000| Untracked 
| 181|0x000000008b500000, 0x000000008b600000, 0x000000008b600000|100%|HS|  |TAMS 0x000000008b500000, 0x000000008b500000| Complete 
| 182|0x000000008b600000, 0x000000008b700000, 0x000000008b700000|100%|HC|  |TAMS 0x000000008b600000, 0x000000008b600000| Complete 
| 183|0x000000008b700000, 0x000000008b800000, 0x000000008b800000|100%| O|  |TAMS 0x000000008b700000, 0x000000008b700000| Untracked 
| 184|0x000000008b800000, 0x000000008b900000, 0x000000008b900000|100%| O|  |TAMS 0x000000008b800000, 0x000000008b800000| Untracked 
| 185|0x000000008b900000, 0x000000008ba00000, 0x000000008ba00000|100%| O|  |TAMS 0x000000008ba00000, 0x000000008b900000| Untracked 
| 186|0x000000008ba00000, 0x000000008bb00000, 0x000000008bb00000|100%| O|  |TAMS 0x000000008ba00000, 0x000000008ba00000| Untracked 
| 187|0x000000008bb00000, 0x000000008bc00000, 0x000000008bc00000|100%|HS|  |TAMS 0x000000008bb00000, 0x000000008bb00000| Complete 
| 188|0x000000008bc00000, 0x000000008bd00000, 0x000000008bd00000|100%|HC|  |TAMS 0x000000008bc00000, 0x000000008bc00000| Complete 
| 189|0x000000008bd00000, 0x000000008be00000, 0x000000008be00000|100%| O|  |TAMS 0x000000008be00000, 0x000000008bd00000| Untracked 
| 190|0x000000008be00000, 0x000000008bf00000, 0x000000008bf00000|100%| O|  |TAMS 0x000000008bf00000, 0x000000008be00000| Untracked 
| 191|0x000000008bf00000, 0x000000008c000000, 0x000000008c000000|100%| O|  |TAMS 0x000000008bf00000, 0x000000008bf00000| Untracked 
| 192|0x000000008c000000, 0x000000008c100000, 0x000000008c100000|100%| O|  |TAMS 0x000000008c100000, 0x000000008c000000| Untracked 
| 193|0x000000008c100000, 0x000000008c200000, 0x000000008c200000|100%| O|  |TAMS 0x000000008c100000, 0x000000008c100000| Untracked 
| 194|0x000000008c200000, 0x000000008c300000, 0x000000008c300000|100%| O|  |TAMS 0x000000008c300000, 0x000000008c200000| Untracked 
| 195|0x000000008c300000, 0x000000008c400000, 0x000000008c400000|100%| O|  |TAMS 0x000000008c300000, 0x000000008c300000| Untracked 
| 196|0x000000008c400000, 0x000000008c500000, 0x000000008c500000|100%| O|  |TAMS 0x000000008c500000, 0x000000008c400000| Untracked 
| 197|0x000000008c500000, 0x000000008c600000, 0x000000008c600000|100%| O|  |TAMS 0x000000008c600000, 0x000000008c500000| Untracked 
| 198|0x000000008c600000, 0x000000008c700000, 0x000000008c700000|100%| O|  |TAMS 0x000000008c700000, 0x000000008c600000| Untracked 
| 199|0x000000008c700000, 0x000000008c800000, 0x000000008c800000|100%| O|  |TAMS 0x000000008c800000, 0x000000008c700000| Untracked 
| 200|0x000000008c800000, 0x000000008c900000, 0x000000008c900000|100%| O|  |TAMS 0x000000008c900000, 0x000000008c800000| Untracked 
| 201|0x000000008c900000, 0x000000008ca00000, 0x000000008ca00000|100%| O|  |TAMS 0x000000008ca00000, 0x000000008c900000| Untracked 
| 202|0x000000008ca00000, 0x000000008cb00000, 0x000000008cb00000|100%| O|  |TAMS 0x000000008cb00000, 0x000000008ca00000| Untracked 
| 203|0x000000008cb00000, 0x000000008cc00000, 0x000000008cc00000|100%| O|  |TAMS 0x000000008cc00000, 0x000000008cb00000| Untracked 
| 204|0x000000008cc00000, 0x000000008cd00000, 0x000000008cd00000|100%| O|  |TAMS 0x000000008cd00000, 0x000000008cc00000| Untracked 
| 205|0x000000008cd00000, 0x000000008ce00000, 0x000000008ce00000|100%| O|  |TAMS 0x000000008ce00000, 0x000000008cd00000| Untracked 
| 206|0x000000008ce00000, 0x000000008cf00000, 0x000000008cf00000|100%| O|  |TAMS 0x000000008cf00000, 0x000000008ce00000| Untracked 
| 207|0x000000008cf00000, 0x000000008d000000, 0x000000008d000000|100%| O|  |TAMS 0x000000008d000000, 0x000000008cf00000| Untracked 
| 208|0x000000008d000000, 0x000000008d100000, 0x000000008d100000|100%| O|  |TAMS 0x000000008d100000, 0x000000008d000000| Untracked 
| 209|0x000000008d100000, 0x000000008d200000, 0x000000008d200000|100%| O|  |TAMS 0x000000008d200000, 0x000000008d100000| Untracked 
| 210|0x000000008d200000, 0x000000008d300000, 0x000000008d300000|100%| O|  |TAMS 0x000000008d300000, 0x000000008d200000| Untracked 
| 211|0x000000008d300000, 0x000000008d400000, 0x000000008d400000|100%| O|  |TAMS 0x000000008d400000, 0x000000008d300000| Untracked 
| 212|0x000000008d400000, 0x000000008d500000, 0x000000008d500000|100%| O|  |TAMS 0x000000008d500000, 0x000000008d400000| Untracked 
| 213|0x000000008d500000, 0x000000008d600000, 0x000000008d600000|100%| O|  |TAMS 0x000000008d600000, 0x000000008d500000| Untracked 
| 214|0x000000008d600000, 0x000000008d700000, 0x000000008d700000|100%| O|  |TAMS 0x000000008d700000, 0x000000008d600000| Untracked 
| 215|0x000000008d700000, 0x000000008d800000, 0x000000008d800000|100%| O|  |TAMS 0x000000008d800000, 0x000000008d700000| Untracked 
| 216|0x000000008d800000, 0x000000008d900000, 0x000000008d900000|100%| O|  |TAMS 0x000000008d900000, 0x000000008d800000| Untracked 
| 217|0x000000008d900000, 0x000000008da00000, 0x000000008da00000|100%| O|  |TAMS 0x000000008da00000, 0x000000008d900000| Untracked 
| 218|0x000000008da00000, 0x000000008db00000, 0x000000008db00000|100%| O|  |TAMS 0x000000008db00000, 0x000000008da00000| Untracked 
| 219|0x000000008db00000, 0x000000008dc00000, 0x000000008dc00000|100%| O|  |TAMS 0x000000008dc00000, 0x000000008db00000| Untracked 
| 220|0x000000008dc00000, 0x000000008dd00000, 0x000000008dd00000|100%| O|  |TAMS 0x000000008dd00000, 0x000000008dc00000| Untracked 
| 221|0x000000008dd00000, 0x000000008de00000, 0x000000008de00000|100%| O|  |TAMS 0x000000008de00000, 0x000000008dd00000| Untracked 
| 222|0x000000008de00000, 0x000000008df00000, 0x000000008df00000|100%| O|  |TAMS 0x000000008de00000, 0x000000008de00000| Untracked 
| 223|0x000000008df00000, 0x000000008e000000, 0x000000008e000000|100%| O|  |TAMS 0x000000008df00000, 0x000000008df00000| Untracked 
| 224|0x000000008e000000, 0x000000008e100000, 0x000000008e100000|100%| O|  |TAMS 0x000000008e100000, 0x000000008e000000| Untracked 
| 225|0x000000008e100000, 0x000000008e200000, 0x000000008e200000|100%| O|  |TAMS 0x000000008e200000, 0x000000008e100000| Untracked 
| 226|0x000000008e200000, 0x000000008e300000, 0x000000008e300000|100%| O|  |TAMS 0x000000008e300000, 0x000000008e200000| Untracked 
| 227|0x000000008e300000, 0x000000008e400000, 0x000000008e400000|100%| O|  |TAMS 0x000000008e400000, 0x000000008e300000| Untracked 
| 228|0x000000008e400000, 0x000000008e500000, 0x000000008e500000|100%| O|  |TAMS 0x000000008e500000, 0x000000008e400000| Untracked 
| 229|0x000000008e500000, 0x000000008e600000, 0x000000008e600000|100%| O|  |TAMS 0x000000008e600000, 0x000000008e500000| Untracked 
| 230|0x000000008e600000, 0x000000008e700000, 0x000000008e700000|100%| O|  |TAMS 0x000000008e700000, 0x000000008e600000| Untracked 
| 231|0x000000008e700000, 0x000000008e800000, 0x000000008e800000|100%| O|  |TAMS 0x000000008e700000, 0x000000008e700000| Untracked 
| 232|0x000000008e800000, 0x000000008e900000, 0x000000008e900000|100%| O|  |TAMS 0x000000008e900000, 0x000000008e800000| Untracked 
| 233|0x000000008e900000, 0x000000008ea00000, 0x000000008ea00000|100%| O|  |TAMS 0x000000008ea00000, 0x000000008e900000| Untracked 
| 234|0x000000008ea00000, 0x000000008eb00000, 0x000000008eb00000|100%| O|  |TAMS 0x000000008ea00000, 0x000000008ea00000| Untracked 
| 235|0x000000008eb00000, 0x000000008ec00000, 0x000000008ec00000|100%| O|  |TAMS 0x000000008ec00000, 0x000000008eb00000| Untracked 
| 236|0x000000008ec00000, 0x000000008ed00000, 0x000000008ed00000|100%| O|  |TAMS 0x000000008ed00000, 0x000000008ec00000| Untracked 
| 237|0x000000008ed00000, 0x000000008ee00000, 0x000000008ee00000|100%| O|  |TAMS 0x000000008ee00000, 0x000000008ed00000| Untracked 
| 238|0x000000008ee00000, 0x000000008ef00000, 0x000000008ef00000|100%| O|  |TAMS 0x000000008ef00000, 0x000000008ee00000| Untracked 
| 239|0x000000008ef00000, 0x000000008f000000, 0x000000008f000000|100%| O|  |TAMS 0x000000008f000000, 0x000000008ef00000| Untracked 
| 240|0x000000008f000000, 0x000000008f100000, 0x000000008f100000|100%| O|  |TAMS 0x000000008f100000, 0x000000008f000000| Untracked 
| 241|0x000000008f100000, 0x000000008f200000, 0x000000008f200000|100%| O|  |TAMS 0x000000008f200000, 0x000000008f100000| Untracked 
| 242|0x000000008f200000, 0x000000008f300000, 0x000000008f300000|100%| O|  |TAMS 0x000000008f300000, 0x000000008f200000| Untracked 
| 243|0x000000008f300000, 0x000000008f400000, 0x000000008f400000|100%| O|  |TAMS 0x000000008f400000, 0x000000008f300000| Untracked 
| 244|0x000000008f400000, 0x000000008f500000, 0x000000008f500000|100%| O|  |TAMS 0x000000008f500000, 0x000000008f400000| Untracked 
| 245|0x000000008f500000, 0x000000008f600000, 0x000000008f600000|100%| O|  |TAMS 0x000000008f600000, 0x000000008f500000| Untracked 
| 246|0x000000008f600000, 0x000000008f700000, 0x000000008f700000|100%| O|  |TAMS 0x000000008f700000, 0x000000008f600000| Untracked 
| 247|0x000000008f700000, 0x000000008f800000, 0x000000008f800000|100%| O|  |TAMS 0x000000008f800000, 0x000000008f700000| Untracked 
| 248|0x000000008f800000, 0x000000008f900000, 0x000000008f900000|100%| O|  |TAMS 0x000000008f900000, 0x000000008f800000| Untracked 
| 249|0x000000008f900000, 0x000000008fa00000, 0x000000008fa00000|100%| O|  |TAMS 0x000000008fa00000, 0x000000008f900000| Untracked 
| 250|0x000000008fa00000, 0x000000008fb00000, 0x000000008fb00000|100%| O|  |TAMS 0x000000008fb00000, 0x000000008fa00000| Untracked 
| 251|0x000000008fb00000, 0x000000008fc00000, 0x000000008fc00000|100%| O|  |TAMS 0x000000008fc00000, 0x000000008fb00000| Untracked 
| 252|0x000000008fc00000, 0x000000008fd00000, 0x000000008fd00000|100%| O|  |TAMS 0x000000008fc00000, 0x000000008fc00000| Untracked 
| 253|0x000000008fd00000, 0x000000008fe00000, 0x000000008fe00000|100%| O|  |TAMS 0x000000008fda2800, 0x000000008fd00000| Untracked 
| 254|0x000000008fe00000, 0x000000008ff00000, 0x000000008ff00000|100%| O|  |TAMS 0x000000008fe00000, 0x000000008fe00000| Untracked 
| 255|0x000000008ff00000, 0x0000000090000000, 0x0000000090000000|100%| O|  |TAMS 0x000000008ff00000, 0x000000008ff00000| Untracked 
| 256|0x0000000090000000, 0x0000000090100000, 0x0000000090100000|100%| O|  |TAMS 0x0000000090000000, 0x0000000090000000| Untracked 
| 257|0x0000000090100000, 0x0000000090200000, 0x0000000090200000|100%| O|  |TAMS 0x0000000090100000, 0x0000000090100000| Untracked 
| 258|0x0000000090200000, 0x0000000090300000, 0x0000000090300000|100%| O|  |TAMS 0x0000000090200000, 0x0000000090200000| Untracked 
| 259|0x0000000090300000, 0x0000000090400000, 0x0000000090400000|100%| O|  |TAMS 0x0000000090300000, 0x0000000090300000| Untracked 
| 260|0x0000000090400000, 0x0000000090500000, 0x0000000090500000|100%| O|  |TAMS 0x0000000090400000, 0x0000000090400000| Untracked 
| 261|0x0000000090500000, 0x0000000090600000, 0x0000000090600000|100%| O|  |TAMS 0x0000000090500000, 0x0000000090500000| Untracked 
| 262|0x0000000090600000, 0x0000000090700000, 0x0000000090700000|100%| O|  |TAMS 0x0000000090600000, 0x0000000090600000| Untracked 
| 263|0x0000000090700000, 0x0000000090800000, 0x0000000090800000|100%| O|  |TAMS 0x0000000090700000, 0x0000000090700000| Untracked 
| 264|0x0000000090800000, 0x0000000090900000, 0x0000000090900000|100%| O|  |TAMS 0x0000000090800000, 0x0000000090800000| Untracked 
| 265|0x0000000090900000, 0x0000000090a00000, 0x0000000090a00000|100%| O|  |TAMS 0x0000000090900000, 0x0000000090900000| Untracked 
| 266|0x0000000090a00000, 0x0000000090b00000, 0x0000000090b00000|100%| O|  |TAMS 0x0000000090a00000, 0x0000000090a00000| Untracked 
| 267|0x0000000090b00000, 0x0000000090c00000, 0x0000000090c00000|100%| O|  |TAMS 0x0000000090b00000, 0x0000000090b00000| Untracked 
| 268|0x0000000090c00000, 0x0000000090d00000, 0x0000000090d00000|100%| O|  |TAMS 0x0000000090c00000, 0x0000000090c00000| Untracked 
| 269|0x0000000090d00000, 0x0000000090e00000, 0x0000000090e00000|100%| O|  |TAMS 0x0000000090d00000, 0x0000000090d00000| Untracked 
| 270|0x0000000090e00000, 0x0000000090f00000, 0x0000000090f00000|100%| O|  |TAMS 0x0000000090e00000, 0x0000000090e00000| Untracked 
| 271|0x0000000090f00000, 0x0000000091000000, 0x0000000091000000|100%| O|  |TAMS 0x0000000090f00000, 0x0000000090f00000| Untracked 
| 272|0x0000000091000000, 0x0000000091100000, 0x0000000091100000|100%| O|  |TAMS 0x0000000091000000, 0x0000000091000000| Untracked 
| 273|0x0000000091100000, 0x0000000091200000, 0x0000000091200000|100%| O|  |TAMS 0x0000000091100000, 0x0000000091100000| Untracked 
| 274|0x0000000091200000, 0x0000000091300000, 0x0000000091300000|100%| O|  |TAMS 0x0000000091200000, 0x0000000091200000| Untracked 
| 275|0x0000000091300000, 0x0000000091400000, 0x0000000091400000|100%| O|  |TAMS 0x0000000091300000, 0x0000000091300000| Untracked 
| 276|0x0000000091400000, 0x0000000091500000, 0x0000000091500000|100%| O|  |TAMS 0x0000000091400000, 0x0000000091400000| Untracked 
| 277|0x0000000091500000, 0x0000000091600000, 0x0000000091600000|100%| O|  |TAMS 0x0000000091500000, 0x0000000091500000| Untracked 
| 278|0x0000000091600000, 0x0000000091700000, 0x0000000091700000|100%| O|  |TAMS 0x0000000091600000, 0x0000000091600000| Untracked 
| 279|0x0000000091700000, 0x0000000091800000, 0x0000000091800000|100%| O|  |TAMS 0x0000000091700000, 0x0000000091700000| Untracked 
| 280|0x0000000091800000, 0x0000000091900000, 0x0000000091900000|100%| O|  |TAMS 0x0000000091800000, 0x0000000091800000| Untracked 
| 281|0x0000000091900000, 0x0000000091a00000, 0x0000000091a00000|100%| O|  |TAMS 0x0000000091900000, 0x0000000091900000| Untracked 
| 282|0x0000000091a00000, 0x0000000091b00000, 0x0000000091b00000|100%| O|  |TAMS 0x0000000091a00000, 0x0000000091a00000| Untracked 
| 283|0x0000000091b00000, 0x0000000091c00000, 0x0000000091c00000|100%|HS|  |TAMS 0x0000000091b00000, 0x0000000091b00000| Complete 
| 284|0x0000000091c00000, 0x0000000091d00000, 0x0000000091d00000|100%|HC|  |TAMS 0x0000000091c00000, 0x0000000091c00000| Complete 
| 285|0x0000000091d00000, 0x0000000091e00000, 0x0000000091e00000|100%| O|  |TAMS 0x0000000091d00000, 0x0000000091d00000| Untracked 
| 286|0x0000000091e00000, 0x0000000091f00000, 0x0000000091f00000|100%| O|  |TAMS 0x0000000091e00000, 0x0000000091e00000| Untracked 
| 287|0x0000000091f00000, 0x0000000092000000, 0x0000000092000000|100%| O|  |TAMS 0x0000000091f00000, 0x0000000091f00000| Untracked 
| 288|0x0000000092000000, 0x0000000092100000, 0x0000000092100000|100%|HS|  |TAMS 0x0000000092000000, 0x0000000092000000| Complete 
| 289|0x0000000092100000, 0x0000000092200000, 0x0000000092200000|100%|HC|  |TAMS 0x0000000092100000, 0x0000000092100000| Complete 
| 290|0x0000000092200000, 0x0000000092300000, 0x0000000092300000|100%|HC|  |TAMS 0x0000000092200000, 0x0000000092200000| Complete 
| 291|0x0000000092300000, 0x0000000092400000, 0x0000000092400000|100%|HS|  |TAMS 0x0000000092300000, 0x0000000092300000| Complete 
| 292|0x0000000092400000, 0x0000000092500000, 0x0000000092500000|100%|HC|  |TAMS 0x0000000092400000, 0x0000000092400000| Complete 
| 293|0x0000000092500000, 0x0000000092600000, 0x0000000092600000|100%| O|  |TAMS 0x0000000092500000, 0x0000000092500000| Untracked 
| 294|0x0000000092600000, 0x0000000092700000, 0x0000000092700000|100%| O|  |TAMS 0x0000000092600000, 0x0000000092600000| Untracked 
| 295|0x0000000092700000, 0x0000000092800000, 0x0000000092800000|100%| O|  |TAMS 0x0000000092700000, 0x0000000092700000| Untracked 
| 296|0x0000000092800000, 0x0000000092900000, 0x0000000092900000|100%| O|  |TAMS 0x0000000092800000, 0x0000000092800000| Untracked 
| 297|0x0000000092900000, 0x0000000092a00000, 0x0000000092a00000|100%| O|  |TAMS 0x0000000092900000, 0x0000000092900000| Untracked 
| 298|0x0000000092a00000, 0x0000000092b00000, 0x0000000092b00000|100%| O|  |TAMS 0x0000000092a00000, 0x0000000092a00000| Untracked 
| 299|0x0000000092b00000, 0x0000000092c00000, 0x0000000092c00000|100%| O|  |TAMS 0x0000000092b00000, 0x0000000092b00000| Untracked 
| 300|0x0000000092c00000, 0x0000000092d00000, 0x0000000092d00000|100%| O|  |TAMS 0x0000000092c00000, 0x0000000092c00000| Untracked 
| 301|0x0000000092d00000, 0x0000000092e00000, 0x0000000092e00000|100%| O|  |TAMS 0x0000000092d00000, 0x0000000092d00000| Untracked 
| 302|0x0000000092e00000, 0x0000000092f00000, 0x0000000092f00000|100%| O|  |TAMS 0x0000000092e00000, 0x0000000092e00000| Untracked 
| 303|0x0000000092f00000, 0x0000000093000000, 0x0000000093000000|100%| O|  |TAMS 0x0000000092f00000, 0x0000000092f00000| Untracked 
| 304|0x0000000093000000, 0x0000000093100000, 0x0000000093100000|100%| O|  |TAMS 0x0000000093000000, 0x0000000093000000| Untracked 
| 305|0x0000000093100000, 0x0000000093200000, 0x0000000093200000|100%| O|  |TAMS 0x0000000093100000, 0x0000000093100000| Untracked 
| 306|0x0000000093200000, 0x0000000093300000, 0x0000000093300000|100%| O|  |TAMS 0x0000000093200000, 0x0000000093200000| Untracked 
| 307|0x0000000093300000, 0x0000000093400000, 0x0000000093400000|100%| O|  |TAMS 0x0000000093300000, 0x0000000093300000| Untracked 
| 308|0x0000000093400000, 0x0000000093500000, 0x0000000093500000|100%| O|  |TAMS 0x0000000093400000, 0x0000000093400000| Untracked 
| 309|0x0000000093500000, 0x0000000093600000, 0x0000000093600000|100%| O|  |TAMS 0x0000000093500000, 0x0000000093500000| Untracked 
| 310|0x0000000093600000, 0x0000000093700000, 0x0000000093700000|100%| O|  |TAMS 0x0000000093600000, 0x0000000093600000| Untracked 
| 311|0x0000000093700000, 0x0000000093800000, 0x0000000093800000|100%| O|  |TAMS 0x0000000093700000, 0x0000000093700000| Untracked 
| 312|0x0000000093800000, 0x0000000093900000, 0x0000000093900000|100%| O|  |TAMS 0x0000000093800000, 0x0000000093800000| Untracked 
| 313|0x0000000093900000, 0x0000000093a00000, 0x0000000093a00000|100%| O|  |TAMS 0x0000000093900000, 0x0000000093900000| Untracked 
| 314|0x0000000093a00000, 0x0000000093b00000, 0x0000000093b00000|100%| O|  |TAMS 0x0000000093a00000, 0x0000000093a00000| Untracked 
| 315|0x0000000093b00000, 0x0000000093c00000, 0x0000000093c00000|100%| O|  |TAMS 0x0000000093b00000, 0x0000000093b00000| Untracked 
| 316|0x0000000093c00000, 0x0000000093d00000, 0x0000000093d00000|100%| O|  |TAMS 0x0000000093c00000, 0x0000000093c00000| Untracked 
| 317|0x0000000093d00000, 0x0000000093e00000, 0x0000000093e00000|100%| O|  |TAMS 0x0000000093d00000, 0x0000000093d00000| Untracked 
| 318|0x0000000093e00000, 0x0000000093f00000, 0x0000000093f00000|100%| O|  |TAMS 0x0000000093e00000, 0x0000000093e00000| Untracked 
| 319|0x0000000093f00000, 0x0000000094000000, 0x0000000094000000|100%| O|  |TAMS 0x0000000093f00000, 0x0000000093f00000| Untracked 
| 320|0x0000000094000000, 0x0000000094100000, 0x0000000094100000|100%| O|  |TAMS 0x0000000094000000, 0x0000000094000000| Untracked 
| 321|0x0000000094100000, 0x0000000094200000, 0x0000000094200000|100%| O|  |TAMS 0x0000000094100000, 0x0000000094100000| Untracked 
| 322|0x0000000094200000, 0x0000000094300000, 0x0000000094300000|100%| O|  |TAMS 0x0000000094200000, 0x0000000094200000| Untracked 
| 323|0x0000000094300000, 0x0000000094400000, 0x0000000094400000|100%| O|  |TAMS 0x0000000094300000, 0x0000000094300000| Untracked 
| 324|0x0000000094400000, 0x0000000094500000, 0x0000000094500000|100%| O|  |TAMS 0x0000000094400000, 0x0000000094400000| Untracked 
| 325|0x0000000094500000, 0x0000000094600000, 0x0000000094600000|100%| O|  |TAMS 0x0000000094500000, 0x0000000094500000| Untracked 
| 326|0x0000000094600000, 0x0000000094700000, 0x0000000094700000|100%| O|  |TAMS 0x0000000094600000, 0x0000000094600000| Untracked 
| 327|0x0000000094700000, 0x0000000094800000, 0x0000000094800000|100%| O|  |TAMS 0x0000000094700000, 0x0000000094700000| Untracked 
| 328|0x0000000094800000, 0x0000000094900000, 0x0000000094900000|100%| O|  |TAMS 0x0000000094800000, 0x0000000094800000| Untracked 
| 329|0x0000000094900000, 0x0000000094a00000, 0x0000000094a00000|100%|HS|  |TAMS 0x0000000094900000, 0x0000000094900000| Complete 
| 330|0x0000000094a00000, 0x0000000094b00000, 0x0000000094b00000|100%|HC|  |TAMS 0x0000000094a00000, 0x0000000094a00000| Complete 
| 331|0x0000000094b00000, 0x0000000094c00000, 0x0000000094c00000|100%|HS|  |TAMS 0x0000000094b00000, 0x0000000094b00000| Complete 
| 332|0x0000000094c00000, 0x0000000094d00000, 0x0000000094d00000|100%|HC|  |TAMS 0x0000000094c00000, 0x0000000094c00000| Complete 
| 333|0x0000000094d00000, 0x0000000094e00000, 0x0000000094e00000|100%| O|  |TAMS 0x0000000094d00000, 0x0000000094d00000| Untracked 
| 334|0x0000000094e00000, 0x0000000094f00000, 0x0000000094f00000|100%| O|  |TAMS 0x0000000094e00000, 0x0000000094e00000| Untracked 
| 335|0x0000000094f00000, 0x0000000095000000, 0x0000000095000000|100%| O|  |TAMS 0x0000000094f00000, 0x0000000094f00000| Untracked 
| 336|0x0000000095000000, 0x0000000095100000, 0x0000000095100000|100%| O|  |TAMS 0x0000000095000000, 0x0000000095000000| Untracked 
| 337|0x0000000095100000, 0x0000000095200000, 0x0000000095200000|100%| O|  |TAMS 0x0000000095100000, 0x0000000095100000| Untracked 
| 338|0x0000000095200000, 0x0000000095300000, 0x0000000095300000|100%| O|  |TAMS 0x0000000095200000, 0x0000000095200000| Untracked 
| 339|0x0000000095300000, 0x0000000095400000, 0x0000000095400000|100%| O|  |TAMS 0x0000000095300000, 0x0000000095300000| Untracked 
| 340|0x0000000095400000, 0x0000000095500000, 0x0000000095500000|100%| O|  |TAMS 0x0000000095400000, 0x0000000095400000| Untracked 
| 341|0x0000000095500000, 0x0000000095600000, 0x0000000095600000|100%| O|  |TAMS 0x0000000095500000, 0x0000000095500000| Untracked 
| 342|0x0000000095600000, 0x0000000095700000, 0x0000000095700000|100%| O|  |TAMS 0x0000000095600000, 0x0000000095600000| Untracked 
| 343|0x0000000095700000, 0x0000000095800000, 0x0000000095800000|100%| O|  |TAMS 0x0000000095700000, 0x0000000095700000| Untracked 
| 344|0x0000000095800000, 0x0000000095900000, 0x0000000095900000|100%| O|  |TAMS 0x0000000095800000, 0x0000000095800000| Untracked 
| 345|0x0000000095900000, 0x0000000095a00000, 0x0000000095a00000|100%| O|  |TAMS 0x0000000095900000, 0x0000000095900000| Untracked 
| 346|0x0000000095a00000, 0x0000000095b00000, 0x0000000095b00000|100%| O|  |TAMS 0x0000000095a00000, 0x0000000095a00000| Untracked 
| 347|0x0000000095b00000, 0x0000000095c00000, 0x0000000095c00000|100%| O|  |TAMS 0x0000000095b00000, 0x0000000095b00000| Untracked 
| 348|0x0000000095c00000, 0x0000000095d00000, 0x0000000095d00000|100%| O|  |TAMS 0x0000000095c00000, 0x0000000095c00000| Untracked 
| 349|0x0000000095d00000, 0x0000000095e00000, 0x0000000095e00000|100%| O|  |TAMS 0x0000000095d00000, 0x0000000095d00000| Untracked 
| 350|0x0000000095e00000, 0x0000000095f00000, 0x0000000095f00000|100%| O|  |TAMS 0x0000000095e00000, 0x0000000095e00000| Untracked 
| 351|0x0000000095f00000, 0x0000000096000000, 0x0000000096000000|100%| O|  |TAMS 0x0000000095f00000, 0x0000000095f00000| Untracked 
| 352|0x0000000096000000, 0x0000000096100000, 0x0000000096100000|100%| O|  |TAMS 0x0000000096000000, 0x0000000096000000| Untracked 
| 353|0x0000000096100000, 0x0000000096200000, 0x0000000096200000|100%| O|  |TAMS 0x0000000096100000, 0x0000000096100000| Untracked 
| 354|0x0000000096200000, 0x0000000096200000, 0x0000000096300000|  0%| F|  |TAMS 0x0000000096200000, 0x0000000096200000| Untracked 
| 355|0x0000000096300000, 0x0000000096300000, 0x0000000096400000|  0%| F|  |TAMS 0x0000000096300000, 0x0000000096300000| Untracked 
| 356|0x0000000096400000, 0x0000000096400000, 0x0000000096500000|  0%| F|  |TAMS 0x0000000096400000, 0x0000000096400000| Untracked 
| 357|0x0000000096500000, 0x0000000096500000, 0x0000000096600000|  0%| F|  |TAMS 0x0000000096500000, 0x0000000096500000| Untracked 
| 358|0x0000000096600000, 0x0000000096600000, 0x0000000096700000|  0%| F|  |TAMS 0x0000000096600000, 0x0000000096600000| Untracked 
| 359|0x0000000096700000, 0x0000000096700000, 0x0000000096800000|  0%| F|  |TAMS 0x0000000096700000, 0x0000000096700000| Untracked 
| 360|0x0000000096800000, 0x0000000096800000, 0x0000000096900000|  0%| F|  |TAMS 0x0000000096800000, 0x0000000096800000| Untracked 
| 361|0x0000000096900000, 0x0000000096900000, 0x0000000096a00000|  0%| F|  |TAMS 0x0000000096900000, 0x0000000096900000| Untracked 
| 362|0x0000000096a00000, 0x0000000096a00000, 0x0000000096b00000|  0%| F|  |TAMS 0x0000000096a00000, 0x0000000096a00000| Untracked 
| 363|0x0000000096b00000, 0x0000000096b00000, 0x0000000096c00000|  0%| F|  |TAMS 0x0000000096b00000, 0x0000000096b00000| Untracked 
| 364|0x0000000096c00000, 0x0000000096c00000, 0x0000000096d00000|  0%| F|  |TAMS 0x0000000096c00000, 0x0000000096c00000| Untracked 
| 365|0x0000000096d00000, 0x0000000096d00000, 0x0000000096e00000|  0%| F|  |TAMS 0x0000000096d00000, 0x0000000096d00000| Untracked 
| 366|0x0000000096e00000, 0x0000000096e00000, 0x0000000096f00000|  0%| F|  |TAMS 0x0000000096e00000, 0x0000000096e00000| Untracked 
| 367|0x0000000096f00000, 0x0000000096f00000, 0x0000000097000000|  0%| F|  |TAMS 0x0000000096f00000, 0x0000000096f00000| Untracked 
| 368|0x0000000097000000, 0x0000000097000000, 0x0000000097100000|  0%| F|  |TAMS 0x0000000097000000, 0x0000000097000000| Untracked 
| 369|0x0000000097100000, 0x0000000097100000, 0x0000000097200000|  0%| F|  |TAMS 0x0000000097100000, 0x0000000097100000| Untracked 
| 370|0x0000000097200000, 0x0000000097200000, 0x0000000097300000|  0%| F|  |TAMS 0x0000000097200000, 0x0000000097200000| Untracked 
| 371|0x0000000097300000, 0x0000000097300000, 0x0000000097400000|  0%| F|  |TAMS 0x0000000097300000, 0x0000000097300000| Untracked 
| 372|0x0000000097400000, 0x0000000097400000, 0x0000000097500000|  0%| F|  |TAMS 0x0000000097400000, 0x0000000097400000| Untracked 
| 373|0x0000000097500000, 0x0000000097500000, 0x0000000097600000|  0%| F|  |TAMS 0x0000000097500000, 0x0000000097500000| Untracked 
| 374|0x0000000097600000, 0x0000000097600000, 0x0000000097700000|  0%| F|  |TAMS 0x0000000097600000, 0x0000000097600000| Untracked 
| 375|0x0000000097700000, 0x0000000097700000, 0x0000000097800000|  0%| F|  |TAMS 0x0000000097700000, 0x0000000097700000| Untracked 
| 376|0x0000000097800000, 0x0000000097800000, 0x0000000097900000|  0%| F|  |TAMS 0x0000000097800000, 0x0000000097800000| Untracked 
| 377|0x0000000097900000, 0x0000000097900000, 0x0000000097a00000|  0%| F|  |TAMS 0x0000000097900000, 0x0000000097900000| Untracked 
| 378|0x0000000097a00000, 0x0000000097a00000, 0x0000000097b00000|  0%| F|  |TAMS 0x0000000097a00000, 0x0000000097a00000| Untracked 
| 379|0x0000000097b00000, 0x0000000097b00000, 0x0000000097c00000|  0%| F|  |TAMS 0x0000000097b00000, 0x0000000097b00000| Untracked 
| 380|0x0000000097c00000, 0x0000000097c00000, 0x0000000097d00000|  0%| F|  |TAMS 0x0000000097c00000, 0x0000000097c00000| Untracked 
| 381|0x0000000097d00000, 0x0000000097d00000, 0x0000000097e00000|  0%| F|  |TAMS 0x0000000097d00000, 0x0000000097d00000| Untracked 
| 382|0x0000000097e00000, 0x0000000097e00000, 0x0000000097f00000|  0%| F|  |TAMS 0x0000000097e00000, 0x0000000097e00000| Untracked 
| 383|0x0000000097f00000, 0x0000000097f00000, 0x0000000098000000|  0%| F|  |TAMS 0x0000000097f00000, 0x0000000097f00000| Untracked 
| 384|0x0000000098000000, 0x0000000098000000, 0x0000000098100000|  0%| F|  |TAMS 0x0000000098000000, 0x0000000098000000| Untracked 
| 385|0x0000000098100000, 0x0000000098100000, 0x0000000098200000|  0%| F|  |TAMS 0x0000000098100000, 0x0000000098100000| Untracked 
| 386|0x0000000098200000, 0x0000000098200000, 0x0000000098300000|  0%| F|  |TAMS 0x0000000098200000, 0x0000000098200000| Untracked 
| 387|0x0000000098300000, 0x0000000098300000, 0x0000000098400000|  0%| F|  |TAMS 0x0000000098300000, 0x0000000098300000| Untracked 
| 388|0x0000000098400000, 0x0000000098400000, 0x0000000098500000|  0%| F|  |TAMS 0x0000000098400000, 0x0000000098400000| Untracked 
| 389|0x0000000098500000, 0x0000000098500000, 0x0000000098600000|  0%| F|  |TAMS 0x0000000098500000, 0x0000000098500000| Untracked 
| 390|0x0000000098600000, 0x0000000098600000, 0x0000000098700000|  0%| F|  |TAMS 0x0000000098600000, 0x0000000098600000| Untracked 
| 391|0x0000000098700000, 0x0000000098700000, 0x0000000098800000|  0%| F|  |TAMS 0x0000000098700000, 0x0000000098700000| Untracked 
| 392|0x0000000098800000, 0x0000000098800000, 0x0000000098900000|  0%| F|  |TAMS 0x0000000098800000, 0x0000000098800000| Untracked 
| 393|0x0000000098900000, 0x0000000098900000, 0x0000000098a00000|  0%| F|  |TAMS 0x0000000098900000, 0x0000000098900000| Untracked 
| 394|0x0000000098a00000, 0x0000000098a00000, 0x0000000098b00000|  0%| F|  |TAMS 0x0000000098a00000, 0x0000000098a00000| Untracked 
| 395|0x0000000098b00000, 0x0000000098b00000, 0x0000000098c00000|  0%| F|  |TAMS 0x0000000098b00000, 0x0000000098b00000| Untracked 
| 396|0x0000000098c00000, 0x0000000098c00000, 0x0000000098d00000|  0%| F|  |TAMS 0x0000000098c00000, 0x0000000098c00000| Untracked 
| 397|0x0000000098d00000, 0x0000000098d00000, 0x0000000098e00000|  0%| F|  |TAMS 0x0000000098d00000, 0x0000000098d00000| Untracked 
| 398|0x0000000098e00000, 0x0000000098e00000, 0x0000000098f00000|  0%| F|  |TAMS 0x0000000098e00000, 0x0000000098e00000| Untracked 
| 399|0x0000000098f00000, 0x0000000098f00000, 0x0000000099000000|  0%| F|  |TAMS 0x0000000098f00000, 0x0000000098f00000| Untracked 
| 400|0x0000000099000000, 0x0000000099000000, 0x0000000099100000|  0%| F|  |TAMS 0x0000000099000000, 0x0000000099000000| Untracked 
| 401|0x0000000099100000, 0x0000000099100000, 0x0000000099200000|  0%| F|  |TAMS 0x0000000099100000, 0x0000000099100000| Untracked 
| 402|0x0000000099200000, 0x0000000099200000, 0x0000000099300000|  0%| F|  |TAMS 0x0000000099200000, 0x0000000099200000| Untracked 
| 403|0x0000000099300000, 0x0000000099300000, 0x0000000099400000|  0%| F|  |TAMS 0x0000000099300000, 0x0000000099300000| Untracked 
| 404|0x0000000099400000, 0x0000000099400000, 0x0000000099500000|  0%| F|  |TAMS 0x0000000099400000, 0x0000000099400000| Untracked 
| 405|0x0000000099500000, 0x0000000099500000, 0x0000000099600000|  0%| F|  |TAMS 0x0000000099500000, 0x0000000099500000| Untracked 
| 406|0x0000000099600000, 0x0000000099600000, 0x0000000099700000|  0%| F|  |TAMS 0x0000000099600000, 0x0000000099600000| Untracked 
| 407|0x0000000099700000, 0x0000000099700000, 0x0000000099800000|  0%| F|  |TAMS 0x0000000099700000, 0x0000000099700000| Untracked 
| 408|0x0000000099800000, 0x0000000099800000, 0x0000000099900000|  0%| F|  |TAMS 0x0000000099800000, 0x0000000099800000| Untracked 
| 409|0x0000000099900000, 0x0000000099900000, 0x0000000099a00000|  0%| F|  |TAMS 0x0000000099900000, 0x0000000099900000| Untracked 
| 410|0x0000000099a00000, 0x0000000099a00000, 0x0000000099b00000|  0%| F|  |TAMS 0x0000000099a00000, 0x0000000099a00000| Untracked 
| 411|0x0000000099b00000, 0x0000000099b00000, 0x0000000099c00000|  0%| F|  |TAMS 0x0000000099b00000, 0x0000000099b00000| Untracked 
| 412|0x0000000099c00000, 0x0000000099c00000, 0x0000000099d00000|  0%| F|  |TAMS 0x0000000099c00000, 0x0000000099c00000| Untracked 
| 413|0x0000000099d00000, 0x0000000099d00000, 0x0000000099e00000|  0%| F|  |TAMS 0x0000000099d00000, 0x0000000099d00000| Untracked 
| 414|0x0000000099e00000, 0x0000000099e00000, 0x0000000099f00000|  0%| F|  |TAMS 0x0000000099e00000, 0x0000000099e00000| Untracked 
| 415|0x0000000099f00000, 0x0000000099f00000, 0x000000009a000000|  0%| F|  |TAMS 0x0000000099f00000, 0x0000000099f00000| Untracked 
| 416|0x000000009a000000, 0x000000009a000000, 0x000000009a100000|  0%| F|  |TAMS 0x000000009a000000, 0x000000009a000000| Untracked 
| 417|0x000000009a100000, 0x000000009a100000, 0x000000009a200000|  0%| F|  |TAMS 0x000000009a100000, 0x000000009a100000| Untracked 
| 418|0x000000009a200000, 0x000000009a200000, 0x000000009a300000|  0%| F|  |TAMS 0x000000009a200000, 0x000000009a200000| Untracked 
| 419|0x000000009a300000, 0x000000009a300000, 0x000000009a400000|  0%| F|  |TAMS 0x000000009a300000, 0x000000009a300000| Untracked 
| 420|0x000000009a400000, 0x000000009a400000, 0x000000009a500000|  0%| F|  |TAMS 0x000000009a400000, 0x000000009a400000| Untracked 
| 421|0x000000009a500000, 0x000000009a500000, 0x000000009a600000|  0%| F|  |TAMS 0x000000009a500000, 0x000000009a500000| Untracked 
| 422|0x000000009a600000, 0x000000009a600000, 0x000000009a700000|  0%| F|  |TAMS 0x000000009a600000, 0x000000009a600000| Untracked 
| 423|0x000000009a700000, 0x000000009a700000, 0x000000009a800000|  0%| F|  |TAMS 0x000000009a700000, 0x000000009a700000| Untracked 
| 424|0x000000009a800000, 0x000000009a800000, 0x000000009a900000|  0%| F|  |TAMS 0x000000009a800000, 0x000000009a800000| Untracked 
| 425|0x000000009a900000, 0x000000009a900000, 0x000000009aa00000|  0%| F|  |TAMS 0x000000009a900000, 0x000000009a900000| Untracked 
| 426|0x000000009aa00000, 0x000000009aa00000, 0x000000009ab00000|  0%| F|  |TAMS 0x000000009aa00000, 0x000000009aa00000| Untracked 
| 427|0x000000009ab00000, 0x000000009ab00000, 0x000000009ac00000|  0%| F|  |TAMS 0x000000009ab00000, 0x000000009ab00000| Untracked 
| 428|0x000000009ac00000, 0x000000009ac00000, 0x000000009ad00000|  0%| F|  |TAMS 0x000000009ac00000, 0x000000009ac00000| Untracked 
| 429|0x000000009ad00000, 0x000000009ad00000, 0x000000009ae00000|  0%| F|  |TAMS 0x000000009ad00000, 0x000000009ad00000| Untracked 
| 430|0x000000009ae00000, 0x000000009ae00000, 0x000000009af00000|  0%| F|  |TAMS 0x000000009ae00000, 0x000000009ae00000| Untracked 
| 431|0x000000009af00000, 0x000000009af00000, 0x000000009b000000|  0%| F|  |TAMS 0x000000009af00000, 0x000000009af00000| Untracked 
| 432|0x000000009b000000, 0x000000009b000000, 0x000000009b100000|  0%| F|  |TAMS 0x000000009b000000, 0x000000009b000000| Untracked 
| 433|0x000000009b100000, 0x000000009b100000, 0x000000009b200000|  0%| F|  |TAMS 0x000000009b100000, 0x000000009b100000| Untracked 
| 434|0x000000009b200000, 0x000000009b200000, 0x000000009b300000|  0%| F|  |TAMS 0x000000009b200000, 0x000000009b200000| Untracked 
| 435|0x000000009b300000, 0x000000009b300000, 0x000000009b400000|  0%| F|  |TAMS 0x000000009b300000, 0x000000009b300000| Untracked 
| 436|0x000000009b400000, 0x000000009b400000, 0x000000009b500000|  0%| F|  |TAMS 0x000000009b400000, 0x000000009b400000| Untracked 
| 437|0x000000009b500000, 0x000000009b500000, 0x000000009b600000|  0%| F|  |TAMS 0x000000009b500000, 0x000000009b500000| Untracked 
| 438|0x000000009b600000, 0x000000009b600000, 0x000000009b700000|  0%| F|  |TAMS 0x000000009b600000, 0x000000009b600000| Untracked 
| 439|0x000000009b700000, 0x000000009b700000, 0x000000009b800000|  0%| F|  |TAMS 0x000000009b700000, 0x000000009b700000| Untracked 
| 440|0x000000009b800000, 0x000000009b800000, 0x000000009b900000|  0%| F|  |TAMS 0x000000009b800000, 0x000000009b800000| Untracked 
| 441|0x000000009b900000, 0x000000009b900000, 0x000000009ba00000|  0%| F|  |TAMS 0x000000009b900000, 0x000000009b900000| Untracked 
| 442|0x000000009ba00000, 0x000000009ba00000, 0x000000009bb00000|  0%| F|  |TAMS 0x000000009ba00000, 0x000000009ba00000| Untracked 
| 443|0x000000009bb00000, 0x000000009bb00000, 0x000000009bc00000|  0%| F|  |TAMS 0x000000009bb00000, 0x000000009bb00000| Untracked 
| 444|0x000000009bc00000, 0x000000009bc00000, 0x000000009bd00000|  0%| F|  |TAMS 0x000000009bc00000, 0x000000009bc00000| Untracked 
| 445|0x000000009bd00000, 0x000000009bd00000, 0x000000009be00000|  0%| F|  |TAMS 0x000000009bd00000, 0x000000009bd00000| Untracked 
| 446|0x000000009be00000, 0x000000009be00000, 0x000000009bf00000|  0%| F|  |TAMS 0x000000009be00000, 0x000000009be00000| Untracked 
| 447|0x000000009bf00000, 0x000000009bf00000, 0x000000009c000000|  0%| F|  |TAMS 0x000000009bf00000, 0x000000009bf00000| Untracked 
| 448|0x000000009c000000, 0x000000009c000000, 0x000000009c100000|  0%| F|  |TAMS 0x000000009c000000, 0x000000009c000000| Untracked 
| 449|0x000000009c100000, 0x000000009c100000, 0x000000009c200000|  0%| F|  |TAMS 0x000000009c100000, 0x000000009c100000| Untracked 
| 450|0x000000009c200000, 0x000000009c200000, 0x000000009c300000|  0%| F|  |TAMS 0x000000009c200000, 0x000000009c200000| Untracked 
| 451|0x000000009c300000, 0x000000009c300000, 0x000000009c400000|  0%| F|  |TAMS 0x000000009c300000, 0x000000009c300000| Untracked 
| 452|0x000000009c400000, 0x000000009c479c40, 0x000000009c500000| 47%| S|CS|TAMS 0x000000009c400000, 0x000000009c400000| Complete 
| 453|0x000000009c500000, 0x000000009c600000, 0x000000009c600000|100%| S|CS|TAMS 0x000000009c500000, 0x000000009c500000| Complete 
| 454|0x000000009c600000, 0x000000009c700000, 0x000000009c700000|100%| S|CS|TAMS 0x000000009c600000, 0x000000009c600000| Complete 
| 455|0x000000009c700000, 0x000000009c800000, 0x000000009c800000|100%| S|CS|TAMS 0x000000009c700000, 0x000000009c700000| Complete 
| 456|0x000000009c800000, 0x000000009c900000, 0x000000009c900000|100%| S|CS|TAMS 0x000000009c800000, 0x000000009c800000| Complete 
| 457|0x000000009c900000, 0x000000009ca00000, 0x000000009ca00000|100%| S|CS|TAMS 0x000000009c900000, 0x000000009c900000| Complete 
| 458|0x000000009ca00000, 0x000000009cb00000, 0x000000009cb00000|100%| S|CS|TAMS 0x000000009ca00000, 0x000000009ca00000| Complete 
| 459|0x000000009cb00000, 0x000000009cc00000, 0x000000009cc00000|100%| S|CS|TAMS 0x000000009cb00000, 0x000000009cb00000| Complete 
| 460|0x000000009cc00000, 0x000000009cd00000, 0x000000009cd00000|100%| S|CS|TAMS 0x000000009cc00000, 0x000000009cc00000| Complete 
| 461|0x000000009cd00000, 0x000000009ce00000, 0x000000009ce00000|100%| S|CS|TAMS 0x000000009cd00000, 0x000000009cd00000| Complete 
| 462|0x000000009ce00000, 0x000000009ce00000, 0x000000009cf00000|  0%| F|  |TAMS 0x000000009ce00000, 0x000000009ce00000| Untracked 
| 463|0x000000009cf00000, 0x000000009cf00000, 0x000000009d000000|  0%| F|  |TAMS 0x000000009cf00000, 0x000000009cf00000| Untracked 
| 464|0x000000009d000000, 0x000000009d000000, 0x000000009d100000|  0%| F|  |TAMS 0x000000009d000000, 0x000000009d000000| Untracked 
| 465|0x000000009d100000, 0x000000009d100000, 0x000000009d200000|  0%| F|  |TAMS 0x000000009d100000, 0x000000009d100000| Untracked 
| 466|0x000000009d200000, 0x000000009d200000, 0x000000009d300000|  0%| F|  |TAMS 0x000000009d200000, 0x000000009d200000| Untracked 
| 467|0x000000009d300000, 0x000000009d300000, 0x000000009d400000|  0%| F|  |TAMS 0x000000009d300000, 0x000000009d300000| Untracked 
| 468|0x000000009d400000, 0x000000009d400000, 0x000000009d500000|  0%| F|  |TAMS 0x000000009d400000, 0x000000009d400000| Untracked 
| 469|0x000000009d500000, 0x000000009d500000, 0x000000009d600000|  0%| F|  |TAMS 0x000000009d500000, 0x000000009d500000| Untracked 
| 470|0x000000009d600000, 0x000000009d600000, 0x000000009d700000|  0%| F|  |TAMS 0x000000009d600000, 0x000000009d600000| Untracked 
| 471|0x000000009d700000, 0x000000009d700000, 0x000000009d800000|  0%| F|  |TAMS 0x000000009d700000, 0x000000009d700000| Untracked 
| 472|0x000000009d800000, 0x000000009d800000, 0x000000009d900000|  0%| F|  |TAMS 0x000000009d800000, 0x000000009d800000| Untracked 
| 473|0x000000009d900000, 0x000000009d900000, 0x000000009da00000|  0%| F|  |TAMS 0x000000009d900000, 0x000000009d900000| Untracked 
| 474|0x000000009da00000, 0x000000009da00000, 0x000000009db00000|  0%| F|  |TAMS 0x000000009da00000, 0x000000009da00000| Untracked 
| 475|0x000000009db00000, 0x000000009db00000, 0x000000009dc00000|  0%| F|  |TAMS 0x000000009db00000, 0x000000009db00000| Untracked 
| 476|0x000000009dc00000, 0x000000009dc00000, 0x000000009dd00000|  0%| F|  |TAMS 0x000000009dc00000, 0x000000009dc00000| Untracked 
| 477|0x000000009dd00000, 0x000000009dd00000, 0x000000009de00000|  0%| F|  |TAMS 0x000000009dd00000, 0x000000009dd00000| Untracked 
| 478|0x000000009de00000, 0x000000009de00000, 0x000000009df00000|  0%| F|  |TAMS 0x000000009de00000, 0x000000009de00000| Untracked 
| 479|0x000000009df00000, 0x000000009df00000, 0x000000009e000000|  0%| F|  |TAMS 0x000000009df00000, 0x000000009df00000| Untracked 
| 480|0x000000009e000000, 0x000000009e000000, 0x000000009e100000|  0%| F|  |TAMS 0x000000009e000000, 0x000000009e000000| Untracked 
| 481|0x000000009e100000, 0x000000009e100000, 0x000000009e200000|  0%| F|  |TAMS 0x000000009e100000, 0x000000009e100000| Untracked 
| 482|0x000000009e200000, 0x000000009e200000, 0x000000009e300000|  0%| F|  |TAMS 0x000000009e200000, 0x000000009e200000| Untracked 
| 483|0x000000009e300000, 0x000000009e300000, 0x000000009e400000|  0%| F|  |TAMS 0x000000009e300000, 0x000000009e300000| Untracked 
| 484|0x000000009e400000, 0x000000009e400000, 0x000000009e500000|  0%| F|  |TAMS 0x000000009e400000, 0x000000009e400000| Untracked 
| 485|0x000000009e500000, 0x000000009e500000, 0x000000009e600000|  0%| F|  |TAMS 0x000000009e500000, 0x000000009e500000| Untracked 
| 486|0x000000009e600000, 0x000000009e600000, 0x000000009e700000|  0%| F|  |TAMS 0x000000009e600000, 0x000000009e600000| Untracked 
| 487|0x000000009e700000, 0x000000009e700000, 0x000000009e800000|  0%| F|  |TAMS 0x000000009e700000, 0x000000009e700000| Untracked 
| 488|0x000000009e800000, 0x000000009e800000, 0x000000009e900000|  0%| F|  |TAMS 0x000000009e800000, 0x000000009e800000| Untracked 
| 489|0x000000009e900000, 0x000000009e900000, 0x000000009ea00000|  0%| F|  |TAMS 0x000000009e900000, 0x000000009e900000| Untracked 
| 490|0x000000009ea00000, 0x000000009ea00000, 0x000000009eb00000|  0%| F|  |TAMS 0x000000009ea00000, 0x000000009ea00000| Untracked 
| 491|0x000000009eb00000, 0x000000009eb00000, 0x000000009ec00000|  0%| F|  |TAMS 0x000000009eb00000, 0x000000009eb00000| Untracked 
| 492|0x000000009ec00000, 0x000000009ec00000, 0x000000009ed00000|  0%| F|  |TAMS 0x000000009ec00000, 0x000000009ec00000| Untracked 
| 493|0x000000009ed00000, 0x000000009ed00000, 0x000000009ee00000|  0%| F|  |TAMS 0x000000009ed00000, 0x000000009ed00000| Untracked 
| 494|0x000000009ee00000, 0x000000009ee00000, 0x000000009ef00000|  0%| F|  |TAMS 0x000000009ee00000, 0x000000009ee00000| Untracked 
| 495|0x000000009ef00000, 0x000000009ef00000, 0x000000009f000000|  0%| F|  |TAMS 0x000000009ef00000, 0x000000009ef00000| Untracked 
| 496|0x000000009f000000, 0x000000009f000000, 0x000000009f100000|  0%| F|  |TAMS 0x000000009f000000, 0x000000009f000000| Untracked 
| 497|0x000000009f100000, 0x000000009f100000, 0x000000009f200000|  0%| F|  |TAMS 0x000000009f100000, 0x000000009f100000| Untracked 
| 498|0x000000009f200000, 0x000000009f200000, 0x000000009f300000|  0%| F|  |TAMS 0x000000009f200000, 0x000000009f200000| Untracked 
| 499|0x000000009f300000, 0x000000009f37b8c8, 0x000000009f400000| 48%| E|  |TAMS 0x000000009f300000, 0x000000009f300000| Complete 
| 500|0x000000009f400000, 0x000000009f500000, 0x000000009f500000|100%| E|CS|TAMS 0x000000009f400000, 0x000000009f400000| Complete 
| 501|0x000000009f500000, 0x000000009f600000, 0x000000009f600000|100%| E|CS|TAMS 0x000000009f500000, 0x000000009f500000| Complete 
| 502|0x000000009f600000, 0x000000009f700000, 0x000000009f700000|100%| E|CS|TAMS 0x000000009f600000, 0x000000009f600000| Complete 
| 503|0x000000009f700000, 0x000000009f800000, 0x000000009f800000|100%| E|CS|TAMS 0x000000009f700000, 0x000000009f700000| Complete 
| 504|0x000000009f800000, 0x000000009f900000, 0x000000009f900000|100%| E|CS|TAMS 0x000000009f800000, 0x000000009f800000| Complete 
| 505|0x000000009f900000, 0x000000009fa00000, 0x000000009fa00000|100%| E|CS|TAMS 0x000000009f900000, 0x000000009f900000| Complete 
| 506|0x000000009fa00000, 0x000000009fb00000, 0x000000009fb00000|100%| E|CS|TAMS 0x000000009fa00000, 0x000000009fa00000| Complete 
| 507|0x000000009fb00000, 0x000000009fc00000, 0x000000009fc00000|100%| E|CS|TAMS 0x000000009fb00000, 0x000000009fb00000| Complete 
| 508|0x000000009fc00000, 0x000000009fd00000, 0x000000009fd00000|100%| E|CS|TAMS 0x000000009fc00000, 0x000000009fc00000| Complete 
| 509|0x000000009fd00000, 0x000000009fe00000, 0x000000009fe00000|100%| E|CS|TAMS 0x000000009fd00000, 0x000000009fd00000| Complete 
| 510|0x000000009fe00000, 0x000000009ff00000, 0x000000009ff00000|100%| E|CS|TAMS 0x000000009fe00000, 0x000000009fe00000| Complete 
| 511|0x000000009ff00000, 0x00000000a0000000, 0x00000000a0000000|100%| E|CS|TAMS 0x000000009ff00000, 0x000000009ff00000| Complete 
| 512|0x00000000a0000000, 0x00000000a0100000, 0x00000000a0100000|100%| E|CS|TAMS 0x00000000a0000000, 0x00000000a0000000| Complete 
| 513|0x00000000a0100000, 0x00000000a0200000, 0x00000000a0200000|100%| E|CS|TAMS 0x00000000a0100000, 0x00000000a0100000| Complete 
| 514|0x00000000a0200000, 0x00000000a0300000, 0x00000000a0300000|100%| E|CS|TAMS 0x00000000a0200000, 0x00000000a0200000| Complete 
| 515|0x00000000a0300000, 0x00000000a0400000, 0x00000000a0400000|100%| E|  |TAMS 0x00000000a0300000, 0x00000000a0300000| Complete 
| 516|0x00000000a0400000, 0x00000000a0500000, 0x00000000a0500000|100%| E|CS|TAMS 0x00000000a0400000, 0x00000000a0400000| Complete 
| 517|0x00000000a0500000, 0x00000000a0600000, 0x00000000a0600000|100%| E|CS|TAMS 0x00000000a0500000, 0x00000000a0500000| Complete 
| 518|0x00000000a0600000, 0x00000000a0700000, 0x00000000a0700000|100%| E|CS|TAMS 0x00000000a0600000, 0x00000000a0600000| Complete 
| 519|0x00000000a0700000, 0x00000000a0800000, 0x00000000a0800000|100%| E|CS|TAMS 0x00000000a0700000, 0x00000000a0700000| Complete 
| 520|0x00000000a0800000, 0x00000000a0900000, 0x00000000a0900000|100%| E|CS|TAMS 0x00000000a0800000, 0x00000000a0800000| Complete 
| 521|0x00000000a0900000, 0x00000000a0a00000, 0x00000000a0a00000|100%| E|CS|TAMS 0x00000000a0900000, 0x00000000a0900000| Complete 
| 522|0x00000000a0a00000, 0x00000000a0b00000, 0x00000000a0b00000|100%| E|CS|TAMS 0x00000000a0a00000, 0x00000000a0a00000| Complete 
| 523|0x00000000a0b00000, 0x00000000a0c00000, 0x00000000a0c00000|100%| E|CS|TAMS 0x00000000a0b00000, 0x00000000a0b00000| Complete 
| 524|0x00000000a0c00000, 0x00000000a0d00000, 0x00000000a0d00000|100%| E|CS|TAMS 0x00000000a0c00000, 0x00000000a0c00000| Complete 
| 525|0x00000000a0d00000, 0x00000000a0e00000, 0x00000000a0e00000|100%| E|CS|TAMS 0x00000000a0d00000, 0x00000000a0d00000| Complete 
| 526|0x00000000a0e00000, 0x00000000a0f00000, 0x00000000a0f00000|100%| E|CS|TAMS 0x00000000a0e00000, 0x00000000a0e00000| Complete 
| 527|0x00000000a0f00000, 0x00000000a1000000, 0x00000000a1000000|100%| E|CS|TAMS 0x00000000a0f00000, 0x00000000a0f00000| Complete 
| 528|0x00000000a1000000, 0x00000000a1100000, 0x00000000a1100000|100%| E|CS|TAMS 0x00000000a1000000, 0x00000000a1000000| Complete 
| 529|0x00000000a1100000, 0x00000000a1200000, 0x00000000a1200000|100%| E|CS|TAMS 0x00000000a1100000, 0x00000000a1100000| Complete 
| 530|0x00000000a1200000, 0x00000000a1300000, 0x00000000a1300000|100%| E|CS|TAMS 0x00000000a1200000, 0x00000000a1200000| Complete 
| 531|0x00000000a1300000, 0x00000000a1400000, 0x00000000a1400000|100%| E|CS|TAMS 0x00000000a1300000, 0x00000000a1300000| Complete 
| 532|0x00000000a1400000, 0x00000000a1500000, 0x00000000a1500000|100%| E|CS|TAMS 0x00000000a1400000, 0x00000000a1400000| Complete 
| 533|0x00000000a1500000, 0x00000000a1600000, 0x00000000a1600000|100%| E|CS|TAMS 0x00000000a1500000, 0x00000000a1500000| Complete 
| 534|0x00000000a1600000, 0x00000000a1700000, 0x00000000a1700000|100%| E|CS|TAMS 0x00000000a1600000, 0x00000000a1600000| Complete 
| 535|0x00000000a1700000, 0x00000000a1800000, 0x00000000a1800000|100%| E|CS|TAMS 0x00000000a1700000, 0x00000000a1700000| Complete 
| 536|0x00000000a1800000, 0x00000000a1900000, 0x00000000a1900000|100%| E|CS|TAMS 0x00000000a1800000, 0x00000000a1800000| Complete 
| 537|0x00000000a1900000, 0x00000000a1a00000, 0x00000000a1a00000|100%| E|CS|TAMS 0x00000000a1900000, 0x00000000a1900000| Complete 
| 538|0x00000000a1a00000, 0x00000000a1b00000, 0x00000000a1b00000|100%| E|CS|TAMS 0x00000000a1a00000, 0x00000000a1a00000| Complete 
| 539|0x00000000a1b00000, 0x00000000a1c00000, 0x00000000a1c00000|100%| E|CS|TAMS 0x00000000a1b00000, 0x00000000a1b00000| Complete 
| 540|0x00000000a1c00000, 0x00000000a1d00000, 0x00000000a1d00000|100%| E|CS|TAMS 0x00000000a1c00000, 0x00000000a1c00000| Complete 
| 541|0x00000000a1d00000, 0x00000000a1e00000, 0x00000000a1e00000|100%| E|CS|TAMS 0x00000000a1d00000, 0x00000000a1d00000| Complete 
| 542|0x00000000a1e00000, 0x00000000a1f00000, 0x00000000a1f00000|100%| E|CS|TAMS 0x00000000a1e00000, 0x00000000a1e00000| Complete 
| 543|0x00000000a1f00000, 0x00000000a2000000, 0x00000000a2000000|100%| E|CS|TAMS 0x00000000a1f00000, 0x00000000a1f00000| Complete 
| 544|0x00000000a2000000, 0x00000000a2100000, 0x00000000a2100000|100%| E|CS|TAMS 0x00000000a2000000, 0x00000000a2000000| Complete 
| 545|0x00000000a2100000, 0x00000000a2200000, 0x00000000a2200000|100%| E|CS|TAMS 0x00000000a2100000, 0x00000000a2100000| Complete 
| 546|0x00000000a2200000, 0x00000000a2300000, 0x00000000a2300000|100%| E|CS|TAMS 0x00000000a2200000, 0x00000000a2200000| Complete 
| 547|0x00000000a2300000, 0x00000000a2400000, 0x00000000a2400000|100%| E|CS|TAMS 0x00000000a2300000, 0x00000000a2300000| Complete 
| 548|0x00000000a2400000, 0x00000000a2500000, 0x00000000a2500000|100%| E|CS|TAMS 0x00000000a2400000, 0x00000000a2400000| Complete 
| 549|0x00000000a2500000, 0x00000000a2600000, 0x00000000a2600000|100%| E|CS|TAMS 0x00000000a2500000, 0x00000000a2500000| Complete 
| 550|0x00000000a2600000, 0x00000000a2700000, 0x00000000a2700000|100%| E|CS|TAMS 0x00000000a2600000, 0x00000000a2600000| Complete 
| 551|0x00000000a2700000, 0x00000000a2800000, 0x00000000a2800000|100%| E|CS|TAMS 0x00000000a2700000, 0x00000000a2700000| Complete 
| 552|0x00000000a2800000, 0x00000000a2900000, 0x00000000a2900000|100%| E|CS|TAMS 0x00000000a2800000, 0x00000000a2800000| Complete 
| 553|0x00000000a2900000, 0x00000000a2a00000, 0x00000000a2a00000|100%| E|CS|TAMS 0x00000000a2900000, 0x00000000a2900000| Complete 
| 554|0x00000000a2a00000, 0x00000000a2b00000, 0x00000000a2b00000|100%| E|CS|TAMS 0x00000000a2a00000, 0x00000000a2a00000| Complete 
| 555|0x00000000a2b00000, 0x00000000a2c00000, 0x00000000a2c00000|100%| E|CS|TAMS 0x00000000a2b00000, 0x00000000a2b00000| Complete 
| 556|0x00000000a2c00000, 0x00000000a2d00000, 0x00000000a2d00000|100%| E|CS|TAMS 0x00000000a2c00000, 0x00000000a2c00000| Complete 
| 557|0x00000000a2d00000, 0x00000000a2e00000, 0x00000000a2e00000|100%| E|CS|TAMS 0x00000000a2d00000, 0x00000000a2d00000| Complete 
| 558|0x00000000a2e00000, 0x00000000a2f00000, 0x00000000a2f00000|100%| E|CS|TAMS 0x00000000a2e00000, 0x00000000a2e00000| Complete 
| 559|0x00000000a2f00000, 0x00000000a3000000, 0x00000000a3000000|100%| E|CS|TAMS 0x00000000a2f00000, 0x00000000a2f00000| Complete 
| 560|0x00000000a3000000, 0x00000000a3100000, 0x00000000a3100000|100%| E|CS|TAMS 0x00000000a3000000, 0x00000000a3000000| Complete 
| 561|0x00000000a3100000, 0x00000000a3200000, 0x00000000a3200000|100%| E|CS|TAMS 0x00000000a3100000, 0x00000000a3100000| Complete 
| 562|0x00000000a3200000, 0x00000000a3300000, 0x00000000a3300000|100%| E|CS|TAMS 0x00000000a3200000, 0x00000000a3200000| Complete 
| 563|0x00000000a3300000, 0x00000000a3400000, 0x00000000a3400000|100%| E|CS|TAMS 0x00000000a3300000, 0x00000000a3300000| Complete 
| 564|0x00000000a3400000, 0x00000000a3500000, 0x00000000a3500000|100%| E|CS|TAMS 0x00000000a3400000, 0x00000000a3400000| Complete 
| 565|0x00000000a3500000, 0x00000000a3600000, 0x00000000a3600000|100%| E|CS|TAMS 0x00000000a3500000, 0x00000000a3500000| Complete 
| 566|0x00000000a3600000, 0x00000000a3700000, 0x00000000a3700000|100%| E|CS|TAMS 0x00000000a3600000, 0x00000000a3600000| Complete 
| 567|0x00000000a3700000, 0x00000000a3800000, 0x00000000a3800000|100%| E|CS|TAMS 0x00000000a3700000, 0x00000000a3700000| Complete 
| 568|0x00000000a3800000, 0x00000000a3900000, 0x00000000a3900000|100%| E|CS|TAMS 0x00000000a3800000, 0x00000000a3800000| Complete 
| 569|0x00000000a3900000, 0x00000000a3a00000, 0x00000000a3a00000|100%| E|CS|TAMS 0x00000000a3900000, 0x00000000a3900000| Complete 
| 570|0x00000000a3a00000, 0x00000000a3b00000, 0x00000000a3b00000|100%| E|CS|TAMS 0x00000000a3a00000, 0x00000000a3a00000| Complete 
| 571|0x00000000a3b00000, 0x00000000a3c00000, 0x00000000a3c00000|100%| E|CS|TAMS 0x00000000a3b00000, 0x00000000a3b00000| Complete 
| 572|0x00000000a3c00000, 0x00000000a3d00000, 0x00000000a3d00000|100%| E|CS|TAMS 0x00000000a3c00000, 0x00000000a3c00000| Complete 
| 573|0x00000000a3d00000, 0x00000000a3e00000, 0x00000000a3e00000|100%| E|CS|TAMS 0x00000000a3d00000, 0x00000000a3d00000| Complete 
| 574|0x00000000a3e00000, 0x00000000a3f00000, 0x00000000a3f00000|100%| E|CS|TAMS 0x00000000a3e00000, 0x00000000a3e00000| Complete 
| 575|0x00000000a3f00000, 0x00000000a4000000, 0x00000000a4000000|100%| E|CS|TAMS 0x00000000a3f00000, 0x00000000a3f00000| Complete 
| 576|0x00000000a4000000, 0x00000000a4100000, 0x00000000a4100000|100%| E|CS|TAMS 0x00000000a4000000, 0x00000000a4000000| Complete 
| 577|0x00000000a4100000, 0x00000000a4200000, 0x00000000a4200000|100%| E|CS|TAMS 0x00000000a4100000, 0x00000000a4100000| Complete 
| 578|0x00000000a4200000, 0x00000000a4300000, 0x00000000a4300000|100%| E|CS|TAMS 0x00000000a4200000, 0x00000000a4200000| Complete 
| 579|0x00000000a4300000, 0x00000000a4400000, 0x00000000a4400000|100%| E|CS|TAMS 0x00000000a4300000, 0x00000000a4300000| Complete 
| 580|0x00000000a4400000, 0x00000000a4500000, 0x00000000a4500000|100%| E|CS|TAMS 0x00000000a4400000, 0x00000000a4400000| Complete 
| 581|0x00000000a4500000, 0x00000000a4600000, 0x00000000a4600000|100%| E|CS|TAMS 0x00000000a4500000, 0x00000000a4500000| Complete 
| 582|0x00000000a4600000, 0x00000000a4700000, 0x00000000a4700000|100%| E|CS|TAMS 0x00000000a4600000, 0x00000000a4600000| Complete 
| 583|0x00000000a4700000, 0x00000000a4800000, 0x00000000a4800000|100%| E|CS|TAMS 0x00000000a4700000, 0x00000000a4700000| Complete 
| 584|0x00000000a4800000, 0x00000000a4900000, 0x00000000a4900000|100%| E|CS|TAMS 0x00000000a4800000, 0x00000000a4800000| Complete 
| 585|0x00000000a4900000, 0x00000000a4a00000, 0x00000000a4a00000|100%| E|CS|TAMS 0x00000000a4900000, 0x00000000a4900000| Complete 
| 586|0x00000000a4a00000, 0x00000000a4b00000, 0x00000000a4b00000|100%| E|CS|TAMS 0x00000000a4a00000, 0x00000000a4a00000| Complete 
| 587|0x00000000a4b00000, 0x00000000a4c00000, 0x00000000a4c00000|100%| E|CS|TAMS 0x00000000a4b00000, 0x00000000a4b00000| Complete 
| 588|0x00000000a4c00000, 0x00000000a4d00000, 0x00000000a4d00000|100%| E|CS|TAMS 0x00000000a4c00000, 0x00000000a4c00000| Complete 
| 589|0x00000000a4d00000, 0x00000000a4e00000, 0x00000000a4e00000|100%| E|CS|TAMS 0x00000000a4d00000, 0x00000000a4d00000| Complete 
| 590|0x00000000a4e00000, 0x00000000a4f00000, 0x00000000a4f00000|100%| E|CS|TAMS 0x00000000a4e00000, 0x00000000a4e00000| Complete 
| 591|0x00000000a4f00000, 0x00000000a5000000, 0x00000000a5000000|100%| E|CS|TAMS 0x00000000a4f00000, 0x00000000a4f00000| Complete 
| 592|0x00000000a5000000, 0x00000000a5100000, 0x00000000a5100000|100%| E|CS|TAMS 0x00000000a5000000, 0x00000000a5000000| Complete 
| 593|0x00000000a5100000, 0x00000000a5200000, 0x00000000a5200000|100%| E|CS|TAMS 0x00000000a5100000, 0x00000000a5100000| Complete 
| 594|0x00000000a5200000, 0x00000000a5300000, 0x00000000a5300000|100%| E|CS|TAMS 0x00000000a5200000, 0x00000000a5200000| Complete 
| 595|0x00000000a5300000, 0x00000000a5400000, 0x00000000a5400000|100%| E|CS|TAMS 0x00000000a5300000, 0x00000000a5300000| Complete 
| 596|0x00000000a5400000, 0x00000000a5500000, 0x00000000a5500000|100%| E|CS|TAMS 0x00000000a5400000, 0x00000000a5400000| Complete 
| 597|0x00000000a5500000, 0x00000000a5600000, 0x00000000a5600000|100%| E|CS|TAMS 0x00000000a5500000, 0x00000000a5500000| Complete 
| 598|0x00000000a5600000, 0x00000000a5700000, 0x00000000a5700000|100%| E|CS|TAMS 0x00000000a5600000, 0x00000000a5600000| Complete 
| 599|0x00000000a5700000, 0x00000000a5800000, 0x00000000a5800000|100%| E|CS|TAMS 0x00000000a5700000, 0x00000000a5700000| Complete 
| 600|0x00000000a5800000, 0x00000000a5900000, 0x00000000a5900000|100%| E|CS|TAMS 0x00000000a5800000, 0x00000000a5800000| Complete 
| 601|0x00000000a5900000, 0x00000000a5a00000, 0x00000000a5a00000|100%| E|CS|TAMS 0x00000000a5900000, 0x00000000a5900000| Complete 
| 602|0x00000000a5a00000, 0x00000000a5b00000, 0x00000000a5b00000|100%| E|CS|TAMS 0x00000000a5a00000, 0x00000000a5a00000| Complete 
| 603|0x00000000a5b00000, 0x00000000a5c00000, 0x00000000a5c00000|100%| E|CS|TAMS 0x00000000a5b00000, 0x00000000a5b00000| Complete 
| 604|0x00000000a5c00000, 0x00000000a5d00000, 0x00000000a5d00000|100%| E|CS|TAMS 0x00000000a5c00000, 0x00000000a5c00000| Complete 
| 605|0x00000000a5d00000, 0x00000000a5e00000, 0x00000000a5e00000|100%| E|CS|TAMS 0x00000000a5d00000, 0x00000000a5d00000| Complete 
| 606|0x00000000a5e00000, 0x00000000a5f00000, 0x00000000a5f00000|100%| E|CS|TAMS 0x00000000a5e00000, 0x00000000a5e00000| Complete 
| 607|0x00000000a5f00000, 0x00000000a6000000, 0x00000000a6000000|100%| E|CS|TAMS 0x00000000a5f00000, 0x00000000a5f00000| Complete 
| 608|0x00000000a6000000, 0x00000000a6100000, 0x00000000a6100000|100%| E|CS|TAMS 0x00000000a6000000, 0x00000000a6000000| Complete 
| 609|0x00000000a6100000, 0x00000000a6200000, 0x00000000a6200000|100%| E|CS|TAMS 0x00000000a6100000, 0x00000000a6100000| Complete 
| 610|0x00000000a6200000, 0x00000000a6300000, 0x00000000a6300000|100%| E|CS|TAMS 0x00000000a6200000, 0x00000000a6200000| Complete 
| 611|0x00000000a6300000, 0x00000000a6400000, 0x00000000a6400000|100%| E|CS|TAMS 0x00000000a6300000, 0x00000000a6300000| Complete 
| 612|0x00000000a6400000, 0x00000000a6500000, 0x00000000a6500000|100%| E|CS|TAMS 0x00000000a6400000, 0x00000000a6400000| Complete 
| 613|0x00000000a6500000, 0x00000000a6600000, 0x00000000a6600000|100%| E|CS|TAMS 0x00000000a6500000, 0x00000000a6500000| Complete 
| 614|0x00000000a6600000, 0x00000000a6700000, 0x00000000a6700000|100%| E|CS|TAMS 0x00000000a6600000, 0x00000000a6600000| Complete 
| 615|0x00000000a6700000, 0x00000000a6800000, 0x00000000a6800000|100%| E|CS|TAMS 0x00000000a6700000, 0x00000000a6700000| Complete 
| 616|0x00000000a6800000, 0x00000000a6900000, 0x00000000a6900000|100%| E|CS|TAMS 0x00000000a6800000, 0x00000000a6800000| Complete 
| 617|0x00000000a6900000, 0x00000000a6a00000, 0x00000000a6a00000|100%| E|CS|TAMS 0x00000000a6900000, 0x00000000a6900000| Complete 
| 618|0x00000000a6a00000, 0x00000000a6b00000, 0x00000000a6b00000|100%| E|CS|TAMS 0x00000000a6a00000, 0x00000000a6a00000| Complete 
| 619|0x00000000a6b00000, 0x00000000a6c00000, 0x00000000a6c00000|100%| E|CS|TAMS 0x00000000a6b00000, 0x00000000a6b00000| Complete 

Card table byte_map: [0x000001fa6fb00000,0x000001fa6ff00000] _byte_map_base: 0x000001fa6f700000

Marking Bits (Prev, Next): (CMBitMap*) 0x000001fa586ac1d0, (CMBitMap*) 0x000001fa586ac190
 Prev Bits: [0x000001fa72300000, 0x000001fa74300000)
 Next Bits: [0x000001fa70300000, 0x000001fa72300000)

Polling page: 0x000001fa56550000

Metaspace:

Usage:
  Non-class:    161.37 MB used.
      Class:     23.98 MB used.
       Both:    185.35 MB used.

Virtual space:
  Non-class space:      192.00 MB reserved,     162.69 MB ( 85%) committed,  3 nodes.
      Class space:      416.00 MB reserved,      25.06 MB (  6%) committed,  1 nodes.
             Both:      608.00 MB reserved,     187.75 MB ( 31%) committed. 

Chunk freelists:
   Non-Class:  13.05 MB
       Class:  6.78 MB
        Both:  19.84 MB

MaxMetaspaceSize: 512.00 MB
CompressedClassSpaceSize: 416.00 MB
Initial GC threshold: 21.00 MB
Current GC threshold: 192.31 MB
CDS: on
MetaspaceReclaimPolicy: balanced
 - commit_granule_bytes: 65536.
 - commit_granule_words: 8192.
 - virtual_space_node_default_size: 8388608.
 - enlarge_chunks_in_place: 1.
 - new_chunks_are_fully_committed: 0.
 - uncommit_free_chunks: 1.
 - use_allocation_guard: 0.
 - handle_deallocations: 1.


Internal statistics:

num_allocs_failed_limit: 6.
num_arena_births: 3266.
num_arena_deaths: 2.
num_vsnodes_births: 4.
num_vsnodes_deaths: 0.
num_space_committed: 3000.
num_space_uncommitted: 0.
num_chunks_returned_to_freelist: 15.
num_chunks_taken_from_freelist: 11831.
num_chunk_merges: 6.
num_chunk_splits: 7678.
num_chunks_enlarged: 4809.
num_inconsistent_stats: 0.

CodeHeap 'non-profiled nmethods': size=120000Kb used=21584Kb max_used=21584Kb free=98415Kb
 bounds [0x000001fa67c80000, 0x000001fa691a0000, 0x000001fa6f1b0000]
CodeHeap 'profiled nmethods': size=120000Kb used=52357Kb max_used=52357Kb free=67642Kb
 bounds [0x000001fa601b0000, 0x000001fa634e0000, 0x000001fa676e0000]
CodeHeap 'non-nmethods': size=5760Kb used=2543Kb max_used=2613Kb free=3216Kb
 bounds [0x000001fa676e0000, 0x000001fa67970000, 0x000001fa67c80000]
 total_blobs=28291 nmethods=27188 adapters=1012
 compilation: enabled
              stopped_count=0, restarted_count=0
 full_count=0

Compilation events (20 events):
Event: 264.866 Thread 0x000001fa76709fa0 nmethod 34406% 0x000001fa6918b590 code [0x000001fa6918b740, 0x000001fa6918be18]
Event: 264.868 Thread 0x000001fa76709fa0 34408       4       java.beans.MethodRef::set (58 bytes)
Event: 265.044 Thread 0x000001fa76717d20 34412       1       com.intellij.openapi.util.ObjectTree::getTreeLock (5 bytes)
Event: 265.044 Thread 0x000001fa76717d20 nmethod 34412 0x000001fa6918c090 code [0x000001fa6918c220, 0x000001fa6918c2f8]
Event: 265.060 Thread 0x000001fa26748ac0 nmethod 34402 0x000001fa6918c390 code [0x000001fa6918c820, 0x000001fa69191770]
Event: 265.061 Thread 0x000001fa26748ac0 34409       4       java.lang.reflect.Method::getTypeParameters (19 bytes)
Event: 265.090 Thread 0x000001fa76717d20 34413       1       com.intellij.openapi.extensions.BaseExtensionPointName::getName (5 bytes)
Event: 265.090 Thread 0x000001fa76717d20 nmethod 34413 0x000001fa69193d10 code [0x000001fa69193ea0, 0x000001fa69193f78]
Event: 265.090 Thread 0x000001fa76717d20 34414       3       it.unimi.dsi.fastutil.objects.Reference2ObjectOpenHashMap::get (113 bytes)
Event: 265.091 Thread 0x000001fa76717d20 nmethod 34414 0x000001fa634d2910 code [0x000001fa634d2b20, 0x000001fa634d3068]
Event: 265.105 Thread 0x000001fa76717d20 34415       3       com.intellij.openapi.vfs.impl.jar.CoreJarFileSystem::splitPath (75 bytes)
Event: 265.106 Thread 0x000001fa76717d20 nmethod 34415 0x000001fa634d3310 code [0x000001fa634d35e0, 0x000001fa634d41f8]
Event: 265.107 Thread 0x000001fa76717d20 34416       3       com.intellij.openapi.util.Pair::pair (10 bytes)
Event: 265.107 Thread 0x000001fa76717d20 nmethod 34416 0x000001fa634d4690 code [0x000001fa634d4840, 0x000001fa634d4af8]
Event: 265.111 Thread 0x000001fa76717d20 34417       3       org.gradle.api.tasks.util.PatternSet::hashCode (91 bytes)
Event: 265.112 Thread 0x000001fa76717d20 nmethod 34417 0x000001fa634d4c10 code [0x000001fa634d4e40, 0x000001fa634d56f8]
Event: 265.129 Thread 0x000001fa76717d20 34418       1       org.jetbrains.kotlin.cli.jvm.compiler.KotlinCoreEnvironment$ProjectEnvironment::getJarFileSystem$cli (5 bytes)
Event: 265.130 Thread 0x000001fa76717d20 nmethod 34418 0x000001fa69194010 code [0x000001fa691941a0, 0x000001fa69194278]
Event: 265.133 Thread 0x000001fa76717d20 34419       3       kotlin.sequences.FlatteningSequence$iterator$1::ensureItemIterator (112 bytes)
Event: 265.134 Thread 0x000001fa76717d20 nmethod 34419 0x000001fa634d5990 code [0x000001fa634d5be0, 0x000001fa634d65f8]

GC Heap History (20 events):
Event: 216.435 GC heap before
{Heap before GC invocations=83 (full 0):
 garbage-first heap   total 634880K, used 437943K [0x0000000080000000, 0x0000000100000000)
  region size 1024K, 186 young (190464K), 14 survivors (14336K)
 Metaspace       used 133714K, committed 135616K, reserved 557056K
  class space    used 18094K, committed 19008K, reserved 425984K
}
Event: 216.679 GC heap after
{Heap after GC invocations=84 (full 0):
 garbage-first heap   total 634880K, used 270637K [0x0000000080000000, 0x0000000100000000)
  region size 1024K, 12 young (12288K), 12 survivors (12288K)
 Metaspace       used 133714K, committed 135616K, reserved 557056K
  class space    used 18094K, committed 19008K, reserved 425984K
}
Event: 223.951 GC heap before
{Heap before GC invocations=84 (full 0):
 garbage-first heap   total 634880K, used 421165K [0x0000000080000000, 0x0000000100000000)
  region size 1024K, 150 young (153600K), 12 survivors (12288K)
 Metaspace       used 138080K, committed 139968K, reserved 557056K
  class space    used 18578K, committed 19456K, reserved 425984K
}
Event: 223.983 GC heap after
{Heap after GC invocations=85 (full 0):
 garbage-first heap   total 634880K, used 290483K [0x0000000080000000, 0x0000000100000000)
  region size 1024K, 19 young (19456K), 19 survivors (19456K)
 Metaspace       used 138080K, committed 139968K, reserved 557056K
  class space    used 18578K, committed 19456K, reserved 425984K
}
Event: 226.245 GC heap before
{Heap before GC invocations=85 (full 0):
 garbage-first heap   total 634880K, used 448179K [0x0000000080000000, 0x0000000100000000)
  region size 1024K, 160 young (163840K), 19 survivors (19456K)
 Metaspace       used 140157K, committed 142080K, reserved 557056K
  class space    used 18744K, committed 19648K, reserved 425984K
}
Event: 226.268 GC heap after
{Heap after GC invocations=86 (full 0):
 garbage-first heap   total 634880K, used 292651K [0x0000000080000000, 0x0000000100000000)
  region size 1024K, 10 young (10240K), 10 survivors (10240K)
 Metaspace       used 140157K, committed 142080K, reserved 557056K
  class space    used 18744K, committed 19648K, reserved 425984K
}
Event: 229.543 GC heap before
{Heap before GC invocations=86 (full 0):
 garbage-first heap   total 634880K, used 521003K [0x0000000080000000, 0x0000000100000000)
  region size 1024K, 217 young (222208K), 10 survivors (10240K)
 Metaspace       used 149505K, committed 151488K, reserved 622592K
  class space    used 19644K, committed 20544K, reserved 425984K
}
Event: 229.573 GC heap after
{Heap after GC invocations=87 (full 0):
 garbage-first heap   total 634880K, used 313747K [0x0000000080000000, 0x0000000100000000)
  region size 1024K, 26 young (26624K), 26 survivors (26624K)
 Metaspace       used 149505K, committed 151488K, reserved 622592K
  class space    used 19644K, committed 20544K, reserved 425984K
}
Event: 231.907 GC heap before
{Heap before GC invocations=87 (full 0):
 garbage-first heap   total 634880K, used 520595K [0x0000000080000000, 0x0000000100000000)
  region size 1024K, 218 young (223232K), 26 survivors (26624K)
 Metaspace       used 161444K, committed 163520K, reserved 622592K
  class space    used 21439K, committed 22400K, reserved 425984K
}
Event: 231.931 GC heap after
{Heap after GC invocations=88 (full 0):
 garbage-first heap   total 634880K, used 317308K [0x0000000080000000, 0x0000000100000000)
  region size 1024K, 19 young (19456K), 19 survivors (19456K)
 Metaspace       used 161444K, committed 163520K, reserved 622592K
  class space    used 21439K, committed 22400K, reserved 425984K
}
Event: 234.145 GC heap before
{Heap before GC invocations=88 (full 0):
 garbage-first heap   total 634880K, used 526204K [0x0000000080000000, 0x0000000100000000)
  region size 1024K, 208 young (212992K), 19 survivors (19456K)
 Metaspace       used 175443K, committed 177472K, reserved 622592K
  class space    used 22926K, committed 23872K, reserved 425984K
}
Event: 234.173 GC heap after
{Heap after GC invocations=89 (full 0):
 garbage-first heap   total 634880K, used 325792K [0x0000000080000000, 0x0000000100000000)
  region size 1024K, 14 young (14336K), 14 survivors (14336K)
 Metaspace       used 175443K, committed 177472K, reserved 622592K
  class space    used 22926K, committed 23872K, reserved 425984K
}
Event: 236.629 GC heap before
{Heap before GC invocations=89 (full 0):
 garbage-first heap   total 634880K, used 519328K [0x0000000080000000, 0x0000000100000000)
  region size 1024K, 198 young (202752K), 14 survivors (14336K)
 Metaspace       used 180770K, committed 182848K, reserved 622592K
  class space    used 23564K, committed 24512K, reserved 425984K
}
Event: 236.643 GC heap after
{Heap after GC invocations=90 (full 0):
 garbage-first heap   total 634880K, used 331449K [0x0000000080000000, 0x0000000100000000)
  region size 1024K, 19 young (19456K), 19 survivors (19456K)
 Metaspace       used 180770K, committed 182848K, reserved 622592K
  class space    used 23564K, committed 24512K, reserved 425984K
}
Event: 255.987 GC heap before
{Heap before GC invocations=90 (full 0):
 garbage-first heap   total 634880K, used 528057K [0x0000000080000000, 0x0000000100000000)
  region size 1024K, 202 young (206848K), 19 survivors (19456K)
 Metaspace       used 186829K, committed 189056K, reserved 622592K
  class space    used 24311K, committed 25344K, reserved 425984K
}
Event: 256.005 GC heap after
{Heap after GC invocations=91 (full 0):
 garbage-first heap   total 634880K, used 338662K [0x0000000080000000, 0x0000000100000000)
  region size 1024K, 24 young (24576K), 24 survivors (24576K)
 Metaspace       used 186829K, committed 189056K, reserved 622592K
  class space    used 24311K, committed 25344K, reserved 425984K
}
Event: 259.258 GC heap before
{Heap before GC invocations=91 (full 0):
 garbage-first heap   total 634880K, used 527078K [0x0000000080000000, 0x0000000100000000)
  region size 1024K, 203 young (207872K), 24 survivors (24576K)
 Metaspace       used 187825K, committed 190144K, reserved 622592K
  class space    used 24362K, committed 25408K, reserved 425984K
}
Event: 259.290 GC heap after
{Heap after GC invocations=92 (full 0):
 garbage-first heap   total 634880K, used 358811K [0x0000000080000000, 0x0000000100000000)
  region size 1024K, 26 young (26624K), 26 survivors (26624K)
 Metaspace       used 187825K, committed 190144K, reserved 622592K
  class space    used 24362K, committed 25408K, reserved 425984K
}
Event: 262.197 GC heap before
{Heap before GC invocations=92 (full 0):
 garbage-first heap   total 634880K, used 527771K [0x0000000080000000, 0x0000000100000000)
  region size 1024K, 184 young (188416K), 26 survivors (26624K)
 Metaspace       used 188287K, committed 190656K, reserved 622592K
  class space    used 24386K, committed 25472K, reserved 425984K
}
Event: 262.234 GC heap after
{Heap after GC invocations=93 (full 0):
 garbage-first heap   total 634880K, used 366055K [0x0000000080000000, 0x0000000100000000)
  region size 1024K, 10 young (10240K), 10 survivors (10240K)
 Metaspace       used 188287K, committed 190656K, reserved 622592K
  class space    used 24386K, committed 25472K, reserved 425984K
}

Dll operation events (17 events):
Event: 0.012 Loaded shared library C:\Program Files\Eclipse Adoptium\jdk-17.0.18.8-hotspot\bin\java.dll
Event: 0.028 Loaded shared library C:\Program Files\Eclipse Adoptium\jdk-17.0.18.8-hotspot\bin\jsvml.dll
Event: 0.071 Loaded shared library C:\Program Files\Eclipse Adoptium\jdk-17.0.18.8-hotspot\bin\zip.dll
Event: 0.076 Loaded shared library C:\Program Files\Eclipse Adoptium\jdk-17.0.18.8-hotspot\bin\instrument.dll
Event: 0.079 Loaded shared library C:\Program Files\Eclipse Adoptium\jdk-17.0.18.8-hotspot\bin\net.dll
Event: 0.081 Loaded shared library C:\Program Files\Eclipse Adoptium\jdk-17.0.18.8-hotspot\bin\nio.dll
Event: 0.084 Loaded shared library C:\Program Files\Eclipse Adoptium\jdk-17.0.18.8-hotspot\bin\zip.dll
Event: 0.272 Loaded shared library C:\Program Files\Eclipse Adoptium\jdk-17.0.18.8-hotspot\bin\jimage.dll
Event: 0.339 Loaded shared library C:\Program Files\Eclipse Adoptium\jdk-17.0.18.8-hotspot\bin\verify.dll
Event: 0.497 Loaded shared library C:\Users\HP\.gradle\native\68d5fa5c4cc2d200863cafc0d521ce42e7d3e7ee720ec0a83991735586a16f82\windows-amd64\native-platform.dll
Event: 0.508 Loaded shared library C:\Users\HP\.gradle\native\e376f236ea51e6404a007f0833ffe2c6e607c4080706a723a18a27aeea778392\windows-amd64\native-platform-file-events.dll
Event: 1.621 Loaded shared library C:\Program Files\Eclipse Adoptium\jdk-17.0.18.8-hotspot\bin\management.dll
Event: 1.625 Loaded shared library C:\Program Files\Eclipse Adoptium\jdk-17.0.18.8-hotspot\bin\management_ext.dll
Event: 1.899 Loaded shared library C:\Program Files\Eclipse Adoptium\jdk-17.0.18.8-hotspot\bin\extnet.dll
Event: 2.150 Loaded shared library C:\Program Files\Eclipse Adoptium\jdk-17.0.18.8-hotspot\bin\sunmscapi.dll
Event: 246.089 Loaded shared library C:\Users\HP\AppData\Local\Temp\native-platform9938818193058110442dir\native-platform.dll
Event: 247.219 Loaded shared library C:\Program Files\Eclipse Adoptium\jdk-17.0.18.8-hotspot\bin\rmi.dll

Deoptimization events (20 events):
Event: 263.406 Thread 0x000001fa1bf9a340 Uncommon trap: trap_request=0xffffffd6 fr.pc=0x000001fa68d56558 relative=0x0000000000002d58
Event: 263.406 Thread 0x000001fa1bf9a340 Uncommon trap: reason=array_check action=maybe_recompile pc=0x000001fa68d56558 method=java.util.ComparableTimSort.reverseRange([Ljava/lang/Object;II)V @ 20 c2
Event: 263.406 Thread 0x000001fa1bf9a340 DEOPT PACKING pc=0x000001fa68d56558 sp=0x0000003b6caf9470
Event: 263.406 Thread 0x000001fa1bf9a340 DEOPT UNPACKING pc=0x000001fa677369a3 sp=0x0000003b6caf9358 mode 2
Event: 264.036 Thread 0x000001fa1bf9a340 Uncommon trap: trap_request=0xffffff45 fr.pc=0x000001fa690c1538 relative=0x0000000000000478
Event: 264.036 Thread 0x000001fa1bf9a340 Uncommon trap: reason=unstable_if action=reinterpret pc=0x000001fa690c1538 method=com.sun.tools.javac.jvm.Gen.visitSelect(Lcom/sun/tools/javac/tree/JCTree$JCFieldAccess;)V @ 259 c2
Event: 264.036 Thread 0x000001fa1bf9a340 DEOPT PACKING pc=0x000001fa690c1538 sp=0x0000003b6caf9040
Event: 264.036 Thread 0x000001fa1bf9a340 DEOPT UNPACKING pc=0x000001fa677369a3 sp=0x0000003b6caf9068 mode 2
Event: 264.668 Thread 0x000001fa1bf9e000 Uncommon trap: trap_request=0xffffffde fr.pc=0x000001fa68bd6a7c relative=0x000000000000105c
Event: 264.668 Thread 0x000001fa1bf9e000 Uncommon trap: reason=class_check action=maybe_recompile pc=0x000001fa68bd6a7c method=org.gradle.internal.snapshot.AbstractIncompleteFileSystemNode.anyChildMatches(Lorg/gradle/internal/snapshot/ChildMap;Ljava/util/function/Predicate;)Z @ 1 c2
Event: 264.668 Thread 0x000001fa1bf9e000 DEOPT PACKING pc=0x000001fa68bd6a7c sp=0x0000003b6d8fb5c0
Event: 264.668 Thread 0x000001fa1bf9e000 DEOPT UNPACKING pc=0x000001fa677369a3 sp=0x0000003b6d8fb550 mode 2
Event: 264.719 Thread 0x000001fa1bf97fd0 Uncommon trap: trap_request=0xfffffff4 fr.pc=0x000001fa6914c3fc relative=0x000000000000083c
Event: 264.719 Thread 0x000001fa1bf97fd0 Uncommon trap: reason=null_check action=make_not_entrant pc=0x000001fa6914c3fc method=org.gradle.internal.execution.steps.WorkspaceContext.<init>(Lorg/gradle/internal/execution/steps/WorkspaceContext;)V @ 14 c2
Event: 264.719 Thread 0x000001fa1bf97fd0 DEOPT PACKING pc=0x000001fa6914c3fc sp=0x0000003b6c3fcf60
Event: 264.719 Thread 0x000001fa1bf97fd0 DEOPT UNPACKING pc=0x000001fa677369a3 sp=0x0000003b6c3fcf38 mode 2
Event: 265.130 Thread 0x000001fa23feb6e0 Uncommon trap: trap_request=0xffffff45 fr.pc=0x000001fa67e76590 relative=0x00000000000000f0
Event: 265.130 Thread 0x000001fa23feb6e0 Uncommon trap: reason=unstable_if action=reinterpret pc=0x000001fa67e76590 method=java.util.ArrayList.indexOfRange(Ljava/lang/Object;II)I @ 7 c2
Event: 265.130 Thread 0x000001fa23feb6e0 DEOPT PACKING pc=0x000001fa67e76590 sp=0x0000003b751fd0b0
Event: 265.130 Thread 0x000001fa23feb6e0 DEOPT UNPACKING pc=0x000001fa677369a3 sp=0x0000003b751fd030 mode 2

Classes loaded (20 events):
Event: 262.555 Loading class java/lang/Throwable$WrappedPrintWriter
Event: 262.555 Loading class java/lang/Throwable$PrintStreamOrWriter
Event: 262.555 Loading class java/lang/Throwable$PrintStreamOrWriter done
Event: 262.555 Loading class java/lang/Throwable$WrappedPrintWriter done
Event: 264.894 Loading class java/io/BufferedWriterBeanInfo
Event: 264.894 Loading class java/io/BufferedWriterBeanInfo done
Event: 264.894 Loading class java/io/BufferedWriterBeanInfo
Event: 264.894 Loading class java/io/BufferedWriterBeanInfo done
Event: 264.896 Loading class java/io/WriterBeanInfo
Event: 264.896 Loading class java/io/WriterBeanInfo done
Event: 264.896 Loading class java/io/WriterBeanInfo
Event: 264.896 Loading class java/io/WriterBeanInfo done
Event: 264.897 Loading class java/io/WriterCustomizer
Event: 264.897 Loading class java/io/WriterCustomizer done
Event: 264.897 Loading class java/io/WriterCustomizer
Event: 264.897 Loading class java/io/WriterCustomizer done
Event: 264.899 Loading class java/io/BufferedWriterCustomizer
Event: 264.899 Loading class java/io/BufferedWriterCustomizer done
Event: 264.900 Loading class java/io/BufferedWriterCustomizer
Event: 264.900 Loading class java/io/BufferedWriterCustomizer done

Classes unloaded (10 events):
Event: 44.043 Thread 0x000001fa766e0e00 Unloading class 0x000001fa019ee7d0 '_BuildScript_$_run_closure3'
Event: 44.043 Thread 0x000001fa766e0e00 Unloading class 0x000001fa019ee3e8 '_BuildScript_$_run_closure2$_closure6$_closure9'
Event: 44.043 Thread 0x000001fa766e0e00 Unloading class 0x000001fa019ee000 '_BuildScript_$_run_closure2$_closure6$_closure8'
Event: 44.043 Thread 0x000001fa766e0e00 Unloading class 0x000001fa019edbb8 '_BuildScript_$_run_closure2$_closure6'
Event: 44.043 Thread 0x000001fa766e0e00 Unloading class 0x000001fa019ed7d0 '_BuildScript_$_run_closure2$_closure5$_closure7'
Event: 44.043 Thread 0x000001fa766e0e00 Unloading class 0x000001fa019ed3e8 '_BuildScript_$_run_closure2$_closure5'
Event: 44.043 Thread 0x000001fa766e0e00 Unloading class 0x000001fa019ed000 '_BuildScript_$_run_closure2$_closure4'
Event: 44.043 Thread 0x000001fa766e0e00 Unloading class 0x000001fa019ecbe8 '_BuildScript_$_run_closure2'
Event: 44.043 Thread 0x000001fa766e0e00 Unloading class 0x000001fa019ec800 '_BuildScript_$_run_closure1'
Event: 44.043 Thread 0x000001fa766e0e00 Unloading class 0x000001fa019e0800 '_BuildScript_'

Classes redefined (0 events):
No events

Internal exceptions (20 events):
Event: 264.716 Thread 0x000001fa23fe9370 Exception <a 'sun/nio/fs/WindowsException'{0x000000009f9a5e30}> (0x000000009f9a5e30) 
thrown [s\src\hotspot\share\prims\jni.cpp, line 516]
Event: 264.716 Thread 0x000001fa23fe9370 Exception <a 'sun/nio/fs/WindowsException'{0x000000009f9a5f88}> (0x000000009f9a5f88) 
thrown [s\src\hotspot\share\prims\jni.cpp, line 516]
Event: 264.716 Thread 0x000001fa23fe9370 Exception <a 'sun/nio/fs/WindowsException'{0x000000009f9a6138}> (0x000000009f9a6138) 
thrown [s\src\hotspot\share\prims\jni.cpp, line 516]
Event: 264.719 Thread 0x000001fa1bf97fd0 Implicit null exception at 0x000001fa6914bc4f to 0x000001fa6914c3e4
Event: 264.861 Thread 0x000001fa1bf97fd0 Exception <a 'java/lang/ClassNotFoundException'{0x000000009f8f30a8}: groovy/util/FileTreeBuilderBeanInfo> (0x000000009f8f30a8) 
thrown [s\src\hotspot\share\classfile\systemDictionary.cpp, line 256]
Event: 264.867 Thread 0x000001fa1bf97fd0 Exception <a 'java/lang/ClassNotFoundException'{0x000000009f758a08}: groovy/util/FileTreeBuilderCustomizer> (0x000000009f758a08) 
thrown [s\src\hotspot\share\classfile\systemDictionary.cpp, line 256]
Event: 264.894 Thread 0x000001fa1bf97fd0 Exception <a 'java/lang/ClassNotFoundException'{0x000000009f79bfb8}: java/io/BufferedWriterBeanInfo> (0x000000009f79bfb8) 
thrown [s\src\hotspot\share\classfile\systemDictionary.cpp, line 256]
Event: 264.897 Thread 0x000001fa1bf97fd0 Exception <a 'java/lang/ClassNotFoundException'{0x000000009f7a2640}: java/io/WriterBeanInfo> (0x000000009f7a2640) 
thrown [s\src\hotspot\share\classfile\systemDictionary.cpp, line 256]
Event: 264.897 Thread 0x000001fa1bf97fd0 Exception <a 'java/lang/ClassNotFoundException'{0x000000009f7a89a8}: java/io/WriterCustomizer> (0x000000009f7a89a8) 
thrown [s\src\hotspot\share\classfile\systemDictionary.cpp, line 256]
Event: 264.900 Thread 0x000001fa1bf97fd0 Exception <a 'java/lang/ClassNotFoundException'{0x000000009f7b8290}: java/io/BufferedWriterCustomizer> (0x000000009f7b8290) 
thrown [s\src\hotspot\share\classfile\systemDictionary.cpp, line 256]
Event: 264.932 Thread 0x000001fa1bf97fd0 Exception <a 'sun/nio/fs/WindowsException'{0x000000009f58d7b0}> (0x000000009f58d7b0) 
thrown [s\src\hotspot\share\prims\jni.cpp, line 516]
Event: 264.932 Thread 0x000001fa1bf97fd0 Exception <a 'sun/nio/fs/WindowsException'{0x000000009f58e920}> (0x000000009f58e920) 
thrown [s\src\hotspot\share\prims\jni.cpp, line 516]
Event: 264.932 Thread 0x000001fa1bf97fd0 Exception <a 'sun/nio/fs/WindowsException'{0x000000009f58eab0}> (0x000000009f58eab0) 
thrown [s\src\hotspot\share\prims\jni.cpp, line 516]
Event: 264.932 Thread 0x000001fa1bf97fd0 Exception <a 'sun/nio/fs/WindowsException'{0x000000009f58fe48}> (0x000000009f58fe48) 
thrown [s\src\hotspot\share\prims\jni.cpp, line 516]
Event: 264.932 Thread 0x000001fa1bf97fd0 Exception <a 'sun/nio/fs/WindowsException'{0x000000009f591268}> (0x000000009f591268) 
thrown [s\src\hotspot\share\prims\jni.cpp, line 516]
Event: 264.932 Thread 0x000001fa1bf97fd0 Exception <a 'sun/nio/fs/WindowsException'{0x000000009f591400}> (0x000000009f591400) 
thrown [s\src\hotspot\share\prims\jni.cpp, line 516]
Event: 265.134 Thread 0x000001fa23feb6e0 Exception <a 'sun/nio/fs/WindowsException'{0x000000009f330818}> (0x000000009f330818) 
thrown [s\src\hotspot\share\prims\jni.cpp, line 516]
Event: 265.135 Thread 0x000001fa23feb6e0 Exception <a 'sun/nio/fs/WindowsException'{0x000000009f331468}> (0x000000009f331468) 
thrown [s\src\hotspot\share\prims\jni.cpp, line 516]
Event: 265.135 Thread 0x000001fa23feb6e0 Exception <a 'sun/nio/fs/WindowsException'{0x000000009f332128}> (0x000000009f332128) 
thrown [s\src\hotspot\share\prims\jni.cpp, line 516]
Event: 265.135 Thread 0x000001fa23feb6e0 Exception <a 'sun/nio/fs/WindowsException'{0x000000009f333200}> (0x000000009f333200) 
thrown [s\src\hotspot\share\prims\jni.cpp, line 516]

VM Operations (20 events):
Event: 259.795 Executing VM operation: HandshakeAllThreads done
Event: 259.910 Executing VM operation: HandshakeAllThreads
Event: 259.911 Executing VM operation: HandshakeAllThreads done
Event: 260.012 Executing VM operation: HandshakeAllThreads
Event: 260.013 Executing VM operation: HandshakeAllThreads done
Event: 260.221 Executing VM operation: ICBufferFull
Event: 260.221 Executing VM operation: ICBufferFull done
Event: 260.590 Executing VM operation: ICBufferFull
Event: 260.590 Executing VM operation: ICBufferFull done
Event: 261.591 Executing VM operation: Cleanup
Event: 261.591 Executing VM operation: Cleanup done
Event: 262.197 Executing VM operation: G1CollectForAllocation
Event: 262.234 Executing VM operation: G1CollectForAllocation done
Event: 262.700 Executing VM operation: ICBufferFull
Event: 262.700 Executing VM operation: ICBufferFull done
Event: 263.707 Executing VM operation: Cleanup
Event: 263.707 Executing VM operation: Cleanup done
Event: 264.716 Executing VM operation: Cleanup
Event: 264.716 Executing VM operation: Cleanup done
Event: 265.717 Executing VM operation: Cleanup

Memory protections (0 events):
No events

Nmethod flushes (20 events):
Event: 260.080 Thread 0x000001fa767195b0 flushing  nmethod 0x000001fa62c41d90
Event: 260.080 Thread 0x000001fa767195b0 flushing  nmethod 0x000001fa62c4f090
Event: 260.080 Thread 0x000001fa767195b0 flushing  nmethod 0x000001fa62c62a10
Event: 260.080 Thread 0x000001fa767195b0 flushing  nmethod 0x000001fa62c70b10
Event: 260.080 Thread 0x000001fa767195b0 flushing  nmethod 0x000001fa62c73490
Event: 260.080 Thread 0x000001fa767195b0 flushing  nmethod 0x000001fa62c7ad90
Event: 260.080 Thread 0x000001fa767195b0 flushing  nmethod 0x000001fa62c83390
Event: 260.080 Thread 0x000001fa767195b0 flushing  nmethod 0x000001fa62c83890
Event: 260.080 Thread 0x000001fa767195b0 flushing  nmethod 0x000001fa62c8c490
Event: 260.080 Thread 0x000001fa767195b0 flushing  nmethod 0x000001fa62c92a90
Event: 260.080 Thread 0x000001fa767195b0 flushing  nmethod 0x000001fa62c93710
Event: 260.080 Thread 0x000001fa767195b0 flushing  nmethod 0x000001fa62c95910
Event: 260.080 Thread 0x000001fa767195b0 flushing  nmethod 0x000001fa62ca2110
Event: 260.080 Thread 0x000001fa767195b0 flushing  nmethod 0x000001fa62ca7d90
Event: 260.080 Thread 0x000001fa767195b0 flushing  nmethod 0x000001fa62cb6710
Event: 260.080 Thread 0x000001fa767195b0 flushing  nmethod 0x000001fa62cbaf10
Event: 260.080 Thread 0x000001fa767195b0 flushing  nmethod 0x000001fa62cd6f90
Event: 260.080 Thread 0x000001fa767195b0 flushing  nmethod 0x000001fa62cd7310
Event: 260.081 Thread 0x000001fa767195b0 flushing  nmethod 0x000001fa62ce4f10
Event: 260.087 Thread 0x000001fa767195b0 flushing  nmethod 0x000001fa6340fe90

Events (20 events):
Event: 255.302 Thread 0x000001fa2d838bf0 Thread added: 0x000001fa2d840f90
Event: 255.315 Thread 0x000001fa2d83f130 Thread added: 0x000001fa2d8414a0
Event: 255.316 Thread 0x000001fa2d83f130 Thread added: 0x000001fa2d83dcf0
Event: 255.326 Thread 0x000001fa2d83b980 Thread added: 0x000001fa2d8419b0
Event: 255.326 Thread 0x000001fa2d83b980 Thread added: 0x000001fa2d83e200
Event: 255.335 Thread 0x000001fa2d839610 Thread added: 0x000001fa2d841ec0
Event: 255.335 Thread 0x000001fa2d839610 Thread added: 0x000001fa2d83e710
Event: 256.683 Thread 0x000001fa24237850 Thread exited: 0x000001fa24237850
Event: 256.776 Thread 0x000001fa76709fa0 Thread added: 0x000001fa242382f0
Event: 259.291 Thread 0x000001fa23fe9d90 Thread exited: 0x000001fa23fe9d90
Event: 261.546 Thread 0x000001fa242382f0 Thread exited: 0x000001fa242382f0
Event: 261.807 Thread 0x000001fa1bf970a0 Thread added: 0x000001fa2d842df0
Event: 262.536 Thread 0x000001fa76717d20 Thread added: 0x000001fa26747580
Event: 262.638 Thread 0x000001fa23fe8440 Thread added: 0x000001fa2d83fb50
Event: 262.643 Thread 0x000001fa23fe7a20 Thread added: 0x000001fa2d843d20
Event: 263.810 Thread 0x000001fa26747580 Thread exited: 0x000001fa26747580
Event: 263.810 Thread 0x000001fa24236db0 Thread exited: 0x000001fa24236db0
Event: 264.018 Thread 0x000001fa76709fa0 Thread added: 0x000001fa26748ac0
Event: 264.045 Thread 0x000001fa76717d20 Thread added: 0x000001fa26749560
Event: 264.664 Thread 0x000001fa26749560 Thread exited: 0x000001fa26749560


Dynamic libraries:
0x00007ff7e2eb0000 - 0x00007ff7e2ebe000 	C:\Program Files\Eclipse Adoptium\jdk-17.0.18.8-hotspot\bin\java.exe
0x00007ffdfc6a0000 - 0x00007ffdfc907000 	C:\WINDOWS\SYSTEM32\ntdll.dll
0x00007ffdfb1e0000 - 0x00007ffdfb2a9000 	C:\WINDOWS\System32\KERNEL32.DLL
0x00007ffdf9d60000 - 0x00007ffdfa157000 	C:\WINDOWS\System32\KERNELBASE.dll
0x00007ffdf9c10000 - 0x00007ffdf9d5b000 	C:\WINDOWS\System32\ucrtbase.dll
0x00007ffdf0720000 - 0x00007ffdf073e000 	C:\Program Files\Eclipse Adoptium\jdk-17.0.18.8-hotspot\bin\VCRUNTIME140.dll
0x00007ffdf0740000 - 0x00007ffdf0758000 	C:\Program Files\Eclipse Adoptium\jdk-17.0.18.8-hotspot\bin\jli.dll
0x00007ffdfae90000 - 0x00007ffdfb056000 	C:\WINDOWS\System32\USER32.dll
0x00007ffdd27f0000 - 0x00007ffdd2a82000 	C:\WINDOWS\WinSxS\amd64_microsoft.windows.common-controls_6595b64144ccf1df_6.0.26100.8457_none_3e0b2faee331e92d\COMCTL32.dll
0x00007ffdf9a00000 - 0x00007ffdf9a27000 	C:\WINDOWS\System32\win32u.dll
0x00007ffdfbcc0000 - 0x00007ffdfbd69000 	C:\WINDOWS\System32\msvcrt.dll
0x00007ffdfa430000 - 0x00007ffdfa45b000 	C:\WINDOWS\System32\GDI32.dll
0x00007ffdf9ae0000 - 0x00007ffdf9c0c000 	C:\WINDOWS\System32\gdi32full.dll
0x00007ffdfa370000 - 0x00007ffdfa413000 	C:\WINDOWS\System32\msvcp_win.dll
0x00007ffdfbdc0000 - 0x00007ffdfbdf2000 	C:\WINDOWS\System32\IMM32.DLL
0x00007ffdc01e0000 - 0x00007ffdc01ec000 	C:\Program Files\Eclipse Adoptium\jdk-17.0.18.8-hotspot\bin\vcruntime140_1.dll
0x00007ffd7e0f0000 - 0x00007ffd7e17d000 	C:\Program Files\Eclipse Adoptium\jdk-17.0.18.8-hotspot\bin\msvcp140.dll
0x00007ffd7c9b0000 - 0x00007ffd7d61b000 	C:\Program Files\Eclipse Adoptium\jdk-17.0.18.8-hotspot\bin\server\jvm.dll
0x00007ffdfbc00000 - 0x00007ffdfbcb6000 	C:\WINDOWS\System32\ADVAPI32.dll
0x00007ffdfbb50000 - 0x00007ffdfbbf7000 	C:\WINDOWS\System32\sechost.dll
0x00007ffdfba30000 - 0x00007ffdfbb48000 	C:\WINDOWS\System32\RPCRT4.dll
0x00007ffdfacf0000 - 0x00007ffdfad70000 	C:\WINDOWS\System32\WS2_32.dll
0x00007ffdf8f30000 - 0x00007ffdf8f8e000 	C:\WINDOWS\SYSTEM32\POWRPROF.dll
0x00007ffde4a10000 - 0x00007ffde4a1b000 	C:\WINDOWS\SYSTEM32\VERSION.dll
0x00007ffdf6260000 - 0x00007ffdf6296000 	C:\WINDOWS\SYSTEM32\WINMM.dll
0x00007ffdf8f10000 - 0x00007ffdf8f24000 	C:\WINDOWS\SYSTEM32\UMPDC.dll
0x00007ffdf7dc0000 - 0x00007ffdf7ddb000 	C:\WINDOWS\SYSTEM32\kernel.appcore.dll
0x00007ffdc0100000 - 0x00007ffdc010a000 	C:\Program Files\Eclipse Adoptium\jdk-17.0.18.8-hotspot\bin\jimage.dll
0x00007ffdf6f00000 - 0x00007ffdf7142000 	C:\WINDOWS\SYSTEM32\DBGHELP.DLL
0x00007ffdfa880000 - 0x00007ffdfac03000 	C:\WINDOWS\System32\combase.dll
0x00007ffdfac10000 - 0x00007ffdface9000 	C:\WINDOWS\System32\OLEAUT32.dll
0x00007ffdf0860000 - 0x00007ffdf089b000 	C:\WINDOWS\SYSTEM32\dbgcore.DLL
0x00007ffdf9a30000 - 0x00007ffdf9ad8000 	C:\WINDOWS\System32\bcryptPrimitives.dll
0x00007ffde6190000 - 0x00007ffde619e000 	C:\Program Files\Eclipse Adoptium\jdk-17.0.18.8-hotspot\bin\instrument.dll
0x00007ffd7c980000 - 0x00007ffd7c9a5000 	C:\Program Files\Eclipse Adoptium\jdk-17.0.18.8-hotspot\bin\java.dll
0x00007ffd7c8a0000 - 0x00007ffd7c977000 	C:\Program Files\Eclipse Adoptium\jdk-17.0.18.8-hotspot\bin\jsvml.dll
0x00007ffdfb2b0000 - 0x00007ffdfba1e000 	C:\WINDOWS\System32\SHELL32.dll
0x00007ffdf90d0000 - 0x00007ffdf993c000 	C:\WINDOWS\System32\windows.storage.dll
0x00007ffdfbe40000 - 0x00007ffdfbf36000 	C:\WINDOWS\System32\SHCORE.dll
0x00007ffdfb0e0000 - 0x00007ffdfb146000 	C:\WINDOWS\System32\shlwapi.dll
0x00007ffdf8ff0000 - 0x00007ffdf9019000 	C:\WINDOWS\SYSTEM32\profapi.dll
0x00007ffd7c840000 - 0x00007ffd7c858000 	C:\Program Files\Eclipse Adoptium\jdk-17.0.18.8-hotspot\bin\zip.dll
0x00007ffd7c880000 - 0x00007ffd7c89a000 	C:\Program Files\Eclipse Adoptium\jdk-17.0.18.8-hotspot\bin\net.dll
0x00007ffdede50000 - 0x00007ffdedf79000 	C:\WINDOWS\SYSTEM32\WINHTTP.dll
0x00007ffdf83d0000 - 0x00007ffdf843c000 	C:\WINDOWS\system32\mswsock.dll
0x00007ffd7c860000 - 0x00007ffd7c876000 	C:\Program Files\Eclipse Adoptium\jdk-17.0.18.8-hotspot\bin\nio.dll
0x00007ffdbfea0000 - 0x00007ffdbfeb0000 	C:\Program Files\Eclipse Adoptium\jdk-17.0.18.8-hotspot\bin\verify.dll
0x00007ffde7d80000 - 0x00007ffde7da7000 	C:\Users\HP\.gradle\native\68d5fa5c4cc2d200863cafc0d521ce42e7d3e7ee720ec0a83991735586a16f82\windows-amd64\native-platform.dll
0x00007ffd81490000 - 0x00007ffd815d4000 	C:\Users\HP\.gradle\native\e376f236ea51e6404a007f0833ffe2c6e607c4080706a723a18a27aeea778392\windows-amd64\native-platform-file-events.dll
0x00007ffde7a90000 - 0x00007ffde7a9a000 	C:\Program Files\Eclipse Adoptium\jdk-17.0.18.8-hotspot\bin\management.dll
0x00007ffde61c0000 - 0x00007ffde61cc000 	C:\Program Files\Eclipse Adoptium\jdk-17.0.18.8-hotspot\bin\management_ext.dll
0x00007ffdfa420000 - 0x00007ffdfa428000 	C:\WINDOWS\System32\PSAPI.DLL
0x00007ffdf86b0000 - 0x00007ffdf86cb000 	C:\WINDOWS\SYSTEM32\CRYPTSP.dll
0x00007ffdf7de0000 - 0x00007ffdf7e19000 	C:\WINDOWS\system32\rsaenh.dll
0x00007ffdf8480000 - 0x00007ffdf84b3000 	C:\WINDOWS\SYSTEM32\USERENV.dll
0x00007ffdf8fc0000 - 0x00007ffdf8fea000 	C:\WINDOWS\SYSTEM32\bcrypt.dll
0x00007ffdf86d0000 - 0x00007ffdf86dc000 	C:\WINDOWS\SYSTEM32\CRYPTBASE.dll
0x00007ffdf78a0000 - 0x00007ffdf78d2000 	C:\WINDOWS\SYSTEM32\IPHLPAPI.DLL
0x00007ffdfc570000 - 0x00007ffdfc57a000 	C:\WINDOWS\System32\NSI.dll
0x00007ffdee0a0000 - 0x00007ffdee0bd000 	C:\WINDOWS\SYSTEM32\dhcpcsvc6.DLL
0x00007ffdee000000 - 0x00007ffdee025000 	C:\WINDOWS\SYSTEM32\dhcpcsvc.DLL
0x00007ffdf7940000 - 0x00007ffdf7a72000 	C:\WINDOWS\SYSTEM32\DNSAPI.dll
0x00007ffdccfc0000 - 0x00007ffdccfc9000 	C:\Program Files\Eclipse Adoptium\jdk-17.0.18.8-hotspot\bin\extnet.dll
0x00007ffdccfd0000 - 0x00007ffdccfde000 	C:\Program Files\Eclipse Adoptium\jdk-17.0.18.8-hotspot\bin\sunmscapi.dll
0x00007ffdfa1f0000 - 0x00007ffdfa368000 	C:\WINDOWS\System32\CRYPT32.dll
0x00007ffdf88d0000 - 0x00007ffdf8900000 	C:\WINDOWS\SYSTEM32\ncrypt.dll
0x00007ffdf8880000 - 0x00007ffdf88bf000 	C:\WINDOWS\SYSTEM32\NTASN1.dll
0x00007ffdbfeb0000 - 0x00007ffdbfeb8000 	C:\WINDOWS\system32\wshunix.dll
0x00007ffde60e0000 - 0x00007ffde60f8000 	C:\WINDOWS\system32\napinsp.dll
0x00007ffde5e30000 - 0x00007ffde5e43000 	C:\WINDOWS\System32\winrnr.dll
0x00007ffd5b100000 - 0x00007ffd5b122000 	C:\WINDOWS\system32\nlansp_c.dll
0x00007ffdcf430000 - 0x00007ffdcf446000 	C:\WINDOWS\system32\wshbth.dll
0x00007ffdedda0000 - 0x00007ffdeddab000 	C:\Windows\System32\rasadhlp.dll
0x00007ffdef9d0000 - 0x00007ffdefa56000 	C:\WINDOWS\System32\fwpuclnt.dll
0x00007ffdf7f80000 - 0x00007ffdf7fb6000 	C:\WINDOWS\SYSTEM32\ntmarta.dll
0x00007ffdbf3c0000 - 0x00007ffdbf3de000 	C:\Users\HP\AppData\Local\Temp\native-platform9938818193058110442dir\native-platform.dll
0x00007ffde5df0000 - 0x00007ffde5df7000 	C:\Program Files\Eclipse Adoptium\jdk-17.0.18.8-hotspot\bin\rmi.dll

dbghelp: loaded successfully - version: 4.0.5 - missing functions: none
symbol engine: initialized successfully - sym options: 0x614 - pdb path: .;C:\Program Files\Eclipse Adoptium\jdk-17.0.18.8-hotspot\bin;C:\WINDOWS\SYSTEM32;C:\WINDOWS\WinSxS\amd64_microsoft.windows.common-controls_6595b64144ccf1df_6.0.26100.8457_none_3e0b2faee331e92d;C:\Program Files\Eclipse Adoptium\jdk-17.0.18.8-hotspot\bin\server;C:\Users\HP\.gradle\native\68d5fa5c4cc2d200863cafc0d521ce42e7d3e7ee720ec0a83991735586a16f82\windows-amd64;C:\Users\HP\.gradle\native\e376f236ea51e6404a007f0833ffe2c6e607c4080706a723a18a27aeea778392\windows-amd64;C:\Users\HP\AppData\Local\Temp\native-platform9938818193058110442dir

VM Arguments:
jvm_args: -XX:MaxMetaspaceSize=512m --add-opens=java.base/java.util=ALL-UNNAMED --add-opens=java.base/java.lang=ALL-UNNAMED --add-opens=java.base/java.lang.invoke=ALL-UNNAMED --add-opens=java.prefs/java.util.prefs=ALL-UNNAMED --add-opens=java.base/java.nio.charset=ALL-UNNAMED --add-opens=java.base/java.net=ALL-UNNAMED --add-opens=java.base/java.util.concurrent.atomic=ALL-UNNAMED -Xmx2048m -Dfile.encoding=windows-1252 -Duser.country=ID -Duser.language=en -Duser.variant -javaagent:C:\Users\HP\.gradle\wrapper\dists\gradle-8.3-all\6en3ugtfdg5xnpx44z4qbwgas\gradle-8.3\lib\agents\gradle-instrumentation-agent-8.3.jar 
java_command: org.gradle.launcher.daemon.bootstrap.GradleDaemon 8.3
java_class_path (initial): C:\Users\HP\.gradle\wrapper\dists\gradle-8.3-all\6en3ugtfdg5xnpx44z4qbwgas\gradle-8.3\lib\gradle-launcher-8.3.jar
Launcher Type: SUN_STANDARD

[Global flags]
     intx CICompilerCount                          = 4                                         {product} {ergonomic}
   size_t CompressedClassSpaceSize                 = 436207616                                 {product} {ergonomic}
     uint ConcGCThreads                            = 3                                         {product} {ergonomic}
     uint G1ConcRefinementThreads                  = 10                                        {product} {ergonomic}
   size_t G1HeapRegionSize                         = 1048576                                   {product} {ergonomic}
    uintx GCDrainStackTargetSize                   = 64                                        {product} {ergonomic}
   size_t InitialHeapSize                          = 130023424                                 {product} {ergonomic}
   size_t MarkStackSize                            = 4194304                                   {product} {ergonomic}
   size_t MaxHeapSize                              = 2147483648                                {product} {command line}
   size_t MaxMetaspaceSize                         = 536870912                                 {product} {command line}
   size_t MaxNewSize                               = 1287651328                                {product} {ergonomic}
   size_t MinHeapDeltaBytes                        = 1048576                                   {product} {ergonomic}
   size_t MinHeapSize                              = 8388608                                   {product} {ergonomic}
    uintx NonNMethodCodeHeapSize                   = 5839372                                {pd product} {ergonomic}
    uintx NonProfiledCodeHeapSize                  = 122909434                              {pd product} {ergonomic}
    uintx ProfiledCodeHeapSize                     = 122909434                              {pd product} {ergonomic}
    uintx ReservedCodeCacheSize                    = 251658240                              {pd product} {ergonomic}
     bool SegmentedCodeCache                       = true                                      {product} {ergonomic}
   size_t SoftMaxHeapSize                          = 2147483648                             {manageable} {ergonomic}
     bool UseCompressedClassPointers               = true                           {product lp64_product} {ergonomic}
     bool UseCompressedOops                        = true                           {product lp64_product} {ergonomic}
     bool UseG1GC                                  = true                                      {product} {ergonomic}
     bool UseLargePagesIndividualAllocation        = false                                  {pd product} {ergonomic}

Logging:
Log output configuration:
 #0: stdout all=warning uptime,level,tags
 #1: stderr all=off uptime,level,tags

Environment Variables:
JAVA_HOME=C:\Program Files\Eclipse Adoptium\jdk-17.0.18.8-hotspot\
CLASSPATH=D:\my project\packing_frontend\android\\gradle\wrapper\gradle-wrapper.jar
PATH=C:\Program Files\PowerShell\7;c:\Users\HP\AppData\Roaming\Code\User\globalStorage\github.copilot-chat\debugCommand;c:\Users\HP\AppData\Roaming\Code\User\globalStorage\github.copilot-chat\copilotCli;D:\Borland\Delphi7\Bin;D:\Borland\Delphi7\Projects\Bpl\;C:\Program Files\Eclipse Adoptium\jdk-17.0.18.8-hotspot\bin;C:\windows\system32;C:\windows;C:\windows\System32\Wbem;C:\windows\System32\WindowsPowerShell\v1.0\;C:\windows\System32\OpenSSH\;C:\Program Files\dotnet\;C:\Program Files\nodejs\;C:\Program Files\Git\cmd;C:\WINDOWS\system32;C:\WINDOWS;C:\WINDOWS\System32\Wbem;C:\WINDOWS\System32\WindowsPowerShell\v1.0\;C:\WINDOWS\System32\OpenSSH\;C:\Program Files\PowerShell\7\;C:\Program Files\WireGuard\;C:\Users\HP\AppData\Local\Microsoft\WindowsApps;C:\Users\HP\.dotnet\tools;C:\Users\HP\AppData\Roaming\npm;C:\Users\HP\AppData\Local\Programs\Microsoft VS Code\bin;C:\Users\HP\AppData\Local\PowerToys\DSCModules\;C:\Users\HP\AppData\Local\Android\Sdk\platform-tools;C:\Users\HP\AppData\Local\Android\Sdk\emulator;C:\Program Files (x86)\Developer Express Inc\Library\Delphi7;C:\development\flutter;
USERNAME=HP
LANG=en_US.UTF-8
OS=Windows_NT
PROCESSOR_IDENTIFIER=Intel64 Family 6 Model 186 Stepping 3, GenuineIntel
TMP=C:\Users\HP\AppData\Local\Temp
TEMP=C:\Users\HP\AppData\Local\Temp



Periodic native trim disabled


---------------  S Y S T E M  ---------------

OS:
 Windows 11 , 64 bit Build 26100 (10.0.26100.8328)
OS uptime: 0 days 9:32 hours
Hyper-V role detected

CPU: total 12 (initial active 12) (6 cores per cpu, 2 threads per core) family 6 model 186 stepping 3 microcode 0x4128, cx8, cmov, fxsr, ht, mmx, 3dnowpref, sse, sse2, sse3, ssse3, sse4.1, sse4.2, popcnt, lzcnt, tsc, tscinvbit, avx, avx2, aes, erms, clmul, bmi1, bmi2, adx, sha, fma, vzeroupper, clflush, clflushopt, clwb, hv
Processor Information for all 12 processors :
  Max Mhz: 1400, Current Mhz: 1400, Mhz Limit: 1400

Memory: 4k page, system-wide physical 7903M (574M free)
TotalPageFile size 24287M (AvailPageFile size 5M)
current process WorkingSet (physical memory assigned to process): 809M, peak: 829M
current process commit charge ("private bytes"): 1208M, peak: 1253M

vm_info: OpenJDK 64-Bit Server VM (17.0.18+8) for windows-amd64 JRE (17.0.18+8), built on Jan 20 2026 22:28:22 by "admin" with MS VC++ 17.12 (VS2022)

END.
