#
# There is insufficient memory for the Java Runtime Environment to continue.
# Native memory allocation (malloc) failed to allocate 2041440 bytes. Error detail: Chunk::new
# Possible reasons:
#   The system is out of physical RAM or swap space
#   This process is running with CompressedOops enabled, and the Java Heap may be blocking the growth of the native heap
# Possible solutions:
#   Reduce memory load on the system
#   Increase physical memory or swap space
#   Check if swap backing store is full
#   Decrease Java heap size (-Xmx/-Xms)
#   Decrease number of Java threads
#   Decrease Java thread stack sizes (-Xss)
#   Set larger code cache with -XX:ReservedCodeCacheSize=
#   JVM is running with Unscaled Compressed Oops mode in which the Java heap is
#     placed in the first 4GB address space. The Java Heap base address is the
#     maximum limit for the native heap growth. Please use -XX:HeapBaseMinAddress
#     to set the Java Heap base and to place the Java Heap above 4GB virtual address.
# This output file may be truncated or incomplete.
#
#  Out of Memory Error (arena.cpp:191), pid=23868, tid=13500
#
# JRE version: OpenJDK Runtime Environment Temurin-17.0.18+8 (17.0.18+8) (build 17.0.18+8)
# Java VM: OpenJDK 64-Bit Server VM Temurin-17.0.18+8 (17.0.18+8, mixed mode, sharing, tiered, compressed oops, compressed class ptrs, g1 gc, windows-amd64)
# No core dump will be written. Minidumps are not enabled by default on client versions of Windows
#

---------------  S U M M A R Y ------------

Command Line: -XX:MaxMetaspaceSize=512m --add-opens=java.base/java.util=ALL-UNNAMED --add-opens=java.base/java.lang=ALL-UNNAMED --add-opens=java.base/java.lang.invoke=ALL-UNNAMED --add-opens=java.prefs/java.util.prefs=ALL-UNNAMED --add-opens=java.base/java.nio.charset=ALL-UNNAMED --add-opens=java.base/java.net=ALL-UNNAMED --add-opens=java.base/java.util.concurrent.atomic=ALL-UNNAMED -Xmx2048m -Dfile.encoding=windows-1252 -Duser.country=ID -Duser.language=en -Duser.variant -javaagent:C:\Users\HP\.gradle\wrapper\dists\gradle-8.3-all\6en3ugtfdg5xnpx44z4qbwgas\gradle-8.3\lib\agents\gradle-instrumentation-agent-8.3.jar org.gradle.launcher.daemon.bootstrap.GradleDaemon 8.3

Host: Intel(R) Core(TM) 5 120U, 12 cores, 7G,  Windows 11 , 64 bit Build 26100 (10.0.26100.8328)
Time: Fri May 22 17:15:35 2026 SE Asia Standard Time elapsed time: 89.893028 seconds (0d 0h 1m 29s)

---------------  T H R E A D  ---------------

Current thread (0x00000161114f8e50):  JavaThread "C2 CompilerThread0" daemon [_thread_in_native, id=13500, stack(0x0000000804500000,0x0000000804600000)]


Current CompileTask:
C2:89893 23243   !   4       jdk.internal.loader.BuiltinClassLoader::loadClassOrNull (143 bytes)

Stack: [0x0000000804500000,0x0000000804600000]
Native frames: (J=compiled Java code, j=interpreted, Vv=VM code, C=native code)
V  [jvm.dll+0x6846f9]
V  [jvm.dll+0x839ea5]
V  [jvm.dll+0x83b91e]
V  [jvm.dll+0x83bfa3]
V  [jvm.dll+0x248eff]
V  [jvm.dll+0xad496]
V  [jvm.dll+0xadb3c]
V  [jvm.dll+0x368c1e]
V  [jvm.dll+0x1bc1ef]
V  [jvm.dll+0x219f10]
V  [jvm.dll+0x219200]
V  [jvm.dll+0x1a4920]
V  [jvm.dll+0x22989a]
V  [jvm.dll+0x227a4b]
V  [jvm.dll+0x7f0658]
V  [jvm.dll+0x7eaaec]
V  [jvm.dll+0x6835c7]
C  [ucrtbase.dll+0x37b0]
C  [KERNEL32.DLL+0x2e957]
C  [ntdll.dll+0x427c]


---------------  P R O C E S S  ---------------

Threads class SMR info:
_java_thread_list=0x0000016133e18c10, length=224, elements={
0x0000016170d518b0, 0x00000161114d4280, 0x00000161114d4d50, 0x00000161114f27c0,
0x00000161114f50a0, 0x00000161114f5970, 0x00000161114f6240, 0x00000161114f8e50,
0x00000161114f9810, 0x00000161114fc130, 0x00000161114b5970, 0x000001611187b610,
0x0000016132247640, 0x000001611167fdb0, 0x00000161116782b0, 0x0000016131e70010,
0x0000016131e704f0, 0x00000161329dc8f0, 0x00000161329dc3e0, 0x00000161329dd820,
0x00000161329dce00, 0x00000161329dd310, 0x00000161329b2bd0, 0x00000161329b1790,
0x00000161329b4520, 0x00000161329b30e0, 0x00000161329b35f0, 0x00000161329b3b00,
0x00000161329b0d70, 0x00000161329b1280, 0x00000161329b5450, 0x00000161329b26c0,
0x00000161329b4a30, 0x00000161329b5960, 0x00000161329b5e70, 0x00000161329b6da0,
0x00000161329b7cd0, 0x00000161329b81e0, 0x00000161329b86f0, 0x0000016133156480,
0x0000016133155550, 0x0000016133156990, 0x0000016133156ea0, 0x00000161331573b0,
0x00000161331587f0, 0x00000161331578c0, 0x0000016133158d00, 0x0000016133157dd0,
0x0000016133159210, 0x0000016133155a60, 0x0000016133155f70, 0x000001613315ba90,
0x000001613315b580, 0x000001613315ced0, 0x000001613315bfa0, 0x000001613315c4b0,
0x000001613315c9c0, 0x0000016133159720, 0x0000016133159c30, 0x000001613315a650,
0x000001613315a140, 0x000001613315b070, 0x0000016134178ca0, 0x0000016134179bd0,
0x00000161341791b0, 0x0000016134176930, 0x000001613417a0e0, 0x0000016134178280,
0x0000016134177350, 0x000001613417a5f0, 0x0000016134177860, 0x0000016134177d70,
0x0000016134176e40, 0x000001613417b010, 0x000001613417b520, 0x000001613417ba30,
0x000001613417ab00, 0x000001613417bf40, 0x0000016134178790, 0x000001613417c450,
0x000001613417c960, 0x000001613417ce70, 0x000001613417d380, 0x000001613417d890,
0x0000016133c445a0, 0x0000016133c44090, 0x0000016133c47d50, 0x0000016133c47330,
0x0000016133c44ab0, 0x0000016133c47840, 0x0000016133c44fc0, 0x0000016133c48c80,
0x0000016133c46400, 0x0000016133c48260, 0x0000016133c48770, 0x0000016133c46e20,
0x0000016133c49190, 0x0000016133c46910, 0x0000016133c459e0, 0x0000016133c496a0,
0x0000016133c45ef0, 0x0000016133c4b500, 0x0000016133c49bb0, 0x0000016133c4aae0,
0x0000016133c4a0c0, 0x0000016133c4a5d0, 0x0000016133c4ba10, 0x0000016133c4aff0,
0x0000016135b06930, 0x0000016135b05f10, 0x0000016135b08280, 0x0000016135b06420,
0x0000016135b04ad0, 0x0000016135b0a5f0, 0x0000016135b096c0, 0x0000016135b0b520,
0x0000016135b0ba30, 0x0000016135b08790, 0x0000016135b0bf40, 0x0000016135b08ca0,
0x0000016135b0b010, 0x0000016135b0c450, 0x0000016135b091b0, 0x0000016135b09bd0,
0x00000161329dbed0, 0x0000016134175f10, 0x00000161375ef4a0, 0x00000161375f08e0,
0x00000161375ee060, 0x00000161375f1810, 0x00000161375eea80, 0x00000161375ef9b0,
0x00000161375f0df0, 0x00000161375efec0, 0x00000161375f03d0, 0x00000161375f1300,
0x000001613c5e18a0, 0x000001613c5e3700, 0x000001613c5e1db0, 0x000001613c5e31f0,
0x000001613c5e3c10, 0x000001613c5e22c0, 0x000001613c5e1390, 0x000001613c5e0460,
0x000001613c5e27d0, 0x000001613c5e2ce0, 0x000001613c5e4120, 0x000001613c5e0e80,
0x000001613c5e0970, 0x000001613c5e6eb0, 0x000001613c5e69a0, 0x000001613c5e5f80,
0x000001613c5e73c0, 0x000001613c5e7de0, 0x000001613c5e5a70, 0x000001613c5e6490,
0x000001613c5e78d0, 0x000001613c5e4630, 0x000001613c5e5050, 0x000001613c5919f0,
0x000001613c58f680, 0x000001613c58fb90, 0x000001613c58ec60, 0x000001613c590fd0,
0x000001613c5914e0, 0x000001613c591f00, 0x000001613c592410, 0x000001613c592920,
0x000001613c58f170, 0x000001613c592e30, 0x000001613c593340, 0x000001613c593850,
0x000001613c593d60, 0x000001613c5905b0, 0x000001613c594780, 0x000001613c594c90,
0x000001613c594270, 0x000001613c5956b0, 0x000001613c5951a0, 0x000001613c595bc0,
0x000001613c5960d0, 0x000001613c5965e0, 0x000001613c5e4b40, 0x000001613d2c63d0,
0x000001613d2c68e0, 0x000001613d2c6df0, 0x000001613d2c7300, 0x000001613d2c7810,
0x000001613d2c4a80, 0x000001613d2c4f90, 0x000001613d2ca090, 0x000001613d2c9160,
0x000001613d2caab0, 0x000001613d2ca5a0, 0x000001613d2c9670, 0x000001613d2cafc0,
0x000001613d2c9b80, 0x000001613e584aa0, 0x000001613e584590, 0x000001613e583660,
0x000001613e584fb0, 0x000001613e581d10, 0x000001613e582730, 0x000001613e583b70,
0x000001613e581800, 0x000001613e585ee0, 0x000001613e5854c0, 0x000001613e5863f0,
0x000001613e582c40, 0x000001613e586e10, 0x000001613e587830, 0x000001613e588c70,
0x000001613e586900, 0x000001613e58a5c0, 0x000001613e58b4f0, 0x000001613e588250,
0x000001613e58afe0, 0x000001613e58aad0, 0x000001613e58e790, 0x000001613e58c420,
0x000001613e58c930, 0x000001613e58ce40, 0x000001613e58dd70, 0x000001613e58d860
}

Java Threads: ( => current thread )
  0x0000016170d518b0 JavaThread "main" [_thread_blocked, id=14188, stack(0x0000000803700000,0x0000000803800000)]
  0x00000161114d4280 JavaThread "Reference Handler" daemon [_thread_blocked, id=13080, stack(0x0000000803f00000,0x0000000804000000)]
  0x00000161114d4d50 JavaThread "Finalizer" daemon [_thread_blocked, id=7344, stack(0x0000000804000000,0x0000000804100000)]
  0x00000161114f27c0 JavaThread "Signal Dispatcher" daemon [_thread_blocked, id=25776, stack(0x0000000804100000,0x0000000804200000)]
  0x00000161114f50a0 JavaThread "Attach Listener" daemon [_thread_blocked, id=18476, stack(0x0000000804200000,0x0000000804300000)]
  0x00000161114f5970 JavaThread "Service Thread" daemon [_thread_blocked, id=5860, stack(0x0000000804300000,0x0000000804400000)]
  0x00000161114f6240 JavaThread "Monitor Deflation Thread" daemon [_thread_blocked, id=13668, stack(0x0000000804400000,0x0000000804500000)]
=>0x00000161114f8e50 JavaThread "C2 CompilerThread0" daemon [_thread_in_native, id=13500, stack(0x0000000804500000,0x0000000804600000)]
  0x00000161114f9810 JavaThread "C1 CompilerThread0" daemon [_thread_blocked, id=16676, stack(0x0000000804600000,0x0000000804700000)]
  0x00000161114fc130 JavaThread "Sweeper thread" daemon [_thread_blocked, id=28000, stack(0x0000000804700000,0x0000000804800000)]
  0x00000161114b5970 JavaThread "Common-Cleaner" daemon [_thread_blocked, id=17364, stack(0x0000000804800000,0x0000000804900000)]
  0x000001611187b610 JavaThread "Notification Thread" daemon [_thread_blocked, id=26248, stack(0x0000000804900000,0x0000000804a00000)]
  0x0000016132247640 JavaThread "Daemon health stats" [_thread_blocked, id=24476, stack(0x0000000804f00000,0x0000000805000000)]
  0x000001611167fdb0 JavaThread "Incoming local TCP Connector on port 49180" [_thread_in_native, id=14612, stack(0x0000000805000000,0x0000000805100000)]
  0x00000161116782b0 JavaThread "Daemon periodic checks" [_thread_blocked, id=25616, stack(0x0000000805100000,0x0000000805200000)]
  0x0000016131e70010 JavaThread "Daemon" [_thread_blocked, id=17920, stack(0x0000000805200000,0x0000000805300000)]
  0x0000016131e704f0 JavaThread "Handler for socket connection from /127.0.0.1:49180 to /127.0.0.1:55288" [_thread_in_native, id=30784, stack(0x0000000805300000,0x0000000805400000)]
  0x00000161329dc8f0 JavaThread "Cancel handler" [_thread_blocked, id=3488, stack(0x0000000805400000,0x0000000805500000)]
  0x00000161329dc3e0 JavaThread "Daemon worker" [_thread_blocked, id=30120, stack(0x0000000805500000,0x0000000805600000)]
  0x00000161329dd820 JavaThread "Asynchronous log dispatcher for DefaultDaemonConnection: socket connection from /127.0.0.1:49180 to /127.0.0.1:55288" [_thread_blocked, id=10068, stack(0x0000000805600000,0x0000000805700000)]
  0x00000161329dce00 JavaThread "Stdin handler" [_thread_blocked, id=30996, stack(0x0000000805700000,0x0000000805800000)]
  0x00000161329dd310 JavaThread "Daemon client event forwarder" [_thread_blocked, id=26744, stack(0x0000000805800000,0x0000000805900000)]
  0x00000161329b2bd0 JavaThread "Cache worker for journal cache (C:\Users\HP\.gradle\caches\journal-1)" [_thread_blocked, id=9164, stack(0x0000000805900000,0x0000000805a00000)]
  0x00000161329b1790 JavaThread "File lock request listener" [_thread_in_native, id=12164, stack(0x0000000805a00000,0x0000000805b00000)]
  0x00000161329b4520 JavaThread "Cache worker for file hash cache (C:\Users\HP\.gradle\caches\8.3\fileHashes)" [_thread_blocked, id=29128, stack(0x0000000805b00000,0x0000000805c00000)]
  0x00000161329b30e0 JavaThread "File watcher server" daemon [_thread_in_native, id=13628, stack(0x0000000806100000,0x0000000806200000)]
  0x00000161329b35f0 JavaThread "File watcher consumer" daemon [_thread_blocked, id=29108, stack(0x0000000806200000,0x0000000806300000)]
  0x00000161329b3b00 JavaThread "Cache worker for checksums cache (D:\my project\packing_frontend\android\.gradle\8.3\checksums)" [_thread_blocked, id=26300, stack(0x0000000806300000,0x0000000806400000)]
  0x00000161329b0d70 JavaThread "Cache worker for file hash cache (D:\my project\packing_frontend\android\.gradle\8.3\fileHashes)" [_thread_blocked, id=27804, stack(0x0000000806400000,0x0000000806500000)]
  0x00000161329b1280 JavaThread "Cache worker for cache directory md-supplier (C:\Users\HP\.gradle\caches\8.3\md-supplier)" [_thread_blocked, id=16656, stack(0x0000000806500000,0x0000000806600000)]
  0x00000161329b5450 JavaThread "Cache worker for file content cache (C:\Users\HP\.gradle\caches\8.3\fileContent)" [_thread_blocked, id=16204, stack(0x0000000806600000,0x0000000806700000)]
  0x00000161329b26c0 JavaThread "Cache worker for cache directory md-rule (C:\Users\HP\.gradle\caches\8.3\md-rule)" [_thread_blocked, id=12340, stack(0x0000000806b00000,0x0000000806c00000)]
  0x00000161329b4a30 JavaThread "Cache worker for execution history cache (C:\Users\HP\.gradle\caches\8.3\executionHistory)" [_thread_blocked, id=9264, stack(0x0000000806c00000,0x0000000806d00000)]
  0x00000161329b5960 JavaThread "jar transforms" [_thread_blocked, id=928, stack(0x0000000806e00000,0x0000000806f00000)]
  0x00000161329b5e70 JavaThread "jar transforms Thread 2" [_thread_blocked, id=23736, stack(0x0000000806f00000,0x0000000807000000)]
  0x00000161329b6da0 JavaThread "jar transforms Thread 3" [_thread_blocked, id=10236, stack(0x0000000807000000,0x0000000807100000)]
  0x00000161329b7cd0 JavaThread "jar transforms Thread 4" [_thread_blocked, id=27920, stack(0x0000000807100000,0x0000000807200000)]
  0x00000161329b81e0 JavaThread "Cache worker for kotlin-dsl (C:\Users\HP\.gradle\caches\8.3\kotlin-dsl)" [_thread_blocked, id=27608, stack(0x0000000807300000,0x0000000807400000)]
  0x00000161329b86f0 JavaThread "jar transforms Thread 5" [_thread_blocked, id=10568, stack(0x0000000807400000,0x0000000807500000)]
  0x0000016133156480 JavaThread "jar transforms Thread 6" [_thread_blocked, id=28280, stack(0x0000000807500000,0x0000000807600000)]
  0x0000016133155550 JavaThread "Unconstrained build operations" [_thread_blocked, id=13192, stack(0x0000000807200000,0x0000000807300000)]
  0x0000016133156990 JavaThread "Unconstrained build operations Thread 2" [_thread_blocked, id=25924, stack(0x0000000807600000,0x0000000807700000)]
  0x0000016133156ea0 JavaThread "jar transforms Thread 7" [_thread_blocked, id=2088, stack(0x0000000807700000,0x0000000807800000)]
  0x00000161331573b0 JavaThread "jar transforms Thread 8" [_thread_blocked, id=31336, stack(0x0000000807800000,0x0000000807900000)]
  0x00000161331587f0 JavaThread "jar transforms Thread 9" [_thread_blocked, id=8064, stack(0x0000000807900000,0x0000000807a00000)]
  0x00000161331578c0 JavaThread "jar transforms Thread 10" [_thread_blocked, id=14848, stack(0x0000000807a00000,0x0000000807b00000)]
  0x0000016133158d00 JavaThread "jar transforms Thread 11" [_thread_blocked, id=17908, stack(0x0000000807b00000,0x0000000807c00000)]
  0x0000016133157dd0 JavaThread "jar transforms Thread 12" [_thread_blocked, id=13036, stack(0x0000000807c00000,0x0000000807d00000)]
  0x0000016133159210 JavaThread "Cache worker for dependencies-accessors (D:\my project\packing_frontend\android\.gradle\8.3\dependencies-accessors)" [_thread_blocked, id=30604, stack(0x0000000807d00000,0x0000000807e00000)]
  0x0000016133155a60 JavaThread "Cache worker for Build Output Cleanup Cache (D:\my project\packing_frontend\node_modules\@react-native\gradle-plugin\.gradle\buildOutputCleanup)" [_thread_blocked, id=14296, stack(0x0000000807e00000,0x0000000807f00000)]
  0x0000016133155f70 JavaThread "Unconstrained build operations Thread 3" [_thread_blocked, id=3196, stack(0x0000000807f00000,0x0000000808000000)]
  0x000001613315ba90 JavaThread "Unconstrained build operations Thread 4" [_thread_blocked, id=15972, stack(0x0000000808000000,0x0000000808100000)]
  0x000001613315b580 JavaThread "Unconstrained build operations Thread 5" [_thread_blocked, id=1864, stack(0x0000000808100000,0x0000000808200000)]
  0x000001613315ced0 JavaThread "Unconstrained build operations Thread 6" [_thread_blocked, id=15668, stack(0x0000000808200000,0x0000000808300000)]
  0x000001613315bfa0 JavaThread "Unconstrained build operations Thread 7" [_thread_blocked, id=14324, stack(0x0000000808300000,0x0000000808400000)]
  0x000001613315c4b0 JavaThread "Unconstrained build operations Thread 8" [_thread_blocked, id=4280, stack(0x0000000808400000,0x0000000808500000)]
  0x000001613315c9c0 JavaThread "Unconstrained build operations Thread 9" [_thread_blocked, id=18832, stack(0x0000000808500000,0x0000000808600000)]
  0x0000016133159720 JavaThread "Unconstrained build operations Thread 10" [_thread_blocked, id=27660, stack(0x0000000808600000,0x0000000808700000)]
  0x0000016133159c30 JavaThread "Unconstrained build operations Thread 11" [_thread_blocked, id=16348, stack(0x0000000808700000,0x0000000808800000)]
  0x000001613315a650 JavaThread "Unconstrained build operations Thread 12" [_thread_blocked, id=30648, stack(0x0000000808800000,0x0000000808900000)]
  0x000001613315a140 JavaThread "Unconstrained build operations Thread 13" [_thread_blocked, id=3152, stack(0x0000000808900000,0x0000000808a00000)]
  0x000001613315b070 JavaThread "Memory manager" [_thread_blocked, id=27064, stack(0x0000000808a00000,0x0000000808b00000)]
  0x0000016134178ca0 JavaThread "Cache worker for Build Output Cleanup Cache (D:\my project\packing_frontend\android\.gradle\buildOutputCleanup)" [_thread_blocked, id=17036, stack(0x0000000808b00000,0x0000000808c00000)]
  0x0000016134179bd0 JavaThread "ForkJoinPool.commonPool-worker-1" daemon [_thread_blocked, id=7244, stack(0x0000000808c00000,0x0000000808d00000)]
  0x00000161341791b0 JavaThread "ForkJoinPool.commonPool-worker-2" daemon [_thread_blocked, id=4112, stack(0x0000000808d00000,0x0000000808e00000)]
  0x0000016134176930 JavaThread "ForkJoinPool.commonPool-worker-3" daemon [_thread_blocked, id=19928, stack(0x0000000808e00000,0x0000000808f00000)]
  0x000001613417a0e0 JavaThread "ForkJoinPool.commonPool-worker-4" daemon [_thread_blocked, id=25172, stack(0x0000000808f00000,0x0000000809000000)]
  0x0000016134178280 JavaThread "ForkJoinPool.commonPool-worker-5" daemon [_thread_blocked, id=26260, stack(0x0000000809000000,0x0000000809100000)]
  0x0000016134177350 JavaThread "ForkJoinPool.commonPool-worker-6" daemon [_thread_blocked, id=15440, stack(0x0000000809100000,0x0000000809200000)]
  0x000001613417a5f0 JavaThread "ForkJoinPool.commonPool-worker-7" daemon [_thread_blocked, id=28704, stack(0x0000000809300000,0x0000000809400000)]
  0x0000016134177860 JavaThread "ForkJoinPool.commonPool-worker-8" daemon [_thread_blocked, id=26240, stack(0x0000000809400000,0x0000000809500000)]
  0x0000016134177d70 JavaThread "included builds" [_thread_blocked, id=31740, stack(0x0000000809500000,0x0000000809600000)]
  0x0000016134176e40 JavaThread "Execution worker" [_thread_blocked, id=26696, stack(0x0000000809600000,0x0000000809700000)]
  0x000001613417b010 JavaThread "Execution worker Thread 2" [_thread_blocked, id=22196, stack(0x0000000809700000,0x0000000809800000)]
  0x000001613417b520 JavaThread "Execution worker Thread 3" [_thread_blocked, id=11812, stack(0x0000000809800000,0x0000000809900000)]
  0x000001613417ba30 JavaThread "Execution worker Thread 4" [_thread_blocked, id=31272, stack(0x0000000809900000,0x0000000809a00000)]
  0x000001613417ab00 JavaThread "Execution worker Thread 5" [_thread_blocked, id=23172, stack(0x0000000809a00000,0x0000000809b00000)]
  0x000001613417bf40 JavaThread "Execution worker Thread 6" [_thread_blocked, id=12476, stack(0x0000000809b00000,0x0000000809c00000)]
  0x0000016134178790 JavaThread "Execution worker Thread 7" [_thread_blocked, id=25480, stack(0x0000000809c00000,0x0000000809d00000)]
  0x000001613417c450 JavaThread "Execution worker Thread 8" [_thread_blocked, id=11684, stack(0x0000000809d00000,0x0000000809e00000)]
  0x000001613417c960 JavaThread "Execution worker Thread 9" [_thread_blocked, id=20396, stack(0x0000000809e00000,0x0000000809f00000)]
  0x000001613417ce70 JavaThread "Execution worker Thread 10" [_thread_blocked, id=4684, stack(0x0000000809f00000,0x000000080a000000)]
  0x000001613417d380 JavaThread "Execution worker Thread 11" [_thread_blocked, id=25868, stack(0x000000080a000000,0x000000080a100000)]
  0x000001613417d890 JavaThread "Cache worker for execution history cache (D:\my project\packing_frontend\node_modules\@react-native\gradle-plugin\.gradle\8.3\executionHistory)" [_thread_blocked, id=27304, stack(0x000000080a100000,0x000000080a200000)]
  0x0000016133c445a0 JavaThread "Unconstrained build operations Thread 14" [_thread_blocked, id=29444, stack(0x000000080a200000,0x000000080a300000)]
  0x0000016133c44090 JavaThread "Unconstrained build operations Thread 15" [_thread_blocked, id=12832, stack(0x000000080a300000,0x000000080a400000)]
  0x0000016133c47d50 JavaThread "Unconstrained build operations Thread 16" [_thread_blocked, id=30772, stack(0x000000080a400000,0x000000080a500000)]
  0x0000016133c47330 JavaThread "Unconstrained build operations Thread 17" [_thread_blocked, id=25152, stack(0x000000080a500000,0x000000080a600000)]
  0x0000016133c44ab0 JavaThread "Unconstrained build operations Thread 18" [_thread_blocked, id=20676, stack(0x000000080a600000,0x000000080a700000)]
  0x0000016133c47840 JavaThread "Unconstrained build operations Thread 19" [_thread_blocked, id=28620, stack(0x000000080a700000,0x000000080a800000)]
  0x0000016133c44fc0 JavaThread "Unconstrained build operations Thread 20" [_thread_blocked, id=10620, stack(0x000000080a800000,0x000000080a900000)]
  0x0000016133c48c80 JavaThread "Unconstrained build operations Thread 21" [_thread_blocked, id=25412, stack(0x000000080a900000,0x000000080aa00000)]
  0x0000016133c46400 JavaThread "Unconstrained build operations Thread 22" [_thread_blocked, id=20700, stack(0x000000080aa00000,0x000000080ab00000)]
  0x0000016133c48260 JavaThread "Unconstrained build operations Thread 23" [_thread_blocked, id=31160, stack(0x000000080ab00000,0x000000080ac00000)]
  0x0000016133c48770 JavaThread "Unconstrained build operations Thread 24" [_thread_blocked, id=7948, stack(0x000000080ac00000,0x000000080ad00000)]
  0x0000016133c46e20 JavaThread "Unconstrained build operations Thread 25" [_thread_blocked, id=27768, stack(0x000000080ad00000,0x000000080ae00000)]
  0x0000016133c49190 JavaThread "Unconstrained build operations Thread 26" [_thread_blocked, id=24072, stack(0x000000080ae00000,0x000000080af00000)]
  0x0000016133c46910 JavaThread "Unconstrained build operations Thread 27" [_thread_blocked, id=26596, stack(0x000000080af00000,0x000000080b000000)]
  0x0000016133c459e0 JavaThread "Unconstrained build operations Thread 28" [_thread_blocked, id=25632, stack(0x000000080b000000,0x000000080b100000)]
  0x0000016133c496a0 JavaThread "Unconstrained build operations Thread 29" [_thread_blocked, id=7180, stack(0x000000080b100000,0x000000080b200000)]
  0x0000016133c45ef0 JavaThread "Unconstrained build operations Thread 30" [_thread_blocked, id=6536, stack(0x000000080b200000,0x000000080b300000)]
  0x0000016133c4b500 JavaThread "Unconstrained build operations Thread 31" [_thread_blocked, id=27512, stack(0x000000080b300000,0x000000080b400000)]
  0x0000016133c49bb0 JavaThread "Unconstrained build operations Thread 32" [_thread_blocked, id=2512, stack(0x000000080b400000,0x000000080b500000)]
  0x0000016133c4aae0 JavaThread "Unconstrained build operations Thread 33" [_thread_blocked, id=24136, stack(0x000000080b500000,0x000000080b600000)]
  0x0000016133c4a0c0 JavaThread "Unconstrained build operations Thread 34" [_thread_blocked, id=25764, stack(0x000000080b600000,0x000000080b700000)]
  0x0000016133c4a5d0 JavaThread "Unconstrained build operations Thread 35" [_thread_blocked, id=20092, stack(0x000000080b700000,0x000000080b800000)]
  0x0000016133c4ba10 JavaThread "Unconstrained build operations Thread 36" [_thread_blocked, id=30932, stack(0x000000080b800000,0x000000080b900000)]
  0x0000016133c4aff0 JavaThread "Unconstrained build operations Thread 37" [_thread_blocked, id=14740, stack(0x000000080b900000,0x000000080ba00000)]
  0x0000016135b06930 JavaThread "Unconstrained build operations Thread 38" [_thread_blocked, id=3404, stack(0x0000000803600000,0x0000000803700000)]
  0x0000016135b05f10 JavaThread "Unconstrained build operations Thread 39" [_thread_blocked, id=17444, stack(0x0000000803800000,0x0000000803900000)]
  0x0000016135b08280 JavaThread "Unconstrained build operations Thread 40" [_thread_blocked, id=28640, stack(0x0000000806d00000,0x0000000806e00000)]
  0x0000016135b06420 JavaThread "Unconstrained build operations Thread 41" [_thread_blocked, id=12952, stack(0x0000000809200000,0x0000000809300000)]
  0x0000016135b04ad0 JavaThread "Unconstrained build operations Thread 42" [_thread_blocked, id=26412, stack(0x000000080ba00000,0x000000080bb00000)]
  0x0000016135b0a5f0 JavaThread "Unconstrained build operations Thread 43" [_thread_blocked, id=28468, stack(0x000000080bb00000,0x000000080bc00000)]
  0x0000016135b096c0 JavaThread "Unconstrained build operations Thread 44" [_thread_blocked, id=29052, stack(0x000000080bc00000,0x000000080bd00000)]
  0x0000016135b0b520 JavaThread "Unconstrained build operations Thread 45" [_thread_blocked, id=25224, stack(0x000000080bd00000,0x000000080be00000)]
  0x0000016135b0ba30 JavaThread "Unconstrained build operations Thread 46" [_thread_blocked, id=27816, stack(0x000000080be00000,0x000000080bf00000)]
  0x0000016135b08790 JavaThread "Unconstrained build operations Thread 47" [_thread_blocked, id=29960, stack(0x000000080bf00000,0x000000080c000000)]
  0x0000016135b0bf40 JavaThread "Unconstrained build operations Thread 48" [_thread_blocked, id=26948, stack(0x000000080c000000,0x000000080c100000)]
  0x0000016135b08ca0 JavaThread "Unconstrained build operations Thread 49" [_thread_blocked, id=30464, stack(0x000000080c100000,0x000000080c200000)]
  0x0000016135b0b010 JavaThread "Unconstrained build operations Thread 50" [_thread_blocked, id=30152, stack(0x000000080c200000,0x000000080c300000)]
  0x0000016135b0c450 JavaThread "Unconstrained build operations Thread 51" [_thread_blocked, id=31452, stack(0x000000080c300000,0x000000080c400000)]
  0x0000016135b091b0 JavaThread "Unconstrained build operations Thread 52" [_thread_blocked, id=28224, stack(0x000000080c400000,0x000000080c500000)]
  0x0000016135b09bd0 JavaThread "Unconstrained build operations Thread 53" [_thread_blocked, id=21036, stack(0x000000080c500000,0x000000080c600000)]
  0x00000161329dbed0 JavaThread "Unconstrained build operations Thread 54" [_thread_blocked, id=7748, stack(0x000000080c600000,0x000000080c700000)]
  0x0000016134175f10 JavaThread "Unconstrained build operations Thread 55" [_thread_blocked, id=30352, stack(0x000000080c700000,0x000000080c800000)]
  0x00000161375ef4a0 JavaThread "Unconstrained build operations Thread 56" [_thread_blocked, id=13728, stack(0x000000080c800000,0x000000080c900000)]
  0x00000161375f08e0 JavaThread "Unconstrained build operations Thread 57" [_thread_blocked, id=30988, stack(0x000000080c900000,0x000000080ca00000)]
  0x00000161375ee060 JavaThread "Unconstrained build operations Thread 58" [_thread_blocked, id=14652, stack(0x000000080ca00000,0x000000080cb00000)]
  0x00000161375f1810 JavaThread "Unconstrained build operations Thread 59" [_thread_blocked, id=25280, stack(0x000000080cb00000,0x000000080cc00000)]
  0x00000161375eea80 JavaThread "Unconstrained build operations Thread 60" [_thread_blocked, id=16284, stack(0x000000080cc00000,0x000000080cd00000)]
  0x00000161375ef9b0 JavaThread "Unconstrained build operations Thread 61" [_thread_blocked, id=13824, stack(0x000000080cd00000,0x000000080ce00000)]
  0x00000161375f0df0 JavaThread "Unconstrained build operations Thread 62" [_thread_blocked, id=25980, stack(0x000000080ce00000,0x000000080cf00000)]
  0x00000161375efec0 JavaThread "Unconstrained build operations Thread 63" [_thread_blocked, id=31600, stack(0x000000080cf00000,0x000000080d000000)]
  0x00000161375f03d0 JavaThread "Unconstrained build operations Thread 64" [_thread_blocked, id=29928, stack(0x000000080d000000,0x000000080d100000)]
  0x00000161375f1300 JavaThread "Unconstrained build operations Thread 65" [_thread_blocked, id=15292, stack(0x000000080d100000,0x000000080d200000)]
  0x000001613c5e18a0 JavaThread "Unconstrained build operations Thread 66" [_thread_blocked, id=27008, stack(0x000000080d200000,0x000000080d300000)]
  0x000001613c5e3700 JavaThread "Unconstrained build operations Thread 67" [_thread_blocked, id=14376, stack(0x000000080d300000,0x000000080d400000)]
  0x000001613c5e1db0 JavaThread "Unconstrained build operations Thread 68" [_thread_blocked, id=27204, stack(0x000000080d400000,0x000000080d500000)]
  0x000001613c5e31f0 JavaThread "Unconstrained build operations Thread 69" [_thread_blocked, id=25564, stack(0x000000080d500000,0x000000080d600000)]
  0x000001613c5e3c10 JavaThread "Unconstrained build operations Thread 70" [_thread_blocked, id=12632, stack(0x000000080d600000,0x000000080d700000)]
  0x000001613c5e22c0 JavaThread "Unconstrained build operations Thread 71" [_thread_blocked, id=19748, stack(0x000000080d700000,0x000000080d800000)]
  0x000001613c5e1390 JavaThread "Unconstrained build operations Thread 72" [_thread_blocked, id=31720, stack(0x000000080d800000,0x000000080d900000)]
  0x000001613c5e0460 JavaThread "Unconstrained build operations Thread 73" [_thread_blocked, id=23820, stack(0x000000080d900000,0x000000080da00000)]
  0x000001613c5e27d0 JavaThread "Unconstrained build operations Thread 74" [_thread_blocked, id=7812, stack(0x000000080da00000,0x000000080db00000)]
  0x000001613c5e2ce0 JavaThread "Unconstrained build operations Thread 75" [_thread_blocked, id=22144, stack(0x000000080db00000,0x000000080dc00000)]
  0x000001613c5e4120 JavaThread "Unconstrained build operations Thread 76" [_thread_blocked, id=26392, stack(0x000000080dc00000,0x000000080dd00000)]
  0x000001613c5e0e80 JavaThread "Unconstrained build operations Thread 77" [_thread_blocked, id=28444, stack(0x000000080dd00000,0x000000080de00000)]
  0x000001613c5e0970 JavaThread "Unconstrained build operations Thread 78" [_thread_blocked, id=28660, stack(0x000000080de00000,0x000000080df00000)]
  0x000001613c5e6eb0 JavaThread "Unconstrained build operations Thread 79" [_thread_blocked, id=26144, stack(0x000000080df00000,0x000000080e000000)]
  0x000001613c5e69a0 JavaThread "Unconstrained build operations Thread 80" [_thread_blocked, id=24692, stack(0x000000080e000000,0x000000080e100000)]
  0x000001613c5e5f80 JavaThread "Unconstrained build operations Thread 81" [_thread_blocked, id=31328, stack(0x000000080e100000,0x000000080e200000)]
  0x000001613c5e73c0 JavaThread "Unconstrained build operations Thread 82" [_thread_blocked, id=2516, stack(0x000000080e200000,0x000000080e300000)]
  0x000001613c5e7de0 JavaThread "Unconstrained build operations Thread 83" [_thread_blocked, id=17716, stack(0x000000080e300000,0x000000080e400000)]
  0x000001613c5e5a70 JavaThread "Unconstrained build operations Thread 84" [_thread_blocked, id=30272, stack(0x000000080e400000,0x000000080e500000)]
  0x000001613c5e6490 JavaThread "Unconstrained build operations Thread 85" [_thread_blocked, id=16868, stack(0x000000080e500000,0x000000080e600000)]
  0x000001613c5e78d0 JavaThread "Unconstrained build operations Thread 86" [_thread_blocked, id=9612, stack(0x000000080e600000,0x000000080e700000)]
  0x000001613c5e4630 JavaThread "Unconstrained build operations Thread 87" [_thread_blocked, id=31736, stack(0x000000080e700000,0x000000080e800000)]
  0x000001613c5e5050 JavaThread "Unconstrained build operations Thread 88" [_thread_blocked, id=30360, stack(0x000000080e800000,0x000000080e900000)]
  0x000001613c5919f0 JavaThread "Unconstrained build operations Thread 89" [_thread_blocked, id=17448, stack(0x000000080e900000,0x000000080ea00000)]
  0x000001613c58f680 JavaThread "Unconstrained build operations Thread 90" [_thread_blocked, id=24364, stack(0x000000080ea00000,0x000000080eb00000)]
  0x000001613c58fb90 JavaThread "Unconstrained build operations Thread 91" [_thread_blocked, id=4912, stack(0x000000080eb00000,0x000000080ec00000)]
  0x000001613c58ec60 JavaThread "Unconstrained build operations Thread 92" [_thread_blocked, id=30992, stack(0x000000080ec00000,0x000000080ed00000)]
  0x000001613c590fd0 JavaThread "Unconstrained build operations Thread 93" [_thread_blocked, id=28976, stack(0x000000080ed00000,0x000000080ee00000)]
  0x000001613c5914e0 JavaThread "Unconstrained build operations Thread 94" [_thread_blocked, id=10912, stack(0x000000080ee00000,0x000000080ef00000)]
  0x000001613c591f00 JavaThread "Unconstrained build operations Thread 95" [_thread_blocked, id=22464, stack(0x000000080ef00000,0x000000080f000000)]
  0x000001613c592410 JavaThread "Unconstrained build operations Thread 96" [_thread_blocked, id=30372, stack(0x000000080f000000,0x000000080f100000)]
  0x000001613c592920 JavaThread "Unconstrained build operations Thread 97" [_thread_blocked, id=9392, stack(0x000000080f100000,0x000000080f200000)]
  0x000001613c58f170 JavaThread "Unconstrained build operations Thread 98" [_thread_blocked, id=19556, stack(0x000000080f200000,0x000000080f300000)]
  0x000001613c592e30 JavaThread "Unconstrained build operations Thread 99" [_thread_blocked, id=1356, stack(0x000000080f300000,0x000000080f400000)]
  0x000001613c593340 JavaThread "Unconstrained build operations Thread 100" [_thread_blocked, id=30868, stack(0x000000080f400000,0x000000080f500000)]
  0x000001613c593850 JavaThread "Unconstrained build operations Thread 101" [_thread_blocked, id=11856, stack(0x000000080f500000,0x000000080f600000)]
  0x000001613c593d60 JavaThread "Unconstrained build operations Thread 102" [_thread_blocked, id=2196, stack(0x000000080f600000,0x000000080f700000)]
  0x000001613c5905b0 JavaThread "Unconstrained build operations Thread 103" [_thread_blocked, id=13836, stack(0x000000080f700000,0x000000080f800000)]
  0x000001613c594780 JavaThread "Unconstrained build operations Thread 104" [_thread_blocked, id=25408, stack(0x000000080f800000,0x000000080f900000)]
  0x000001613c594c90 JavaThread "Unconstrained build operations Thread 105" [_thread_blocked, id=4648, stack(0x000000080fc00000,0x000000080fd00000)]
  0x000001613c594270 JavaThread "Unconstrained build operations Thread 106" [_thread_blocked, id=11440, stack(0x000000080fd00000,0x000000080fe00000)]
  0x000001613c5956b0 JavaThread "Unconstrained build operations Thread 107" [_thread_blocked, id=31624, stack(0x000000080fe00000,0x000000080ff00000)]
  0x000001613c5951a0 JavaThread "Unconstrained build operations Thread 108" [_thread_blocked, id=26340, stack(0x000000080ff00000,0x0000000810000000)]
  0x000001613c595bc0 JavaThread "Unconstrained build operations Thread 109" [_thread_blocked, id=15692, stack(0x0000000810000000,0x0000000810100000)]
  0x000001613c5960d0 JavaThread "Unconstrained build operations Thread 110" [_thread_blocked, id=13724, stack(0x0000000810100000,0x0000000810200000)]
  0x000001613c5965e0 JavaThread "Unconstrained build operations Thread 111" [_thread_blocked, id=24312, stack(0x0000000810200000,0x0000000810300000)]
  0x000001613c5e4b40 JavaThread "Unconstrained build operations Thread 112" [_thread_blocked, id=28472, stack(0x0000000810300000,0x0000000810400000)]
  0x000001613d2c63d0 JavaThread "Unconstrained build operations Thread 113" [_thread_blocked, id=18640, stack(0x0000000810400000,0x0000000810500000)]
  0x000001613d2c68e0 JavaThread "Unconstrained build operations Thread 114" [_thread_blocked, id=25072, stack(0x0000000810500000,0x0000000810600000)]
  0x000001613d2c6df0 JavaThread "Unconstrained build operations Thread 115" [_thread_blocked, id=27536, stack(0x0000000810600000,0x0000000810700000)]
  0x000001613d2c7300 JavaThread "ForkJoinPool.commonPool-worker-10" daemon [_thread_blocked, id=26120, stack(0x0000000810700000,0x0000000810800000)]
  0x000001613d2c7810 JavaThread "ForkJoinPool.commonPool-worker-11" daemon [_thread_blocked, id=19128, stack(0x0000000810800000,0x0000000810900000)]
  0x000001613d2c4a80 JavaThread "ForkJoinPool.commonPool-worker-9" daemon [_thread_blocked, id=24592, stack(0x0000000810900000,0x0000000810a00000)]
  0x000001613d2c4f90 JavaThread "pool-3-thread-1" [_thread_blocked, id=31388, stack(0x0000000810b00000,0x0000000810c00000)]
  0x000001613d2ca090 JavaThread "build event listener" [_thread_blocked, id=26988, stack(0x0000000810c00000,0x0000000810d00000)]
  0x000001613d2c9160 JavaThread "Unconstrained build operations Thread 116" [_thread_blocked, id=30676, stack(0x0000000810d00000,0x0000000810e00000)]
  0x000001613d2caab0 JavaThread "Unconstrained build operations Thread 117" [_thread_blocked, id=19552, stack(0x0000000810e00000,0x0000000810f00000)]
  0x000001613d2ca5a0 JavaThread "Unconstrained build operations Thread 118" [_thread_blocked, id=16780, stack(0x0000000810f00000,0x0000000811000000)]
  0x000001613d2c9670 JavaThread "Unconstrained build operations Thread 119" [_thread_blocked, id=24488, stack(0x0000000811000000,0x0000000811100000)]
  0x000001613d2cafc0 JavaThread "Unconstrained build operations Thread 120" [_thread_blocked, id=23056, stack(0x0000000811100000,0x0000000811200000)]
  0x000001613d2c9b80 JavaThread "Cache worker for execution history cache (D:\my project\packing_frontend\android\.gradle\8.3\executionHistory)" [_thread_blocked, id=17804, stack(0x0000000811200000,0x0000000811300000)]
  0x000001613e584aa0 JavaThread "WorkerExecutor Queue" [_thread_in_native, id=30052, stack(0x0000000811300000,0x0000000811400000)]
  0x000001613e584590 JavaThread "RMI Scheduler(0)" daemon [_thread_blocked, id=21436, stack(0x0000000811400000,0x0000000811500000)]
  0x000001613e583660 JavaThread "RMI RenewClean-[127.0.0.1:17021,org.jetbrains.kotlin.daemon.common.LoopbackNetworkInterface$ClientLoopbackSocketFactory@3c9a3f31]" daemon [_thread_blocked, id=19044, stack(0x0000000811500000,0x0000000811600000)]
  0x000001613e584fb0 JavaThread "RMI GC Daemon" daemon [_thread_blocked, id=27928, stack(0x0000000811600000,0x0000000811700000)]
  0x000001613e581d10 JavaThread "RMI TCP Accept-0" daemon [_thread_in_native, id=4432, stack(0x0000000811700000,0x0000000811800000)]
  0x000001613e582730 JavaThread "RMI Reaper" [_thread_blocked, id=5232, stack(0x0000000811800000,0x0000000811900000)]
  0x000001613e583b70 JavaThread "RMI TCP Connection(1)-127.0.0.1" daemon [_thread_in_native, id=28900, stack(0x0000000811900000,0x0000000811a00000)]
  0x000001613e581800 JavaThread "Exec process" [_thread_in_native, id=14700, stack(0x0000000810a00000,0x0000000810b00000)]
  0x000001613e585ee0 JavaThread "Exec process Thread 2" [_thread_in_native, id=5632, stack(0x0000000811a00000,0x0000000811b00000)]
  0x000001613e5854c0 JavaThread "Exec process Thread 3" [_thread_in_native, id=26304, stack(0x0000000811b00000,0x0000000811c00000)]
  0x000001613e5863f0 JavaThread "WorkerExecutor Queue Thread 2" [_thread_in_native, id=8964, stack(0x0000000811c00000,0x0000000811d00000)]
  0x000001613e582c40 JavaThread "RMI RenewClean-[127.0.0.1:17021,org.jetbrains.kotlin.daemon.common.LoopbackNetworkInterface$ClientLoopbackSocketFactory@26dfca35]" daemon [_thread_blocked, id=8460, stack(0x0000000811d00000,0x0000000811e00000)]
  0x000001613e586e10 JavaThread "RMI TCP Connection(2)-127.0.0.1" daemon [_thread_in_native, id=4324, stack(0x0000000811e00000,0x0000000811f00000)]
  0x000001613e587830 JavaThread "WorkerExecutor Queue Thread 3" [_thread_in_vm, id=22808, stack(0x0000000811f00000,0x0000000812000000)]
  0x000001613e588c70 JavaThread "Cache worker for Java compile cache (C:\Users\HP\.gradle\caches\8.3\javaCompile)" [_thread_blocked, id=24052, stack(0x0000000812000000,0x0000000812100000)]
  0x000001613e586900 JavaThread "Build operations" [_thread_blocked, id=4168, stack(0x0000000812100000,0x0000000812200000)]
  0x000001613e58a5c0 JavaThread "Build operations Thread 2" [_thread_blocked, id=25448, stack(0x0000000812200000,0x0000000812300000)]
  0x000001613e58b4f0 JavaThread "Build operations Thread 3" [_thread_blocked, id=22496, stack(0x0000000812300000,0x0000000812400000)]
  0x000001613e588250 JavaThread "Build operations Thread 4" [_thread_blocked, id=9420, stack(0x0000000812400000,0x0000000812500000)]
  0x000001613e58afe0 JavaThread "Build operations Thread 5" [_thread_blocked, id=15992, stack(0x0000000812500000,0x0000000812600000)]
  0x000001613e58aad0 JavaThread "Build operations Thread 6" [_thread_blocked, id=30696, stack(0x0000000812600000,0x0000000812700000)]
  0x000001613e58e790 JavaThread "Build operations Thread 7" [_thread_blocked, id=18676, stack(0x0000000812700000,0x0000000812800000)]
  0x000001613e58c420 JavaThread "Build operations Thread 8" [_thread_blocked, id=29908, stack(0x0000000812800000,0x0000000812900000)]
  0x000001613e58c930 JavaThread "Build operations Thread 9" [_thread_blocked, id=17524, stack(0x0000000812900000,0x0000000812a00000)]
  0x000001613e58ce40 JavaThread "Build operations Thread 10" [_thread_blocked, id=12140, stack(0x0000000812a00000,0x0000000812b00000)]
  0x000001613e58dd70 JavaThread "Build operations Thread 11" [_thread_blocked, id=25160, stack(0x0000000812b00000,0x0000000812c00000)]
  0x000001613e58d860 JavaThread "WorkerExecutor Queue Thread 4" [_thread_blocked, id=30008, stack(0x0000000812c00000,0x0000000812d00000)]

Other Threads:
  0x00000161114c7ae0 VMThread "VM Thread" [stack: 0x0000000803e00000,0x0000000803f00000] [id=16076]
  0x000001611187baf0 WatcherThread [stack: 0x0000000804a00000,0x0000000804b00000] [id=5864]
  0x0000016170dafbe0 GCTaskThread "GC Thread#0" [stack: 0x0000000803900000,0x0000000803a00000] [id=10792]
  0x00000161315e2160 GCTaskThread "GC Thread#1" [stack: 0x0000000804c00000,0x0000000804d00000] [id=27168]
  0x00000161317e0860 GCTaskThread "GC Thread#2" [stack: 0x0000000804d00000,0x0000000804e00000] [id=18340]
  0x000001613177b000 GCTaskThread "GC Thread#3" [stack: 0x0000000804e00000,0x0000000804f00000] [id=22736]
  0x0000016131a730f0 GCTaskThread "GC Thread#4" [stack: 0x0000000804b00000,0x0000000804c00000] [id=23044]
  0x0000016131a73930 GCTaskThread "GC Thread#5" [stack: 0x0000000805c00000,0x0000000805d00000] [id=29440]
  0x0000016131a72070 GCTaskThread "GC Thread#6" [stack: 0x0000000805d00000,0x0000000805e00000] [id=13864]
  0x0000016131a72330 GCTaskThread "GC Thread#7" [stack: 0x0000000805e00000,0x0000000805f00000] [id=4904]
  0x0000016131a728b0 GCTaskThread "GC Thread#8" [stack: 0x0000000805f00000,0x0000000806000000] [id=25472]
  0x0000016131a725f0 GCTaskThread "GC Thread#9" [stack: 0x0000000806000000,0x0000000806100000] [id=24484]
  0x00000161708ac0d0 ConcurrentGCThread "G1 Main Marker" [stack: 0x0000000803a00000,0x0000000803b00000] [id=19208]
  0x00000161708ae240 ConcurrentGCThread "G1 Conc#0" [stack: 0x0000000803b00000,0x0000000803c00000] [id=4380]
  0x0000016131d3a7f0 ConcurrentGCThread "G1 Conc#1" [stack: 0x0000000806800000,0x0000000806900000] [id=17280]
  0x0000016131d3d3f0 ConcurrentGCThread "G1 Conc#2" [stack: 0x0000000806900000,0x0000000806a00000] [id=10116]
  0x0000016170dfe0f0 ConcurrentGCThread "G1 Refine#0" [stack: 0x0000000803c00000,0x0000000803d00000] [id=28060]
  0x0000016136b4d4b0 ConcurrentGCThread "G1 Refine#1" [stack: 0x000000080f900000,0x000000080fa00000] [id=28112]
  0x0000016136b4da90 ConcurrentGCThread "G1 Refine#2" [stack: 0x000000080fa00000,0x000000080fb00000] [id=19736]
  0x0000016136b4d7a0 ConcurrentGCThread "G1 Refine#3" [stack: 0x000000080fb00000,0x000000080fc00000] [id=14428]
  0x0000016170dfeb90 ConcurrentGCThread "G1 Service" [stack: 0x0000000803d00000,0x0000000803e00000] [id=27880]

Threads with active compile tasks:
C2 CompilerThread0  89929 23243   !   4       jdk.internal.loader.BuiltinClassLoader::loadClassOrNull (143 bytes)

VM state: not at safepoint (normal execution)

VM Mutex/Monitor currently owned by a thread: None

Heap address: 0x0000000080000000, size: 2048 MB, Compressed Oops mode: 32-bit

CDS archive(s) mapped at: [0x0000016112000000-0x0000016112bb0000-0x0000016112bb0000), size 12255232, SharedBaseAddress: 0x0000016112000000, ArchiveRelocationMode: 1.
Compressed class space mapped at: 0x0000016113000000-0x000001612d000000, reserved size: 436207616
Narrow klass base: 0x0000016112000000, Narrow klass shift: 0, Narrow klass range: 0x100000000

GC Precious Log:
 CPUs: 12 total, 12 available
 Memory: 7903M
 Large Page Support: Disabled
 NUMA Support: Disabled
 Compressed Oops: Enabled (32-bit)
 Heap Region Size: 1M
 Heap Min Capacity: 8M
 Heap Initial Capacity: 124M
 Heap Max Capacity: 2G
 Pre-touch: Disabled
 Parallel Workers: 10
 Concurrent Workers: 3
 Concurrent Refinement Workers: 10
 Periodic GC: Disabled

Heap:
 garbage-first heap   total 544768K, used 335857K [0x0000000080000000, 0x0000000100000000)
  region size 1024K, 39 young (39936K), 3 survivors (3072K)
 Metaspace       used 161996K, committed 164096K, reserved 622592K
  class space    used 21782K, committed 22720K, reserved 425984K

Heap Regions: E=young(eden), S=young(survivor), O=old, HS=humongous(starts), HC=humongous(continues), CS=collection set, F=free, OA=open archive, CA=closed archive, TAMS=top-at-mark-start (previous, next)
|   0|0x0000000080000000, 0x0000000080100000, 0x0000000080100000|100%|HS|  |TAMS 0x0000000080100000, 0x0000000080000000| Complete 
|   1|0x0000000080100000, 0x0000000080200000, 0x0000000080200000|100%|HC|  |TAMS 0x0000000080200000, 0x0000000080100000| Complete 
|   2|0x0000000080200000, 0x0000000080300000, 0x0000000080300000|100%|HC|  |TAMS 0x0000000080300000, 0x0000000080200000| Complete 
|   3|0x0000000080300000, 0x0000000080400000, 0x0000000080400000|100%|HC|  |TAMS 0x0000000080400000, 0x0000000080300000| Complete 
|   4|0x0000000080400000, 0x0000000080500000, 0x0000000080500000|100%| O|  |TAMS 0x0000000080500000, 0x0000000080400000| Untracked 
|   5|0x0000000080500000, 0x0000000080600000, 0x0000000080600000|100%| O|  |TAMS 0x0000000080600000, 0x0000000080500000| Untracked 
|   6|0x0000000080600000, 0x0000000080700000, 0x0000000080700000|100%| O|  |TAMS 0x0000000080700000, 0x0000000080600000| Untracked 
|   7|0x0000000080700000, 0x0000000080800000, 0x0000000080800000|100%| O|  |TAMS 0x0000000080800000, 0x0000000080700000| Untracked 
|   8|0x0000000080800000, 0x0000000080900000, 0x0000000080900000|100%| O|  |TAMS 0x0000000080900000, 0x0000000080800000| Untracked 
|   9|0x0000000080900000, 0x0000000080a00000, 0x0000000080a00000|100%| O|  |TAMS 0x0000000080a00000, 0x0000000080900000| Untracked 
|  10|0x0000000080a00000, 0x0000000080b00000, 0x0000000080b00000|100%| O|  |TAMS 0x0000000080b00000, 0x0000000080a00000| Untracked 
|  11|0x0000000080b00000, 0x0000000080c00000, 0x0000000080c00000|100%| O|  |TAMS 0x0000000080c00000, 0x0000000080b00000| Untracked 
|  12|0x0000000080c00000, 0x0000000080d00000, 0x0000000080d00000|100%| O|  |TAMS 0x0000000080d00000, 0x0000000080c00000| Untracked 
|  13|0x0000000080d00000, 0x0000000080e00000, 0x0000000080e00000|100%| O|  |TAMS 0x0000000080e00000, 0x0000000080d00000| Untracked 
|  14|0x0000000080e00000, 0x0000000080f00000, 0x0000000080f00000|100%| O|  |TAMS 0x0000000080f00000, 0x0000000080e00000| Untracked 
|  15|0x0000000080f00000, 0x0000000081000000, 0x0000000081000000|100%| O|  |TAMS 0x0000000081000000, 0x0000000080f00000| Untracked 
|  16|0x0000000081000000, 0x0000000081100000, 0x0000000081100000|100%| O|  |TAMS 0x0000000081100000, 0x0000000081000000| Untracked 
|  17|0x0000000081100000, 0x0000000081200000, 0x0000000081200000|100%| O|  |TAMS 0x0000000081200000, 0x0000000081100000| Untracked 
|  18|0x0000000081200000, 0x0000000081300000, 0x0000000081300000|100%| O|  |TAMS 0x0000000081300000, 0x0000000081200000| Untracked 
|  19|0x0000000081300000, 0x0000000081400000, 0x0000000081400000|100%| O|  |TAMS 0x0000000081400000, 0x0000000081300000| Untracked 
|  20|0x0000000081400000, 0x0000000081500000, 0x0000000081500000|100%| O|  |TAMS 0x0000000081500000, 0x0000000081400000| Untracked 
|  21|0x0000000081500000, 0x0000000081600000, 0x0000000081600000|100%| O|  |TAMS 0x0000000081600000, 0x0000000081500000| Untracked 
|  22|0x0000000081600000, 0x0000000081700000, 0x0000000081700000|100%| O|  |TAMS 0x0000000081700000, 0x0000000081600000| Untracked 
|  23|0x0000000081700000, 0x0000000081800000, 0x0000000081800000|100%| O|  |TAMS 0x0000000081800000, 0x0000000081700000| Untracked 
|  24|0x0000000081800000, 0x0000000081900000, 0x0000000081900000|100%| O|  |TAMS 0x0000000081900000, 0x0000000081800000| Untracked 
|  25|0x0000000081900000, 0x0000000081a00000, 0x0000000081a00000|100%| O|  |TAMS 0x0000000081a00000, 0x0000000081900000| Untracked 
|  26|0x0000000081a00000, 0x0000000081b00000, 0x0000000081b00000|100%| O|  |TAMS 0x0000000081b00000, 0x0000000081a00000| Untracked 
|  27|0x0000000081b00000, 0x0000000081c00000, 0x0000000081c00000|100%| O|  |TAMS 0x0000000081c00000, 0x0000000081b00000| Untracked 
|  28|0x0000000081c00000, 0x0000000081d00000, 0x0000000081d00000|100%| O|  |TAMS 0x0000000081d00000, 0x0000000081c00000| Untracked 
|  29|0x0000000081d00000, 0x0000000081e00000, 0x0000000081e00000|100%|HS|  |TAMS 0x0000000081e00000, 0x0000000081d00000| Complete 
|  30|0x0000000081e00000, 0x0000000081f00000, 0x0000000081f00000|100%|HC|  |TAMS 0x0000000081f00000, 0x0000000081e00000| Complete 
|  31|0x0000000081f00000, 0x0000000082000000, 0x0000000082000000|100%|HS|  |TAMS 0x0000000082000000, 0x0000000081f00000| Complete 
|  32|0x0000000082000000, 0x0000000082100000, 0x0000000082100000|100%|HC|  |TAMS 0x0000000082100000, 0x0000000082000000| Complete 
|  33|0x0000000082100000, 0x0000000082200000, 0x0000000082200000|100%| O|  |TAMS 0x0000000082200000, 0x0000000082100000| Untracked 
|  34|0x0000000082200000, 0x0000000082300000, 0x0000000082300000|100%| O|  |TAMS 0x0000000082300000, 0x0000000082200000| Untracked 
|  35|0x0000000082300000, 0x0000000082400000, 0x0000000082400000|100%| O|  |TAMS 0x0000000082400000, 0x0000000082300000| Untracked 
|  36|0x0000000082400000, 0x0000000082500000, 0x0000000082500000|100%| O|  |TAMS 0x0000000082500000, 0x0000000082400000| Untracked 
|  37|0x0000000082500000, 0x0000000082600000, 0x0000000082600000|100%| O|  |TAMS 0x0000000082600000, 0x0000000082500000| Untracked 
|  38|0x0000000082600000, 0x0000000082700000, 0x0000000082700000|100%| O|  |TAMS 0x0000000082700000, 0x0000000082600000| Untracked 
|  39|0x0000000082700000, 0x0000000082800000, 0x0000000082800000|100%|HS|  |TAMS 0x0000000082800000, 0x0000000082700000| Complete 
|  40|0x0000000082800000, 0x0000000082900000, 0x0000000082900000|100%|HC|  |TAMS 0x0000000082900000, 0x0000000082800000| Complete 
|  41|0x0000000082900000, 0x0000000082a00000, 0x0000000082a00000|100%|HC|  |TAMS 0x0000000082a00000, 0x0000000082900000| Complete 
|  42|0x0000000082a00000, 0x0000000082b00000, 0x0000000082b00000|100%|HC|  |TAMS 0x0000000082b00000, 0x0000000082a00000| Complete 
|  43|0x0000000082b00000, 0x0000000082c00000, 0x0000000082c00000|100%| O|  |TAMS 0x0000000082c00000, 0x0000000082b00000| Untracked 
|  44|0x0000000082c00000, 0x0000000082d00000, 0x0000000082d00000|100%| O|  |TAMS 0x0000000082d00000, 0x0000000082c00000| Untracked 
|  45|0x0000000082d00000, 0x0000000082e00000, 0x0000000082e00000|100%| O|  |TAMS 0x0000000082e00000, 0x0000000082d00000| Untracked 
|  46|0x0000000082e00000, 0x0000000082f00000, 0x0000000082f00000|100%| O|  |TAMS 0x0000000082f00000, 0x0000000082e00000| Untracked 
|  47|0x0000000082f00000, 0x0000000083000000, 0x0000000083000000|100%| O|  |TAMS 0x0000000083000000, 0x0000000082f00000| Untracked 
|  48|0x0000000083000000, 0x0000000083100000, 0x0000000083100000|100%| O|  |TAMS 0x0000000083100000, 0x0000000083000000| Untracked 
|  49|0x0000000083100000, 0x0000000083200000, 0x0000000083200000|100%| O|  |TAMS 0x0000000083200000, 0x0000000083100000| Untracked 
|  50|0x0000000083200000, 0x0000000083300000, 0x0000000083300000|100%|HS|  |TAMS 0x0000000083300000, 0x0000000083200000| Complete 
|  51|0x0000000083300000, 0x0000000083400000, 0x0000000083400000|100%|HC|  |TAMS 0x0000000083400000, 0x0000000083300000| Complete 
|  52|0x0000000083400000, 0x0000000083500000, 0x0000000083500000|100%|HC|  |TAMS 0x0000000083500000, 0x0000000083400000| Complete 
|  53|0x0000000083500000, 0x0000000083600000, 0x0000000083600000|100%|HC|  |TAMS 0x0000000083600000, 0x0000000083500000| Complete 
|  54|0x0000000083600000, 0x0000000083700000, 0x0000000083700000|100%| O|  |TAMS 0x0000000083700000, 0x0000000083600000| Untracked 
|  55|0x0000000083700000, 0x0000000083800000, 0x0000000083800000|100%| O|  |TAMS 0x0000000083800000, 0x0000000083700000| Untracked 
|  56|0x0000000083800000, 0x0000000083900000, 0x0000000083900000|100%| O|  |TAMS 0x0000000083900000, 0x0000000083800000| Untracked 
|  57|0x0000000083900000, 0x0000000083a00000, 0x0000000083a00000|100%| O|  |TAMS 0x0000000083a00000, 0x0000000083900000| Untracked 
|  58|0x0000000083a00000, 0x0000000083b00000, 0x0000000083b00000|100%| O|  |TAMS 0x0000000083b00000, 0x0000000083a00000| Untracked 
|  59|0x0000000083b00000, 0x0000000083c00000, 0x0000000083c00000|100%| O|  |TAMS 0x0000000083c00000, 0x0000000083b00000| Untracked 
|  60|0x0000000083c00000, 0x0000000083d00000, 0x0000000083d00000|100%| O|  |TAMS 0x0000000083d00000, 0x0000000083c00000| Untracked 
|  61|0x0000000083d00000, 0x0000000083e00000, 0x0000000083e00000|100%| O|  |TAMS 0x0000000083e00000, 0x0000000083d00000| Untracked 
|  62|0x0000000083e00000, 0x0000000083f00000, 0x0000000083f00000|100%| O|  |TAMS 0x0000000083f00000, 0x0000000083e00000| Untracked 
|  63|0x0000000083f00000, 0x0000000084000000, 0x0000000084000000|100%|HS|  |TAMS 0x0000000084000000, 0x0000000083f00000| Complete 
|  64|0x0000000084000000, 0x0000000084100000, 0x0000000084100000|100%|HS|  |TAMS 0x0000000084100000, 0x0000000084000000| Complete 
|  65|0x0000000084100000, 0x0000000084200000, 0x0000000084200000|100%| O|  |TAMS 0x0000000084200000, 0x0000000084100000| Untracked 
|  66|0x0000000084200000, 0x0000000084300000, 0x0000000084300000|100%| O|  |TAMS 0x0000000084300000, 0x0000000084200000| Untracked 
|  67|0x0000000084300000, 0x0000000084400000, 0x0000000084400000|100%| O|  |TAMS 0x0000000084400000, 0x0000000084300000| Untracked 
|  68|0x0000000084400000, 0x0000000084500000, 0x0000000084500000|100%|HS|  |TAMS 0x0000000084500000, 0x0000000084400000| Complete 
|  69|0x0000000084500000, 0x0000000084600000, 0x0000000084600000|100%| O|  |TAMS 0x0000000084600000, 0x0000000084500000| Untracked 
|  70|0x0000000084600000, 0x0000000084700000, 0x0000000084700000|100%| O|  |TAMS 0x0000000084700000, 0x0000000084600000| Untracked 
|  71|0x0000000084700000, 0x0000000084800000, 0x0000000084800000|100%| O|  |TAMS 0x0000000084800000, 0x0000000084700000| Untracked 
|  72|0x0000000084800000, 0x0000000084900000, 0x0000000084900000|100%|HS|  |TAMS 0x0000000084900000, 0x0000000084800000| Complete 
|  73|0x0000000084900000, 0x0000000084a00000, 0x0000000084a00000|100%| O|  |TAMS 0x0000000084a00000, 0x0000000084900000| Untracked 
|  74|0x0000000084a00000, 0x0000000084b00000, 0x0000000084b00000|100%| O|  |TAMS 0x0000000084b00000, 0x0000000084a00000| Untracked 
|  75|0x0000000084b00000, 0x0000000084c00000, 0x0000000084c00000|100%| O|  |TAMS 0x0000000084c00000, 0x0000000084b00000| Untracked 
|  76|0x0000000084c00000, 0x0000000084d00000, 0x0000000084d00000|100%| O|  |TAMS 0x0000000084d00000, 0x0000000084c00000| Untracked 
|  77|0x0000000084d00000, 0x0000000084e00000, 0x0000000084e00000|100%| O|  |TAMS 0x0000000084e00000, 0x0000000084d00000| Untracked 
|  78|0x0000000084e00000, 0x0000000084f00000, 0x0000000084f00000|100%| O|  |TAMS 0x0000000084f00000, 0x0000000084e00000| Untracked 
|  79|0x0000000084f00000, 0x0000000085000000, 0x0000000085000000|100%| O|  |TAMS 0x0000000085000000, 0x0000000084f00000| Untracked 
|  80|0x0000000085000000, 0x0000000085100000, 0x0000000085100000|100%| O|  |TAMS 0x0000000085100000, 0x0000000085000000| Untracked 
|  81|0x0000000085100000, 0x0000000085200000, 0x0000000085200000|100%| O|  |TAMS 0x0000000085200000, 0x0000000085100000| Untracked 
|  82|0x0000000085200000, 0x0000000085300000, 0x0000000085300000|100%| O|  |TAMS 0x0000000085300000, 0x0000000085200000| Untracked 
|  83|0x0000000085300000, 0x0000000085400000, 0x0000000085400000|100%| O|  |TAMS 0x0000000085400000, 0x0000000085300000| Untracked 
|  84|0x0000000085400000, 0x0000000085500000, 0x0000000085500000|100%| O|  |TAMS 0x0000000085500000, 0x0000000085400000| Untracked 
|  85|0x0000000085500000, 0x0000000085600000, 0x0000000085600000|100%| O|  |TAMS 0x0000000085600000, 0x0000000085500000| Untracked 
|  86|0x0000000085600000, 0x0000000085700000, 0x0000000085700000|100%| O|  |TAMS 0x0000000085700000, 0x0000000085600000| Untracked 
|  87|0x0000000085700000, 0x0000000085800000, 0x0000000085800000|100%| O|  |TAMS 0x0000000085800000, 0x0000000085700000| Untracked 
|  88|0x0000000085800000, 0x0000000085900000, 0x0000000085900000|100%| O|  |TAMS 0x0000000085900000, 0x0000000085800000| Untracked 
|  89|0x0000000085900000, 0x0000000085a00000, 0x0000000085a00000|100%| O|  |TAMS 0x0000000085a00000, 0x0000000085900000| Untracked 
|  90|0x0000000085a00000, 0x0000000085b00000, 0x0000000085b00000|100%| O|  |TAMS 0x0000000085b00000, 0x0000000085a00000| Untracked 
|  91|0x0000000085b00000, 0x0000000085c00000, 0x0000000085c00000|100%| O|  |TAMS 0x0000000085c00000, 0x0000000085b00000| Untracked 
|  92|0x0000000085c00000, 0x0000000085d00000, 0x0000000085d00000|100%| O|  |TAMS 0x0000000085d00000, 0x0000000085c00000| Untracked 
|  93|0x0000000085d00000, 0x0000000085e00000, 0x0000000085e00000|100%| O|  |TAMS 0x0000000085e00000, 0x0000000085d00000| Untracked 
|  94|0x0000000085e00000, 0x0000000085f00000, 0x0000000085f00000|100%| O|  |TAMS 0x0000000085f00000, 0x0000000085e00000| Untracked 
|  95|0x0000000085f00000, 0x0000000086000000, 0x0000000086000000|100%| O|  |TAMS 0x0000000086000000, 0x0000000085f00000| Untracked 
|  96|0x0000000086000000, 0x0000000086100000, 0x0000000086100000|100%|HS|  |TAMS 0x0000000086100000, 0x0000000086000000| Complete 
|  97|0x0000000086100000, 0x0000000086200000, 0x0000000086200000|100%|HC|  |TAMS 0x0000000086200000, 0x0000000086100000| Complete 
|  98|0x0000000086200000, 0x0000000086300000, 0x0000000086300000|100%|HS|  |TAMS 0x0000000086300000, 0x0000000086200000| Complete 
|  99|0x0000000086300000, 0x0000000086400000, 0x0000000086400000|100%|HC|  |TAMS 0x0000000086400000, 0x0000000086300000| Complete 
| 100|0x0000000086400000, 0x0000000086500000, 0x0000000086500000|100%|HC|  |TAMS 0x0000000086500000, 0x0000000086400000| Complete 
| 101|0x0000000086500000, 0x0000000086600000, 0x0000000086600000|100%|HC|  |TAMS 0x0000000086600000, 0x0000000086500000| Complete 
| 102|0x0000000086600000, 0x0000000086700000, 0x0000000086700000|100%| O|  |TAMS 0x0000000086700000, 0x0000000086600000| Untracked 
| 103|0x0000000086700000, 0x0000000086800000, 0x0000000086800000|100%| O|  |TAMS 0x0000000086800000, 0x0000000086700000| Untracked 
| 104|0x0000000086800000, 0x0000000086900000, 0x0000000086900000|100%| O|  |TAMS 0x0000000086900000, 0x0000000086800000| Untracked 
| 105|0x0000000086900000, 0x0000000086a00000, 0x0000000086a00000|100%| O|  |TAMS 0x0000000086a00000, 0x0000000086900000| Untracked 
| 106|0x0000000086a00000, 0x0000000086b00000, 0x0000000086b00000|100%| O|  |TAMS 0x0000000086b00000, 0x0000000086a00000| Untracked 
| 107|0x0000000086b00000, 0x0000000086c00000, 0x0000000086c00000|100%| O|  |TAMS 0x0000000086c00000, 0x0000000086b00000| Untracked 
| 108|0x0000000086c00000, 0x0000000086d00000, 0x0000000086d00000|100%| O|  |TAMS 0x0000000086d00000, 0x0000000086c00000| Untracked 
| 109|0x0000000086d00000, 0x0000000086e00000, 0x0000000086e00000|100%| O|  |TAMS 0x0000000086e00000, 0x0000000086d00000| Untracked 
| 110|0x0000000086e00000, 0x0000000086f00000, 0x0000000086f00000|100%| O|  |TAMS 0x0000000086f00000, 0x0000000086e00000| Untracked 
| 111|0x0000000086f00000, 0x0000000087000000, 0x0000000087000000|100%| O|  |TAMS 0x0000000087000000, 0x0000000086f00000| Untracked 
| 112|0x0000000087000000, 0x0000000087100000, 0x0000000087100000|100%| O|  |TAMS 0x0000000087100000, 0x0000000087000000| Untracked 
| 113|0x0000000087100000, 0x0000000087200000, 0x0000000087200000|100%| O|  |TAMS 0x0000000087200000, 0x0000000087100000| Untracked 
| 114|0x0000000087200000, 0x0000000087300000, 0x0000000087300000|100%| O|  |TAMS 0x0000000087300000, 0x0000000087200000| Untracked 
| 115|0x0000000087300000, 0x0000000087400000, 0x0000000087400000|100%| O|  |TAMS 0x0000000087400000, 0x0000000087300000| Untracked 
| 116|0x0000000087400000, 0x0000000087500000, 0x0000000087500000|100%| O|  |TAMS 0x0000000087500000, 0x0000000087400000| Untracked 
| 117|0x0000000087500000, 0x0000000087600000, 0x0000000087600000|100%| O|  |TAMS 0x0000000087600000, 0x0000000087500000| Untracked 
| 118|0x0000000087600000, 0x0000000087700000, 0x0000000087700000|100%|HS|  |TAMS 0x0000000087700000, 0x0000000087600000| Complete 
| 119|0x0000000087700000, 0x0000000087800000, 0x0000000087800000|100%|HS|  |TAMS 0x0000000087800000, 0x0000000087700000| Complete 
| 120|0x0000000087800000, 0x0000000087900000, 0x0000000087900000|100%|HC|  |TAMS 0x0000000087900000, 0x0000000087800000| Complete 
| 121|0x0000000087900000, 0x0000000087a00000, 0x0000000087a00000|100%|HC|  |TAMS 0x0000000087a00000, 0x0000000087900000| Complete 
| 122|0x0000000087a00000, 0x0000000087b00000, 0x0000000087b00000|100%|HS|  |TAMS 0x0000000087b00000, 0x0000000087a00000| Complete 
| 123|0x0000000087b00000, 0x0000000087c00000, 0x0000000087c00000|100%|HC|  |TAMS 0x0000000087c00000, 0x0000000087b00000| Complete 
| 124|0x0000000087c00000, 0x0000000087d00000, 0x0000000087d00000|100%|HS|  |TAMS 0x0000000087d00000, 0x0000000087c00000| Complete 
| 125|0x0000000087d00000, 0x0000000087e00000, 0x0000000087e00000|100%|HS|  |TAMS 0x0000000087e00000, 0x0000000087d00000| Complete 
| 126|0x0000000087e00000, 0x0000000087f00000, 0x0000000087f00000|100%| O|  |TAMS 0x0000000087f00000, 0x0000000087e00000| Untracked 
| 127|0x0000000087f00000, 0x0000000088000000, 0x0000000088000000|100%|HS|  |TAMS 0x0000000088000000, 0x0000000087f00000| Complete 
| 128|0x0000000088000000, 0x0000000088100000, 0x0000000088100000|100%|HC|  |TAMS 0x0000000088100000, 0x0000000088000000| Complete 
| 129|0x0000000088100000, 0x0000000088200000, 0x0000000088200000|100%|HS|  |TAMS 0x0000000088200000, 0x0000000088100000| Complete 
| 130|0x0000000088200000, 0x0000000088300000, 0x0000000088300000|100%|HS|  |TAMS 0x0000000088300000, 0x0000000088200000| Complete 
| 131|0x0000000088300000, 0x0000000088400000, 0x0000000088400000|100%|HC|  |TAMS 0x0000000088400000, 0x0000000088300000| Complete 
| 132|0x0000000088400000, 0x0000000088500000, 0x0000000088500000|100%| O|  |TAMS 0x0000000088500000, 0x0000000088400000| Untracked 
| 133|0x0000000088500000, 0x0000000088600000, 0x0000000088600000|100%| O|  |TAMS 0x0000000088600000, 0x0000000088500000| Untracked 
| 134|0x0000000088600000, 0x0000000088700000, 0x0000000088700000|100%| O|  |TAMS 0x0000000088700000, 0x0000000088600000| Untracked 
| 135|0x0000000088700000, 0x0000000088800000, 0x0000000088800000|100%| O|  |TAMS 0x0000000088800000, 0x0000000088700000| Untracked 
| 136|0x0000000088800000, 0x0000000088900000, 0x0000000088900000|100%| O|  |TAMS 0x0000000088900000, 0x0000000088800000| Untracked 
| 137|0x0000000088900000, 0x0000000088a00000, 0x0000000088a00000|100%| O|  |TAMS 0x0000000088a00000, 0x0000000088900000| Untracked 
| 138|0x0000000088a00000, 0x0000000088b00000, 0x0000000088b00000|100%| O|  |TAMS 0x0000000088b00000, 0x0000000088a00000| Untracked 
| 139|0x0000000088b00000, 0x0000000088c00000, 0x0000000088c00000|100%| O|  |TAMS 0x0000000088c00000, 0x0000000088b00000| Untracked 
| 140|0x0000000088c00000, 0x0000000088d00000, 0x0000000088d00000|100%| O|  |TAMS 0x0000000088d00000, 0x0000000088c00000| Untracked 
| 141|0x0000000088d00000, 0x0000000088e00000, 0x0000000088e00000|100%| O|  |TAMS 0x0000000088e00000, 0x0000000088d00000| Untracked 
| 142|0x0000000088e00000, 0x0000000088f00000, 0x0000000088f00000|100%| O|  |TAMS 0x0000000088f00000, 0x0000000088e00000| Untracked 
| 143|0x0000000088f00000, 0x0000000089000000, 0x0000000089000000|100%| O|  |TAMS 0x0000000089000000, 0x0000000088f00000| Untracked 
| 144|0x0000000089000000, 0x0000000089100000, 0x0000000089100000|100%| O|  |TAMS 0x0000000089100000, 0x0000000089000000| Untracked 
| 145|0x0000000089100000, 0x0000000089200000, 0x0000000089200000|100%| O|  |TAMS 0x0000000089200000, 0x0000000089100000| Untracked 
| 146|0x0000000089200000, 0x0000000089300000, 0x0000000089300000|100%| O|  |TAMS 0x0000000089300000, 0x0000000089200000| Untracked 
| 147|0x0000000089300000, 0x0000000089400000, 0x0000000089400000|100%| O|  |TAMS 0x0000000089400000, 0x0000000089300000| Untracked 
| 148|0x0000000089400000, 0x0000000089500000, 0x0000000089500000|100%| O|  |TAMS 0x0000000089500000, 0x0000000089400000| Untracked 
| 149|0x0000000089500000, 0x0000000089600000, 0x0000000089600000|100%| O|  |TAMS 0x0000000089600000, 0x0000000089500000| Untracked 
| 150|0x0000000089600000, 0x0000000089700000, 0x0000000089700000|100%| O|  |TAMS 0x0000000089700000, 0x0000000089600000| Untracked 
| 151|0x0000000089700000, 0x0000000089800000, 0x0000000089800000|100%| O|  |TAMS 0x0000000089800000, 0x0000000089700000| Untracked 
| 152|0x0000000089800000, 0x0000000089900000, 0x0000000089900000|100%| O|  |TAMS 0x0000000089900000, 0x0000000089800000| Untracked 
| 153|0x0000000089900000, 0x0000000089a00000, 0x0000000089a00000|100%| O|  |TAMS 0x0000000089a00000, 0x0000000089900000| Untracked 
| 154|0x0000000089a00000, 0x0000000089b00000, 0x0000000089b00000|100%| O|  |TAMS 0x0000000089b00000, 0x0000000089a00000| Untracked 
| 155|0x0000000089b00000, 0x0000000089c00000, 0x0000000089c00000|100%| O|  |TAMS 0x0000000089c00000, 0x0000000089b00000| Untracked 
| 156|0x0000000089c00000, 0x0000000089d00000, 0x0000000089d00000|100%| O|  |TAMS 0x0000000089d00000, 0x0000000089c00000| Untracked 
| 157|0x0000000089d00000, 0x0000000089e00000, 0x0000000089e00000|100%| O|  |TAMS 0x0000000089e00000, 0x0000000089d00000| Untracked 
| 158|0x0000000089e00000, 0x0000000089f00000, 0x0000000089f00000|100%| O|  |TAMS 0x0000000089f00000, 0x0000000089e00000| Untracked 
| 159|0x0000000089f00000, 0x000000008a000000, 0x000000008a000000|100%| O|  |TAMS 0x000000008a000000, 0x0000000089f00000| Untracked 
| 160|0x000000008a000000, 0x000000008a100000, 0x000000008a100000|100%| O|  |TAMS 0x000000008a100000, 0x000000008a000000| Untracked 
| 161|0x000000008a100000, 0x000000008a200000, 0x000000008a200000|100%| O|  |TAMS 0x000000008a200000, 0x000000008a100000| Untracked 
| 162|0x000000008a200000, 0x000000008a300000, 0x000000008a300000|100%| O|  |TAMS 0x000000008a300000, 0x000000008a200000| Untracked 
| 163|0x000000008a300000, 0x000000008a400000, 0x000000008a400000|100%| O|  |TAMS 0x000000008a400000, 0x000000008a300000| Untracked 
| 164|0x000000008a400000, 0x000000008a500000, 0x000000008a500000|100%| O|  |TAMS 0x000000008a500000, 0x000000008a400000| Untracked 
| 165|0x000000008a500000, 0x000000008a600000, 0x000000008a600000|100%| O|  |TAMS 0x000000008a600000, 0x000000008a500000| Untracked 
| 166|0x000000008a600000, 0x000000008a700000, 0x000000008a700000|100%| O|  |TAMS 0x000000008a700000, 0x000000008a600000| Untracked 
| 167|0x000000008a700000, 0x000000008a800000, 0x000000008a800000|100%| O|  |TAMS 0x000000008a800000, 0x000000008a700000| Untracked 
| 168|0x000000008a800000, 0x000000008a900000, 0x000000008a900000|100%| O|  |TAMS 0x000000008a900000, 0x000000008a800000| Untracked 
| 169|0x000000008a900000, 0x000000008aa00000, 0x000000008aa00000|100%| O|  |TAMS 0x000000008aa00000, 0x000000008a900000| Untracked 
| 170|0x000000008aa00000, 0x000000008ab00000, 0x000000008ab00000|100%| O|  |TAMS 0x000000008ab00000, 0x000000008aa00000| Untracked 
| 171|0x000000008ab00000, 0x000000008ac00000, 0x000000008ac00000|100%| O|  |TAMS 0x000000008ac00000, 0x000000008ab00000| Untracked 
| 172|0x000000008ac00000, 0x000000008ad00000, 0x000000008ad00000|100%| O|  |TAMS 0x000000008ad00000, 0x000000008ac00000| Untracked 
| 173|0x000000008ad00000, 0x000000008ae00000, 0x000000008ae00000|100%| O|  |TAMS 0x000000008ae00000, 0x000000008ad00000| Untracked 
| 174|0x000000008ae00000, 0x000000008af00000, 0x000000008af00000|100%| O|  |TAMS 0x000000008af00000, 0x000000008ae00000| Untracked 
| 175|0x000000008af00000, 0x000000008b000000, 0x000000008b000000|100%| O|  |TAMS 0x000000008af00000, 0x000000008af00000| Untracked 
| 176|0x000000008b000000, 0x000000008b100000, 0x000000008b100000|100%| O|  |TAMS 0x000000008b100000, 0x000000008b000000| Untracked 
| 177|0x000000008b100000, 0x000000008b200000, 0x000000008b200000|100%|HS|  |TAMS 0x000000008b200000, 0x000000008b100000| Complete 
| 178|0x000000008b200000, 0x000000008b300000, 0x000000008b300000|100%| O|  |TAMS 0x000000008b300000, 0x000000008b200000| Untracked 
| 179|0x000000008b300000, 0x000000008b400000, 0x000000008b400000|100%| O|  |TAMS 0x000000008b400000, 0x000000008b300000| Untracked 
| 180|0x000000008b400000, 0x000000008b500000, 0x000000008b500000|100%| O|  |TAMS 0x000000008b500000, 0x000000008b400000| Untracked 
| 181|0x000000008b500000, 0x000000008b600000, 0x000000008b600000|100%| O|  |TAMS 0x000000008b600000, 0x000000008b500000| Untracked 
| 182|0x000000008b600000, 0x000000008b700000, 0x000000008b700000|100%| O|  |TAMS 0x000000008b700000, 0x000000008b600000| Untracked 
| 183|0x000000008b700000, 0x000000008b800000, 0x000000008b800000|100%| O|  |TAMS 0x000000008b800000, 0x000000008b700000| Untracked 
| 184|0x000000008b800000, 0x000000008b900000, 0x000000008b900000|100%| O|  |TAMS 0x000000008b900000, 0x000000008b800000| Untracked 
| 185|0x000000008b900000, 0x000000008ba00000, 0x000000008ba00000|100%| O|  |TAMS 0x000000008ba00000, 0x000000008b900000| Untracked 
| 186|0x000000008ba00000, 0x000000008bb00000, 0x000000008bb00000|100%| O|  |TAMS 0x000000008bb00000, 0x000000008ba00000| Untracked 
| 187|0x000000008bb00000, 0x000000008bc00000, 0x000000008bc00000|100%| O|  |TAMS 0x000000008bc00000, 0x000000008bb00000| Untracked 
| 188|0x000000008bc00000, 0x000000008bd00000, 0x000000008bd00000|100%| O|  |TAMS 0x000000008bd00000, 0x000000008bc00000| Untracked 
| 189|0x000000008bd00000, 0x000000008be00000, 0x000000008be00000|100%| O|  |TAMS 0x000000008be00000, 0x000000008bd00000| Untracked 
| 190|0x000000008be00000, 0x000000008bf00000, 0x000000008bf00000|100%| O|  |TAMS 0x000000008bf00000, 0x000000008be00000| Untracked 
| 191|0x000000008bf00000, 0x000000008c000000, 0x000000008c000000|100%| O|  |TAMS 0x000000008c000000, 0x000000008bf00000| Untracked 
| 192|0x000000008c000000, 0x000000008c100000, 0x000000008c100000|100%| O|  |TAMS 0x000000008c100000, 0x000000008c000000| Untracked 
| 193|0x000000008c100000, 0x000000008c200000, 0x000000008c200000|100%| O|  |TAMS 0x000000008c200000, 0x000000008c100000| Untracked 
| 194|0x000000008c200000, 0x000000008c300000, 0x000000008c300000|100%| O|  |TAMS 0x000000008c300000, 0x000000008c200000| Untracked 
| 195|0x000000008c300000, 0x000000008c400000, 0x000000008c400000|100%| O|  |TAMS 0x000000008c400000, 0x000000008c300000| Untracked 
| 196|0x000000008c400000, 0x000000008c500000, 0x000000008c500000|100%| O|  |TAMS 0x000000008c500000, 0x000000008c400000| Untracked 
| 197|0x000000008c500000, 0x000000008c600000, 0x000000008c600000|100%| O|  |TAMS 0x000000008c600000, 0x000000008c500000| Untracked 
| 198|0x000000008c600000, 0x000000008c700000, 0x000000008c700000|100%| O|  |TAMS 0x000000008c700000, 0x000000008c600000| Untracked 
| 199|0x000000008c700000, 0x000000008c700000, 0x000000008c800000|  0%| F|  |TAMS 0x000000008c700000, 0x000000008c700000| Untracked 
| 200|0x000000008c800000, 0x000000008c900000, 0x000000008c900000|100%| O|  |TAMS 0x000000008c900000, 0x000000008c800000| Untracked 
| 201|0x000000008c900000, 0x000000008ca00000, 0x000000008ca00000|100%| O|  |TAMS 0x000000008ca00000, 0x000000008c900000| Untracked 
| 202|0x000000008ca00000, 0x000000008cb00000, 0x000000008cb00000|100%| O|  |TAMS 0x000000008cb00000, 0x000000008ca00000| Untracked 
| 203|0x000000008cb00000, 0x000000008cc00000, 0x000000008cc00000|100%| O|  |TAMS 0x000000008cc00000, 0x000000008cb00000| Untracked 
| 204|0x000000008cc00000, 0x000000008cd00000, 0x000000008cd00000|100%| O|  |TAMS 0x000000008cd00000, 0x000000008cc00000| Untracked 
| 205|0x000000008cd00000, 0x000000008ce00000, 0x000000008ce00000|100%| O|  |TAMS 0x000000008ce00000, 0x000000008cd00000| Untracked 
| 206|0x000000008ce00000, 0x000000008cf00000, 0x000000008cf00000|100%| O|  |TAMS 0x000000008cf00000, 0x000000008ce00000| Untracked 
| 207|0x000000008cf00000, 0x000000008d000000, 0x000000008d000000|100%| O|  |TAMS 0x000000008d000000, 0x000000008cf00000| Untracked 
| 208|0x000000008d000000, 0x000000008d100000, 0x000000008d100000|100%| O|  |TAMS 0x000000008d000000, 0x000000008d000000| Untracked 
| 209|0x000000008d100000, 0x000000008d200000, 0x000000008d200000|100%| O|  |TAMS 0x000000008d200000, 0x000000008d100000| Untracked 
| 210|0x000000008d200000, 0x000000008d300000, 0x000000008d300000|100%| O|  |TAMS 0x000000008d300000, 0x000000008d200000| Untracked 
| 211|0x000000008d300000, 0x000000008d400000, 0x000000008d400000|100%| O|  |TAMS 0x000000008d400000, 0x000000008d300000| Untracked 
| 212|0x000000008d400000, 0x000000008d500000, 0x000000008d500000|100%| O|  |TAMS 0x000000008d500000, 0x000000008d400000| Untracked 
| 213|0x000000008d500000, 0x000000008d600000, 0x000000008d600000|100%| O|  |TAMS 0x000000008d600000, 0x000000008d500000| Untracked 
| 214|0x000000008d600000, 0x000000008d700000, 0x000000008d700000|100%| O|  |TAMS 0x000000008d700000, 0x000000008d600000| Untracked 
| 215|0x000000008d700000, 0x000000008d800000, 0x000000008d800000|100%| O|  |TAMS 0x000000008d800000, 0x000000008d700000| Untracked 
| 216|0x000000008d800000, 0x000000008d900000, 0x000000008d900000|100%| O|  |TAMS 0x000000008d900000, 0x000000008d800000| Untracked 
| 217|0x000000008d900000, 0x000000008da00000, 0x000000008da00000|100%| O|  |TAMS 0x000000008da00000, 0x000000008d900000| Untracked 
| 218|0x000000008da00000, 0x000000008db00000, 0x000000008db00000|100%| O|  |TAMS 0x000000008db00000, 0x000000008da00000| Untracked 
| 219|0x000000008db00000, 0x000000008dc00000, 0x000000008dc00000|100%| O|  |TAMS 0x000000008dc00000, 0x000000008db00000| Untracked 
| 220|0x000000008dc00000, 0x000000008dd00000, 0x000000008dd00000|100%| O|  |TAMS 0x000000008dd00000, 0x000000008dc00000| Untracked 
| 221|0x000000008dd00000, 0x000000008de00000, 0x000000008de00000|100%| O|  |TAMS 0x000000008de00000, 0x000000008dd00000| Untracked 
| 222|0x000000008de00000, 0x000000008df00000, 0x000000008df00000|100%| O|  |TAMS 0x000000008df00000, 0x000000008de00000| Untracked 
| 223|0x000000008df00000, 0x000000008e000000, 0x000000008e000000|100%| O|  |TAMS 0x000000008e000000, 0x000000008df00000| Untracked 
| 224|0x000000008e000000, 0x000000008e000000, 0x000000008e100000|  0%| F|  |TAMS 0x000000008e000000, 0x000000008e000000| Untracked 
| 225|0x000000008e100000, 0x000000008e200000, 0x000000008e200000|100%| O|  |TAMS 0x000000008e200000, 0x000000008e100000| Untracked 
| 226|0x000000008e200000, 0x000000008e300000, 0x000000008e300000|100%| O|  |TAMS 0x000000008e300000, 0x000000008e200000| Untracked 
| 227|0x000000008e300000, 0x000000008e400000, 0x000000008e400000|100%| O|  |TAMS 0x000000008e400000, 0x000000008e300000| Untracked 
| 228|0x000000008e400000, 0x000000008e500000, 0x000000008e500000|100%| O|  |TAMS 0x000000008e500000, 0x000000008e400000| Untracked 
| 229|0x000000008e500000, 0x000000008e600000, 0x000000008e600000|100%| O|  |TAMS 0x000000008e600000, 0x000000008e500000| Untracked 
| 230|0x000000008e600000, 0x000000008e700000, 0x000000008e700000|100%| O|  |TAMS 0x000000008e700000, 0x000000008e600000| Untracked 
| 231|0x000000008e700000, 0x000000008e800000, 0x000000008e800000|100%| O|  |TAMS 0x000000008e800000, 0x000000008e700000| Untracked 
| 232|0x000000008e800000, 0x000000008e900000, 0x000000008e900000|100%| O|  |TAMS 0x000000008e900000, 0x000000008e800000| Untracked 
| 233|0x000000008e900000, 0x000000008ea00000, 0x000000008ea00000|100%| O|  |TAMS 0x000000008ea00000, 0x000000008e900000| Untracked 
| 234|0x000000008ea00000, 0x000000008eb00000, 0x000000008eb00000|100%| O|  |TAMS 0x000000008eb00000, 0x000000008ea00000| Untracked 
| 235|0x000000008eb00000, 0x000000008ec00000, 0x000000008ec00000|100%| O|  |TAMS 0x000000008ec00000, 0x000000008eb00000| Untracked 
| 236|0x000000008ec00000, 0x000000008ed00000, 0x000000008ed00000|100%| O|  |TAMS 0x000000008ed00000, 0x000000008ec00000| Untracked 
| 237|0x000000008ed00000, 0x000000008ed00000, 0x000000008ee00000|  0%| F|  |TAMS 0x000000008ed00000, 0x000000008ed00000| Untracked 
| 238|0x000000008ee00000, 0x000000008ef00000, 0x000000008ef00000|100%| O|  |TAMS 0x000000008ef00000, 0x000000008ee00000| Untracked 
| 239|0x000000008ef00000, 0x000000008f000000, 0x000000008f000000|100%| O|  |TAMS 0x000000008f000000, 0x000000008ef00000| Untracked 
| 240|0x000000008f000000, 0x000000008f100000, 0x000000008f100000|100%| O|  |TAMS 0x000000008f100000, 0x000000008f000000| Untracked 
| 241|0x000000008f100000, 0x000000008f200000, 0x000000008f200000|100%| O|  |TAMS 0x000000008f200000, 0x000000008f100000| Untracked 
| 242|0x000000008f200000, 0x000000008f300000, 0x000000008f300000|100%| O|  |TAMS 0x000000008f300000, 0x000000008f200000| Untracked 
| 243|0x000000008f300000, 0x000000008f400000, 0x000000008f400000|100%| O|  |TAMS 0x000000008f400000, 0x000000008f300000| Untracked 
| 244|0x000000008f400000, 0x000000008f500000, 0x000000008f500000|100%| O|  |TAMS 0x000000008f500000, 0x000000008f400000| Untracked 
| 245|0x000000008f500000, 0x000000008f600000, 0x000000008f600000|100%| O|  |TAMS 0x000000008f600000, 0x000000008f500000| Untracked 
| 246|0x000000008f600000, 0x000000008f700000, 0x000000008f700000|100%| O|  |TAMS 0x000000008f700000, 0x000000008f600000| Untracked 
| 247|0x000000008f700000, 0x000000008f800000, 0x000000008f800000|100%| O|  |TAMS 0x000000008f700000, 0x000000008f700000| Untracked 
| 248|0x000000008f800000, 0x000000008f900000, 0x000000008f900000|100%| O|  |TAMS 0x000000008f800000, 0x000000008f800000| Untracked 
| 249|0x000000008f900000, 0x000000008fa00000, 0x000000008fa00000|100%| O|  |TAMS 0x000000008fa00000, 0x000000008f900000| Untracked 
| 250|0x000000008fa00000, 0x000000008fb00000, 0x000000008fb00000|100%| O|  |TAMS 0x000000008fb00000, 0x000000008fa00000| Untracked 
| 251|0x000000008fb00000, 0x000000008fc00000, 0x000000008fc00000|100%|HS|  |TAMS 0x000000008fc00000, 0x000000008fb00000| Complete 
| 252|0x000000008fc00000, 0x000000008fd00000, 0x000000008fd00000|100%|HC|  |TAMS 0x000000008fd00000, 0x000000008fc00000| Complete 
| 253|0x000000008fd00000, 0x000000008fe00000, 0x000000008fe00000|100%|HS|  |TAMS 0x000000008fe00000, 0x000000008fd00000| Complete 
| 254|0x000000008fe00000, 0x000000008ff00000, 0x000000008ff00000|100%|HC|  |TAMS 0x000000008ff00000, 0x000000008fe00000| Complete 
| 255|0x000000008ff00000, 0x0000000090000000, 0x0000000090000000|100%|HC|  |TAMS 0x0000000090000000, 0x000000008ff00000| Complete 
| 256|0x0000000090000000, 0x0000000090100000, 0x0000000090100000|100%| O|  |TAMS 0x0000000090100000, 0x0000000090000000| Untracked 
| 257|0x0000000090100000, 0x0000000090200000, 0x0000000090200000|100%| O|  |TAMS 0x0000000090200000, 0x0000000090100000| Untracked 
| 258|0x0000000090200000, 0x0000000090300000, 0x0000000090300000|100%| O|  |TAMS 0x0000000090300000, 0x0000000090200000| Untracked 
| 259|0x0000000090300000, 0x0000000090400000, 0x0000000090400000|100%| O|  |TAMS 0x0000000090400000, 0x0000000090300000| Untracked 
| 260|0x0000000090400000, 0x0000000090500000, 0x0000000090500000|100%| O|  |TAMS 0x0000000090500000, 0x0000000090400000| Untracked 
| 261|0x0000000090500000, 0x0000000090600000, 0x0000000090600000|100%| O|  |TAMS 0x0000000090600000, 0x0000000090500000| Untracked 
| 262|0x0000000090600000, 0x0000000090700000, 0x0000000090700000|100%| O|  |TAMS 0x0000000090700000, 0x0000000090600000| Untracked 
| 263|0x0000000090700000, 0x0000000090800000, 0x0000000090800000|100%| O|  |TAMS 0x0000000090800000, 0x0000000090700000| Untracked 
| 264|0x0000000090800000, 0x0000000090900000, 0x0000000090900000|100%| O|  |TAMS 0x0000000090900000, 0x0000000090800000| Untracked 
| 265|0x0000000090900000, 0x0000000090a00000, 0x0000000090a00000|100%| O|  |TAMS 0x0000000090a00000, 0x0000000090900000| Untracked 
| 266|0x0000000090a00000, 0x0000000090b00000, 0x0000000090b00000|100%| O|  |TAMS 0x0000000090b00000, 0x0000000090a00000| Untracked 
| 267|0x0000000090b00000, 0x0000000090c00000, 0x0000000090c00000|100%| O|  |TAMS 0x0000000090c00000, 0x0000000090b00000| Untracked 
| 268|0x0000000090c00000, 0x0000000090d00000, 0x0000000090d00000|100%| O|  |TAMS 0x0000000090d00000, 0x0000000090c00000| Untracked 
| 269|0x0000000090d00000, 0x0000000090d00000, 0x0000000090e00000|  0%| F|  |TAMS 0x0000000090d00000, 0x0000000090d00000| Untracked 
| 270|0x0000000090e00000, 0x0000000090f00000, 0x0000000090f00000|100%|HS|  |TAMS 0x0000000090f00000, 0x0000000090e00000| Complete 
| 271|0x0000000090f00000, 0x0000000091000000, 0x0000000091000000|100%|HC|  |TAMS 0x0000000091000000, 0x0000000090f00000| Complete 
| 272|0x0000000091000000, 0x0000000091100000, 0x0000000091100000|100%| O|  |TAMS 0x0000000091000000, 0x0000000091000000| Untracked 
| 273|0x0000000091100000, 0x0000000091200000, 0x0000000091200000|100%| O|  |TAMS 0x0000000091100000, 0x0000000091100000| Untracked 
| 274|0x0000000091200000, 0x0000000091300000, 0x0000000091300000|100%| O|  |TAMS 0x0000000091200000, 0x0000000091200000| Untracked 
| 275|0x0000000091300000, 0x0000000091400000, 0x0000000091400000|100%| O|  |TAMS 0x0000000091300000, 0x0000000091300000| Untracked 
| 276|0x0000000091400000, 0x0000000091500000, 0x0000000091500000|100%| O|  |TAMS 0x0000000091400000, 0x0000000091400000| Untracked 
| 277|0x0000000091500000, 0x0000000091600000, 0x0000000091600000|100%| O|  |TAMS 0x0000000091500000, 0x0000000091500000| Untracked 
| 278|0x0000000091600000, 0x0000000091700000, 0x0000000091700000|100%| O|  |TAMS 0x0000000091600000, 0x0000000091600000| Untracked 
| 279|0x0000000091700000, 0x0000000091800000, 0x0000000091800000|100%| O|  |TAMS 0x0000000091700000, 0x0000000091700000| Untracked 
| 280|0x0000000091800000, 0x0000000091900000, 0x0000000091900000|100%| O|  |TAMS 0x0000000091800000, 0x0000000091800000| Untracked 
| 281|0x0000000091900000, 0x0000000091a00000, 0x0000000091a00000|100%| O|  |TAMS 0x0000000091900000, 0x0000000091900000| Untracked 
| 282|0x0000000091a00000, 0x0000000091b00000, 0x0000000091b00000|100%| O|  |TAMS 0x0000000091a00000, 0x0000000091a00000| Untracked 
| 283|0x0000000091b00000, 0x0000000091c00000, 0x0000000091c00000|100%| O|  |TAMS 0x0000000091b00000, 0x0000000091b00000| Untracked 
| 284|0x0000000091c00000, 0x0000000091d00000, 0x0000000091d00000|100%| O|  |TAMS 0x0000000091c00000, 0x0000000091c00000| Untracked 
| 285|0x0000000091d00000, 0x0000000091e00000, 0x0000000091e00000|100%| O|  |TAMS 0x0000000091d00000, 0x0000000091d00000| Untracked 
| 286|0x0000000091e00000, 0x0000000091f00000, 0x0000000091f00000|100%| O|  |TAMS 0x0000000091e00000, 0x0000000091e00000| Untracked 
| 287|0x0000000091f00000, 0x0000000092000000, 0x0000000092000000|100%| O|  |TAMS 0x0000000091f00000, 0x0000000091f00000| Untracked 
| 288|0x0000000092000000, 0x0000000092100000, 0x0000000092100000|100%| O|  |TAMS 0x0000000092000000, 0x0000000092000000| Untracked 
| 289|0x0000000092100000, 0x0000000092200000, 0x0000000092200000|100%| O|  |TAMS 0x0000000092100000, 0x0000000092100000| Untracked 
| 290|0x0000000092200000, 0x0000000092300000, 0x0000000092300000|100%| O|  |TAMS 0x0000000092200000, 0x0000000092200000| Untracked 
| 291|0x0000000092300000, 0x0000000092400000, 0x0000000092400000|100%| O|  |TAMS 0x0000000092300000, 0x0000000092300000| Untracked 
| 292|0x0000000092400000, 0x0000000092500000, 0x0000000092500000|100%| O|  |TAMS 0x0000000092400000, 0x0000000092400000| Untracked 
| 293|0x0000000092500000, 0x0000000092600000, 0x0000000092600000|100%| O|  |TAMS 0x0000000092500000, 0x0000000092500000| Untracked 
| 294|0x0000000092600000, 0x0000000092659000, 0x0000000092700000| 34%| O|  |TAMS 0x0000000092600000, 0x0000000092600000| Untracked 
| 295|0x0000000092700000, 0x0000000092700000, 0x0000000092800000|  0%| F|  |TAMS 0x0000000092700000, 0x0000000092700000| Untracked 
| 296|0x0000000092800000, 0x0000000092800000, 0x0000000092900000|  0%| F|  |TAMS 0x0000000092800000, 0x0000000092800000| Untracked 
| 297|0x0000000092900000, 0x0000000092900000, 0x0000000092a00000|  0%| F|  |TAMS 0x0000000092900000, 0x0000000092900000| Untracked 
| 298|0x0000000092a00000, 0x0000000092a00000, 0x0000000092b00000|  0%| F|  |TAMS 0x0000000092a00000, 0x0000000092a00000| Untracked 
| 299|0x0000000092b00000, 0x0000000092b00000, 0x0000000092c00000|  0%| F|  |TAMS 0x0000000092b00000, 0x0000000092b00000| Untracked 
| 300|0x0000000092c00000, 0x0000000092c00000, 0x0000000092d00000|  0%| F|  |TAMS 0x0000000092c00000, 0x0000000092c00000| Untracked 
| 301|0x0000000092d00000, 0x0000000092d00000, 0x0000000092e00000|  0%| F|  |TAMS 0x0000000092d00000, 0x0000000092d00000| Untracked 
| 302|0x0000000092e00000, 0x0000000092e00000, 0x0000000092f00000|  0%| F|  |TAMS 0x0000000092e00000, 0x0000000092e00000| Untracked 
| 303|0x0000000092f00000, 0x0000000092f00000, 0x0000000093000000|  0%| F|  |TAMS 0x0000000092f00000, 0x0000000092f00000| Untracked 
| 304|0x0000000093000000, 0x0000000093000000, 0x0000000093100000|  0%| F|  |TAMS 0x0000000093000000, 0x0000000093000000| Untracked 
| 305|0x0000000093100000, 0x0000000093100000, 0x0000000093200000|  0%| F|  |TAMS 0x0000000093100000, 0x0000000093100000| Untracked 
| 306|0x0000000093200000, 0x0000000093200000, 0x0000000093300000|  0%| F|  |TAMS 0x0000000093200000, 0x0000000093200000| Untracked 
| 307|0x0000000093300000, 0x0000000093300000, 0x0000000093400000|  0%| F|  |TAMS 0x0000000093300000, 0x0000000093300000| Untracked 
| 308|0x0000000093400000, 0x0000000093400000, 0x0000000093500000|  0%| F|  |TAMS 0x0000000093400000, 0x0000000093400000| Untracked 
| 309|0x0000000093500000, 0x0000000093500000, 0x0000000093600000|  0%| F|  |TAMS 0x0000000093500000, 0x0000000093500000| Untracked 
| 310|0x0000000093600000, 0x0000000093600000, 0x0000000093700000|  0%| F|  |TAMS 0x0000000093600000, 0x0000000093600000| Untracked 
| 311|0x0000000093700000, 0x0000000093700000, 0x0000000093800000|  0%| F|  |TAMS 0x0000000093700000, 0x0000000093700000| Untracked 
| 312|0x0000000093800000, 0x0000000093800000, 0x0000000093900000|  0%| F|  |TAMS 0x0000000093800000, 0x0000000093800000| Untracked 
| 313|0x0000000093900000, 0x0000000093900000, 0x0000000093a00000|  0%| F|  |TAMS 0x0000000093900000, 0x0000000093900000| Untracked 
| 314|0x0000000093a00000, 0x0000000093a00000, 0x0000000093b00000|  0%| F|  |TAMS 0x0000000093a00000, 0x0000000093a00000| Untracked 
| 315|0x0000000093b00000, 0x0000000093b00000, 0x0000000093c00000|  0%| F|  |TAMS 0x0000000093b00000, 0x0000000093b00000| Untracked 
| 316|0x0000000093c00000, 0x0000000093c00000, 0x0000000093d00000|  0%| F|  |TAMS 0x0000000093c00000, 0x0000000093c00000| Untracked 
| 317|0x0000000093d00000, 0x0000000093d00000, 0x0000000093e00000|  0%| F|  |TAMS 0x0000000093d00000, 0x0000000093d00000| Untracked 
| 318|0x0000000093e00000, 0x0000000093e00000, 0x0000000093f00000|  0%| F|  |TAMS 0x0000000093e00000, 0x0000000093e00000| Untracked 
| 319|0x0000000093f00000, 0x0000000093f00000, 0x0000000094000000|  0%| F|  |TAMS 0x0000000093f00000, 0x0000000093f00000| Untracked 
| 320|0x0000000094000000, 0x0000000094000000, 0x0000000094100000|  0%| F|  |TAMS 0x0000000094000000, 0x0000000094000000| Untracked 
| 321|0x0000000094100000, 0x0000000094100000, 0x0000000094200000|  0%| F|  |TAMS 0x0000000094100000, 0x0000000094100000| Untracked 
| 322|0x0000000094200000, 0x0000000094200000, 0x0000000094300000|  0%| F|  |TAMS 0x0000000094200000, 0x0000000094200000| Untracked 
| 323|0x0000000094300000, 0x0000000094300000, 0x0000000094400000|  0%| F|  |TAMS 0x0000000094300000, 0x0000000094300000| Untracked 
| 324|0x0000000094400000, 0x0000000094400000, 0x0000000094500000|  0%| F|  |TAMS 0x0000000094400000, 0x0000000094400000| Untracked 
| 325|0x0000000094500000, 0x0000000094500000, 0x0000000094600000|  0%| F|  |TAMS 0x0000000094500000, 0x0000000094500000| Untracked 
| 326|0x0000000094600000, 0x0000000094600000, 0x0000000094700000|  0%| F|  |TAMS 0x0000000094600000, 0x0000000094600000| Untracked 
| 327|0x0000000094700000, 0x0000000094700000, 0x0000000094800000|  0%| F|  |TAMS 0x0000000094700000, 0x0000000094700000| Untracked 
| 328|0x0000000094800000, 0x0000000094800000, 0x0000000094900000|  0%| F|  |TAMS 0x0000000094800000, 0x0000000094800000| Untracked 
| 329|0x0000000094900000, 0x0000000094900000, 0x0000000094a00000|  0%| F|  |TAMS 0x0000000094900000, 0x0000000094900000| Untracked 
| 330|0x0000000094a00000, 0x0000000094a00000, 0x0000000094b00000|  0%| F|  |TAMS 0x0000000094a00000, 0x0000000094a00000| Untracked 
| 331|0x0000000094b00000, 0x0000000094b00000, 0x0000000094c00000|  0%| F|  |TAMS 0x0000000094b00000, 0x0000000094b00000| Untracked 
| 332|0x0000000094c00000, 0x0000000094c00000, 0x0000000094d00000|  0%| F|  |TAMS 0x0000000094c00000, 0x0000000094c00000| Untracked 
| 333|0x0000000094d00000, 0x0000000094d00000, 0x0000000094e00000|  0%| F|  |TAMS 0x0000000094d00000, 0x0000000094d00000| Untracked 
| 334|0x0000000094e00000, 0x0000000094e00000, 0x0000000094f00000|  0%| F|  |TAMS 0x0000000094e00000, 0x0000000094e00000| Untracked 
| 335|0x0000000094f00000, 0x0000000094f00000, 0x0000000095000000|  0%| F|  |TAMS 0x0000000094f00000, 0x0000000094f00000| Untracked 
| 336|0x0000000095000000, 0x0000000095000000, 0x0000000095100000|  0%| F|  |TAMS 0x0000000095000000, 0x0000000095000000| Untracked 
| 337|0x0000000095100000, 0x0000000095100000, 0x0000000095200000|  0%| F|  |TAMS 0x0000000095100000, 0x0000000095100000| Untracked 
| 338|0x0000000095200000, 0x0000000095200000, 0x0000000095300000|  0%| F|  |TAMS 0x0000000095200000, 0x0000000095200000| Untracked 
| 339|0x0000000095300000, 0x0000000095300000, 0x0000000095400000|  0%| F|  |TAMS 0x0000000095300000, 0x0000000095300000| Untracked 
| 340|0x0000000095400000, 0x0000000095400000, 0x0000000095500000|  0%| F|  |TAMS 0x0000000095400000, 0x0000000095400000| Untracked 
| 341|0x0000000095500000, 0x0000000095500000, 0x0000000095600000|  0%| F|  |TAMS 0x0000000095500000, 0x0000000095500000| Untracked 
| 342|0x0000000095600000, 0x0000000095600000, 0x0000000095700000|  0%| F|  |TAMS 0x0000000095600000, 0x0000000095600000| Untracked 
| 343|0x0000000095700000, 0x0000000095700000, 0x0000000095800000|  0%| F|  |TAMS 0x0000000095700000, 0x0000000095700000| Untracked 
| 344|0x0000000095800000, 0x0000000095800000, 0x0000000095900000|  0%| F|  |TAMS 0x0000000095800000, 0x0000000095800000| Untracked 
| 345|0x0000000095900000, 0x0000000095900000, 0x0000000095a00000|  0%| F|  |TAMS 0x0000000095900000, 0x0000000095900000| Untracked 
| 346|0x0000000095a00000, 0x0000000095a00000, 0x0000000095b00000|  0%| F|  |TAMS 0x0000000095a00000, 0x0000000095a00000| Untracked 
| 347|0x0000000095b00000, 0x0000000095b00000, 0x0000000095c00000|  0%| F|  |TAMS 0x0000000095b00000, 0x0000000095b00000| Untracked 
| 348|0x0000000095c00000, 0x0000000095c00000, 0x0000000095d00000|  0%| F|  |TAMS 0x0000000095c00000, 0x0000000095c00000| Untracked 
| 349|0x0000000095d00000, 0x0000000095d00000, 0x0000000095e00000|  0%| F|  |TAMS 0x0000000095d00000, 0x0000000095d00000| Untracked 
| 350|0x0000000095e00000, 0x0000000095e00000, 0x0000000095f00000|  0%| F|  |TAMS 0x0000000095e00000, 0x0000000095e00000| Untracked 
| 351|0x0000000095f00000, 0x0000000095f00000, 0x0000000096000000|  0%| F|  |TAMS 0x0000000095f00000, 0x0000000095f00000| Untracked 
| 352|0x0000000096000000, 0x0000000096000000, 0x0000000096100000|  0%| F|  |TAMS 0x0000000096000000, 0x0000000096000000| Untracked 
| 353|0x0000000096100000, 0x0000000096100000, 0x0000000096200000|  0%| F|  |TAMS 0x0000000096100000, 0x0000000096100000| Untracked 
| 354|0x0000000096200000, 0x0000000096200000, 0x0000000096300000|  0%| F|  |TAMS 0x0000000096200000, 0x0000000096200000| Untracked 
| 355|0x0000000096300000, 0x0000000096300000, 0x0000000096400000|  0%| F|  |TAMS 0x0000000096300000, 0x0000000096300000| Untracked 
| 356|0x0000000096400000, 0x0000000096400000, 0x0000000096500000|  0%| F|  |TAMS 0x0000000096400000, 0x0000000096400000| Untracked 
| 357|0x0000000096500000, 0x0000000096500000, 0x0000000096600000|  0%| F|  |TAMS 0x0000000096500000, 0x0000000096500000| Untracked 
| 358|0x0000000096600000, 0x0000000096600000, 0x0000000096700000|  0%| F|  |TAMS 0x0000000096600000, 0x0000000096600000| Untracked 
| 359|0x0000000096700000, 0x0000000096700000, 0x0000000096800000|  0%| F|  |TAMS 0x0000000096700000, 0x0000000096700000| Untracked 
| 360|0x0000000096800000, 0x0000000096800000, 0x0000000096900000|  0%| F|  |TAMS 0x0000000096800000, 0x0000000096800000| Untracked 
| 361|0x0000000096900000, 0x0000000096900000, 0x0000000096a00000|  0%| F|  |TAMS 0x0000000096900000, 0x0000000096900000| Untracked 
| 362|0x0000000096a00000, 0x0000000096a00000, 0x0000000096b00000|  0%| F|  |TAMS 0x0000000096a00000, 0x0000000096a00000| Untracked 
| 363|0x0000000096b00000, 0x0000000096b00000, 0x0000000096c00000|  0%| F|  |TAMS 0x0000000096b00000, 0x0000000096b00000| Untracked 
| 364|0x0000000096c00000, 0x0000000096c00000, 0x0000000096d00000|  0%| F|  |TAMS 0x0000000096c00000, 0x0000000096c00000| Untracked 
| 365|0x0000000096d00000, 0x0000000096d00000, 0x0000000096e00000|  0%| F|  |TAMS 0x0000000096d00000, 0x0000000096d00000| Untracked 
| 366|0x0000000096e00000, 0x0000000096e00000, 0x0000000096f00000|  0%| F|  |TAMS 0x0000000096e00000, 0x0000000096e00000| Untracked 
| 367|0x0000000096f00000, 0x0000000096f00000, 0x0000000097000000|  0%| F|  |TAMS 0x0000000096f00000, 0x0000000096f00000| Untracked 
| 368|0x0000000097000000, 0x0000000097000000, 0x0000000097100000|  0%| F|  |TAMS 0x0000000097000000, 0x0000000097000000| Untracked 
| 369|0x0000000097100000, 0x0000000097100000, 0x0000000097200000|  0%| F|  |TAMS 0x0000000097100000, 0x0000000097100000| Untracked 
| 370|0x0000000097200000, 0x0000000097200000, 0x0000000097300000|  0%| F|  |TAMS 0x0000000097200000, 0x0000000097200000| Untracked 
| 371|0x0000000097300000, 0x0000000097300000, 0x0000000097400000|  0%| F|  |TAMS 0x0000000097300000, 0x0000000097300000| Untracked 
| 372|0x0000000097400000, 0x0000000097400000, 0x0000000097500000|  0%| F|  |TAMS 0x0000000097400000, 0x0000000097400000| Untracked 
| 373|0x0000000097500000, 0x0000000097500000, 0x0000000097600000|  0%| F|  |TAMS 0x0000000097500000, 0x0000000097500000| Untracked 
| 374|0x0000000097600000, 0x0000000097600000, 0x0000000097700000|  0%| F|  |TAMS 0x0000000097600000, 0x0000000097600000| Untracked 
| 375|0x0000000097700000, 0x0000000097700000, 0x0000000097800000|  0%| F|  |TAMS 0x0000000097700000, 0x0000000097700000| Untracked 
| 376|0x0000000097800000, 0x0000000097800000, 0x0000000097900000|  0%| F|  |TAMS 0x0000000097800000, 0x0000000097800000| Untracked 
| 377|0x0000000097900000, 0x0000000097900000, 0x0000000097a00000|  0%| F|  |TAMS 0x0000000097900000, 0x0000000097900000| Untracked 
| 378|0x0000000097a00000, 0x0000000097a00000, 0x0000000097b00000|  0%| F|  |TAMS 0x0000000097a00000, 0x0000000097a00000| Untracked 
| 379|0x0000000097b00000, 0x0000000097b00000, 0x0000000097c00000|  0%| F|  |TAMS 0x0000000097b00000, 0x0000000097b00000| Untracked 
| 380|0x0000000097c00000, 0x0000000097c00000, 0x0000000097d00000|  0%| F|  |TAMS 0x0000000097c00000, 0x0000000097c00000| Untracked 
| 381|0x0000000097d00000, 0x0000000097d00000, 0x0000000097e00000|  0%| F|  |TAMS 0x0000000097d00000, 0x0000000097d00000| Untracked 
| 382|0x0000000097e00000, 0x0000000097e00000, 0x0000000097f00000|  0%| F|  |TAMS 0x0000000097e00000, 0x0000000097e00000| Untracked 
| 383|0x0000000097f00000, 0x0000000097f00000, 0x0000000098000000|  0%| F|  |TAMS 0x0000000097f00000, 0x0000000097f00000| Untracked 
| 384|0x0000000098000000, 0x0000000098000000, 0x0000000098100000|  0%| F|  |TAMS 0x0000000098000000, 0x0000000098000000| Untracked 
| 385|0x0000000098100000, 0x0000000098100000, 0x0000000098200000|  0%| F|  |TAMS 0x0000000098100000, 0x0000000098100000| Untracked 
| 386|0x0000000098200000, 0x0000000098200000, 0x0000000098300000|  0%| F|  |TAMS 0x0000000098200000, 0x0000000098200000| Untracked 
| 387|0x0000000098300000, 0x0000000098300000, 0x0000000098400000|  0%| F|  |TAMS 0x0000000098300000, 0x0000000098300000| Untracked 
| 388|0x0000000098400000, 0x0000000098400000, 0x0000000098500000|  0%| F|  |TAMS 0x0000000098400000, 0x0000000098400000| Untracked 
| 389|0x0000000098500000, 0x0000000098500000, 0x0000000098600000|  0%| F|  |TAMS 0x0000000098500000, 0x0000000098500000| Untracked 
| 390|0x0000000098600000, 0x0000000098600000, 0x0000000098700000|  0%| F|  |TAMS 0x0000000098600000, 0x0000000098600000| Untracked 
| 391|0x0000000098700000, 0x0000000098700000, 0x0000000098800000|  0%| F|  |TAMS 0x0000000098700000, 0x0000000098700000| Untracked 
| 392|0x0000000098800000, 0x0000000098800000, 0x0000000098900000|  0%| F|  |TAMS 0x0000000098800000, 0x0000000098800000| Untracked 
| 393|0x0000000098900000, 0x0000000098900000, 0x0000000098a00000|  0%| F|  |TAMS 0x0000000098900000, 0x0000000098900000| Untracked 
| 394|0x0000000098a00000, 0x0000000098a00000, 0x0000000098b00000|  0%| F|  |TAMS 0x0000000098a00000, 0x0000000098a00000| Untracked 
| 395|0x0000000098b00000, 0x0000000098b00000, 0x0000000098c00000|  0%| F|  |TAMS 0x0000000098b00000, 0x0000000098b00000| Untracked 
| 396|0x0000000098c00000, 0x0000000098c00000, 0x0000000098d00000|  0%| F|  |TAMS 0x0000000098c00000, 0x0000000098c00000| Untracked 
| 397|0x0000000098d00000, 0x0000000098d00000, 0x0000000098e00000|  0%| F|  |TAMS 0x0000000098d00000, 0x0000000098d00000| Untracked 
| 398|0x0000000098e00000, 0x0000000098e00000, 0x0000000098f00000|  0%| F|  |TAMS 0x0000000098e00000, 0x0000000098e00000| Untracked 
| 399|0x0000000098f00000, 0x0000000098f00000, 0x0000000099000000|  0%| F|  |TAMS 0x0000000098f00000, 0x0000000098f00000| Untracked 
| 400|0x0000000099000000, 0x0000000099000000, 0x0000000099100000|  0%| F|  |TAMS 0x0000000099000000, 0x0000000099000000| Untracked 
| 401|0x0000000099100000, 0x0000000099100000, 0x0000000099200000|  0%| F|  |TAMS 0x0000000099100000, 0x0000000099100000| Untracked 
| 402|0x0000000099200000, 0x0000000099200000, 0x0000000099300000|  0%| F|  |TAMS 0x0000000099200000, 0x0000000099200000| Untracked 
| 403|0x0000000099300000, 0x0000000099300000, 0x0000000099400000|  0%| F|  |TAMS 0x0000000099300000, 0x0000000099300000| Untracked 
| 404|0x0000000099400000, 0x0000000099400000, 0x0000000099500000|  0%| F|  |TAMS 0x0000000099400000, 0x0000000099400000| Untracked 
| 405|0x0000000099500000, 0x0000000099500000, 0x0000000099600000|  0%| F|  |TAMS 0x0000000099500000, 0x0000000099500000| Untracked 
| 406|0x0000000099600000, 0x0000000099600000, 0x0000000099700000|  0%| F|  |TAMS 0x0000000099600000, 0x0000000099600000| Untracked 
| 407|0x0000000099700000, 0x0000000099700000, 0x0000000099800000|  0%| F|  |TAMS 0x0000000099700000, 0x0000000099700000| Untracked 
| 408|0x0000000099800000, 0x0000000099800000, 0x0000000099900000|  0%| F|  |TAMS 0x0000000099800000, 0x0000000099800000| Untracked 
| 409|0x0000000099900000, 0x0000000099900000, 0x0000000099a00000|  0%| F|  |TAMS 0x0000000099900000, 0x0000000099900000| Untracked 
| 410|0x0000000099a00000, 0x0000000099a00000, 0x0000000099b00000|  0%| F|  |TAMS 0x0000000099a00000, 0x0000000099a00000| Untracked 
| 411|0x0000000099b00000, 0x0000000099b00000, 0x0000000099c00000|  0%| F|  |TAMS 0x0000000099b00000, 0x0000000099b00000| Untracked 
| 412|0x0000000099c00000, 0x0000000099c00000, 0x0000000099d00000|  0%| F|  |TAMS 0x0000000099c00000, 0x0000000099c00000| Untracked 
| 413|0x0000000099d00000, 0x0000000099d00000, 0x0000000099e00000|  0%| F|  |TAMS 0x0000000099d00000, 0x0000000099d00000| Untracked 
| 414|0x0000000099e00000, 0x0000000099e00000, 0x0000000099f00000|  0%| F|  |TAMS 0x0000000099e00000, 0x0000000099e00000| Untracked 
| 415|0x0000000099f00000, 0x0000000099f00000, 0x000000009a000000|  0%| F|  |TAMS 0x0000000099f00000, 0x0000000099f00000| Untracked 
| 416|0x000000009a000000, 0x000000009a000000, 0x000000009a100000|  0%| F|  |TAMS 0x000000009a000000, 0x000000009a000000| Untracked 
| 417|0x000000009a100000, 0x000000009a100000, 0x000000009a200000|  0%| F|  |TAMS 0x000000009a100000, 0x000000009a100000| Untracked 
| 418|0x000000009a200000, 0x000000009a200000, 0x000000009a300000|  0%| F|  |TAMS 0x000000009a200000, 0x000000009a200000| Untracked 
| 419|0x000000009a300000, 0x000000009a300000, 0x000000009a400000|  0%| F|  |TAMS 0x000000009a300000, 0x000000009a300000| Untracked 
| 420|0x000000009a400000, 0x000000009a400000, 0x000000009a500000|  0%| F|  |TAMS 0x000000009a400000, 0x000000009a400000| Untracked 
| 421|0x000000009a500000, 0x000000009a500000, 0x000000009a600000|  0%| F|  |TAMS 0x000000009a500000, 0x000000009a500000| Untracked 
| 422|0x000000009a600000, 0x000000009a600000, 0x000000009a700000|  0%| F|  |TAMS 0x000000009a600000, 0x000000009a600000| Untracked 
| 423|0x000000009a700000, 0x000000009a700000, 0x000000009a800000|  0%| F|  |TAMS 0x000000009a700000, 0x000000009a700000| Untracked 
| 424|0x000000009a800000, 0x000000009a800000, 0x000000009a900000|  0%| F|  |TAMS 0x000000009a800000, 0x000000009a800000| Untracked 
| 425|0x000000009a900000, 0x000000009a900000, 0x000000009aa00000|  0%| F|  |TAMS 0x000000009a900000, 0x000000009a900000| Untracked 
| 426|0x000000009aa00000, 0x000000009aa00000, 0x000000009ab00000|  0%| F|  |TAMS 0x000000009aa00000, 0x000000009aa00000| Untracked 
| 427|0x000000009ab00000, 0x000000009ab00000, 0x000000009ac00000|  0%| F|  |TAMS 0x000000009ab00000, 0x000000009ab00000| Untracked 
| 428|0x000000009ac00000, 0x000000009ac00000, 0x000000009ad00000|  0%| F|  |TAMS 0x000000009ac00000, 0x000000009ac00000| Untracked 
| 429|0x000000009ad00000, 0x000000009ad00000, 0x000000009ae00000|  0%| F|  |TAMS 0x000000009ad00000, 0x000000009ad00000| Untracked 
| 430|0x000000009ae00000, 0x000000009ae00000, 0x000000009af00000|  0%| F|  |TAMS 0x000000009ae00000, 0x000000009ae00000| Untracked 
| 431|0x000000009af00000, 0x000000009af00000, 0x000000009b000000|  0%| F|  |TAMS 0x000000009af00000, 0x000000009af00000| Untracked 
| 432|0x000000009b000000, 0x000000009b000000, 0x000000009b100000|  0%| F|  |TAMS 0x000000009b000000, 0x000000009b000000| Untracked 
| 433|0x000000009b100000, 0x000000009b100000, 0x000000009b200000|  0%| F|  |TAMS 0x000000009b100000, 0x000000009b100000| Untracked 
| 434|0x000000009b200000, 0x000000009b200000, 0x000000009b300000|  0%| F|  |TAMS 0x000000009b200000, 0x000000009b200000| Untracked 
| 435|0x000000009b300000, 0x000000009b300000, 0x000000009b400000|  0%| F|  |TAMS 0x000000009b300000, 0x000000009b300000| Untracked 
| 436|0x000000009b400000, 0x000000009b400000, 0x000000009b500000|  0%| F|  |TAMS 0x000000009b400000, 0x000000009b400000| Untracked 
| 437|0x000000009b500000, 0x000000009b500000, 0x000000009b600000|  0%| F|  |TAMS 0x000000009b500000, 0x000000009b500000| Untracked 
| 438|0x000000009b600000, 0x000000009b600000, 0x000000009b700000|  0%| F|  |TAMS 0x000000009b600000, 0x000000009b600000| Untracked 
| 439|0x000000009b700000, 0x000000009b700000, 0x000000009b800000|  0%| F|  |TAMS 0x000000009b700000, 0x000000009b700000| Untracked 
| 440|0x000000009b800000, 0x000000009b800000, 0x000000009b900000|  0%| F|  |TAMS 0x000000009b800000, 0x000000009b800000| Untracked 
| 441|0x000000009b900000, 0x000000009b900000, 0x000000009ba00000|  0%| F|  |TAMS 0x000000009b900000, 0x000000009b900000| Untracked 
| 442|0x000000009ba00000, 0x000000009ba00000, 0x000000009bb00000|  0%| F|  |TAMS 0x000000009ba00000, 0x000000009ba00000| Untracked 
| 443|0x000000009bb00000, 0x000000009bb00000, 0x000000009bc00000|  0%| F|  |TAMS 0x000000009bb00000, 0x000000009bb00000| Untracked 
| 444|0x000000009bc00000, 0x000000009bc00000, 0x000000009bd00000|  0%| F|  |TAMS 0x000000009bc00000, 0x000000009bc00000| Untracked 
| 445|0x000000009bd00000, 0x000000009bd00000, 0x000000009be00000|  0%| F|  |TAMS 0x000000009bd00000, 0x000000009bd00000| Untracked 
| 446|0x000000009be00000, 0x000000009be00000, 0x000000009bf00000|  0%| F|  |TAMS 0x000000009be00000, 0x000000009be00000| Untracked 
| 447|0x000000009bf00000, 0x000000009bf00000, 0x000000009c000000|  0%| F|  |TAMS 0x000000009bf00000, 0x000000009bf00000| Untracked 
| 448|0x000000009c000000, 0x000000009c000000, 0x000000009c100000|  0%| F|  |TAMS 0x000000009c000000, 0x000000009c000000| Untracked 
| 449|0x000000009c100000, 0x000000009c100000, 0x000000009c200000|  0%| F|  |TAMS 0x000000009c100000, 0x000000009c100000| Untracked 
| 450|0x000000009c200000, 0x000000009c200000, 0x000000009c300000|  0%| F|  |TAMS 0x000000009c200000, 0x000000009c200000| Untracked 
| 451|0x000000009c300000, 0x000000009c300000, 0x000000009c400000|  0%| F|  |TAMS 0x000000009c300000, 0x000000009c300000| Untracked 
| 452|0x000000009c400000, 0x000000009c400000, 0x000000009c500000|  0%| F|  |TAMS 0x000000009c400000, 0x000000009c400000| Untracked 
| 453|0x000000009c500000, 0x000000009c500000, 0x000000009c600000|  0%| F|  |TAMS 0x000000009c500000, 0x000000009c500000| Untracked 
| 454|0x000000009c600000, 0x000000009c600000, 0x000000009c700000|  0%| F|  |TAMS 0x000000009c600000, 0x000000009c600000| Untracked 
| 455|0x000000009c700000, 0x000000009c700000, 0x000000009c800000|  0%| F|  |TAMS 0x000000009c700000, 0x000000009c700000| Untracked 
| 456|0x000000009c800000, 0x000000009c800000, 0x000000009c900000|  0%| F|  |TAMS 0x000000009c800000, 0x000000009c800000| Untracked 
| 457|0x000000009c900000, 0x000000009c900000, 0x000000009ca00000|  0%| F|  |TAMS 0x000000009c900000, 0x000000009c900000| Untracked 
| 458|0x000000009ca00000, 0x000000009ca00000, 0x000000009cb00000|  0%| F|  |TAMS 0x000000009ca00000, 0x000000009ca00000| Untracked 
| 459|0x000000009cb00000, 0x000000009cb00000, 0x000000009cc00000|  0%| F|  |TAMS 0x000000009cb00000, 0x000000009cb00000| Untracked 
| 460|0x000000009cc00000, 0x000000009cc00000, 0x000000009cd00000|  0%| F|  |TAMS 0x000000009cc00000, 0x000000009cc00000| Untracked 
| 461|0x000000009cd00000, 0x000000009cd00000, 0x000000009ce00000|  0%| F|  |TAMS 0x000000009cd00000, 0x000000009cd00000| Untracked 
| 462|0x000000009ce00000, 0x000000009ce00000, 0x000000009cf00000|  0%| F|  |TAMS 0x000000009ce00000, 0x000000009ce00000| Untracked 
| 463|0x000000009cf00000, 0x000000009cf00000, 0x000000009d000000|  0%| F|  |TAMS 0x000000009cf00000, 0x000000009cf00000| Untracked 
| 464|0x000000009d000000, 0x000000009d000000, 0x000000009d100000|  0%| F|  |TAMS 0x000000009d000000, 0x000000009d000000| Untracked 
| 465|0x000000009d100000, 0x000000009d100000, 0x000000009d200000|  0%| F|  |TAMS 0x000000009d100000, 0x000000009d100000| Untracked 
| 466|0x000000009d200000, 0x000000009d200000, 0x000000009d300000|  0%| F|  |TAMS 0x000000009d200000, 0x000000009d200000| Untracked 
| 467|0x000000009d300000, 0x000000009d300000, 0x000000009d400000|  0%| F|  |TAMS 0x000000009d300000, 0x000000009d300000| Untracked 
| 468|0x000000009d400000, 0x000000009d400000, 0x000000009d500000|  0%| F|  |TAMS 0x000000009d400000, 0x000000009d400000| Untracked 
| 469|0x000000009d500000, 0x000000009d500000, 0x000000009d600000|  0%| F|  |TAMS 0x000000009d500000, 0x000000009d500000| Untracked 
| 470|0x000000009d600000, 0x000000009d600000, 0x000000009d700000|  0%| F|  |TAMS 0x000000009d600000, 0x000000009d600000| Untracked 
| 471|0x000000009d700000, 0x000000009d700000, 0x000000009d800000|  0%| F|  |TAMS 0x000000009d700000, 0x000000009d700000| Untracked 
| 472|0x000000009d800000, 0x000000009d800000, 0x000000009d900000|  0%| F|  |TAMS 0x000000009d800000, 0x000000009d800000| Untracked 
| 473|0x000000009d900000, 0x000000009d900000, 0x000000009da00000|  0%| F|  |TAMS 0x000000009d900000, 0x000000009d900000| Untracked 
| 474|0x000000009da00000, 0x000000009da00000, 0x000000009db00000|  0%| F|  |TAMS 0x000000009da00000, 0x000000009da00000| Untracked 
| 475|0x000000009db00000, 0x000000009db00000, 0x000000009dc00000|  0%| F|  |TAMS 0x000000009db00000, 0x000000009db00000| Untracked 
| 476|0x000000009dc00000, 0x000000009dc00000, 0x000000009dd00000|  0%| F|  |TAMS 0x000000009dc00000, 0x000000009dc00000| Untracked 
| 477|0x000000009dd00000, 0x000000009dd00000, 0x000000009de00000|  0%| F|  |TAMS 0x000000009dd00000, 0x000000009dd00000| Untracked 
| 478|0x000000009de00000, 0x000000009de00000, 0x000000009df00000|  0%| F|  |TAMS 0x000000009de00000, 0x000000009de00000| Untracked 
| 479|0x000000009df00000, 0x000000009df00000, 0x000000009e000000|  0%| F|  |TAMS 0x000000009df00000, 0x000000009df00000| Untracked 
| 480|0x000000009e000000, 0x000000009e000000, 0x000000009e100000|  0%| F|  |TAMS 0x000000009e000000, 0x000000009e000000| Untracked 
| 481|0x000000009e100000, 0x000000009e100000, 0x000000009e200000|  0%| F|  |TAMS 0x000000009e100000, 0x000000009e100000| Untracked 
| 482|0x000000009e200000, 0x000000009e200000, 0x000000009e300000|  0%| F|  |TAMS 0x000000009e200000, 0x000000009e200000| Untracked 
| 483|0x000000009e300000, 0x000000009e300000, 0x000000009e400000|  0%| F|  |TAMS 0x000000009e300000, 0x000000009e300000| Untracked 
| 484|0x000000009e400000, 0x000000009e400000, 0x000000009e500000|  0%| F|  |TAMS 0x000000009e400000, 0x000000009e400000| Untracked 
| 485|0x000000009e500000, 0x000000009e500000, 0x000000009e600000|  0%| F|  |TAMS 0x000000009e500000, 0x000000009e500000| Untracked 
| 486|0x000000009e600000, 0x000000009e600000, 0x000000009e700000|  0%| F|  |TAMS 0x000000009e600000, 0x000000009e600000| Untracked 
| 487|0x000000009e700000, 0x000000009e700000, 0x000000009e800000|  0%| F|  |TAMS 0x000000009e700000, 0x000000009e700000| Untracked 
| 488|0x000000009e800000, 0x000000009e800000, 0x000000009e900000|  0%| F|  |TAMS 0x000000009e800000, 0x000000009e800000| Untracked 
| 489|0x000000009e900000, 0x000000009e900000, 0x000000009ea00000|  0%| F|  |TAMS 0x000000009e900000, 0x000000009e900000| Untracked 
| 490|0x000000009ea00000, 0x000000009ea00000, 0x000000009eb00000|  0%| F|  |TAMS 0x000000009ea00000, 0x000000009ea00000| Untracked 
| 491|0x000000009eb00000, 0x000000009eb00000, 0x000000009ec00000|  0%| F|  |TAMS 0x000000009eb00000, 0x000000009eb00000| Untracked 
| 492|0x000000009ec00000, 0x000000009ec00000, 0x000000009ed00000|  0%| F|  |TAMS 0x000000009ec00000, 0x000000009ec00000| Untracked 
| 493|0x000000009ed00000, 0x000000009ed827c8, 0x000000009ee00000| 50%| E|  |TAMS 0x000000009ed00000, 0x000000009ed00000| Complete 
| 494|0x000000009ee00000, 0x000000009ef00000, 0x000000009ef00000|100%| E|CS|TAMS 0x000000009ee00000, 0x000000009ee00000| Complete 
| 495|0x000000009ef00000, 0x000000009f000000, 0x000000009f000000|100%| E|CS|TAMS 0x000000009ef00000, 0x000000009ef00000| Complete 
| 496|0x000000009f000000, 0x000000009f100000, 0x000000009f100000|100%| E|CS|TAMS 0x000000009f000000, 0x000000009f000000| Complete 
| 497|0x000000009f100000, 0x000000009f200000, 0x000000009f200000|100%| E|CS|TAMS 0x000000009f100000, 0x000000009f100000| Complete 
| 498|0x000000009f200000, 0x000000009f300000, 0x000000009f300000|100%| E|CS|TAMS 0x000000009f200000, 0x000000009f200000| Complete 
| 499|0x000000009f300000, 0x000000009f400000, 0x000000009f400000|100%| E|CS|TAMS 0x000000009f300000, 0x000000009f300000| Complete 
| 500|0x000000009f400000, 0x000000009f500000, 0x000000009f500000|100%| E|CS|TAMS 0x000000009f400000, 0x000000009f400000| Complete 
| 501|0x000000009f500000, 0x000000009f600000, 0x000000009f600000|100%| E|CS|TAMS 0x000000009f500000, 0x000000009f500000| Complete 
| 502|0x000000009f600000, 0x000000009f700000, 0x000000009f700000|100%| E|CS|TAMS 0x000000009f600000, 0x000000009f600000| Complete 
| 503|0x000000009f700000, 0x000000009f800000, 0x000000009f800000|100%| E|CS|TAMS 0x000000009f700000, 0x000000009f700000| Complete 
| 504|0x000000009f800000, 0x000000009f900000, 0x000000009f900000|100%| E|CS|TAMS 0x000000009f800000, 0x000000009f800000| Complete 
| 505|0x000000009f900000, 0x000000009fa00000, 0x000000009fa00000|100%| E|CS|TAMS 0x000000009f900000, 0x000000009f900000| Complete 
| 506|0x000000009fa00000, 0x000000009fb00000, 0x000000009fb00000|100%| E|CS|TAMS 0x000000009fa00000, 0x000000009fa00000| Complete 
| 507|0x000000009fb00000, 0x000000009fc00000, 0x000000009fc00000|100%| E|CS|TAMS 0x000000009fb00000, 0x000000009fb00000| Complete 
| 508|0x000000009fc00000, 0x000000009fd00000, 0x000000009fd00000|100%| E|CS|TAMS 0x000000009fc00000, 0x000000009fc00000| Complete 
| 509|0x000000009fd00000, 0x000000009fe00000, 0x000000009fe00000|100%| E|CS|TAMS 0x000000009fd00000, 0x000000009fd00000| Complete 
| 510|0x000000009fe00000, 0x000000009ff00000, 0x000000009ff00000|100%| E|CS|TAMS 0x000000009fe00000, 0x000000009fe00000| Complete 
| 511|0x000000009ff00000, 0x000000009ffa35e8, 0x00000000a0000000| 63%| S|CS|TAMS 0x000000009ff00000, 0x000000009ff00000| Complete 
| 512|0x00000000a0000000, 0x00000000a0100000, 0x00000000a0100000|100%| S|CS|TAMS 0x00000000a0000000, 0x00000000a0000000| Complete 
| 513|0x00000000a0100000, 0x00000000a0200000, 0x00000000a0200000|100%| S|CS|TAMS 0x00000000a0100000, 0x00000000a0100000| Complete 
| 514|0x00000000a0200000, 0x00000000a0300000, 0x00000000a0300000|100%| E|CS|TAMS 0x00000000a0200000, 0x00000000a0200000| Complete 
| 515|0x00000000a0300000, 0x00000000a0400000, 0x00000000a0400000|100%| E|CS|TAMS 0x00000000a0300000, 0x00000000a0300000| Complete 
| 516|0x00000000a0400000, 0x00000000a0500000, 0x00000000a0500000|100%| E|CS|TAMS 0x00000000a0400000, 0x00000000a0400000| Complete 
| 517|0x00000000a0500000, 0x00000000a0600000, 0x00000000a0600000|100%| E|CS|TAMS 0x00000000a0500000, 0x00000000a0500000| Complete 
| 518|0x00000000a0600000, 0x00000000a0700000, 0x00000000a0700000|100%| E|CS|TAMS 0x00000000a0600000, 0x00000000a0600000| Complete 
| 519|0x00000000a0700000, 0x00000000a0800000, 0x00000000a0800000|100%| E|CS|TAMS 0x00000000a0700000, 0x00000000a0700000| Complete 
| 520|0x00000000a0800000, 0x00000000a0900000, 0x00000000a0900000|100%| E|CS|TAMS 0x00000000a0800000, 0x00000000a0800000| Complete 
| 521|0x00000000a0900000, 0x00000000a0a00000, 0x00000000a0a00000|100%| E|CS|TAMS 0x00000000a0900000, 0x00000000a0900000| Complete 
| 522|0x00000000a0a00000, 0x00000000a0b00000, 0x00000000a0b00000|100%| E|CS|TAMS 0x00000000a0a00000, 0x00000000a0a00000| Complete 
| 523|0x00000000a0b00000, 0x00000000a0c00000, 0x00000000a0c00000|100%| E|CS|TAMS 0x00000000a0b00000, 0x00000000a0b00000| Complete 
| 524|0x00000000a0c00000, 0x00000000a0d00000, 0x00000000a0d00000|100%| E|CS|TAMS 0x00000000a0c00000, 0x00000000a0c00000| Complete 
| 525|0x00000000a0d00000, 0x00000000a0e00000, 0x00000000a0e00000|100%| E|CS|TAMS 0x00000000a0d00000, 0x00000000a0d00000| Complete 
| 526|0x00000000a0e00000, 0x00000000a0f00000, 0x00000000a0f00000|100%| E|CS|TAMS 0x00000000a0e00000, 0x00000000a0e00000| Complete 
| 527|0x00000000a0f00000, 0x00000000a1000000, 0x00000000a1000000|100%| E|CS|TAMS 0x00000000a0f00000, 0x00000000a0f00000| Complete 
| 528|0x00000000a1000000, 0x00000000a1100000, 0x00000000a1100000|100%| E|CS|TAMS 0x00000000a1000000, 0x00000000a1000000| Complete 
| 529|0x00000000a1100000, 0x00000000a1200000, 0x00000000a1200000|100%| E|CS|TAMS 0x00000000a1100000, 0x00000000a1100000| Complete 
| 530|0x00000000a1200000, 0x00000000a1300000, 0x00000000a1300000|100%| E|CS|TAMS 0x00000000a1200000, 0x00000000a1200000| Complete 
| 531|0x00000000a1300000, 0x00000000a1400000, 0x00000000a1400000|100%| E|CS|TAMS 0x00000000a1300000, 0x00000000a1300000| Complete 

Card table byte_map: [0x000001617af30000,0x000001617b330000] _byte_map_base: 0x000001617ab30000

Marking Bits (Prev, Next): (CMBitMap*) 0x0000016170db0150, (CMBitMap*) 0x0000016170db0110
 Prev Bits: [0x000001617d730000, 0x000001617f730000)
 Next Bits: [0x000001617b730000, 0x000001617d730000)

Polling page: 0x0000016170ad0000

Metaspace:

Usage:
  Non-class:    136.93 MB used.
      Class:     21.27 MB used.
       Both:    158.21 MB used.

Virtual space:
  Non-class space:      192.00 MB reserved,     138.06 MB ( 72%) committed,  3 nodes.
      Class space:      416.00 MB reserved,      22.19 MB (  5%) committed,  1 nodes.
             Both:      608.00 MB reserved,     160.25 MB ( 26%) committed. 

Chunk freelists:
   Non-Class:  5.73 MB
       Class:  9.83 MB
        Both:  15.56 MB

MaxMetaspaceSize: 512.00 MB
CompressedClassSpaceSize: 416.00 MB
Initial GC threshold: 21.00 MB
Current GC threshold: 244.69 MB
CDS: on
MetaspaceReclaimPolicy: balanced
 - commit_granule_bytes: 65536.
 - commit_granule_words: 8192.
 - virtual_space_node_default_size: 8388608.
 - enlarge_chunks_in_place: 1.
 - new_chunks_are_fully_committed: 0.
 - uncommit_free_chunks: 1.
 - use_allocation_guard: 0.
 - handle_deallocations: 1.


Internal statistics:

num_allocs_failed_limit: 9.
num_arena_births: 2910.
num_arena_deaths: 22.
num_vsnodes_births: 4.
num_vsnodes_deaths: 0.
num_space_committed: 2562.
num_space_uncommitted: 0.
num_chunks_returned_to_freelist: 42.
num_chunks_taken_from_freelist: 10407.
num_chunk_merges: 24.
num_chunk_splits: 6557.
num_chunks_enlarged: 3781.
num_inconsistent_stats: 0.

CodeHeap 'non-profiled nmethods': size=120000Kb used=13499Kb max_used=13505Kb free=106500Kb
 bounds [0x0000016107ad0000, 0x0000016108810000, 0x000001610f000000]
CodeHeap 'profiled nmethods': size=120000Kb used=37042Kb max_used=37084Kb free=82957Kb
 bounds [0x0000016100000000, 0x0000016102440000, 0x0000016107530000]
CodeHeap 'non-nmethods': size=5760Kb used=2519Kb max_used=2557Kb free=3240Kb
 bounds [0x0000016107530000, 0x00000161077c0000, 0x0000016107ad0000]
 total_blobs=20413 nmethods=19338 adapters=986
 compilation: enabled
              stopped_count=0, restarted_count=0
 full_count=0

Compilation events (20 events):
Event: 88.793 Thread 0x00000161114f9810 23259       3       com.intellij.psi.impl.source.tree.RecursiveTreeElementWalkingVisitor$ASTTreeGuide::getParent (9 bytes)
Event: 88.793 Thread 0x00000161114f9810 nmethod 23259 0x0000016100700a90 code [0x0000016100700c60, 0x00000161007010a8]
Event: 88.793 Thread 0x00000161114f9810 23260       3       com.intellij.psi.impl.source.tree.RecursiveTreeElementWalkingVisitor$ASTTreeGuide::getParent (15 bytes)
Event: 88.793 Thread 0x00000161114f9810 nmethod 23260 0x0000016100704a90 code [0x0000016100704c40, 0x0000016100704ee8]
Event: 88.799 Thread 0x00000161114f9810 23261       1       com.intellij.util.containers.RefHashMap::access$200 (5 bytes)
Event: 88.799 Thread 0x00000161114f9810 nmethod 23261 0x0000016107c00d10 code [0x0000016107c00ea0, 0x0000016107c00f58]
Event: 88.799 Thread 0x00000161114f9810 23262       1       com.intellij.util.containers.RefHashMap$HardKey::hashCode (5 bytes)
Event: 88.799 Thread 0x00000161114f9810 nmethod 23262 0x0000016107c00a10 code [0x0000016107c00ba0, 0x0000016107c00c78]
Event: 88.819 Thread 0x00000161114f9810 23263       3       com.intellij.mock.MockComponentManager::registerComponentInDisposer (41 bytes)
Event: 88.820 Thread 0x00000161114f9810 nmethod 23263 0x0000016101cfed90 code [0x0000016101cfef80, 0x0000016101cff6a8]
Event: 88.834 Thread 0x00000161114f9810 23264       1       kotlin.ranges.IntProgressionIterator::hasNext (5 bytes)
Event: 88.835 Thread 0x00000161114f9810 nmethod 23264 0x0000016107c00710 code [0x0000016107c008a0, 0x0000016107c00978]
Event: 88.837 Thread 0x00000161114f9810 23265       1       com.intellij.openapi.vfs.impl.jar.CoreJarVirtualFile::getChildren (5 bytes)
Event: 88.837 Thread 0x00000161114f9810 nmethod 23265 0x0000016107c00410 code [0x0000016107c005a0, 0x0000016107c00678]
Event: 88.837 Thread 0x00000161114f9810 23266       3       com.intellij.openapi.util.text.StringUtilRt::equal (120 bytes)
Event: 88.838 Thread 0x00000161114f9810 nmethod 23266 0x00000161021c6e90 code [0x00000161021c71a0, 0x00000161021c8418]
Event: 88.838 Thread 0x00000161114f9810 23267       3       com.intellij.openapi.vfs.VirtualFile::nameEquals (18 bytes)
Event: 88.838 Thread 0x00000161114f9810 nmethod 23267 0x00000161006ff790 code [0x00000161006ff960, 0x00000161006ffc48]
Event: 88.887 Thread 0x00000161114f9810 23268       1       org.jetbrains.kotlin.cli.jvm.index.JavaRoot::getFile (5 bytes)
Event: 88.887 Thread 0x00000161114f9810 nmethod 23268 0x0000016107c00110 code [0x0000016107c002a0, 0x0000016107c00378]

GC Heap History (20 events):
Event: 76.740 GC heap before
{Heap before GC invocations=68 (full 0):
 garbage-first heap   total 444416K, used 353165K [0x0000000080000000, 0x0000000100000000)
  region size 1024K, 119 young (121856K), 11 survivors (11264K)
 Metaspace       used 110491K, committed 112256K, reserved 557056K
  class space    used 15292K, committed 16128K, reserved 425984K
}
Event: 76.755 GC heap after
{Heap after GC invocations=69 (full 0):
 garbage-first heap   total 444416K, used 244845K [0x0000000080000000, 0x0000000100000000)
  region size 1024K, 7 young (7168K), 7 survivors (7168K)
 Metaspace       used 110491K, committed 112256K, reserved 557056K
  class space    used 15292K, committed 16128K, reserved 425984K
}
Event: 77.020 GC heap before
{Heap before GC invocations=69 (full 0):
 garbage-first heap   total 444416K, used 259181K [0x0000000080000000, 0x0000000100000000)
  region size 1024K, 21 young (21504K), 7 survivors (7168K)
 Metaspace       used 110621K, committed 112384K, reserved 557056K
  class space    used 15296K, committed 16128K, reserved 425984K
}
Event: 77.028 GC heap after
{Heap after GC invocations=70 (full 0):
 garbage-first heap   total 444416K, used 244105K [0x0000000080000000, 0x0000000100000000)
  region size 1024K, 2 young (2048K), 2 survivors (2048K)
 Metaspace       used 110621K, committed 112384K, reserved 557056K
  class space    used 15296K, committed 16128K, reserved 425984K
}
Event: 79.163 GC heap before
{Heap before GC invocations=70 (full 0):
 garbage-first heap   total 444416K, used 357769K [0x0000000080000000, 0x0000000100000000)
  region size 1024K, 114 young (116736K), 2 survivors (2048K)
 Metaspace       used 116035K, committed 117824K, reserved 557056K
  class space    used 15993K, committed 16832K, reserved 425984K
}
Event: 79.177 GC heap after
{Heap after GC invocations=71 (full 0):
 garbage-first heap   total 444416K, used 252360K [0x0000000080000000, 0x0000000100000000)
  region size 1024K, 10 young (10240K), 10 survivors (10240K)
 Metaspace       used 116035K, committed 117824K, reserved 557056K
  class space    used 15993K, committed 16832K, reserved 425984K
}
Event: 80.459 GC heap before
{Heap before GC invocations=71 (full 0):
 garbage-first heap   total 444416K, used 353736K [0x0000000080000000, 0x0000000100000000)
  region size 1024K, 111 young (113664K), 10 survivors (10240K)
 Metaspace       used 117581K, committed 119424K, reserved 557056K
  class space    used 16213K, committed 17088K, reserved 425984K
}
Event: 80.473 GC heap after
{Heap after GC invocations=72 (full 0):
 garbage-first heap   total 444416K, used 259921K [0x0000000080000000, 0x0000000100000000)
  region size 1024K, 8 young (8192K), 8 survivors (8192K)
 Metaspace       used 117581K, committed 119424K, reserved 557056K
  class space    used 16213K, committed 17088K, reserved 425984K
}
Event: 83.770 GC heap before
{Heap before GC invocations=73 (full 0):
 garbage-first heap   total 454656K, used 376657K [0x0000000080000000, 0x0000000100000000)
  region size 1024K, 113 young (115712K), 8 survivors (8192K)
 Metaspace       used 127841K, committed 129792K, reserved 557056K
  class space    used 17445K, committed 18368K, reserved 425984K
}
Event: 83.786 GC heap after
{Heap after GC invocations=74 (full 0):
 garbage-first heap   total 454656K, used 272824K [0x0000000080000000, 0x0000000100000000)
  region size 1024K, 15 young (15360K), 15 survivors (15360K)
 Metaspace       used 127841K, committed 129792K, reserved 557056K
  class space    used 17445K, committed 18368K, reserved 425984K
}
Event: 83.973 GC heap before
{Heap before GC invocations=74 (full 0):
 garbage-first heap   total 454656K, used 281016K [0x0000000080000000, 0x0000000100000000)
  region size 1024K, 22 young (22528K), 15 survivors (15360K)
 Metaspace       used 130737K, committed 132736K, reserved 557056K
  class space    used 17793K, committed 18688K, reserved 425984K
}
Event: 83.984 GC heap after
{Heap after GC invocations=75 (full 0):
 garbage-first heap   total 454656K, used 274588K [0x0000000080000000, 0x0000000100000000)
  region size 1024K, 3 young (3072K), 3 survivors (3072K)
 Metaspace       used 130737K, committed 132736K, reserved 557056K
  class space    used 17793K, committed 18688K, reserved 425984K
}
Event: 85.593 GC heap before
{Heap before GC invocations=75 (full 0):
 garbage-first heap   total 454656K, used 382108K [0x0000000080000000, 0x0000000100000000)
  region size 1024K, 105 young (107520K), 3 survivors (3072K)
 Metaspace       used 143983K, committed 145984K, reserved 557056K
  class space    used 19697K, committed 20608K, reserved 425984K
}
Event: 85.605 GC heap after
{Heap after GC invocations=76 (full 0):
 garbage-first heap   total 454656K, used 290729K [0x0000000080000000, 0x0000000100000000)
  region size 1024K, 14 young (14336K), 14 survivors (14336K)
 Metaspace       used 143983K, committed 145984K, reserved 557056K
  class space    used 19697K, committed 20608K, reserved 425984K
}
Event: 86.207 GC heap before
{Heap before GC invocations=76 (full 0):
 garbage-first heap   total 454656K, used 339881K [0x0000000080000000, 0x0000000100000000)
  region size 1024K, 64 young (65536K), 14 survivors (14336K)
 Metaspace       used 147542K, committed 149568K, reserved 557056K
  class space    used 20159K, committed 21056K, reserved 425984K
}
Event: 86.228 GC heap after
{Heap after GC invocations=77 (full 0):
 garbage-first heap   total 454656K, used 296889K [0x0000000080000000, 0x0000000100000000)
  region size 1024K, 7 young (7168K), 7 survivors (7168K)
 Metaspace       used 147542K, committed 149568K, reserved 557056K
  class space    used 20159K, committed 21056K, reserved 425984K
}
Event: 87.119 GC heap before
{Heap before GC invocations=78 (full 0):
 garbage-first heap   total 544768K, used 375737K [0x0000000080000000, 0x0000000100000000)
  region size 1024K, 80 young (81920K), 7 survivors (7168K)
 Metaspace       used 150780K, committed 152832K, reserved 622592K
  class space    used 20540K, committed 21504K, reserved 425984K
}
Event: 87.130 GC heap after
{Heap after GC invocations=79 (full 0):
 garbage-first heap   total 544768K, used 300598K [0x0000000080000000, 0x0000000100000000)
  region size 1024K, 8 young (8192K), 8 survivors (8192K)
 Metaspace       used 150780K, committed 152832K, reserved 622592K
  class space    used 20540K, committed 21504K, reserved 425984K
}
Event: 87.479 GC heap before
{Heap before GC invocations=79 (full 0):
 garbage-first heap   total 544768K, used 318006K [0x0000000080000000, 0x0000000100000000)
  region size 1024K, 26 young (26624K), 8 survivors (8192K)
 Metaspace       used 152762K, committed 154816K, reserved 622592K
  class space    used 20693K, committed 21632K, reserved 425984K
}
Event: 87.488 GC heap after
{Heap after GC invocations=80 (full 0):
 garbage-first heap   total 544768K, used 300017K [0x0000000080000000, 0x0000000100000000)
  region size 1024K, 3 young (3072K), 3 survivors (3072K)
 Metaspace       used 152762K, committed 154816K, reserved 622592K
  class space    used 20693K, committed 21632K, reserved 425984K
}

Dll operation events (17 events):
Event: 0.017 Loaded shared library C:\Program Files\Eclipse Adoptium\jdk-17.0.18.8-hotspot\bin\java.dll
Event: 0.038 Loaded shared library C:\Program Files\Eclipse Adoptium\jdk-17.0.18.8-hotspot\bin\jsvml.dll
Event: 0.092 Loaded shared library C:\Program Files\Eclipse Adoptium\jdk-17.0.18.8-hotspot\bin\zip.dll
Event: 0.098 Loaded shared library C:\Program Files\Eclipse Adoptium\jdk-17.0.18.8-hotspot\bin\instrument.dll
Event: 0.102 Loaded shared library C:\Program Files\Eclipse Adoptium\jdk-17.0.18.8-hotspot\bin\net.dll
Event: 0.103 Loaded shared library C:\Program Files\Eclipse Adoptium\jdk-17.0.18.8-hotspot\bin\nio.dll
Event: 0.107 Loaded shared library C:\Program Files\Eclipse Adoptium\jdk-17.0.18.8-hotspot\bin\zip.dll
Event: 0.382 Loaded shared library C:\Program Files\Eclipse Adoptium\jdk-17.0.18.8-hotspot\bin\jimage.dll
Event: 0.477 Loaded shared library C:\Program Files\Eclipse Adoptium\jdk-17.0.18.8-hotspot\bin\verify.dll
Event: 0.650 Loaded shared library C:\Users\HP\.gradle\native\68d5fa5c4cc2d200863cafc0d521ce42e7d3e7ee720ec0a83991735586a16f82\windows-amd64\native-platform.dll
Event: 0.661 Loaded shared library C:\Users\HP\.gradle\native\e376f236ea51e6404a007f0833ffe2c6e607c4080706a723a18a27aeea778392\windows-amd64\native-platform-file-events.dll
Event: 2.715 Loaded shared library C:\Program Files\Eclipse Adoptium\jdk-17.0.18.8-hotspot\bin\management.dll
Event: 2.717 Loaded shared library C:\Program Files\Eclipse Adoptium\jdk-17.0.18.8-hotspot\bin\management_ext.dll
Event: 7.454 Loaded shared library C:\Program Files\Eclipse Adoptium\jdk-17.0.18.8-hotspot\bin\extnet.dll
Event: 12.465 Loaded shared library C:\Program Files\Eclipse Adoptium\jdk-17.0.18.8-hotspot\bin\sunmscapi.dll
Event: 78.989 Loaded shared library C:\Users\HP\AppData\Local\Temp\native-platform14142787852194386964dir\native-platform.dll
Event: 80.092 Loaded shared library C:\Program Files\Eclipse Adoptium\jdk-17.0.18.8-hotspot\bin\rmi.dll

Deoptimization events (20 events):
Event: 87.939 Thread 0x000001613e587830 Uncommon trap: trap_request=0xffffff45 fr.pc=0x0000016107bf7d94 relative=0x0000000000000bb4
Event: 87.939 Thread 0x000001613e587830 Uncommon trap: reason=unstable_if action=reinterpret pc=0x0000016107bf7d94 method=java.lang.String.lastIndexOf(II)I @ 4 c2
Event: 87.939 Thread 0x000001613e587830 DEOPT PACKING pc=0x0000016107bf7d94 sp=0x0000000811ff5740
Event: 87.940 Thread 0x000001613e587830 DEOPT UNPACKING pc=0x00000161075869a3 sp=0x0000000811ff5548 mode 2
Event: 88.404 Thread 0x000001613e587830 Uncommon trap: trap_request=0xffffffde fr.pc=0x0000016107c47630 relative=0x0000000000000090
Event: 88.404 Thread 0x000001613e587830 Uncommon trap: reason=class_check action=maybe_recompile pc=0x0000016107c47630 method=java.lang.Character.codePointAt(Ljava/lang/CharSequence;I)I @ 2 c2
Event: 88.404 Thread 0x000001613e587830 DEOPT PACKING pc=0x0000016107c47630 sp=0x0000000811ffd0d0
Event: 88.404 Thread 0x000001613e587830 DEOPT UNPACKING pc=0x00000161075869a3 sp=0x0000000811ffd068 mode 2
Event: 88.404 Thread 0x000001613e587830 Uncommon trap: trap_request=0xffffffde fr.pc=0x0000016107c47630 relative=0x0000000000000090
Event: 88.404 Thread 0x000001613e587830 Uncommon trap: reason=class_check action=maybe_recompile pc=0x0000016107c47630 method=java.lang.Character.codePointAt(Ljava/lang/CharSequence;I)I @ 2 c2
Event: 88.404 Thread 0x000001613e587830 DEOPT PACKING pc=0x0000016107c47630 sp=0x0000000811ffd0d0
Event: 88.404 Thread 0x000001613e587830 DEOPT UNPACKING pc=0x00000161075869a3 sp=0x0000000811ffd068 mode 2
Event: 88.404 Thread 0x000001613e587830 Uncommon trap: trap_request=0xffffffde fr.pc=0x0000016107c47630 relative=0x0000000000000090
Event: 88.404 Thread 0x000001613e587830 Uncommon trap: reason=class_check action=maybe_recompile pc=0x0000016107c47630 method=java.lang.Character.codePointAt(Ljava/lang/CharSequence;I)I @ 2 c2
Event: 88.404 Thread 0x000001613e587830 DEOPT PACKING pc=0x0000016107c47630 sp=0x0000000811ffd0d0
Event: 88.404 Thread 0x000001613e587830 DEOPT UNPACKING pc=0x00000161075869a3 sp=0x0000000811ffd068 mode 2
Event: 88.404 Thread 0x000001613e587830 Uncommon trap: trap_request=0xffffffde fr.pc=0x0000016107c47630 relative=0x0000000000000090
Event: 88.404 Thread 0x000001613e587830 Uncommon trap: reason=class_check action=maybe_recompile pc=0x0000016107c47630 method=java.lang.Character.codePointAt(Ljava/lang/CharSequence;I)I @ 2 c2
Event: 88.404 Thread 0x000001613e587830 DEOPT PACKING pc=0x0000016107c47630 sp=0x0000000811ffd0d0
Event: 88.404 Thread 0x000001613e587830 DEOPT UNPACKING pc=0x00000161075869a3 sp=0x0000000811ffd068 mode 2

Classes loaded (20 events):
Event: 88.186 Loading class sun/nio/cs/UTF_32BE
Event: 88.186 Loading class sun/nio/cs/UTF_32BE done
Event: 88.186 Loading class sun/nio/cs/UTF_32LE
Event: 88.186 Loading class sun/nio/cs/UTF_32LE done
Event: 88.187 Loading class sun/nio/cs/MS1251
Event: 88.187 Loading class sun/nio/cs/MS1251 done
Event: 88.199 Loading class sun/nio/cs/ThreadLocalCoders
Event: 88.199 Loading class sun/nio/cs/ThreadLocalCoders done
Event: 88.199 Loading class sun/nio/cs/ThreadLocalCoders$1
Event: 88.200 Loading class sun/nio/cs/ThreadLocalCoders$Cache
Event: 88.200 Loading class sun/nio/cs/ThreadLocalCoders$Cache done
Event: 88.200 Loading class sun/nio/cs/ThreadLocalCoders$1 done
Event: 88.200 Loading class sun/nio/cs/ThreadLocalCoders$2
Event: 88.200 Loading class sun/nio/cs/ThreadLocalCoders$2 done
Event: 88.219 Loading class java/beans/PropertyChangeSupport
Event: 88.219 Loading class java/beans/PropertyChangeSupport done
Event: 88.219 Loading class java/beans/PropertyChangeSupport$PropertyChangeListenerMap
Event: 88.219 Loading class java/beans/ChangeListenerMap
Event: 88.220 Loading class java/beans/ChangeListenerMap done
Event: 88.220 Loading class java/beans/PropertyChangeSupport$PropertyChangeListenerMap done

Classes unloaded (11 events):
Event: 80.617 Thread 0x00000161114c7ae0 Unloading class 0x0000016113fa6800 'java/lang/invoke/LambdaForm$DMH+0x0000016113fa6800'
Event: 80.617 Thread 0x00000161114c7ae0 Unloading class 0x0000016113fa6c00 'java/lang/invoke/LambdaForm$DMH+0x0000016113fa6c00'
Event: 80.617 Thread 0x00000161114c7ae0 Unloading class 0x0000016113fa6000 'java/lang/invoke/LambdaForm$DMH+0x0000016113fa6000'
Event: 80.617 Thread 0x00000161114c7ae0 Unloading class 0x0000016113fa6400 'java/lang/invoke/LambdaForm$DMH+0x0000016113fa6400'
Event: 80.617 Thread 0x00000161114c7ae0 Unloading class 0x0000016113fa5400 'java/lang/invoke/LambdaForm$DMH+0x0000016113fa5400'
Event: 80.617 Thread 0x00000161114c7ae0 Unloading class 0x0000016113fa5800 'java/lang/invoke/LambdaForm$DMH+0x0000016113fa5800'
Event: 80.617 Thread 0x00000161114c7ae0 Unloading class 0x0000016113fa4800 'java/lang/invoke/LambdaForm$DMH+0x0000016113fa4800'
Event: 80.617 Thread 0x00000161114c7ae0 Unloading class 0x0000016113fa4400 'java/lang/invoke/LambdaForm$DMH+0x0000016113fa4400'
Event: 80.617 Thread 0x00000161114c7ae0 Unloading class 0x0000016113fa5000 'java/lang/invoke/LambdaForm$DMH+0x0000016113fa5000'
Event: 80.617 Thread 0x00000161114c7ae0 Unloading class 0x0000016113fa5c00 'java/lang/invoke/LambdaForm$DMH+0x0000016113fa5c00'
Event: 80.617 Thread 0x00000161114c7ae0 Unloading class 0x0000016113fa4c00 'java/lang/invoke/LambdaForm$DMH+0x0000016113fa4c00'

Classes redefined (0 events):
No events

Internal exceptions (20 events):
Event: 85.753 Thread 0x000001613e587830 Exception <a 'sun/nio/fs/WindowsException'{0x000000009a34b0a0}> (0x000000009a34b0a0) 
thrown [s\src\hotspot\share\prims\jni.cpp, line 516]
Event: 85.753 Thread 0x000001613e587830 Exception <a 'sun/nio/fs/WindowsException'{0x000000009a34bed8}> (0x000000009a34bed8) 
thrown [s\src\hotspot\share\prims\jni.cpp, line 516]
Event: 85.753 Thread 0x000001613e587830 Exception <a 'sun/nio/fs/WindowsException'{0x000000009a34ce48}> (0x000000009a34ce48) 
thrown [s\src\hotspot\share\prims\jni.cpp, line 516]
Event: 85.892 Thread 0x000001613417d380 Exception <a 'sun/nio/fs/WindowsException'{0x0000000099dca108}> (0x0000000099dca108) 
thrown [s\src\hotspot\share\prims\jni.cpp, line 516]
Event: 85.897 Thread 0x000001613417d380 Exception <a 'sun/nio/fs/WindowsException'{0x0000000099ddd690}> (0x0000000099ddd690) 
thrown [s\src\hotspot\share\prims\jni.cpp, line 516]
Event: 85.905 Thread 0x000001613417d380 Exception <a 'sun/nio/fs/WindowsException'{0x0000000099b65730}> (0x0000000099b65730) 
thrown [s\src\hotspot\share\prims\jni.cpp, line 516]
Event: 85.913 Thread 0x000001613417c450 Exception <a 'sun/nio/fs/WindowsException'{0x0000000099a01c30}> (0x0000000099a01c30) 
thrown [s\src\hotspot\share\prims\jni.cpp, line 516]
Event: 85.916 Thread 0x000001613417c450 Exception <a 'sun/nio/fs/WindowsException'{0x0000000099a8f538}> (0x0000000099a8f538) 
thrown [s\src\hotspot\share\prims\jni.cpp, line 516]
Event: 85.921 Thread 0x000001613417c450 Exception <a 'sun/nio/fs/WindowsException'{0x0000000099aa2200}> (0x0000000099aa2200) 
thrown [s\src\hotspot\share\prims\jni.cpp, line 516]
Event: 86.140 Thread 0x000001613417b010 Exception <a 'java/lang/ClassNotFoundException'{0x0000000098e56760}: groovy/util/FileTreeBuilderBeanInfo> (0x0000000098e56760) 
thrown [s\src\hotspot\share\classfile\systemDictionary.cpp, line 256]
Event: 86.143 Thread 0x000001613417b010 Exception <a 'java/lang/ClassNotFoundException'{0x0000000098eb7828}: groovy/util/FileTreeBuilderCustomizer> (0x0000000098eb7828) 
thrown [s\src\hotspot\share\classfile\systemDictionary.cpp, line 256]
Event: 86.153 Thread 0x000001613417b010 Exception <a 'java/lang/ClassNotFoundException'{0x0000000098d33678}: java/io/BufferedWriterBeanInfo> (0x0000000098d33678) 
thrown [s\src\hotspot\share\classfile\systemDictionary.cpp, line 256]
Event: 86.153 Thread 0x000001613417b010 Exception <a 'java/lang/ClassNotFoundException'{0x0000000098d38ad0}: java/io/WriterBeanInfo> (0x0000000098d38ad0) 
thrown [s\src\hotspot\share\classfile\systemDictionary.cpp, line 256]
Event: 86.154 Thread 0x000001613417b010 Exception <a 'java/lang/ClassNotFoundException'{0x0000000098d3e210}: java/io/WriterCustomizer> (0x0000000098d3e210) 
thrown [s\src\hotspot\share\classfile\systemDictionary.cpp, line 256]
Event: 86.154 Thread 0x000001613417b010 Exception <a 'java/lang/ClassNotFoundException'{0x0000000098d4c770}: java/io/BufferedWriterCustomizer> (0x0000000098d4c770) 
thrown [s\src\hotspot\share\classfile\systemDictionary.cpp, line 256]
Event: 86.849 Thread 0x000001613e587830 Implicit null exception at 0x0000016107dd02b3 to 0x0000016107dd03f4
Event: 87.039 Thread 0x000001613417b010 Exception <a 'java/lang/NoSuchMethodError'{0x000000009e73f3f8}: static Lcom/android/build/gradle/internal/tasks/AarMetadataArtifact;.<clinit>()V> (0x000000009e73f3f8) 
thrown [s\src\hotspot\share\prims\jni.cpp, line 1112]
Event: 87.080 Thread 0x000001613e58d860 Exception <a 'java/lang/NoSuchMethodError'{0x000000009e48baa0}: 'java.lang.Object java.lang.invoke.DirectMethodHandle$Holder.invokeSpecial(java.lang.Object, java.lang.Object, long, java.lang.Object, java.lang.Object, java.lang.Object, java.lang.Object, java.lang.Object, java.lang.Object, java.lang.Object, java.lang.Object, java.lang.Object)'> (0x000000009e48baa0) 
thrown [s\src\hotspot\share\interpreter\linkResolver.cpp, line 759]
Event: 87.081 Thread 0x000001613e58d860 Exception <a 'java/lang/NoSuchMethodError'{0x000000009e4afb38}: 'java.lang.Object java.lang.invoke.DelegatingMethodHandle$Holder.reinvoke_L(java.lang.Object, long, java.lang.Object, java.lang.Object, java.lang.Object, java.lang.Object, java.lang.Object, java.lang.Object, java.lang.Object, java.lang.Object, java.lang.Object)'> (0x000000009e4afb38) 
thrown [s\src\hotspot\share\interpreter\linkResolver.cpp, line 759]
Event: 88.543 Thread 0x000001613e587830 Exception <a 'java/lang/NoSuchMethodError'{0x000000009f6a67d8}: 'java.lang.Object java.lang.invoke.Invokers$Holder.invokeExact_MT(java.lang.Object, java.lang.Object, long, java.lang.Object)'> (0x000000009f6a67d8) 
thrown [s\src\hotspot\share\interpreter\linkResolver.cpp, line 759]

VM Operations (20 events):
Event: 86.592 Executing VM operation: G1PauseCleanup
Event: 86.593 Executing VM operation: G1PauseCleanup done
Event: 87.119 Executing VM operation: G1CollectForAllocation
Event: 87.130 Executing VM operation: G1CollectForAllocation done
Event: 87.479 Executing VM operation: G1CollectForAllocation
Event: 87.488 Executing VM operation: G1CollectForAllocation done
Event: 88.395 Executing VM operation: HandshakeAllThreads
Event: 88.395 Executing VM operation: HandshakeAllThreads done
Event: 88.621 Executing VM operation: HandshakeAllThreads
Event: 88.621 Executing VM operation: HandshakeAllThreads done
Event: 88.621 Executing VM operation: Cleanup
Event: 88.621 Executing VM operation: Cleanup done
Event: 88.621 Executing VM operation: HandshakeAllThreads
Event: 88.621 Executing VM operation: HandshakeAllThreads done
Event: 88.722 Executing VM operation: HandshakeAllThreads
Event: 88.722 Executing VM operation: HandshakeAllThreads done
Event: 88.871 Executing VM operation: HandshakeAllThreads
Event: 88.872 Executing VM operation: HandshakeAllThreads done
Event: 89.872 Executing VM operation: Cleanup
Event: 89.872 Executing VM operation: Cleanup done

Memory protections (0 events):
No events

Nmethod flushes (20 events):
Event: 88.652 Thread 0x00000161114fc130 flushing  nmethod 0x0000016101cfed90
Event: 88.653 Thread 0x00000161114fc130 flushing  nmethod 0x0000016101d92810
Event: 88.657 Thread 0x00000161114fc130 flushing  nmethod 0x000001610214a490
Event: 88.657 Thread 0x00000161114fc130 flushing  nmethod 0x0000016102158610
Event: 88.658 Thread 0x00000161114fc130 flushing  nmethod 0x00000161021bbc90
Event: 88.658 Thread 0x00000161114fc130 flushing  nmethod 0x00000161021c0410
Event: 88.658 Thread 0x00000161114fc130 flushing  nmethod 0x00000161021c0d90
Event: 88.658 Thread 0x00000161114fc130 flushing  nmethod 0x00000161021c1310
Event: 88.658 Thread 0x00000161114fc130 flushing  nmethod 0x00000161021c1910
Event: 88.658 Thread 0x00000161114fc130 flushing  nmethod 0x00000161021c2710
Event: 88.658 Thread 0x00000161114fc130 flushing  nmethod 0x00000161021c2d90
Event: 88.658 Thread 0x00000161114fc130 flushing  nmethod 0x00000161021c3810
Event: 88.658 Thread 0x00000161114fc130 flushing  nmethod 0x00000161021c4d90
Event: 88.658 Thread 0x00000161114fc130 flushing  nmethod 0x00000161021c5110
Event: 88.658 Thread 0x00000161114fc130 flushing  nmethod 0x00000161021c5890
Event: 88.658 Thread 0x00000161114fc130 flushing  nmethod 0x00000161021c6e90
Event: 88.658 Thread 0x00000161114fc130 flushing  nmethod 0x00000161021c7a10
Event: 88.658 Thread 0x00000161114fc130 flushing  nmethod 0x00000161021ce810
Event: 88.658 Thread 0x00000161114fc130 flushing  nmethod 0x00000161021d1b90
Event: 88.658 Thread 0x00000161114fc130 flushing  nmethod 0x00000161021d3410

Events (20 events):
Event: 82.251 Thread 0x0000016134176e40 Thread added: 0x000001613e5863f0
Event: 82.285 Thread 0x000001613e5863f0 Thread added: 0x000001613e582c40
Event: 82.307 Thread 0x000001613e581d10 Thread added: 0x000001613e586e10
Event: 83.186 Thread 0x000001613417c960 Thread added: 0x000001613e587830
Event: 83.242 Thread 0x000001613417d380 Thread added: 0x000001613e588c70
Event: 83.759 Thread 0x000001613e435a80 Thread exited: 0x000001613e435a80
Event: 83.790 Thread 0x00000161114f9810 Thread added: 0x00000161405012a0
Event: 85.543 Thread 0x000001613417d380 Thread added: 0x000001613e586900
Event: 85.543 Thread 0x000001613417d380 Thread added: 0x000001613e58a5c0
Event: 85.543 Thread 0x000001613417d380 Thread added: 0x000001613e58b4f0
Event: 85.544 Thread 0x000001613417d380 Thread added: 0x000001613e588250
Event: 85.544 Thread 0x000001613417d380 Thread added: 0x000001613e58afe0
Event: 85.544 Thread 0x000001613417d380 Thread added: 0x000001613e58aad0
Event: 85.544 Thread 0x000001613417d380 Thread added: 0x000001613e58e790
Event: 85.545 Thread 0x000001613417d380 Thread added: 0x000001613e58c420
Event: 85.545 Thread 0x000001613417d380 Thread added: 0x000001613e58c930
Event: 85.545 Thread 0x000001613417d380 Thread added: 0x000001613e58ce40
Event: 85.545 Thread 0x000001613417d380 Thread added: 0x000001613e58dd70
Event: 87.043 Thread 0x000001613417b010 Thread added: 0x000001613e58d860
Event: 87.814 Thread 0x00000161405012a0 Thread exited: 0x00000161405012a0


Dynamic libraries:
0x00007ff7e2eb0000 - 0x00007ff7e2ebe000 	C:\Program Files\Eclipse Adoptium\jdk-17.0.18.8-hotspot\bin\java.exe
0x00007ffdfc6a0000 - 0x00007ffdfc907000 	C:\WINDOWS\SYSTEM32\ntdll.dll
0x00007ffdfb1e0000 - 0x00007ffdfb2a9000 	C:\WINDOWS\System32\KERNEL32.DLL
0x00007ffdf9d60000 - 0x00007ffdfa157000 	C:\WINDOWS\System32\KERNELBASE.dll
0x00007ffdf9c10000 - 0x00007ffdf9d5b000 	C:\WINDOWS\System32\ucrtbase.dll
0x00007ffdf0740000 - 0x00007ffdf0758000 	C:\Program Files\Eclipse Adoptium\jdk-17.0.18.8-hotspot\bin\jli.dll
0x00007ffdfae90000 - 0x00007ffdfb056000 	C:\WINDOWS\System32\USER32.dll
0x00007ffdf9a00000 - 0x00007ffdf9a27000 	C:\WINDOWS\System32\win32u.dll
0x00007ffdfa430000 - 0x00007ffdfa45b000 	C:\WINDOWS\System32\GDI32.dll
0x00007ffdf9ae0000 - 0x00007ffdf9c0c000 	C:\WINDOWS\System32\gdi32full.dll
0x00007ffdfa370000 - 0x00007ffdfa413000 	C:\WINDOWS\System32\msvcp_win.dll
0x00007ffdf0720000 - 0x00007ffdf073e000 	C:\Program Files\Eclipse Adoptium\jdk-17.0.18.8-hotspot\bin\VCRUNTIME140.dll
0x00007ffdd27f0000 - 0x00007ffdd2a82000 	C:\WINDOWS\WinSxS\amd64_microsoft.windows.common-controls_6595b64144ccf1df_6.0.26100.8457_none_3e0b2faee331e92d\COMCTL32.dll
0x00007ffdfbcc0000 - 0x00007ffdfbd69000 	C:\WINDOWS\System32\msvcrt.dll
0x00007ffdfbdc0000 - 0x00007ffdfbdf2000 	C:\WINDOWS\System32\IMM32.DLL
0x00007ffdc01e0000 - 0x00007ffdc01ec000 	C:\Program Files\Eclipse Adoptium\jdk-17.0.18.8-hotspot\bin\vcruntime140_1.dll
0x00007ffd7e0f0000 - 0x00007ffd7e17d000 	C:\Program Files\Eclipse Adoptium\jdk-17.0.18.8-hotspot\bin\msvcp140.dll
0x00007ffd7c9b0000 - 0x00007ffd7d61b000 	C:\Program Files\Eclipse Adoptium\jdk-17.0.18.8-hotspot\bin\server\jvm.dll
0x00007ffdfbc00000 - 0x00007ffdfbcb6000 	C:\WINDOWS\System32\ADVAPI32.dll
0x00007ffdfbb50000 - 0x00007ffdfbbf7000 	C:\WINDOWS\System32\sechost.dll
0x00007ffdfba30000 - 0x00007ffdfbb48000 	C:\WINDOWS\System32\RPCRT4.dll
0x00007ffdfacf0000 - 0x00007ffdfad70000 	C:\WINDOWS\System32\WS2_32.dll
0x00007ffdf8f30000 - 0x00007ffdf8f8e000 	C:\WINDOWS\SYSTEM32\POWRPROF.dll
0x00007ffdf6260000 - 0x00007ffdf6296000 	C:\WINDOWS\SYSTEM32\WINMM.dll
0x00007ffde4a10000 - 0x00007ffde4a1b000 	C:\WINDOWS\SYSTEM32\VERSION.dll
0x00007ffdf8f10000 - 0x00007ffdf8f24000 	C:\WINDOWS\SYSTEM32\UMPDC.dll
0x00007ffdf7dc0000 - 0x00007ffdf7ddb000 	C:\WINDOWS\SYSTEM32\kernel.appcore.dll
0x00007ffdc0100000 - 0x00007ffdc010a000 	C:\Program Files\Eclipse Adoptium\jdk-17.0.18.8-hotspot\bin\jimage.dll
0x00007ffdf6f00000 - 0x00007ffdf7142000 	C:\WINDOWS\SYSTEM32\DBGHELP.DLL
0x00007ffdfa880000 - 0x00007ffdfac03000 	C:\WINDOWS\System32\combase.dll
0x00007ffdfac10000 - 0x00007ffdface9000 	C:\WINDOWS\System32\OLEAUT32.dll
0x00007ffdf0860000 - 0x00007ffdf089b000 	C:\WINDOWS\SYSTEM32\dbgcore.DLL
0x00007ffdf9a30000 - 0x00007ffdf9ad8000 	C:\WINDOWS\System32\bcryptPrimitives.dll
0x00007ffde6190000 - 0x00007ffde619e000 	C:\Program Files\Eclipse Adoptium\jdk-17.0.18.8-hotspot\bin\instrument.dll
0x00007ffd7c980000 - 0x00007ffd7c9a5000 	C:\Program Files\Eclipse Adoptium\jdk-17.0.18.8-hotspot\bin\java.dll
0x00007ffd7c8a0000 - 0x00007ffd7c977000 	C:\Program Files\Eclipse Adoptium\jdk-17.0.18.8-hotspot\bin\jsvml.dll
0x00007ffdfb2b0000 - 0x00007ffdfba1e000 	C:\WINDOWS\System32\SHELL32.dll
0x00007ffdf90d0000 - 0x00007ffdf993c000 	C:\WINDOWS\System32\windows.storage.dll
0x00007ffdfbe40000 - 0x00007ffdfbf36000 	C:\WINDOWS\System32\SHCORE.dll
0x00007ffdfb0e0000 - 0x00007ffdfb146000 	C:\WINDOWS\System32\shlwapi.dll
0x00007ffdf8ff0000 - 0x00007ffdf9019000 	C:\WINDOWS\SYSTEM32\profapi.dll
0x00007ffd7c840000 - 0x00007ffd7c858000 	C:\Program Files\Eclipse Adoptium\jdk-17.0.18.8-hotspot\bin\zip.dll
0x00007ffd7c880000 - 0x00007ffd7c89a000 	C:\Program Files\Eclipse Adoptium\jdk-17.0.18.8-hotspot\bin\net.dll
0x00007ffdede50000 - 0x00007ffdedf79000 	C:\WINDOWS\SYSTEM32\WINHTTP.dll
0x00007ffdf83d0000 - 0x00007ffdf843c000 	C:\WINDOWS\system32\mswsock.dll
0x00007ffd7c860000 - 0x00007ffd7c876000 	C:\Program Files\Eclipse Adoptium\jdk-17.0.18.8-hotspot\bin\nio.dll
0x00007ffdbfea0000 - 0x00007ffdbfeb0000 	C:\Program Files\Eclipse Adoptium\jdk-17.0.18.8-hotspot\bin\verify.dll
0x00007ffde7d80000 - 0x00007ffde7da7000 	C:\Users\HP\.gradle\native\68d5fa5c4cc2d200863cafc0d521ce42e7d3e7ee720ec0a83991735586a16f82\windows-amd64\native-platform.dll
0x00007ffd81490000 - 0x00007ffd815d4000 	C:\Users\HP\.gradle\native\e376f236ea51e6404a007f0833ffe2c6e607c4080706a723a18a27aeea778392\windows-amd64\native-platform-file-events.dll
0x00007ffde7a90000 - 0x00007ffde7a9a000 	C:\Program Files\Eclipse Adoptium\jdk-17.0.18.8-hotspot\bin\management.dll
0x00007ffde61c0000 - 0x00007ffde61cc000 	C:\Program Files\Eclipse Adoptium\jdk-17.0.18.8-hotspot\bin\management_ext.dll
0x00007ffdfa420000 - 0x00007ffdfa428000 	C:\WINDOWS\System32\PSAPI.DLL
0x00007ffdf86b0000 - 0x00007ffdf86cb000 	C:\WINDOWS\SYSTEM32\CRYPTSP.dll
0x00007ffdf7de0000 - 0x00007ffdf7e19000 	C:\WINDOWS\system32\rsaenh.dll
0x00007ffdf8480000 - 0x00007ffdf84b3000 	C:\WINDOWS\SYSTEM32\USERENV.dll
0x00007ffdf8fc0000 - 0x00007ffdf8fea000 	C:\WINDOWS\SYSTEM32\bcrypt.dll
0x00007ffdf86d0000 - 0x00007ffdf86dc000 	C:\WINDOWS\SYSTEM32\CRYPTBASE.dll
0x00007ffdf78a0000 - 0x00007ffdf78d2000 	C:\WINDOWS\SYSTEM32\IPHLPAPI.DLL
0x00007ffdfc570000 - 0x00007ffdfc57a000 	C:\WINDOWS\System32\NSI.dll
0x00007ffdee0a0000 - 0x00007ffdee0bd000 	C:\WINDOWS\SYSTEM32\dhcpcsvc6.DLL
0x00007ffdee000000 - 0x00007ffdee025000 	C:\WINDOWS\SYSTEM32\dhcpcsvc.DLL
0x00007ffdf7940000 - 0x00007ffdf7a72000 	C:\WINDOWS\SYSTEM32\DNSAPI.dll
0x00007ffdccfc0000 - 0x00007ffdccfc9000 	C:\Program Files\Eclipse Adoptium\jdk-17.0.18.8-hotspot\bin\extnet.dll
0x00007ffdccfd0000 - 0x00007ffdccfde000 	C:\Program Files\Eclipse Adoptium\jdk-17.0.18.8-hotspot\bin\sunmscapi.dll
0x00007ffdfa1f0000 - 0x00007ffdfa368000 	C:\WINDOWS\System32\CRYPT32.dll
0x00007ffdf88d0000 - 0x00007ffdf8900000 	C:\WINDOWS\SYSTEM32\ncrypt.dll
0x00007ffdf8880000 - 0x00007ffdf88bf000 	C:\WINDOWS\SYSTEM32\NTASN1.dll
0x00007ffdbfeb0000 - 0x00007ffdbfeb8000 	C:\WINDOWS\system32\wshunix.dll
0x00007ffde60e0000 - 0x00007ffde60f8000 	C:\WINDOWS\system32\napinsp.dll
0x00007ffde5e30000 - 0x00007ffde5e43000 	C:\WINDOWS\System32\winrnr.dll
0x00007ffd5b100000 - 0x00007ffd5b122000 	C:\WINDOWS\system32\nlansp_c.dll
0x00007ffdcf430000 - 0x00007ffdcf446000 	C:\WINDOWS\system32\wshbth.dll
0x00007ffdedda0000 - 0x00007ffdeddab000 	C:\Windows\System32\rasadhlp.dll
0x00007ffdef9d0000 - 0x00007ffdefa56000 	C:\WINDOWS\System32\fwpuclnt.dll
0x00007ffdbf3c0000 - 0x00007ffdbf3de000 	C:\Users\HP\AppData\Local\Temp\native-platform14142787852194386964dir\native-platform.dll
0x00007ffde5df0000 - 0x00007ffde5df7000 	C:\Program Files\Eclipse Adoptium\jdk-17.0.18.8-hotspot\bin\rmi.dll

dbghelp: loaded successfully - version: 4.0.5 - missing functions: none
symbol engine: initialized successfully - sym options: 0x614 - pdb path: .;C:\Program Files\Eclipse Adoptium\jdk-17.0.18.8-hotspot\bin;C:\WINDOWS\SYSTEM32;C:\WINDOWS\WinSxS\amd64_microsoft.windows.common-controls_6595b64144ccf1df_6.0.26100.8457_none_3e0b2faee331e92d;C:\Program Files\Eclipse Adoptium\jdk-17.0.18.8-hotspot\bin\server;C:\Users\HP\.gradle\native\68d5fa5c4cc2d200863cafc0d521ce42e7d3e7ee720ec0a83991735586a16f82\windows-amd64;C:\Users\HP\.gradle\native\e376f236ea51e6404a007f0833ffe2c6e607c4080706a723a18a27aeea778392\windows-amd64;C:\Users\HP\AppData\Local\Temp\native-platform14142787852194386964dir

VM Arguments:
jvm_args: -XX:MaxMetaspaceSize=512m --add-opens=java.base/java.util=ALL-UNNAMED --add-opens=java.base/java.lang=ALL-UNNAMED --add-opens=java.base/java.lang.invoke=ALL-UNNAMED --add-opens=java.prefs/java.util.prefs=ALL-UNNAMED --add-opens=java.base/java.nio.charset=ALL-UNNAMED --add-opens=java.base/java.net=ALL-UNNAMED --add-opens=java.base/java.util.concurrent.atomic=ALL-UNNAMED -Xmx2048m -Dfile.encoding=windows-1252 -Duser.country=ID -Duser.language=en -Duser.variant -javaagent:C:\Users\HP\.gradle\wrapper\dists\gradle-8.3-all\6en3ugtfdg5xnpx44z4qbwgas\gradle-8.3\lib\agents\gradle-instrumentation-agent-8.3.jar 
java_command: org.gradle.launcher.daemon.bootstrap.GradleDaemon 8.3
java_class_path (initial): C:\Users\HP\.gradle\wrapper\dists\gradle-8.3-all\6en3ugtfdg5xnpx44z4qbwgas\gradle-8.3\lib\gradle-launcher-8.3.jar
Launcher Type: SUN_STANDARD

[Global flags]
     intx CICompilerCount                          = 4                                         {product} {ergonomic}
   size_t CompressedClassSpaceSize                 = 436207616                                 {product} {ergonomic}
     uint ConcGCThreads                            = 3                                         {product} {ergonomic}
     uint G1ConcRefinementThreads                  = 10                                        {product} {ergonomic}
   size_t G1HeapRegionSize                         = 1048576                                   {product} {ergonomic}
    uintx GCDrainStackTargetSize                   = 64                                        {product} {ergonomic}
   size_t InitialHeapSize                          = 130023424                                 {product} {ergonomic}
   size_t MarkStackSize                            = 4194304                                   {product} {ergonomic}
   size_t MaxHeapSize                              = 2147483648                                {product} {command line}
   size_t MaxMetaspaceSize                         = 536870912                                 {product} {command line}
   size_t MaxNewSize                               = 1287651328                                {product} {ergonomic}
   size_t MinHeapDeltaBytes                        = 1048576                                   {product} {ergonomic}
   size_t MinHeapSize                              = 8388608                                   {product} {ergonomic}
    uintx NonNMethodCodeHeapSize                   = 5839372                                {pd product} {ergonomic}
    uintx NonProfiledCodeHeapSize                  = 122909434                              {pd product} {ergonomic}
    uintx ProfiledCodeHeapSize                     = 122909434                              {pd product} {ergonomic}
    uintx ReservedCodeCacheSize                    = 251658240                              {pd product} {ergonomic}
     bool SegmentedCodeCache                       = true                                      {product} {ergonomic}
   size_t SoftMaxHeapSize                          = 2147483648                             {manageable} {ergonomic}
     bool UseCompressedClassPointers               = true                           {product lp64_product} {ergonomic}
     bool UseCompressedOops                        = true                           {product lp64_product} {ergonomic}
     bool UseG1GC                                  = true                                      {product} {ergonomic}
     bool UseLargePagesIndividualAllocation        = false                                  {pd product} {ergonomic}

Logging:
Log output configuration:
 #0: stdout all=warning uptime,level,tags
 #1: stderr all=off uptime,level,tags

Environment Variables:
JAVA_HOME=C:\Program Files\Eclipse Adoptium\jdk-17.0.18.8-hotspot\
CLASSPATH=D:\my project\packing_frontend\android\\gradle\wrapper\gradle-wrapper.jar
PATH=C:\Program Files\PowerShell\7;c:\Users\HP\AppData\Roaming\Code\User\globalStorage\github.copilot-chat\debugCommand;c:\Users\HP\AppData\Roaming\Code\User\globalStorage\github.copilot-chat\copilotCli;D:\Borland\Delphi7\Bin;D:\Borland\Delphi7\Projects\Bpl\;C:\Program Files\Eclipse Adoptium\jdk-17.0.18.8-hotspot\bin;C:\windows\system32;C:\windows;C:\windows\System32\Wbem;C:\windows\System32\WindowsPowerShell\v1.0\;C:\windows\System32\OpenSSH\;C:\Program Files\dotnet\;C:\Program Files\nodejs\;C:\Program Files\Git\cmd;C:\WINDOWS\system32;C:\WINDOWS;C:\WINDOWS\System32\Wbem;C:\WINDOWS\System32\WindowsPowerShell\v1.0\;C:\WINDOWS\System32\OpenSSH\;C:\Program Files\PowerShell\7\;C:\Program Files\WireGuard\;C:\Users\HP\AppData\Local\Microsoft\WindowsApps;C:\Users\HP\.dotnet\tools;C:\Users\HP\AppData\Roaming\npm;C:\Users\HP\AppData\Local\Programs\Microsoft VS Code\bin;C:\Users\HP\AppData\Local\PowerToys\DSCModules\;C:\Users\HP\AppData\Local\Android\Sdk\platform-tools;C:\Users\HP\AppData\Local\Android\Sdk\emulator;C:\Program Files (x86)\Developer Express Inc\Library\Delphi7;C:\development\flutter;
USERNAME=HP
LANG=en_US.UTF-8
OS=Windows_NT
PROCESSOR_IDENTIFIER=Intel64 Family 6 Model 186 Stepping 3, GenuineIntel
TMP=C:\Users\HP\AppData\Local\Temp
TEMP=C:\Users\HP\AppData\Local\Temp



Periodic native trim disabled


---------------  S Y S T E M  ---------------

OS:
 Windows 11 , 64 bit Build 26100 (10.0.26100.8328)
OS uptime: 0 days 9:35 hours
Hyper-V role detected

CPU: total 12 (initial active 12) (6 cores per cpu, 2 threads per core) family 6 model 186 stepping 3 microcode 0x4128, cx8, cmov, fxsr, ht, mmx, 3dnowpref, sse, sse2, sse3, ssse3, sse4.1, sse4.2, popcnt, lzcnt, tsc, tscinvbit, avx, avx2, aes, erms, clmul, bmi1, bmi2, adx, sha, fma, vzeroupper, clflush, clflushopt, clwb, hv
Processor Information for all 12 processors :
  Max Mhz: 1400, Current Mhz: 1400, Mhz Limit: 1400

Memory: 4k page, system-wide physical 7903M (536M free)
TotalPageFile size 24287M (AvailPageFile size 30M)
current process WorkingSet (physical memory assigned to process): 672M, peak: 831M
current process commit charge ("private bytes"): 1026M, peak: 1028M

vm_info: OpenJDK 64-Bit Server VM (17.0.18+8) for windows-amd64 JRE (17.0.18+8), built on Jan 20 2026 22:28:22 by "admin" with MS VC++ 17.12 (VS2022)

END.
