#
# There is insufficient memory for the Java Runtime Environment to continue.
# Native memory allocation (malloc) failed to allocate 1096672 bytes. Error detail: Chunk::new
# Possible reasons:
#   The system is out of physical RAM or swap space
#   This process is running with CompressedOops enabled, and the Java Heap may be blocking the growth of the native heap
# Possible solutions:
#   Reduce memory load on the system
#   Increase physical memory or swap space
#   Check if swap backing store is full
#   Decrease Java heap size (-Xmx/-Xms)
#   Decrease number of Java threads
#   Decrease Java thread stack sizes (-Xss)
#   Set larger code cache with -XX:ReservedCodeCacheSize=
#   JVM is running with Unscaled Compressed Oops mode in which the Java heap is
#     placed in the first 4GB address space. The Java Heap base address is the
#     maximum limit for the native heap growth. Please use -XX:HeapBaseMinAddress
#     to set the Java Heap base and to place the Java Heap above 4GB virtual address.
# This output file may be truncated or incomplete.
#
#  Out of Memory Error (arena.cpp:191), pid=21664, tid=22480
#
# JRE version: OpenJDK Runtime Environment Temurin-17.0.18+8 (17.0.18+8) (build 17.0.18+8)
# Java VM: OpenJDK 64-Bit Server VM Temurin-17.0.18+8 (17.0.18+8, mixed mode, sharing, tiered, compressed oops, compressed class ptrs, g1 gc, windows-amd64)
# No core dump will be written. Minidumps are not enabled by default on client versions of Windows
#

---------------  S U M M A R Y ------------

Command Line: -XX:MaxMetaspaceSize=512m --add-opens=java.base/java.util=ALL-UNNAMED --add-opens=java.base/java.lang=ALL-UNNAMED --add-opens=java.base/java.lang.invoke=ALL-UNNAMED --add-opens=java.prefs/java.util.prefs=ALL-UNNAMED --add-opens=java.base/java.nio.charset=ALL-UNNAMED --add-opens=java.base/java.net=ALL-UNNAMED --add-opens=java.base/java.util.concurrent.atomic=ALL-UNNAMED -Xmx2048m -Dfile.encoding=windows-1252 -Duser.country=ID -Duser.language=en -Duser.variant -javaagent:C:\Users\HP\.gradle\wrapper\dists\gradle-8.3-all\6en3ugtfdg5xnpx44z4qbwgas\gradle-8.3\lib\agents\gradle-instrumentation-agent-8.3.jar org.gradle.launcher.daemon.bootstrap.GradleDaemon 8.3

Host: Intel(R) Core(TM) 5 120U, 12 cores, 7G,  Windows 11 , 64 bit Build 26100 (10.0.26100.8737)
Time: Thu Jun 25 13:37:15 2026 SE Asia Standard Time elapsed time: 60.026193 seconds (0d 0h 1m 0s)

---------------  T H R E A D  ---------------

Current thread (0x0000013a3dce4930):  JavaThread "C2 CompilerThread0" daemon [_thread_in_native, id=22480, stack(0x0000001421900000,0x0000001421a00000)]


Current CompileTask:
C2:60026 15879   !   4       org.gradle.internal.classloader.VisitableURLClassLoader$InstrumentingVisitableURLClassLoader::findClass (36 bytes)

Stack: [0x0000001421900000,0x0000001421a00000]
Native frames: (J=compiled Java code, j=interpreted, Vv=VM code, C=native code)
V  [jvm.dll+0x6846f9]
V  [jvm.dll+0x839ea5]
V  [jvm.dll+0x83b91e]
V  [jvm.dll+0x83bfa3]
V  [jvm.dll+0x248eff]
V  [jvm.dll+0xad496]
V  [jvm.dll+0xadb3c]
V  [jvm.dll+0x368c1e]
V  [jvm.dll+0x333055]
V  [jvm.dll+0x3324ba]
V  [jvm.dll+0x219db9]
V  [jvm.dll+0x219200]
V  [jvm.dll+0x1a4920]
V  [jvm.dll+0x22989a]
V  [jvm.dll+0x227a4b]
V  [jvm.dll+0x7f0658]
V  [jvm.dll+0x7eaaec]
V  [jvm.dll+0x6835c7]
C  [ucrtbase.dll+0x2cd30]
C  [KERNEL32.DLL+0x2e957]
C  [ntdll.dll+0xaad6c]


---------------  P R O C E S S  ---------------

Threads class SMR info:
_java_thread_list=0x0000013a621a58d0, length=195, elements={
0x0000013a1d05f630, 0x0000013a3dcc4a90, 0x0000013a3dcc9480, 0x0000013a3dce22c0,
0x0000013a3dce2b90, 0x0000013a3dce3460, 0x0000013a3dce3d30, 0x0000013a3dce4930,
0x0000013a3dce7df0, 0x0000013a3dd0bc70, 0x0000013a5d11a940, 0x0000013a5d261b20,
0x0000013a5f33bb30, 0x0000013a5f40e870, 0x0000013a5f0d7580, 0x0000013a5dcd8030,
0x0000013a5dcd8510, 0x0000013a5f52f310, 0x0000013a5f5325b0, 0x0000013a5f5320a0,
0x0000013a5f531680, 0x0000013a5f52ee00, 0x0000013a5f52f820, 0x0000013a5f52fd30,
0x0000013a5f530c60, 0x0000013a5f530750, 0x0000013a5f531170, 0x0000013a5f531b90,
0x0000013a5efc5670, 0x0000013a5efc5160, 0x0000013a5efc74d0, 0x0000013a5efc4740,
0x0000013a5efc65a0, 0x0000013a5efc6090, 0x0000013a5efc6ab0, 0x0000013a5efc3d20,
0x0000013a5efc79e0, 0x0000013a5efc7ef0, 0x0000013a5efc8400, 0x0000013a5efc4c50,
0x0000013a5efca770, 0x0000013a5efc9330, 0x0000013a5efc8910, 0x0000013a5efc9840,
0x0000013a5efc8e20, 0x0000013a5efc9d50, 0x0000013a5efca260, 0x0000013a5efcac80,
0x0000013a5efcb190, 0x0000013a617113b0, 0x0000013a61710ea0, 0x0000013a61714650,
0x0000013a617122e0, 0x0000013a61715070, 0x0000013a617127f0, 0x0000013a61714b60,
0x0000013a61712d00, 0x0000013a61714140, 0x0000013a617118c0, 0x0000013a61715580,
0x0000013a61713210, 0x0000013a61713720, 0x0000013a617164b0, 0x0000013a61715fa0,
0x0000013a61715a90, 0x0000013a61716ed0, 0x0000013a617169c0, 0x0000013a617173e0,
0x0000013a61713c30, 0x0000013a617178f0, 0x0000013a61718310, 0x0000013a61717e00,
0x0000013a61718820, 0x0000013a5e0b6750, 0x0000013a5e0b7680, 0x0000013a5e0b6240,
0x0000013a5e0b3ed0, 0x0000013a5e0b7b90, 0x0000013a5e0b48f0, 0x0000013a5e0b6c60,
0x0000013a5e0b7170, 0x0000013a5e0b5310, 0x0000013a5e0b5d30, 0x0000013a5e0b4e00,
0x0000013a5e0b43e0, 0x0000013a5e0b80a0, 0x0000013a5e0b85b0, 0x0000013a5e0b8fd0,
0x0000013a5e0b5820, 0x0000013a5e0b99f0, 0x0000013a5e0b94e0, 0x0000013a5e0ba410,
0x0000013a5e0b9f00, 0x0000013a5e0ba920, 0x0000013a5e0bae30, 0x0000013a5e0bb340,
0x0000013a5e0bb850, 0x0000013a5d573410, 0x0000013a5d573920, 0x0000013a5d572f00,
0x0000013a5d570170, 0x0000013a5d571fd0, 0x0000013a5d5710a0, 0x0000013a5d5729f0,
0x0000013a5d573e30, 0x0000013a5d570b90, 0x0000013a5d570680, 0x0000013a5d5724e0,
0x0000013a5d574340, 0x0000013a5d574850, 0x0000013a5d574d60, 0x0000013a60ba23b0,
0x0000013a60ba4720, 0x0000013a60ba28c0, 0x0000013a60ba0f70, 0x0000013a60ba3d00,
0x0000013a60ba4c30, 0x0000013a60ba5140, 0x0000013a60ba1990, 0x0000013a60ba5650,
0x0000013a60ba1ea0, 0x0000013a60ba74b0, 0x0000013a60ba5b60, 0x0000013a60ba79c0,
0x0000013a60ba6070, 0x0000013a60ba6580, 0x0000013a60ba6a90, 0x0000013a60ba6fa0,
0x0000013a60ba7ed0, 0x0000013a60ba83e0, 0x0000013a5d575780, 0x0000013a5f530240,
0x0000013a620e2e60, 0x0000013a620df6b0, 0x0000013a620e0af0, 0x0000013a620e1000,
0x0000013a620e2440, 0x0000013a620e3370, 0x0000013a620e1a20, 0x0000013a620e2950,
0x0000013a620e1510, 0x0000013a620dfbc0, 0x0000013a620e3880, 0x0000013a620e00d0,
0x0000013a620e3d90, 0x0000013a620e05e0, 0x0000013a620e6b20, 0x0000013a620e56e0,
0x0000013a620e6610, 0x0000013a620e51d0, 0x0000013a620e6100, 0x0000013a620e42a0,
0x0000013a620e47b0, 0x0000013a620e5bf0, 0x0000013a620e4cc0, 0x0000013a64731a50,
0x0000013a64731030, 0x0000013a64733dc0, 0x0000013a64734cf0, 0x0000013a64735200,
0x0000013a64735710, 0x0000013a647342d0, 0x0000013a64735c20, 0x0000013a64732470,
0x0000013a64736130, 0x0000013a64732980, 0x0000013a64736640, 0x0000013a64737060,
0x0000013a647338b0, 0x0000013a647384a0, 0x0000013a64737570, 0x0000013a64737a80,
0x0000013a64737f90, 0x0000013a647389b0, 0x0000013a620e7030, 0x0000013a62ee7c70,
0x0000013a62ee5900, 0x0000013a62ee8180, 0x0000013a62ee6320, 0x0000013a62ee6d40,
0x0000013a62ee5e10, 0x0000013a62ee6830, 0x0000013a62ee7250, 0x0000013a62ee53f0,
0x0000013a62ee7760, 0x0000013a62ee4ee0, 0x0000013a62ee49d0, 0x0000013a62ee9ad0,
0x0000013a62eea4f0, 0x0000013a62eebe40, 0x0000013a62ee90b0, 0x0000013a62eeaa00,
0x0000013a62eeaf10, 0x0000013a62ee8ba0, 0x0000013a62ee8690
}

Java Threads: ( => current thread )
  0x0000013a1d05f630 JavaThread "main" [_thread_blocked, id=18520, stack(0x0000001420c00000,0x0000001420d00000)]
  0x0000013a3dcc4a90 JavaThread "Reference Handler" daemon [_thread_blocked, id=3284, stack(0x0000001421300000,0x0000001421400000)]
  0x0000013a3dcc9480 JavaThread "Finalizer" daemon [_thread_blocked, id=20008, stack(0x0000001421400000,0x0000001421500000)]
  0x0000013a3dce22c0 JavaThread "Signal Dispatcher" daemon [_thread_blocked, id=24668, stack(0x0000001421500000,0x0000001421600000)]
  0x0000013a3dce2b90 JavaThread "Attach Listener" daemon [_thread_blocked, id=10356, stack(0x0000001421600000,0x0000001421700000)]
  0x0000013a3dce3460 JavaThread "Service Thread" daemon [_thread_blocked, id=22108, stack(0x0000001421700000,0x0000001421800000)]
  0x0000013a3dce3d30 JavaThread "Monitor Deflation Thread" daemon [_thread_blocked, id=23468, stack(0x0000001421800000,0x0000001421900000)]
=>0x0000013a3dce4930 JavaThread "C2 CompilerThread0" daemon [_thread_in_native, id=22480, stack(0x0000001421900000,0x0000001421a00000)]
  0x0000013a3dce7df0 JavaThread "C1 CompilerThread0" daemon [_thread_blocked, id=5756, stack(0x0000001421a00000,0x0000001421b00000)]
  0x0000013a3dd0bc70 JavaThread "Sweeper thread" daemon [_thread_blocked, id=24244, stack(0x0000001421b00000,0x0000001421c00000)]
  0x0000013a5d11a940 JavaThread "Common-Cleaner" daemon [_thread_blocked, id=6180, stack(0x0000001421c00000,0x0000001421d00000)]
  0x0000013a5d261b20 JavaThread "Notification Thread" daemon [_thread_blocked, id=22144, stack(0x0000001421d00000,0x0000001421e00000)]
  0x0000013a5f33bb30 JavaThread "Daemon health stats" [_thread_blocked, id=26064, stack(0x0000001422500000,0x0000001422600000)]
  0x0000013a5f40e870 JavaThread "Incoming local TCP Connector on port 52219" [_thread_in_native, id=7600, stack(0x0000001422600000,0x0000001422700000)]
  0x0000013a5f0d7580 JavaThread "Daemon periodic checks" [_thread_blocked, id=23744, stack(0x0000001422700000,0x0000001422800000)]
  0x0000013a5dcd8030 JavaThread "Daemon" [_thread_blocked, id=26556, stack(0x0000001422800000,0x0000001422900000)]
  0x0000013a5dcd8510 JavaThread "Handler for socket connection from /127.0.0.1:52219 to /127.0.0.1:52220" [_thread_in_native, id=25828, stack(0x0000001422900000,0x0000001422a00000)]
  0x0000013a5f52f310 JavaThread "Cancel handler" [_thread_blocked, id=26060, stack(0x0000001422a00000,0x0000001422b00000)]
  0x0000013a5f5325b0 JavaThread "Daemon worker" [_thread_blocked, id=25608, stack(0x0000001422b00000,0x0000001422c00000)]
  0x0000013a5f5320a0 JavaThread "Asynchronous log dispatcher for DefaultDaemonConnection: socket connection from /127.0.0.1:52219 to /127.0.0.1:52220" [_thread_blocked, id=26040, stack(0x0000001422c00000,0x0000001422d00000)]
  0x0000013a5f531680 JavaThread "Stdin handler" [_thread_blocked, id=26564, stack(0x0000001422d00000,0x0000001422e00000)]
  0x0000013a5f52ee00 JavaThread "Daemon client event forwarder" [_thread_blocked, id=7768, stack(0x0000001422e00000,0x0000001422f00000)]
  0x0000013a5f52f820 JavaThread "Cache worker for journal cache (C:\Users\HP\.gradle\caches\journal-1)" [_thread_blocked, id=26228, stack(0x0000001422f00000,0x0000001423000000)]
  0x0000013a5f52fd30 JavaThread "File lock request listener" [_thread_in_native, id=9352, stack(0x0000001423000000,0x0000001423100000)]
  0x0000013a5f530c60 JavaThread "Cache worker for file hash cache (C:\Users\HP\.gradle\caches\8.3\fileHashes)" [_thread_blocked, id=26076, stack(0x0000001422000000,0x0000001422100000)]
  0x0000013a5f530750 JavaThread "File watcher server" daemon [_thread_in_native, id=24220, stack(0x0000001423600000,0x0000001423700000)]
  0x0000013a5f531170 JavaThread "File watcher consumer" daemon [_thread_blocked, id=3280, stack(0x0000001423700000,0x0000001423800000)]
  0x0000013a5f531b90 JavaThread "Cache worker for checksums cache (D:\my project\packing_frontend\android\.gradle\8.3\checksums)" [_thread_blocked, id=23808, stack(0x0000001421f00000,0x0000001422000000)]
  0x0000013a5efc5670 JavaThread "Cache worker for file hash cache (D:\my project\packing_frontend\android\.gradle\8.3\fileHashes)" [_thread_blocked, id=25488, stack(0x0000001423800000,0x0000001423900000)]
  0x0000013a5efc5160 JavaThread "Cache worker for cache directory md-supplier (C:\Users\HP\.gradle\caches\8.3\md-supplier)" [_thread_blocked, id=22380, stack(0x0000001423900000,0x0000001423a00000)]
  0x0000013a5efc74d0 JavaThread "Cache worker for file content cache (C:\Users\HP\.gradle\caches\8.3\fileContent)" [_thread_blocked, id=18824, stack(0x0000001423a00000,0x0000001423b00000)]
  0x0000013a5efc4740 JavaThread "Cache worker for cache directory md-rule (C:\Users\HP\.gradle\caches\8.3\md-rule)" [_thread_blocked, id=24156, stack(0x0000001423d00000,0x0000001423e00000)]
  0x0000013a5efc65a0 JavaThread "Cache worker for execution history cache (C:\Users\HP\.gradle\caches\8.3\executionHistory)" [_thread_blocked, id=26516, stack(0x0000001423e00000,0x0000001423f00000)]
  0x0000013a5efc6090 JavaThread "jar transforms" [_thread_blocked, id=25032, stack(0x0000001424000000,0x0000001424100000)]
  0x0000013a5efc6ab0 JavaThread "jar transforms Thread 2" [_thread_blocked, id=10308, stack(0x0000001424100000,0x0000001424200000)]
  0x0000013a5efc3d20 JavaThread "jar transforms Thread 3" [_thread_blocked, id=2232, stack(0x0000001424200000,0x0000001424300000)]
  0x0000013a5efc79e0 JavaThread "jar transforms Thread 4" [_thread_blocked, id=25388, stack(0x0000001424300000,0x0000001424400000)]
  0x0000013a5efc7ef0 JavaThread "Cache worker for kotlin-dsl (C:\Users\HP\.gradle\caches\8.3\kotlin-dsl)" [_thread_blocked, id=25484, stack(0x0000001424500000,0x0000001424600000)]
  0x0000013a5efc8400 JavaThread "jar transforms Thread 5" [_thread_blocked, id=16256, stack(0x0000001424600000,0x0000001424700000)]
  0x0000013a5efc4c50 JavaThread "jar transforms Thread 6" [_thread_blocked, id=25216, stack(0x0000001424700000,0x0000001424800000)]
  0x0000013a5efca770 JavaThread "Unconstrained build operations" [_thread_blocked, id=22152, stack(0x0000001424400000,0x0000001424500000)]
  0x0000013a5efc9330 JavaThread "Unconstrained build operations Thread 2" [_thread_blocked, id=24280, stack(0x0000001424800000,0x0000001424900000)]
  0x0000013a5efc8910 JavaThread "jar transforms Thread 7" [_thread_blocked, id=25440, stack(0x0000001424900000,0x0000001424a00000)]
  0x0000013a5efc9840 JavaThread "jar transforms Thread 8" [_thread_blocked, id=5856, stack(0x0000001424a00000,0x0000001424b00000)]
  0x0000013a5efc8e20 JavaThread "jar transforms Thread 9" [_thread_blocked, id=6592, stack(0x0000001424b00000,0x0000001424c00000)]
  0x0000013a5efc9d50 JavaThread "jar transforms Thread 10" [_thread_blocked, id=26532, stack(0x0000001424c00000,0x0000001424d00000)]
  0x0000013a5efca260 JavaThread "jar transforms Thread 11" [_thread_blocked, id=24628, stack(0x0000001424d00000,0x0000001424e00000)]
  0x0000013a5efcac80 JavaThread "jar transforms Thread 12" [_thread_blocked, id=26536, stack(0x0000001424e00000,0x0000001424f00000)]
  0x0000013a5efcb190 JavaThread "Cache worker for dependencies-accessors (D:\my project\packing_frontend\android\.gradle\8.3\dependencies-accessors)" [_thread_blocked, id=23460, stack(0x0000001424f00000,0x0000001425000000)]
  0x0000013a617113b0 JavaThread "Cache worker for Build Output Cleanup Cache (D:\my project\packing_frontend\node_modules\@react-native\gradle-plugin\.gradle\buildOutputCleanup)" [_thread_blocked, id=26028, stack(0x0000001425000000,0x0000001425100000)]
  0x0000013a61710ea0 JavaThread "Unconstrained build operations Thread 3" [_thread_blocked, id=26048, stack(0x0000001425100000,0x0000001425200000)]
  0x0000013a61714650 JavaThread "Unconstrained build operations Thread 4" [_thread_blocked, id=22432, stack(0x0000001425200000,0x0000001425300000)]
  0x0000013a617122e0 JavaThread "Unconstrained build operations Thread 5" [_thread_blocked, id=25048, stack(0x0000001425300000,0x0000001425400000)]
  0x0000013a61715070 JavaThread "Unconstrained build operations Thread 6" [_thread_blocked, id=14260, stack(0x0000001425400000,0x0000001425500000)]
  0x0000013a617127f0 JavaThread "Unconstrained build operations Thread 7" [_thread_blocked, id=22280, stack(0x0000001425500000,0x0000001425600000)]
  0x0000013a61714b60 JavaThread "Unconstrained build operations Thread 8" [_thread_blocked, id=14444, stack(0x0000001425600000,0x0000001425700000)]
  0x0000013a61712d00 JavaThread "Unconstrained build operations Thread 9" [_thread_blocked, id=2832, stack(0x0000001425700000,0x0000001425800000)]
  0x0000013a61714140 JavaThread "Unconstrained build operations Thread 10" [_thread_blocked, id=16228, stack(0x0000001425800000,0x0000001425900000)]
  0x0000013a617118c0 JavaThread "Unconstrained build operations Thread 11" [_thread_blocked, id=14180, stack(0x0000001425900000,0x0000001425a00000)]
  0x0000013a61715580 JavaThread "Unconstrained build operations Thread 12" [_thread_blocked, id=6484, stack(0x0000001425a00000,0x0000001425b00000)]
  0x0000013a61713210 JavaThread "Unconstrained build operations Thread 13" [_thread_blocked, id=23652, stack(0x0000001425b00000,0x0000001425c00000)]
  0x0000013a61713720 JavaThread "Memory manager" [_thread_blocked, id=25932, stack(0x0000001425c00000,0x0000001425d00000)]
  0x0000013a617164b0 JavaThread "Cache worker for Build Output Cleanup Cache (D:\my project\packing_frontend\android\.gradle\buildOutputCleanup)" [_thread_blocked, id=22872, stack(0x0000001423f00000,0x0000001424000000)]
  0x0000013a61715fa0 JavaThread "ForkJoinPool.commonPool-worker-1" daemon [_thread_blocked, id=6104, stack(0x0000001425f00000,0x0000001426000000)]
  0x0000013a61715a90 JavaThread "ForkJoinPool.commonPool-worker-2" daemon [_thread_blocked, id=25924, stack(0x0000001426000000,0x0000001426100000)]
  0x0000013a61716ed0 JavaThread "ForkJoinPool.commonPool-worker-3" daemon [_thread_blocked, id=25492, stack(0x0000001426100000,0x0000001426200000)]
  0x0000013a617169c0 JavaThread "ForkJoinPool.commonPool-worker-4" daemon [_thread_blocked, id=21848, stack(0x0000001426200000,0x0000001426300000)]
  0x0000013a617173e0 JavaThread "ForkJoinPool.commonPool-worker-5" daemon [_thread_blocked, id=23484, stack(0x0000001426300000,0x0000001426400000)]
  0x0000013a61713c30 JavaThread "ForkJoinPool.commonPool-worker-6" daemon [_thread_blocked, id=15568, stack(0x0000001426400000,0x0000001426500000)]
  0x0000013a617178f0 JavaThread "ForkJoinPool.commonPool-worker-7" daemon [_thread_blocked, id=26552, stack(0x0000001426500000,0x0000001426600000)]
  0x0000013a61718310 JavaThread "ForkJoinPool.commonPool-worker-8" daemon [_thread_blocked, id=26528, stack(0x0000001426600000,0x0000001426700000)]
  0x0000013a61717e00 JavaThread "ForkJoinPool.commonPool-worker-9" daemon [_thread_blocked, id=16680, stack(0x0000001426700000,0x0000001426800000)]
  0x0000013a61718820 JavaThread "ForkJoinPool.commonPool-worker-10" daemon [_thread_blocked, id=23044, stack(0x0000001426800000,0x0000001426900000)]
  0x0000013a5e0b6750 JavaThread "ForkJoinPool.commonPool-worker-11" daemon [_thread_blocked, id=2960, stack(0x0000001426900000,0x0000001426a00000)]
  0x0000013a5e0b7680 JavaThread "included builds" [_thread_blocked, id=26200, stack(0x0000001426a00000,0x0000001426b00000)]
  0x0000013a5e0b6240 JavaThread "Execution worker" [_thread_blocked, id=25920, stack(0x0000001426b00000,0x0000001426c00000)]
  0x0000013a5e0b3ed0 JavaThread "Execution worker Thread 2" [_thread_blocked, id=23136, stack(0x0000001426c00000,0x0000001426d00000)]
  0x0000013a5e0b7b90 JavaThread "Execution worker Thread 3" [_thread_blocked, id=23452, stack(0x0000001426d00000,0x0000001426e00000)]
  0x0000013a5e0b48f0 JavaThread "Execution worker Thread 4" [_thread_blocked, id=24276, stack(0x0000001426e00000,0x0000001426f00000)]
  0x0000013a5e0b6c60 JavaThread "Execution worker Thread 5" [_thread_blocked, id=10984, stack(0x0000001426f00000,0x0000001427000000)]
  0x0000013a5e0b7170 JavaThread "Execution worker Thread 6" [_thread_blocked, id=24660, stack(0x0000001427000000,0x0000001427100000)]
  0x0000013a5e0b5310 JavaThread "Execution worker Thread 7" [_thread_blocked, id=22428, stack(0x0000001427100000,0x0000001427200000)]
  0x0000013a5e0b5d30 JavaThread "Execution worker Thread 8" [_thread_blocked, id=22812, stack(0x0000001427200000,0x0000001427300000)]
  0x0000013a5e0b4e00 JavaThread "Execution worker Thread 9" [_thread_blocked, id=25328, stack(0x0000001427300000,0x0000001427400000)]
  0x0000013a5e0b43e0 JavaThread "Execution worker Thread 10" [_thread_blocked, id=9104, stack(0x0000001427400000,0x0000001427500000)]
  0x0000013a5e0b80a0 JavaThread "Execution worker Thread 11" [_thread_blocked, id=2252, stack(0x0000001427500000,0x0000001427600000)]
  0x0000013a5e0b85b0 JavaThread "Cache worker for execution history cache (D:\my project\packing_frontend\node_modules\@react-native\gradle-plugin\.gradle\8.3\executionHistory)" [_thread_blocked, id=22744, stack(0x0000001427600000,0x0000001427700000)]
  0x0000013a5e0b8fd0 JavaThread "Unconstrained build operations Thread 14" [_thread_blocked, id=15352, stack(0x0000001427700000,0x0000001427800000)]
  0x0000013a5e0b5820 JavaThread "Unconstrained build operations Thread 15" [_thread_blocked, id=12140, stack(0x0000001427800000,0x0000001427900000)]
  0x0000013a5e0b99f0 JavaThread "Unconstrained build operations Thread 16" [_thread_blocked, id=22696, stack(0x0000001427900000,0x0000001427a00000)]
  0x0000013a5e0b94e0 JavaThread "Unconstrained build operations Thread 17" [_thread_blocked, id=9812, stack(0x0000001427a00000,0x0000001427b00000)]
  0x0000013a5e0ba410 JavaThread "Unconstrained build operations Thread 18" [_thread_blocked, id=22540, stack(0x0000001427b00000,0x0000001427c00000)]
  0x0000013a5e0b9f00 JavaThread "Unconstrained build operations Thread 19" [_thread_blocked, id=9064, stack(0x0000001427c00000,0x0000001427d00000)]
  0x0000013a5e0ba920 JavaThread "Unconstrained build operations Thread 20" [_thread_blocked, id=17312, stack(0x0000001427d00000,0x0000001427e00000)]
  0x0000013a5e0bae30 JavaThread "Unconstrained build operations Thread 21" [_thread_blocked, id=26520, stack(0x0000001427e00000,0x0000001427f00000)]
  0x0000013a5e0bb340 JavaThread "Unconstrained build operations Thread 22" [_thread_blocked, id=26480, stack(0x0000001427f00000,0x0000001428000000)]
  0x0000013a5e0bb850 JavaThread "Unconstrained build operations Thread 23" [_thread_blocked, id=23456, stack(0x0000001428000000,0x0000001428100000)]
  0x0000013a5d573410 JavaThread "Unconstrained build operations Thread 24" [_thread_blocked, id=19768, stack(0x0000001428100000,0x0000001428200000)]
  0x0000013a5d573920 JavaThread "Unconstrained build operations Thread 25" [_thread_blocked, id=21760, stack(0x0000001428200000,0x0000001428300000)]
  0x0000013a5d572f00 JavaThread "Unconstrained build operations Thread 26" [_thread_blocked, id=23472, stack(0x0000001428300000,0x0000001428400000)]
  0x0000013a5d570170 JavaThread "Unconstrained build operations Thread 27" [_thread_blocked, id=24768, stack(0x0000001428400000,0x0000001428500000)]
  0x0000013a5d571fd0 JavaThread "Unconstrained build operations Thread 28" [_thread_blocked, id=17812, stack(0x0000001428500000,0x0000001428600000)]
  0x0000013a5d5710a0 JavaThread "Unconstrained build operations Thread 29" [_thread_blocked, id=7784, stack(0x0000001428600000,0x0000001428700000)]
  0x0000013a5d5729f0 JavaThread "Unconstrained build operations Thread 30" [_thread_blocked, id=18972, stack(0x0000001428700000,0x0000001428800000)]
  0x0000013a5d573e30 JavaThread "Unconstrained build operations Thread 31" [_thread_blocked, id=20492, stack(0x0000001428800000,0x0000001428900000)]
  0x0000013a5d570b90 JavaThread "Unconstrained build operations Thread 32" [_thread_blocked, id=23504, stack(0x0000001428900000,0x0000001428a00000)]
  0x0000013a5d570680 JavaThread "Unconstrained build operations Thread 33" [_thread_blocked, id=6440, stack(0x0000001428a00000,0x0000001428b00000)]
  0x0000013a5d5724e0 JavaThread "Unconstrained build operations Thread 34" [_thread_blocked, id=8148, stack(0x0000001428b00000,0x0000001428c00000)]
  0x0000013a5d574340 JavaThread "Unconstrained build operations Thread 35" [_thread_blocked, id=10716, stack(0x0000001428c00000,0x0000001428d00000)]
  0x0000013a5d574850 JavaThread "Unconstrained build operations Thread 36" [_thread_blocked, id=21932, stack(0x0000001428d00000,0x0000001428e00000)]
  0x0000013a5d574d60 JavaThread "Unconstrained build operations Thread 37" [_thread_blocked, id=25576, stack(0x0000001428e00000,0x0000001428f00000)]
  0x0000013a60ba23b0 JavaThread "Unconstrained build operations Thread 38" [_thread_blocked, id=25596, stack(0x0000001428f00000,0x0000001429000000)]
  0x0000013a60ba4720 JavaThread "Unconstrained build operations Thread 39" [_thread_blocked, id=23676, stack(0x0000001429300000,0x0000001429400000)]
  0x0000013a60ba28c0 JavaThread "Unconstrained build operations Thread 40" [_thread_blocked, id=21740, stack(0x0000001429400000,0x0000001429500000)]
  0x0000013a60ba0f70 JavaThread "Unconstrained build operations Thread 41" [_thread_blocked, id=26112, stack(0x0000001429500000,0x0000001429600000)]
  0x0000013a60ba3d00 JavaThread "Unconstrained build operations Thread 42" [_thread_blocked, id=26180, stack(0x0000001429600000,0x0000001429700000)]
  0x0000013a60ba4c30 JavaThread "Unconstrained build operations Thread 43" [_thread_blocked, id=15028, stack(0x0000001429700000,0x0000001429800000)]
  0x0000013a60ba5140 JavaThread "Unconstrained build operations Thread 44" [_thread_blocked, id=26176, stack(0x0000001429800000,0x0000001429900000)]
  0x0000013a60ba1990 JavaThread "Unconstrained build operations Thread 45" [_thread_blocked, id=23440, stack(0x0000001429900000,0x0000001429a00000)]
  0x0000013a60ba5650 JavaThread "Unconstrained build operations Thread 46" [_thread_blocked, id=25736, stack(0x0000001429a00000,0x0000001429b00000)]
  0x0000013a60ba1ea0 JavaThread "Unconstrained build operations Thread 47" [_thread_blocked, id=21256, stack(0x0000001429b00000,0x0000001429c00000)]
  0x0000013a60ba74b0 JavaThread "Unconstrained build operations Thread 48" [_thread_blocked, id=7156, stack(0x0000001429c00000,0x0000001429d00000)]
  0x0000013a60ba5b60 JavaThread "Unconstrained build operations Thread 49" [_thread_blocked, id=11400, stack(0x0000001429d00000,0x0000001429e00000)]
  0x0000013a60ba79c0 JavaThread "Unconstrained build operations Thread 50" [_thread_blocked, id=24416, stack(0x0000001429e00000,0x0000001429f00000)]
  0x0000013a60ba6070 JavaThread "Unconstrained build operations Thread 51" [_thread_blocked, id=24644, stack(0x0000001429f00000,0x000000142a000000)]
  0x0000013a60ba6580 JavaThread "Unconstrained build operations Thread 52" [_thread_blocked, id=25208, stack(0x000000142a000000,0x000000142a100000)]
  0x0000013a60ba6a90 JavaThread "Unconstrained build operations Thread 53" [_thread_blocked, id=10796, stack(0x000000142a100000,0x000000142a200000)]
  0x0000013a60ba6fa0 JavaThread "Unconstrained build operations Thread 54" [_thread_blocked, id=24684, stack(0x000000142a200000,0x000000142a300000)]
  0x0000013a60ba7ed0 JavaThread "Unconstrained build operations Thread 55" [_thread_blocked, id=24556, stack(0x000000142a300000,0x000000142a400000)]
  0x0000013a60ba83e0 JavaThread "Unconstrained build operations Thread 56" [_thread_blocked, id=26428, stack(0x000000142a400000,0x000000142a500000)]
  0x0000013a5d575780 JavaThread "Unconstrained build operations Thread 57" [_thread_blocked, id=26540, stack(0x000000142a500000,0x000000142a600000)]
  0x0000013a5f530240 JavaThread "Unconstrained build operations Thread 58" [_thread_blocked, id=7344, stack(0x000000142a600000,0x000000142a700000)]
  0x0000013a620e2e60 JavaThread "Unconstrained build operations Thread 59" [_thread_blocked, id=24272, stack(0x000000142a700000,0x000000142a800000)]
  0x0000013a620df6b0 JavaThread "Unconstrained build operations Thread 60" [_thread_blocked, id=11460, stack(0x000000142a800000,0x000000142a900000)]
  0x0000013a620e0af0 JavaThread "Unconstrained build operations Thread 61" [_thread_blocked, id=24860, stack(0x000000142a900000,0x000000142aa00000)]
  0x0000013a620e1000 JavaThread "Unconstrained build operations Thread 62" [_thread_blocked, id=6632, stack(0x000000142aa00000,0x000000142ab00000)]
  0x0000013a620e2440 JavaThread "Unconstrained build operations Thread 63" [_thread_blocked, id=19568, stack(0x000000142ab00000,0x000000142ac00000)]
  0x0000013a620e3370 JavaThread "Unconstrained build operations Thread 64" [_thread_blocked, id=10560, stack(0x000000142ac00000,0x000000142ad00000)]
  0x0000013a620e1a20 JavaThread "Unconstrained build operations Thread 65" [_thread_blocked, id=25168, stack(0x000000142ad00000,0x000000142ae00000)]
  0x0000013a620e2950 JavaThread "Unconstrained build operations Thread 66" [_thread_blocked, id=1424, stack(0x000000142ae00000,0x000000142af00000)]
  0x0000013a620e1510 JavaThread "Unconstrained build operations Thread 67" [_thread_blocked, id=15420, stack(0x000000142af00000,0x000000142b000000)]
  0x0000013a620dfbc0 JavaThread "Unconstrained build operations Thread 68" [_thread_blocked, id=8384, stack(0x000000142b000000,0x000000142b100000)]
  0x0000013a620e3880 JavaThread "Unconstrained build operations Thread 69" [_thread_blocked, id=8020, stack(0x000000142b100000,0x000000142b200000)]
  0x0000013a620e00d0 JavaThread "Unconstrained build operations Thread 70" [_thread_blocked, id=23464, stack(0x000000142b200000,0x000000142b300000)]
  0x0000013a620e3d90 JavaThread "Unconstrained build operations Thread 71" [_thread_blocked, id=11100, stack(0x000000142b300000,0x000000142b400000)]
  0x0000013a620e05e0 JavaThread "Unconstrained build operations Thread 72" [_thread_blocked, id=8388, stack(0x000000142b400000,0x000000142b500000)]
  0x0000013a620e6b20 JavaThread "Unconstrained build operations Thread 73" [_thread_blocked, id=16588, stack(0x000000142b500000,0x000000142b600000)]
  0x0000013a620e56e0 JavaThread "Unconstrained build operations Thread 74" [_thread_blocked, id=19432, stack(0x000000142b600000,0x000000142b700000)]
  0x0000013a620e6610 JavaThread "Unconstrained build operations Thread 75" [_thread_blocked, id=3996, stack(0x000000142b700000,0x000000142b800000)]
  0x0000013a620e51d0 JavaThread "Unconstrained build operations Thread 76" [_thread_blocked, id=14080, stack(0x000000142b800000,0x000000142b900000)]
  0x0000013a620e6100 JavaThread "Unconstrained build operations Thread 77" [_thread_blocked, id=22900, stack(0x000000142b900000,0x000000142ba00000)]
  0x0000013a620e42a0 JavaThread "Unconstrained build operations Thread 78" [_thread_blocked, id=19252, stack(0x000000142ba00000,0x000000142bb00000)]
  0x0000013a620e47b0 JavaThread "Unconstrained build operations Thread 79" [_thread_blocked, id=24008, stack(0x000000142bb00000,0x000000142bc00000)]
  0x0000013a620e5bf0 JavaThread "Unconstrained build operations Thread 80" [_thread_blocked, id=24496, stack(0x000000142bc00000,0x000000142bd00000)]
  0x0000013a620e4cc0 JavaThread "Unconstrained build operations Thread 81" [_thread_blocked, id=22640, stack(0x000000142bd00000,0x000000142be00000)]
  0x0000013a64731a50 JavaThread "Unconstrained build operations Thread 82" [_thread_blocked, id=16688, stack(0x000000142be00000,0x000000142bf00000)]
  0x0000013a64731030 JavaThread "Unconstrained build operations Thread 83" [_thread_blocked, id=18696, stack(0x000000142bf00000,0x000000142c000000)]
  0x0000013a64733dc0 JavaThread "Unconstrained build operations Thread 84" [_thread_blocked, id=25812, stack(0x000000142c000000,0x000000142c100000)]
  0x0000013a64734cf0 JavaThread "Unconstrained build operations Thread 85" [_thread_blocked, id=26148, stack(0x000000142c100000,0x000000142c200000)]
  0x0000013a64735200 JavaThread "Unconstrained build operations Thread 86" [_thread_blocked, id=25424, stack(0x000000142c200000,0x000000142c300000)]
  0x0000013a64735710 JavaThread "Unconstrained build operations Thread 87" [_thread_blocked, id=25684, stack(0x000000142c300000,0x000000142c400000)]
  0x0000013a647342d0 JavaThread "Unconstrained build operations Thread 88" [_thread_blocked, id=23576, stack(0x000000142c400000,0x000000142c500000)]
  0x0000013a64735c20 JavaThread "Unconstrained build operations Thread 89" [_thread_blocked, id=24852, stack(0x000000142c500000,0x000000142c600000)]
  0x0000013a64732470 JavaThread "Unconstrained build operations Thread 90" [_thread_blocked, id=14112, stack(0x000000142c600000,0x000000142c700000)]
  0x0000013a64736130 JavaThread "Unconstrained build operations Thread 91" [_thread_blocked, id=4276, stack(0x000000142c700000,0x000000142c800000)]
  0x0000013a64732980 JavaThread "Unconstrained build operations Thread 92" [_thread_blocked, id=24800, stack(0x000000142c800000,0x000000142c900000)]
  0x0000013a64736640 JavaThread "Unconstrained build operations Thread 93" [_thread_blocked, id=23388, stack(0x000000142c900000,0x000000142ca00000)]
  0x0000013a64737060 JavaThread "Unconstrained build operations Thread 94" [_thread_blocked, id=2588, stack(0x000000142ca00000,0x000000142cb00000)]
  0x0000013a647338b0 JavaThread "Unconstrained build operations Thread 95" [_thread_blocked, id=26432, stack(0x000000142cb00000,0x000000142cc00000)]
  0x0000013a647384a0 JavaThread "Unconstrained build operations Thread 96" [_thread_blocked, id=23364, stack(0x000000142cc00000,0x000000142cd00000)]
  0x0000013a64737570 JavaThread "Unconstrained build operations Thread 97" [_thread_blocked, id=15040, stack(0x000000142cd00000,0x000000142ce00000)]
  0x0000013a64737a80 JavaThread "Unconstrained build operations Thread 98" [_thread_blocked, id=10964, stack(0x000000142ce00000,0x000000142cf00000)]
  0x0000013a64737f90 JavaThread "Unconstrained build operations Thread 99" [_thread_blocked, id=11252, stack(0x000000142cf00000,0x000000142d000000)]
  0x0000013a647389b0 JavaThread "Unconstrained build operations Thread 100" [_thread_blocked, id=25964, stack(0x000000142d000000,0x000000142d100000)]
  0x0000013a620e7030 JavaThread "Unconstrained build operations Thread 101" [_thread_blocked, id=26032, stack(0x000000142d100000,0x000000142d200000)]
  0x0000013a62ee7c70 JavaThread "Unconstrained build operations Thread 102" [_thread_blocked, id=14192, stack(0x000000142d200000,0x000000142d300000)]
  0x0000013a62ee5900 JavaThread "Unconstrained build operations Thread 103" [_thread_blocked, id=11604, stack(0x000000142d300000,0x000000142d400000)]
  0x0000013a62ee8180 JavaThread "Unconstrained build operations Thread 104" [_thread_blocked, id=25008, stack(0x000000142d400000,0x000000142d500000)]
  0x0000013a62ee6320 JavaThread "Unconstrained build operations Thread 105" [_thread_blocked, id=23012, stack(0x0000001429200000,0x0000001429300000)]
  0x0000013a62ee6d40 JavaThread "Unconstrained build operations Thread 106" [_thread_blocked, id=23380, stack(0x000000142d500000,0x000000142d600000)]
  0x0000013a62ee5e10 JavaThread "Unconstrained build operations Thread 107" [_thread_blocked, id=22928, stack(0x000000142d600000,0x000000142d700000)]
  0x0000013a62ee6830 JavaThread "Unconstrained build operations Thread 108" [_thread_blocked, id=4376, stack(0x000000142d700000,0x000000142d800000)]
  0x0000013a62ee7250 JavaThread "Unconstrained build operations Thread 109" [_thread_blocked, id=17996, stack(0x000000142d800000,0x000000142d900000)]
  0x0000013a62ee53f0 JavaThread "Unconstrained build operations Thread 110" [_thread_blocked, id=25472, stack(0x000000142d900000,0x000000142da00000)]
  0x0000013a62ee7760 JavaThread "Unconstrained build operations Thread 111" [_thread_blocked, id=22172, stack(0x000000142da00000,0x000000142db00000)]
  0x0000013a62ee4ee0 JavaThread "Unconstrained build operations Thread 112" [_thread_blocked, id=26612, stack(0x000000142db00000,0x000000142dc00000)]
  0x0000013a62ee49d0 JavaThread "Unconstrained build operations Thread 113" [_thread_blocked, id=26508, stack(0x000000142dc00000,0x000000142dd00000)]
  0x0000013a62ee9ad0 JavaThread "Unconstrained build operations Thread 114" [_thread_blocked, id=21096, stack(0x000000142dd00000,0x000000142de00000)]
  0x0000013a62eea4f0 JavaThread "Unconstrained build operations Thread 115" [_thread_blocked, id=26300, stack(0x000000142de00000,0x000000142df00000)]
  0x0000013a62eebe40 JavaThread "pool-3-thread-1" [_thread_blocked, id=25808, stack(0x000000142df00000,0x000000142e000000)]
  0x0000013a62ee90b0 JavaThread "build event listener" [_thread_blocked, id=25768, stack(0x000000142e000000,0x000000142e100000)]
  0x0000013a62eeaa00 JavaThread "Cache worker for execution history cache (D:\my project\packing_frontend\android\.gradle\8.3\executionHistory)" [_thread_blocked, id=22544, stack(0x000000142e100000,0x000000142e200000)]
  0x0000013a62eeaf10 JavaThread "Exec process" [_thread_in_native, id=25928, stack(0x0000001420900000,0x0000001420a00000)]
  0x0000013a62ee8ba0 JavaThread "Exec process Thread 2" [_thread_in_native, id=11092, stack(0x0000001420a00000,0x0000001420b00000)]
  0x0000013a62ee8690 JavaThread "Exec process Thread 3" [_thread_in_native, id=25820, stack(0x0000001420b00000,0x0000001420c00000)]

Other Threads:
  0x0000013a3dcc0e10 VMThread "VM Thread" [stack: 0x0000001421200000,0x0000001421300000] [id=18716]
  0x0000013a5d262000 WatcherThread [stack: 0x0000001421e00000,0x0000001421f00000] [id=10212]
  0x0000013a1f42a740 GCTaskThread "GC Thread#0" [stack: 0x0000001420d00000,0x0000001420e00000] [id=12192]
  0x0000013a5e428c50 GCTaskThread "GC Thread#1" [stack: 0x0000001422100000,0x0000001422200000] [id=12020]
  0x0000013a5e2ce070 GCTaskThread "GC Thread#2" [stack: 0x0000001422200000,0x0000001422300000] [id=25880]
  0x0000013a5e066c00 GCTaskThread "GC Thread#3" [stack: 0x0000001422300000,0x0000001422400000] [id=26124]
  0x0000013a5e5ffe10 GCTaskThread "GC Thread#4" [stack: 0x0000001422400000,0x0000001422500000] [id=26004]
  0x0000013a6051ec70 GCTaskThread "GC Thread#5" [stack: 0x0000001423100000,0x0000001423200000] [id=26292]
  0x0000013a5e5e3930 GCTaskThread "GC Thread#6" [stack: 0x0000001423200000,0x0000001423300000] [id=26268]
  0x0000013a5ef96bf0 GCTaskThread "GC Thread#7" [stack: 0x0000001423300000,0x0000001423400000] [id=3488]
  0x0000013a5ef96eb0 GCTaskThread "GC Thread#8" [stack: 0x0000001423400000,0x0000001423500000] [id=23752]
  0x0000013a6089a790 GCTaskThread "GC Thread#9" [stack: 0x0000001423500000,0x0000001423600000] [id=23716]
  0x0000013a1f43b5a0 ConcurrentGCThread "G1 Main Marker" [stack: 0x0000001420e00000,0x0000001420f00000] [id=22296]
  0x0000013a1f43bed0 ConcurrentGCThread "G1 Conc#0" [stack: 0x0000001420f00000,0x0000001421000000] [id=25020]
  0x0000013a60f9eb20 ConcurrentGCThread "G1 Conc#1" [stack: 0x0000001423b00000,0x0000001423c00000] [id=14868]
  0x0000013a60f9ede0 ConcurrentGCThread "G1 Conc#2" [stack: 0x0000001423c00000,0x0000001423d00000] [id=5072]
  0x0000013a3db6b830 ConcurrentGCThread "G1 Refine#0" [stack: 0x0000001421000000,0x0000001421100000] [id=23108]
  0x0000013a3db6c010 ConcurrentGCThread "G1 Service" [stack: 0x0000001421100000,0x0000001421200000] [id=22048]

Threads with active compile tasks:
C2 CompilerThread0  60048 15879   !   4       org.gradle.internal.classloader.VisitableURLClassLoader$InstrumentingVisitableURLClassLoader::findClass (36 bytes)

VM state: not at safepoint (normal execution)

VM Mutex/Monitor currently owned by a thread: None

Heap address: 0x0000000080000000, size: 2048 MB, Compressed Oops mode: 32-bit

CDS archive(s) mapped at: [0x0000013a3e000000-0x0000013a3ebb0000-0x0000013a3ebb0000), size 12255232, SharedBaseAddress: 0x0000013a3e000000, ArchiveRelocationMode: 1.
Compressed class space mapped at: 0x0000013a3f000000-0x0000013a59000000, reserved size: 436207616
Narrow klass base: 0x0000013a3e000000, Narrow klass shift: 0, Narrow klass range: 0x100000000

GC Precious Log:
 CPUs: 12 total, 12 available
 Memory: 7903M
 Large Page Support: Disabled
 NUMA Support: Disabled
 Compressed Oops: Enabled (32-bit)
 Heap Region Size: 1M
 Heap Min Capacity: 8M
 Heap Initial Capacity: 124M
 Heap Max Capacity: 2G
 Pre-touch: Disabled
 Parallel Workers: 10
 Concurrent Workers: 3
 Concurrent Refinement Workers: 10
 Periodic GC: Disabled

Heap:
 garbage-first heap   total 270336K, used 218672K [0x0000000080000000, 0x0000000100000000)
  region size 1024K, 11 young (11264K), 1 survivors (1024K)
 Metaspace       used 109947K, committed 111360K, reserved 557056K
  class space    used 15150K, committed 15808K, reserved 425984K

Heap Regions: E=young(eden), S=young(survivor), O=old, HS=humongous(starts), HC=humongous(continues), CS=collection set, F=free, OA=open archive, CA=closed archive, TAMS=top-at-mark-start (previous, next)
|   0|0x0000000080000000, 0x0000000080100000, 0x0000000080100000|100%|HS|  |TAMS 0x0000000080100000, 0x0000000080000000| Complete 
|   1|0x0000000080100000, 0x0000000080200000, 0x0000000080200000|100%|HC|  |TAMS 0x0000000080200000, 0x0000000080100000| Complete 
|   2|0x0000000080200000, 0x0000000080300000, 0x0000000080300000|100%|HC|  |TAMS 0x0000000080300000, 0x0000000080200000| Complete 
|   3|0x0000000080300000, 0x0000000080400000, 0x0000000080400000|100%|HC|  |TAMS 0x0000000080400000, 0x0000000080300000| Complete 
|   4|0x0000000080400000, 0x0000000080500000, 0x0000000080500000|100%| O|  |TAMS 0x0000000080500000, 0x0000000080400000| Untracked 
|   5|0x0000000080500000, 0x0000000080600000, 0x0000000080600000|100%| O|  |TAMS 0x0000000080600000, 0x0000000080500000| Untracked 
|   6|0x0000000080600000, 0x0000000080700000, 0x0000000080700000|100%| O|  |TAMS 0x0000000080700000, 0x0000000080600000| Untracked 
|   7|0x0000000080700000, 0x0000000080800000, 0x0000000080800000|100%| O|  |TAMS 0x0000000080800000, 0x0000000080700000| Untracked 
|   8|0x0000000080800000, 0x0000000080900000, 0x0000000080900000|100%| O|  |TAMS 0x0000000080900000, 0x0000000080800000| Untracked 
|   9|0x0000000080900000, 0x0000000080a00000, 0x0000000080a00000|100%| O|  |TAMS 0x0000000080a00000, 0x0000000080900000| Untracked 
|  10|0x0000000080a00000, 0x0000000080b00000, 0x0000000080b00000|100%| O|  |TAMS 0x0000000080b00000, 0x0000000080a00000| Untracked 
|  11|0x0000000080b00000, 0x0000000080c00000, 0x0000000080c00000|100%| O|  |TAMS 0x0000000080c00000, 0x0000000080b00000| Untracked 
|  12|0x0000000080c00000, 0x0000000080d00000, 0x0000000080d00000|100%| O|  |TAMS 0x0000000080d00000, 0x0000000080c00000| Untracked 
|  13|0x0000000080d00000, 0x0000000080e00000, 0x0000000080e00000|100%| O|  |TAMS 0x0000000080e00000, 0x0000000080d00000| Untracked 
|  14|0x0000000080e00000, 0x0000000080f00000, 0x0000000080f00000|100%| O|  |TAMS 0x0000000080f00000, 0x0000000080e00000| Untracked 
|  15|0x0000000080f00000, 0x0000000081000000, 0x0000000081000000|100%| O|  |TAMS 0x0000000081000000, 0x0000000080f00000| Untracked 
|  16|0x0000000081000000, 0x0000000081100000, 0x0000000081100000|100%| O|  |TAMS 0x0000000081100000, 0x0000000081000000| Untracked 
|  17|0x0000000081100000, 0x0000000081200000, 0x0000000081200000|100%| O|  |TAMS 0x0000000081200000, 0x0000000081100000| Untracked 
|  18|0x0000000081200000, 0x0000000081300000, 0x0000000081300000|100%| O|  |TAMS 0x0000000081300000, 0x0000000081200000| Untracked 
|  19|0x0000000081300000, 0x0000000081400000, 0x0000000081400000|100%| O|  |TAMS 0x0000000081400000, 0x0000000081300000| Untracked 
|  20|0x0000000081400000, 0x0000000081500000, 0x0000000081500000|100%| O|  |TAMS 0x0000000081500000, 0x0000000081400000| Untracked 
|  21|0x0000000081500000, 0x0000000081600000, 0x0000000081600000|100%| O|  |TAMS 0x0000000081600000, 0x0000000081500000| Untracked 
|  22|0x0000000081600000, 0x0000000081700000, 0x0000000081700000|100%| O|  |TAMS 0x0000000081700000, 0x0000000081600000| Untracked 
|  23|0x0000000081700000, 0x0000000081800000, 0x0000000081800000|100%| O|  |TAMS 0x0000000081800000, 0x0000000081700000| Untracked 
|  24|0x0000000081800000, 0x0000000081900000, 0x0000000081900000|100%| O|  |TAMS 0x0000000081900000, 0x0000000081800000| Untracked 
|  25|0x0000000081900000, 0x0000000081a00000, 0x0000000081a00000|100%| O|  |TAMS 0x0000000081a00000, 0x0000000081900000| Untracked 
|  26|0x0000000081a00000, 0x0000000081b00000, 0x0000000081b00000|100%| O|  |TAMS 0x0000000081b00000, 0x0000000081a00000| Untracked 
|  27|0x0000000081b00000, 0x0000000081c00000, 0x0000000081c00000|100%| O|  |TAMS 0x0000000081c00000, 0x0000000081b00000| Untracked 
|  28|0x0000000081c00000, 0x0000000081d00000, 0x0000000081d00000|100%| O|  |TAMS 0x0000000081d00000, 0x0000000081c00000| Untracked 
|  29|0x0000000081d00000, 0x0000000081e00000, 0x0000000081e00000|100%|HS|  |TAMS 0x0000000081e00000, 0x0000000081d00000| Complete 
|  30|0x0000000081e00000, 0x0000000081f00000, 0x0000000081f00000|100%|HC|  |TAMS 0x0000000081f00000, 0x0000000081e00000| Complete 
|  31|0x0000000081f00000, 0x0000000082000000, 0x0000000082000000|100%| O|  |TAMS 0x0000000082000000, 0x0000000081f00000| Untracked 
|  32|0x0000000082000000, 0x0000000082100000, 0x0000000082100000|100%| O|  |TAMS 0x0000000082100000, 0x0000000082000000| Untracked 
|  33|0x0000000082100000, 0x0000000082200000, 0x0000000082200000|100%|HS|  |TAMS 0x0000000082200000, 0x0000000082100000| Complete 
|  34|0x0000000082200000, 0x0000000082300000, 0x0000000082300000|100%|HC|  |TAMS 0x0000000082300000, 0x0000000082200000| Complete 
|  35|0x0000000082300000, 0x0000000082400000, 0x0000000082400000|100%|HS|  |TAMS 0x0000000082400000, 0x0000000082300000| Complete 
|  36|0x0000000082400000, 0x0000000082500000, 0x0000000082500000|100%|HC|  |TAMS 0x0000000082500000, 0x0000000082400000| Complete 
|  37|0x0000000082500000, 0x0000000082600000, 0x0000000082600000|100%|HC|  |TAMS 0x0000000082600000, 0x0000000082500000| Complete 
|  38|0x0000000082600000, 0x0000000082700000, 0x0000000082700000|100%|HC|  |TAMS 0x0000000082700000, 0x0000000082600000| Complete 
|  39|0x0000000082700000, 0x0000000082800000, 0x0000000082800000|100%| O|  |TAMS 0x0000000082800000, 0x0000000082700000| Untracked 
|  40|0x0000000082800000, 0x0000000082900000, 0x0000000082900000|100%|HS|  |TAMS 0x0000000082900000, 0x0000000082800000| Complete 
|  41|0x0000000082900000, 0x0000000082a00000, 0x0000000082a00000|100%|HC|  |TAMS 0x0000000082a00000, 0x0000000082900000| Complete 
|  42|0x0000000082a00000, 0x0000000082b00000, 0x0000000082b00000|100%|HC|  |TAMS 0x0000000082b00000, 0x0000000082a00000| Complete 
|  43|0x0000000082b00000, 0x0000000082c00000, 0x0000000082c00000|100%|HC|  |TAMS 0x0000000082c00000, 0x0000000082b00000| Complete 
|  44|0x0000000082c00000, 0x0000000082d00000, 0x0000000082d00000|100%| O|  |TAMS 0x0000000082d00000, 0x0000000082c00000| Untracked 
|  45|0x0000000082d00000, 0x0000000082e00000, 0x0000000082e00000|100%| O|  |TAMS 0x0000000082e00000, 0x0000000082d00000| Untracked 
|  46|0x0000000082e00000, 0x0000000082f00000, 0x0000000082f00000|100%| O|  |TAMS 0x0000000082f00000, 0x0000000082e00000| Untracked 
|  47|0x0000000082f00000, 0x0000000083000000, 0x0000000083000000|100%| O|  |TAMS 0x0000000083000000, 0x0000000082f00000| Untracked 
|  48|0x0000000083000000, 0x0000000083100000, 0x0000000083100000|100%| O|  |TAMS 0x0000000083100000, 0x0000000083000000| Untracked 
|  49|0x0000000083100000, 0x0000000083200000, 0x0000000083200000|100%| O|  |TAMS 0x0000000083200000, 0x0000000083100000| Untracked 
|  50|0x0000000083200000, 0x0000000083300000, 0x0000000083300000|100%| O|  |TAMS 0x0000000083300000, 0x0000000083200000| Untracked 
|  51|0x0000000083300000, 0x0000000083400000, 0x0000000083400000|100%| O|  |TAMS 0x0000000083400000, 0x0000000083300000| Untracked 
|  52|0x0000000083400000, 0x0000000083500000, 0x0000000083500000|100%| O|  |TAMS 0x0000000083500000, 0x0000000083400000| Untracked 
|  53|0x0000000083500000, 0x0000000083600000, 0x0000000083600000|100%| O|  |TAMS 0x0000000083600000, 0x0000000083500000| Untracked 
|  54|0x0000000083600000, 0x0000000083700000, 0x0000000083700000|100%| O|  |TAMS 0x0000000083700000, 0x0000000083600000| Untracked 
|  55|0x0000000083700000, 0x0000000083800000, 0x0000000083800000|100%| O|  |TAMS 0x0000000083800000, 0x0000000083700000| Untracked 
|  56|0x0000000083800000, 0x0000000083900000, 0x0000000083900000|100%| O|  |TAMS 0x0000000083900000, 0x0000000083800000| Untracked 
|  57|0x0000000083900000, 0x0000000083a00000, 0x0000000083a00000|100%| O|  |TAMS 0x0000000083a00000, 0x0000000083900000| Untracked 
|  58|0x0000000083a00000, 0x0000000083b00000, 0x0000000083b00000|100%| O|  |TAMS 0x0000000083b00000, 0x0000000083a00000| Untracked 
|  59|0x0000000083b00000, 0x0000000083c00000, 0x0000000083c00000|100%| O|  |TAMS 0x0000000083c00000, 0x0000000083b00000| Untracked 
|  60|0x0000000083c00000, 0x0000000083d00000, 0x0000000083d00000|100%| O|  |TAMS 0x0000000083d00000, 0x0000000083c00000| Untracked 
|  61|0x0000000083d00000, 0x0000000083e00000, 0x0000000083e00000|100%| O|  |TAMS 0x0000000083e00000, 0x0000000083d00000| Untracked 
|  62|0x0000000083e00000, 0x0000000083f00000, 0x0000000083f00000|100%| O|  |TAMS 0x0000000083f00000, 0x0000000083e00000| Untracked 
|  63|0x0000000083f00000, 0x0000000084000000, 0x0000000084000000|100%| O|  |TAMS 0x0000000084000000, 0x0000000083f00000| Untracked 
|  64|0x0000000084000000, 0x0000000084100000, 0x0000000084100000|100%| O|  |TAMS 0x0000000084100000, 0x0000000084000000| Untracked 
|  65|0x0000000084100000, 0x0000000084200000, 0x0000000084200000|100%| O|  |TAMS 0x0000000084200000, 0x0000000084100000| Untracked 
|  66|0x0000000084200000, 0x0000000084300000, 0x0000000084300000|100%| O|  |TAMS 0x0000000084300000, 0x0000000084200000| Untracked 
|  67|0x0000000084300000, 0x0000000084400000, 0x0000000084400000|100%| O|  |TAMS 0x0000000084400000, 0x0000000084300000| Untracked 
|  68|0x0000000084400000, 0x0000000084500000, 0x0000000084500000|100%| O|  |TAMS 0x0000000084500000, 0x0000000084400000| Untracked 
|  69|0x0000000084500000, 0x0000000084600000, 0x0000000084600000|100%|HS|  |TAMS 0x0000000084600000, 0x0000000084500000| Complete 
|  70|0x0000000084600000, 0x0000000084700000, 0x0000000084700000|100%|HS|  |TAMS 0x0000000084700000, 0x0000000084600000| Complete 
|  71|0x0000000084700000, 0x0000000084800000, 0x0000000084800000|100%|HS|  |TAMS 0x0000000084800000, 0x0000000084700000| Complete 
|  72|0x0000000084800000, 0x0000000084900000, 0x0000000084900000|100%|HS|  |TAMS 0x0000000084900000, 0x0000000084800000| Complete 
|  73|0x0000000084900000, 0x0000000084a00000, 0x0000000084a00000|100%| O|  |TAMS 0x0000000084a00000, 0x0000000084900000| Untracked 
|  74|0x0000000084a00000, 0x0000000084b00000, 0x0000000084b00000|100%| O|  |TAMS 0x0000000084b00000, 0x0000000084a00000| Untracked 
|  75|0x0000000084b00000, 0x0000000084c00000, 0x0000000084c00000|100%| O|  |TAMS 0x0000000084c00000, 0x0000000084b00000| Untracked 
|  76|0x0000000084c00000, 0x0000000084d00000, 0x0000000084d00000|100%| O|  |TAMS 0x0000000084d00000, 0x0000000084c00000| Untracked 
|  77|0x0000000084d00000, 0x0000000084e00000, 0x0000000084e00000|100%| O|  |TAMS 0x0000000084e00000, 0x0000000084d00000| Untracked 
|  78|0x0000000084e00000, 0x0000000084f00000, 0x0000000084f00000|100%| O|  |TAMS 0x0000000084f00000, 0x0000000084e00000| Untracked 
|  79|0x0000000084f00000, 0x0000000085000000, 0x0000000085000000|100%| O|  |TAMS 0x0000000085000000, 0x0000000084f00000| Untracked 
|  80|0x0000000085000000, 0x0000000085100000, 0x0000000085100000|100%| O|  |TAMS 0x0000000085100000, 0x0000000085000000| Untracked 
|  81|0x0000000085100000, 0x0000000085200000, 0x0000000085200000|100%| O|  |TAMS 0x0000000085200000, 0x0000000085100000| Untracked 
|  82|0x0000000085200000, 0x0000000085300000, 0x0000000085300000|100%| O|  |TAMS 0x0000000085300000, 0x0000000085200000| Untracked 
|  83|0x0000000085300000, 0x0000000085400000, 0x0000000085400000|100%| O|  |TAMS 0x0000000085400000, 0x0000000085300000| Untracked 
|  84|0x0000000085400000, 0x0000000085500000, 0x0000000085500000|100%| O|  |TAMS 0x0000000085500000, 0x0000000085400000| Untracked 
|  85|0x0000000085500000, 0x0000000085600000, 0x0000000085600000|100%| O|  |TAMS 0x0000000085600000, 0x0000000085500000| Untracked 
|  86|0x0000000085600000, 0x0000000085700000, 0x0000000085700000|100%| O|  |TAMS 0x0000000085700000, 0x0000000085600000| Untracked 
|  87|0x0000000085700000, 0x0000000085800000, 0x0000000085800000|100%| O|  |TAMS 0x0000000085800000, 0x0000000085700000| Untracked 
|  88|0x0000000085800000, 0x0000000085900000, 0x0000000085900000|100%| O|  |TAMS 0x0000000085900000, 0x0000000085800000| Untracked 
|  89|0x0000000085900000, 0x0000000085a00000, 0x0000000085a00000|100%| O|  |TAMS 0x0000000085a00000, 0x0000000085900000| Untracked 
|  90|0x0000000085a00000, 0x0000000085b00000, 0x0000000085b00000|100%| O|  |TAMS 0x0000000085b00000, 0x0000000085a00000| Untracked 
|  91|0x0000000085b00000, 0x0000000085c00000, 0x0000000085c00000|100%| O|  |TAMS 0x0000000085c00000, 0x0000000085b00000| Untracked 
|  92|0x0000000085c00000, 0x0000000085d00000, 0x0000000085d00000|100%| O|  |TAMS 0x0000000085d00000, 0x0000000085c00000| Untracked 
|  93|0x0000000085d00000, 0x0000000085e00000, 0x0000000085e00000|100%| O|  |TAMS 0x0000000085e00000, 0x0000000085d00000| Untracked 
|  94|0x0000000085e00000, 0x0000000085f00000, 0x0000000085f00000|100%| O|  |TAMS 0x0000000085f00000, 0x0000000085e00000| Untracked 
|  95|0x0000000085f00000, 0x0000000086000000, 0x0000000086000000|100%| O|  |TAMS 0x0000000086000000, 0x0000000085f00000| Untracked 
|  96|0x0000000086000000, 0x0000000086100000, 0x0000000086100000|100%| O|  |TAMS 0x0000000086100000, 0x0000000086000000| Untracked 
|  97|0x0000000086100000, 0x0000000086200000, 0x0000000086200000|100%| O|  |TAMS 0x0000000086200000, 0x0000000086100000| Untracked 
|  98|0x0000000086200000, 0x0000000086300000, 0x0000000086300000|100%| O|  |TAMS 0x0000000086300000, 0x0000000086200000| Untracked 
|  99|0x0000000086300000, 0x0000000086400000, 0x0000000086400000|100%| O|  |TAMS 0x0000000086400000, 0x0000000086300000| Untracked 
| 100|0x0000000086400000, 0x0000000086500000, 0x0000000086500000|100%| O|  |TAMS 0x0000000086500000, 0x0000000086400000| Untracked 
| 101|0x0000000086500000, 0x0000000086600000, 0x0000000086600000|100%| O|  |TAMS 0x0000000086600000, 0x0000000086500000| Untracked 
| 102|0x0000000086600000, 0x0000000086700000, 0x0000000086700000|100%| O|  |TAMS 0x0000000086700000, 0x0000000086600000| Untracked 
| 103|0x0000000086700000, 0x0000000086800000, 0x0000000086800000|100%| O|  |TAMS 0x0000000086800000, 0x0000000086700000| Untracked 
| 104|0x0000000086800000, 0x0000000086900000, 0x0000000086900000|100%| O|  |TAMS 0x0000000086900000, 0x0000000086800000| Untracked 
| 105|0x0000000086900000, 0x0000000086a00000, 0x0000000086a00000|100%| O|  |TAMS 0x0000000086a00000, 0x0000000086900000| Untracked 
| 106|0x0000000086a00000, 0x0000000086b00000, 0x0000000086b00000|100%| O|  |TAMS 0x0000000086b00000, 0x0000000086a00000| Untracked 
| 107|0x0000000086b00000, 0x0000000086c00000, 0x0000000086c00000|100%| O|  |TAMS 0x0000000086c00000, 0x0000000086b00000| Untracked 
| 108|0x0000000086c00000, 0x0000000086d00000, 0x0000000086d00000|100%| O|  |TAMS 0x0000000086d00000, 0x0000000086c00000| Untracked 
| 109|0x0000000086d00000, 0x0000000086e00000, 0x0000000086e00000|100%| O|  |TAMS 0x0000000086e00000, 0x0000000086d00000| Untracked 
| 110|0x0000000086e00000, 0x0000000086f00000, 0x0000000086f00000|100%| O|  |TAMS 0x0000000086f00000, 0x0000000086e00000| Untracked 
| 111|0x0000000086f00000, 0x0000000087000000, 0x0000000087000000|100%| O|  |TAMS 0x0000000087000000, 0x0000000086f00000| Untracked 
| 112|0x0000000087000000, 0x0000000087100000, 0x0000000087100000|100%| O|  |TAMS 0x0000000087000000, 0x0000000087000000| Untracked 
| 113|0x0000000087100000, 0x0000000087200000, 0x0000000087200000|100%|HS|  |TAMS 0x0000000087200000, 0x0000000087100000| Complete 
| 114|0x0000000087200000, 0x0000000087300000, 0x0000000087300000|100%|HC|  |TAMS 0x0000000087300000, 0x0000000087200000| Complete 
| 115|0x0000000087300000, 0x0000000087400000, 0x0000000087400000|100%|HS|  |TAMS 0x0000000087400000, 0x0000000087300000| Complete 
| 116|0x0000000087400000, 0x0000000087500000, 0x0000000087500000|100%|HC|  |TAMS 0x0000000087500000, 0x0000000087400000| Complete 
| 117|0x0000000087500000, 0x0000000087600000, 0x0000000087600000|100%|HC|  |TAMS 0x0000000087600000, 0x0000000087500000| Complete 
| 118|0x0000000087600000, 0x0000000087700000, 0x0000000087700000|100%|HC|  |TAMS 0x0000000087700000, 0x0000000087600000| Complete 
| 119|0x0000000087700000, 0x0000000087800000, 0x0000000087800000|100%| O|  |TAMS 0x0000000087800000, 0x0000000087700000| Untracked 
| 120|0x0000000087800000, 0x0000000087900000, 0x0000000087900000|100%| O|  |TAMS 0x0000000087900000, 0x0000000087800000| Untracked 
| 121|0x0000000087900000, 0x0000000087a00000, 0x0000000087a00000|100%| O|  |TAMS 0x0000000087a00000, 0x0000000087900000| Untracked 
| 122|0x0000000087a00000, 0x0000000087b00000, 0x0000000087b00000|100%| O|  |TAMS 0x0000000087b00000, 0x0000000087a00000| Untracked 
| 123|0x0000000087b00000, 0x0000000087c00000, 0x0000000087c00000|100%| O|  |TAMS 0x0000000087c00000, 0x0000000087b00000| Untracked 
| 124|0x0000000087c00000, 0x0000000087d00000, 0x0000000087d00000|100%| O|  |TAMS 0x0000000087d00000, 0x0000000087c00000| Untracked 
| 125|0x0000000087d00000, 0x0000000087e00000, 0x0000000087e00000|100%| O|  |TAMS 0x0000000087e00000, 0x0000000087d00000| Untracked 
| 126|0x0000000087e00000, 0x0000000087f00000, 0x0000000087f00000|100%| O|  |TAMS 0x0000000087f00000, 0x0000000087e00000| Untracked 
| 127|0x0000000087f00000, 0x0000000088000000, 0x0000000088000000|100%| O|  |TAMS 0x0000000088000000, 0x0000000087f00000| Untracked 
| 128|0x0000000088000000, 0x0000000088100000, 0x0000000088100000|100%| O|  |TAMS 0x0000000088100000, 0x0000000088000000| Untracked 
| 129|0x0000000088100000, 0x0000000088200000, 0x0000000088200000|100%| O|  |TAMS 0x0000000088200000, 0x0000000088100000| Untracked 
| 130|0x0000000088200000, 0x0000000088300000, 0x0000000088300000|100%| O|  |TAMS 0x0000000088300000, 0x0000000088200000| Untracked 
| 131|0x0000000088300000, 0x0000000088400000, 0x0000000088400000|100%| O|  |TAMS 0x0000000088400000, 0x0000000088300000| Untracked 
| 132|0x0000000088400000, 0x0000000088500000, 0x0000000088500000|100%| O|  |TAMS 0x0000000088500000, 0x0000000088400000| Untracked 
| 133|0x0000000088500000, 0x0000000088600000, 0x0000000088600000|100%| O|  |TAMS 0x0000000088600000, 0x0000000088500000| Untracked 
| 134|0x0000000088600000, 0x0000000088700000, 0x0000000088700000|100%| O|  |TAMS 0x0000000088700000, 0x0000000088600000| Untracked 
| 135|0x0000000088700000, 0x0000000088800000, 0x0000000088800000|100%| O|  |TAMS 0x0000000088800000, 0x0000000088700000| Untracked 
| 136|0x0000000088800000, 0x0000000088900000, 0x0000000088900000|100%| O|  |TAMS 0x0000000088900000, 0x0000000088800000| Untracked 
| 137|0x0000000088900000, 0x0000000088a00000, 0x0000000088a00000|100%| O|  |TAMS 0x0000000088a00000, 0x0000000088900000| Untracked 
| 138|0x0000000088a00000, 0x0000000088b00000, 0x0000000088b00000|100%| O|  |TAMS 0x0000000088b00000, 0x0000000088a00000| Untracked 
| 139|0x0000000088b00000, 0x0000000088c00000, 0x0000000088c00000|100%|HS|  |TAMS 0x0000000088b00000, 0x0000000088b00000| Complete 
| 140|0x0000000088c00000, 0x0000000088d00000, 0x0000000088d00000|100%|HS|  |TAMS 0x0000000088d00000, 0x0000000088c00000| Complete 
| 141|0x0000000088d00000, 0x0000000088e00000, 0x0000000088e00000|100%|HC|  |TAMS 0x0000000088e00000, 0x0000000088d00000| Complete 
| 142|0x0000000088e00000, 0x0000000088f00000, 0x0000000088f00000|100%|HC|  |TAMS 0x0000000088f00000, 0x0000000088e00000| Complete 
| 143|0x0000000088f00000, 0x0000000089000000, 0x0000000089000000|100%|HS|  |TAMS 0x0000000089000000, 0x0000000088f00000| Complete 
| 144|0x0000000089000000, 0x0000000089100000, 0x0000000089100000|100%|HC|  |TAMS 0x0000000089100000, 0x0000000089000000| Complete 
| 145|0x0000000089100000, 0x0000000089200000, 0x0000000089200000|100%| O|  |TAMS 0x0000000089100000, 0x0000000089100000| Untracked 
| 146|0x0000000089200000, 0x0000000089300000, 0x0000000089300000|100%| O|  |TAMS 0x0000000089200000, 0x0000000089200000| Untracked 
| 147|0x0000000089300000, 0x0000000089400000, 0x0000000089400000|100%| O|  |TAMS 0x0000000089300000, 0x0000000089300000| Untracked 
| 148|0x0000000089400000, 0x0000000089500000, 0x0000000089500000|100%| O|  |TAMS 0x0000000089400000, 0x0000000089400000| Untracked 
| 149|0x0000000089500000, 0x0000000089600000, 0x0000000089600000|100%|HS|  |TAMS 0x0000000089500000, 0x0000000089500000| Complete 
| 150|0x0000000089600000, 0x0000000089700000, 0x0000000089700000|100%|HS|  |TAMS 0x0000000089600000, 0x0000000089600000| Complete 
| 151|0x0000000089700000, 0x0000000089800000, 0x0000000089800000|100%| O|  |TAMS 0x0000000089700000, 0x0000000089700000| Untracked 
| 152|0x0000000089800000, 0x0000000089900000, 0x0000000089900000|100%|HS|  |TAMS 0x0000000089800000, 0x0000000089800000| Complete 
| 153|0x0000000089900000, 0x0000000089a00000, 0x0000000089a00000|100%|HC|  |TAMS 0x0000000089900000, 0x0000000089900000| Complete 
| 154|0x0000000089a00000, 0x0000000089b00000, 0x0000000089b00000|100%| O|  |TAMS 0x0000000089a00000, 0x0000000089a00000| Untracked 
| 155|0x0000000089b00000, 0x0000000089c00000, 0x0000000089c00000|100%| O|  |TAMS 0x0000000089b00000, 0x0000000089b00000| Untracked 
| 156|0x0000000089c00000, 0x0000000089d00000, 0x0000000089d00000|100%| O|  |TAMS 0x0000000089c00000, 0x0000000089c00000| Untracked 
| 157|0x0000000089d00000, 0x0000000089e00000, 0x0000000089e00000|100%| O|  |TAMS 0x0000000089d00000, 0x0000000089d00000| Untracked 
| 158|0x0000000089e00000, 0x0000000089f00000, 0x0000000089f00000|100%| O|  |TAMS 0x0000000089e00000, 0x0000000089e00000| Untracked 
| 159|0x0000000089f00000, 0x000000008a000000, 0x000000008a000000|100%| O|  |TAMS 0x0000000089f00000, 0x0000000089f00000| Untracked 
| 160|0x000000008a000000, 0x000000008a100000, 0x000000008a100000|100%| O|  |TAMS 0x000000008a000000, 0x000000008a000000| Untracked 
| 161|0x000000008a100000, 0x000000008a200000, 0x000000008a200000|100%| O|  |TAMS 0x000000008a100000, 0x000000008a100000| Untracked 
| 162|0x000000008a200000, 0x000000008a300000, 0x000000008a300000|100%| O|  |TAMS 0x000000008a200000, 0x000000008a200000| Untracked 
| 163|0x000000008a300000, 0x000000008a400000, 0x000000008a400000|100%| O|  |TAMS 0x000000008a300000, 0x000000008a300000| Untracked 
| 164|0x000000008a400000, 0x000000008a500000, 0x000000008a500000|100%| O|  |TAMS 0x000000008a400000, 0x000000008a400000| Untracked 
| 165|0x000000008a500000, 0x000000008a600000, 0x000000008a600000|100%| O|  |TAMS 0x000000008a500000, 0x000000008a500000| Untracked 
| 166|0x000000008a600000, 0x000000008a700000, 0x000000008a700000|100%| O|  |TAMS 0x000000008a600000, 0x000000008a600000| Untracked 
| 167|0x000000008a700000, 0x000000008a800000, 0x000000008a800000|100%| O|  |TAMS 0x000000008a700000, 0x000000008a700000| Untracked 
| 168|0x000000008a800000, 0x000000008a900000, 0x000000008a900000|100%| O|  |TAMS 0x000000008a800000, 0x000000008a800000| Untracked 
| 169|0x000000008a900000, 0x000000008aa00000, 0x000000008aa00000|100%| O|  |TAMS 0x000000008a900000, 0x000000008a900000| Untracked 
| 170|0x000000008aa00000, 0x000000008ab00000, 0x000000008ab00000|100%| O|  |TAMS 0x000000008aa00000, 0x000000008aa00000| Untracked 
| 171|0x000000008ab00000, 0x000000008ac00000, 0x000000008ac00000|100%|HS|  |TAMS 0x000000008ab00000, 0x000000008ab00000| Complete 
| 172|0x000000008ac00000, 0x000000008ad00000, 0x000000008ad00000|100%|HC|  |TAMS 0x000000008ac00000, 0x000000008ac00000| Complete 
| 173|0x000000008ad00000, 0x000000008ae00000, 0x000000008ae00000|100%| O|  |TAMS 0x000000008ad00000, 0x000000008ad00000| Untracked 
| 174|0x000000008ae00000, 0x000000008af00000, 0x000000008af00000|100%| O|  |TAMS 0x000000008ae00000, 0x000000008ae00000| Untracked 
| 175|0x000000008af00000, 0x000000008b000000, 0x000000008b000000|100%| O|  |TAMS 0x000000008af00000, 0x000000008af00000| Untracked 
| 176|0x000000008b000000, 0x000000008b100000, 0x000000008b100000|100%| O|  |TAMS 0x000000008b000000, 0x000000008b000000| Untracked 
| 177|0x000000008b100000, 0x000000008b200000, 0x000000008b200000|100%| O|  |TAMS 0x000000008b100000, 0x000000008b100000| Untracked 
| 178|0x000000008b200000, 0x000000008b300000, 0x000000008b300000|100%| O|  |TAMS 0x000000008b200000, 0x000000008b200000| Untracked 
| 179|0x000000008b300000, 0x000000008b400000, 0x000000008b400000|100%| O|  |TAMS 0x000000008b300000, 0x000000008b300000| Untracked 
| 180|0x000000008b400000, 0x000000008b500000, 0x000000008b500000|100%| O|  |TAMS 0x000000008b400000, 0x000000008b400000| Untracked 
| 181|0x000000008b500000, 0x000000008b600000, 0x000000008b600000|100%|HS|  |TAMS 0x000000008b500000, 0x000000008b500000| Complete 
| 182|0x000000008b600000, 0x000000008b700000, 0x000000008b700000|100%|HS|  |TAMS 0x000000008b600000, 0x000000008b600000| Complete 
| 183|0x000000008b700000, 0x000000008b800000, 0x000000008b800000|100%| O|  |TAMS 0x000000008b700000, 0x000000008b700000| Untracked 
| 184|0x000000008b800000, 0x000000008b900000, 0x000000008b900000|100%| O|  |TAMS 0x000000008b800000, 0x000000008b800000| Untracked 
| 185|0x000000008b900000, 0x000000008ba00000, 0x000000008ba00000|100%| O|  |TAMS 0x000000008b900000, 0x000000008b900000| Untracked 
| 186|0x000000008ba00000, 0x000000008bb00000, 0x000000008bb00000|100%| O|  |TAMS 0x000000008ba00000, 0x000000008ba00000| Untracked 
| 187|0x000000008bb00000, 0x000000008bc00000, 0x000000008bc00000|100%| O|  |TAMS 0x000000008bb00000, 0x000000008bb00000| Untracked 
| 188|0x000000008bc00000, 0x000000008bd00000, 0x000000008bd00000|100%| O|  |TAMS 0x000000008bc00000, 0x000000008bc00000| Untracked 
| 189|0x000000008bd00000, 0x000000008be00000, 0x000000008be00000|100%| O|  |TAMS 0x000000008bd00000, 0x000000008bd00000| Untracked 
| 190|0x000000008be00000, 0x000000008bf00000, 0x000000008bf00000|100%| O|  |TAMS 0x000000008be00000, 0x000000008be00000| Untracked 
| 191|0x000000008bf00000, 0x000000008c000000, 0x000000008c000000|100%| O|  |TAMS 0x000000008bf00000, 0x000000008bf00000| Untracked 
| 192|0x000000008c000000, 0x000000008c100000, 0x000000008c100000|100%| O|  |TAMS 0x000000008c000000, 0x000000008c000000| Untracked 
| 193|0x000000008c100000, 0x000000008c200000, 0x000000008c200000|100%| O|  |TAMS 0x000000008c100000, 0x000000008c100000| Untracked 
| 194|0x000000008c200000, 0x000000008c300000, 0x000000008c300000|100%| O|  |TAMS 0x000000008c200000, 0x000000008c200000| Untracked 
| 195|0x000000008c300000, 0x000000008c400000, 0x000000008c400000|100%| O|  |TAMS 0x000000008c300000, 0x000000008c300000| Untracked 
| 196|0x000000008c400000, 0x000000008c500000, 0x000000008c500000|100%| O|  |TAMS 0x000000008c400000, 0x000000008c400000| Untracked 
| 197|0x000000008c500000, 0x000000008c600000, 0x000000008c600000|100%| O|  |TAMS 0x000000008c500000, 0x000000008c500000| Untracked 
| 198|0x000000008c600000, 0x000000008c700000, 0x000000008c700000|100%| O|  |TAMS 0x000000008c600000, 0x000000008c600000| Untracked 
| 199|0x000000008c700000, 0x000000008c7e4600, 0x000000008c800000| 89%| O|  |TAMS 0x000000008c700000, 0x000000008c700000| Untracked 
| 200|0x000000008c800000, 0x000000008c800000, 0x000000008c900000|  0%| F|  |TAMS 0x000000008c800000, 0x000000008c800000| Untracked 
| 201|0x000000008c900000, 0x000000008c900000, 0x000000008ca00000|  0%| F|  |TAMS 0x000000008c900000, 0x000000008c900000| Untracked 
| 202|0x000000008ca00000, 0x000000008cb00000, 0x000000008cb00000|100%| O|  |TAMS 0x000000008ca00000, 0x000000008ca00000| Untracked 
| 203|0x000000008cb00000, 0x000000008cc00000, 0x000000008cc00000|100%| O|  |TAMS 0x000000008cb00000, 0x000000008cb00000| Untracked 
| 204|0x000000008cc00000, 0x000000008cd00000, 0x000000008cd00000|100%| O|  |TAMS 0x000000008cc00000, 0x000000008cc00000| Untracked 
| 205|0x000000008cd00000, 0x000000008ce00000, 0x000000008ce00000|100%| O|  |TAMS 0x000000008cd00000, 0x000000008cd00000| Untracked 
| 206|0x000000008ce00000, 0x000000008ce00000, 0x000000008cf00000|  0%| F|  |TAMS 0x000000008ce00000, 0x000000008ce00000| Untracked 
| 207|0x000000008cf00000, 0x000000008cf00000, 0x000000008d000000|  0%| F|  |TAMS 0x000000008cf00000, 0x000000008cf00000| Untracked 
| 208|0x000000008d000000, 0x000000008d000000, 0x000000008d100000|  0%| F|  |TAMS 0x000000008d000000, 0x000000008d000000| Untracked 
| 209|0x000000008d100000, 0x000000008d100000, 0x000000008d200000|  0%| F|  |TAMS 0x000000008d100000, 0x000000008d100000| Untracked 
| 210|0x000000008d200000, 0x000000008d200000, 0x000000008d300000|  0%| F|  |TAMS 0x000000008d200000, 0x000000008d200000| Untracked 
| 211|0x000000008d300000, 0x000000008d300000, 0x000000008d400000|  0%| F|  |TAMS 0x000000008d300000, 0x000000008d300000| Untracked 
| 212|0x000000008d400000, 0x000000008d400000, 0x000000008d500000|  0%| F|  |TAMS 0x000000008d400000, 0x000000008d400000| Untracked 
| 213|0x000000008d500000, 0x000000008d500000, 0x000000008d600000|  0%| F|  |TAMS 0x000000008d500000, 0x000000008d500000| Untracked 
| 214|0x000000008d600000, 0x000000008d600000, 0x000000008d700000|  0%| F|  |TAMS 0x000000008d600000, 0x000000008d600000| Untracked 
| 215|0x000000008d700000, 0x000000008d700000, 0x000000008d800000|  0%| F|  |TAMS 0x000000008d700000, 0x000000008d700000| Untracked 
| 216|0x000000008d800000, 0x000000008d800000, 0x000000008d900000|  0%| F|  |TAMS 0x000000008d800000, 0x000000008d800000| Untracked 
| 217|0x000000008d900000, 0x000000008d900000, 0x000000008da00000|  0%| F|  |TAMS 0x000000008d900000, 0x000000008d900000| Untracked 
| 218|0x000000008da00000, 0x000000008da00000, 0x000000008db00000|  0%| F|  |TAMS 0x000000008da00000, 0x000000008da00000| Untracked 
| 219|0x000000008db00000, 0x000000008db00000, 0x000000008dc00000|  0%| F|  |TAMS 0x000000008db00000, 0x000000008db00000| Untracked 
| 220|0x000000008dc00000, 0x000000008dc00000, 0x000000008dd00000|  0%| F|  |TAMS 0x000000008dc00000, 0x000000008dc00000| Untracked 
| 221|0x000000008dd00000, 0x000000008dd00000, 0x000000008de00000|  0%| F|  |TAMS 0x000000008dd00000, 0x000000008dd00000| Untracked 
| 222|0x000000008de00000, 0x000000008de00000, 0x000000008df00000|  0%| F|  |TAMS 0x000000008de00000, 0x000000008de00000| Untracked 
| 223|0x000000008df00000, 0x000000008df00000, 0x000000008e000000|  0%| F|  |TAMS 0x000000008df00000, 0x000000008df00000| Untracked 
| 224|0x000000008e000000, 0x000000008e000000, 0x000000008e100000|  0%| F|  |TAMS 0x000000008e000000, 0x000000008e000000| Untracked 
| 225|0x000000008e100000, 0x000000008e100000, 0x000000008e200000|  0%| F|  |TAMS 0x000000008e100000, 0x000000008e100000| Untracked 
| 226|0x000000008e200000, 0x000000008e200000, 0x000000008e300000|  0%| F|  |TAMS 0x000000008e200000, 0x000000008e200000| Untracked 
| 227|0x000000008e300000, 0x000000008e300000, 0x000000008e400000|  0%| F|  |TAMS 0x000000008e300000, 0x000000008e300000| Untracked 
| 228|0x000000008e400000, 0x000000008e400000, 0x000000008e500000|  0%| F|  |TAMS 0x000000008e400000, 0x000000008e400000| Untracked 
| 229|0x000000008e500000, 0x000000008e500000, 0x000000008e600000|  0%| F|  |TAMS 0x000000008e500000, 0x000000008e500000| Untracked 
| 230|0x000000008e600000, 0x000000008e600000, 0x000000008e700000|  0%| F|  |TAMS 0x000000008e600000, 0x000000008e600000| Untracked 
| 231|0x000000008e700000, 0x000000008e700000, 0x000000008e800000|  0%| F|  |TAMS 0x000000008e700000, 0x000000008e700000| Untracked 
| 232|0x000000008e800000, 0x000000008e800000, 0x000000008e900000|  0%| F|  |TAMS 0x000000008e800000, 0x000000008e800000| Untracked 
| 233|0x000000008e900000, 0x000000008e900000, 0x000000008ea00000|  0%| F|  |TAMS 0x000000008e900000, 0x000000008e900000| Untracked 
| 234|0x000000008ea00000, 0x000000008ea00000, 0x000000008eb00000|  0%| F|  |TAMS 0x000000008ea00000, 0x000000008ea00000| Untracked 
| 235|0x000000008eb00000, 0x000000008eb00000, 0x000000008ec00000|  0%| F|  |TAMS 0x000000008eb00000, 0x000000008eb00000| Untracked 
| 236|0x000000008ec00000, 0x000000008ec00000, 0x000000008ed00000|  0%| F|  |TAMS 0x000000008ec00000, 0x000000008ec00000| Untracked 
| 237|0x000000008ed00000, 0x000000008ed00000, 0x000000008ee00000|  0%| F|  |TAMS 0x000000008ed00000, 0x000000008ed00000| Untracked 
| 238|0x000000008ee00000, 0x000000008ee00000, 0x000000008ef00000|  0%| F|  |TAMS 0x000000008ee00000, 0x000000008ee00000| Untracked 
| 239|0x000000008ef00000, 0x000000008ef00000, 0x000000008f000000|  0%| F|  |TAMS 0x000000008ef00000, 0x000000008ef00000| Untracked 
| 240|0x000000008f000000, 0x000000008f000000, 0x000000008f100000|  0%| F|  |TAMS 0x000000008f000000, 0x000000008f000000| Untracked 
| 241|0x000000008f100000, 0x000000008f100000, 0x000000008f200000|  0%| F|  |TAMS 0x000000008f100000, 0x000000008f100000| Untracked 
| 242|0x000000008f200000, 0x000000008f200000, 0x000000008f300000|  0%| F|  |TAMS 0x000000008f200000, 0x000000008f200000| Untracked 
| 243|0x000000008f300000, 0x000000008f3a7b50, 0x000000008f400000| 65%| S|CS|TAMS 0x000000008f300000, 0x000000008f300000| Complete 
| 244|0x000000008f400000, 0x000000008f400000, 0x000000008f500000|  0%| F|  |TAMS 0x000000008f400000, 0x000000008f400000| Untracked 
| 245|0x000000008f500000, 0x000000008f500000, 0x000000008f600000|  0%| F|  |TAMS 0x000000008f500000, 0x000000008f500000| Untracked 
| 246|0x000000008f600000, 0x000000008f600000, 0x000000008f700000|  0%| F|  |TAMS 0x000000008f600000, 0x000000008f600000| Untracked 
| 247|0x000000008f700000, 0x000000008f700000, 0x000000008f800000|  0%| F|  |TAMS 0x000000008f700000, 0x000000008f700000| Untracked 
| 248|0x000000008f800000, 0x000000008f800000, 0x000000008f900000|  0%| F|  |TAMS 0x000000008f800000, 0x000000008f800000| Untracked 
| 249|0x000000008f900000, 0x000000008f900000, 0x000000008fa00000|  0%| F|  |TAMS 0x000000008f900000, 0x000000008f900000| Untracked 
| 250|0x000000008fa00000, 0x000000008fa00000, 0x000000008fb00000|  0%| F|  |TAMS 0x000000008fa00000, 0x000000008fa00000| Untracked 
| 251|0x000000008fb00000, 0x000000008fb00000, 0x000000008fc00000|  0%| F|  |TAMS 0x000000008fb00000, 0x000000008fb00000| Untracked 
| 252|0x000000008fc00000, 0x000000008fc00000, 0x000000008fd00000|  0%| F|  |TAMS 0x000000008fc00000, 0x000000008fc00000| Untracked 
| 253|0x000000008fd00000, 0x000000008fd00000, 0x000000008fe00000|  0%| F|  |TAMS 0x000000008fd00000, 0x000000008fd00000| Untracked 
| 254|0x000000008fe00000, 0x000000008fe2c940, 0x000000008ff00000| 17%| E|  |TAMS 0x000000008fe00000, 0x000000008fe00000| Complete 
| 255|0x000000008ff00000, 0x0000000090000000, 0x0000000090000000|100%| E|CS|TAMS 0x000000008ff00000, 0x000000008ff00000| Complete 
| 256|0x0000000090000000, 0x0000000090100000, 0x0000000090100000|100%| E|CS|TAMS 0x0000000090000000, 0x0000000090000000| Complete 
| 257|0x0000000090100000, 0x0000000090200000, 0x0000000090200000|100%| E|CS|TAMS 0x0000000090100000, 0x0000000090100000| Complete 
| 258|0x0000000090200000, 0x0000000090300000, 0x0000000090300000|100%| E|CS|TAMS 0x0000000090200000, 0x0000000090200000| Complete 
| 259|0x0000000090300000, 0x0000000090400000, 0x0000000090400000|100%| E|CS|TAMS 0x0000000090300000, 0x0000000090300000| Complete 
| 260|0x0000000090400000, 0x0000000090500000, 0x0000000090500000|100%| E|CS|TAMS 0x0000000090400000, 0x0000000090400000| Complete 
| 261|0x0000000090500000, 0x0000000090600000, 0x0000000090600000|100%| E|CS|TAMS 0x0000000090500000, 0x0000000090500000| Complete 
| 262|0x0000000090600000, 0x0000000090700000, 0x0000000090700000|100%| E|CS|TAMS 0x0000000090600000, 0x0000000090600000| Complete 
| 263|0x0000000090700000, 0x0000000090800000, 0x0000000090800000|100%| E|CS|TAMS 0x0000000090700000, 0x0000000090700000| Complete 

Card table byte_map: [0x0000013a36870000,0x0000013a36c70000] _byte_map_base: 0x0000013a36470000

Marking Bits (Prev, Next): (CMBitMap*) 0x0000013a1f42ac70, (CMBitMap*) 0x0000013a1f42acb0
 Prev Bits: [0x0000013a37070000, 0x0000013a39070000)
 Next Bits: [0x0000013a39070000, 0x0000013a3b070000)

Polling page: 0x0000013a1d2c0000

Metaspace:

Usage:
  Non-class:     92.58 MB used.
      Class:     14.80 MB used.
       Both:    107.37 MB used.

Virtual space:
  Non-class space:      128.00 MB reserved,      93.31 MB ( 73%) committed,  2 nodes.
      Class space:      416.00 MB reserved,      15.44 MB (  4%) committed,  1 nodes.
             Both:      544.00 MB reserved,     108.75 MB ( 20%) committed. 

Chunk freelists:
   Non-Class:  2.57 MB
       Class:  543.00 KB
        Both:  3.10 MB

MaxMetaspaceSize: 512.00 MB
CompressedClassSpaceSize: 416.00 MB
Initial GC threshold: 21.00 MB
Current GC threshold: 171.38 MB
CDS: on
MetaspaceReclaimPolicy: balanced
 - commit_granule_bytes: 65536.
 - commit_granule_words: 8192.
 - virtual_space_node_default_size: 8388608.
 - enlarge_chunks_in_place: 1.
 - new_chunks_are_fully_committed: 0.
 - uncommit_free_chunks: 1.
 - use_allocation_guard: 0.
 - handle_deallocations: 1.


Internal statistics:

num_allocs_failed_limit: 6.
num_arena_births: 1704.
num_arena_deaths: 6.
num_vsnodes_births: 3.
num_vsnodes_deaths: 0.
num_space_committed: 1739.
num_space_uncommitted: 0.
num_chunks_returned_to_freelist: 26.
num_chunks_taken_from_freelist: 6490.
num_chunk_merges: 9.
num_chunk_splits: 4176.
num_chunks_enlarged: 2612.
num_inconsistent_stats: 0.

CodeHeap 'non-profiled nmethods': size=120000Kb used=9933Kb max_used=9933Kb free=110066Kb
 bounds [0x0000013a2e9f0000, 0x0000013a2f3b0000, 0x0000013a35f20000]
CodeHeap 'profiled nmethods': size=120000Kb used=27025Kb max_used=27025Kb free=92974Kb
 bounds [0x0000013a26f20000, 0x0000013a28990000, 0x0000013a2e450000]
CodeHeap 'non-nmethods': size=5760Kb used=2462Kb max_used=2535Kb free=3297Kb
 bounds [0x0000013a2e450000, 0x0000013a2e6d0000, 0x0000013a2e9f0000]
 total_blobs=14747 nmethods=13744 adapters=914
 compilation: enabled
              stopped_count=0, restarted_count=0
 full_count=0

Compilation events (20 events):
Event: 56.951 Thread 0x0000013a3dce7df0 15878       1       java.lang.invoke.MethodHandle::isVarargsCollector (2 bytes)
Event: 56.951 Thread 0x0000013a3dce7df0 nmethod 15878 0x0000013a2f3a2e10 code [0x0000013a2f3a2fa0, 0x0000013a2f3a3078]
Event: 56.960 Thread 0x0000013a3dce4930 15879   !   4       org.gradle.internal.classloader.VisitableURLClassLoader$InstrumentingVisitableURLClassLoader::findClass (36 bytes)
Event: 56.961 Thread 0x0000013a3dce7df0 15881       3       java.lang.invoke.DelegatingMethodHandle$Holder::delegate (25 bytes)
Event: 56.962 Thread 0x0000013a3dce7df0 nmethod 15881 0x0000013a28976e90 code [0x0000013a28977060, 0x0000013a28977628]
Event: 56.962 Thread 0x0000013a3dce7df0 15882   !   3       java.lang.invoke.StringConcatFactory::makeConcatWithConstants (251 bytes)
Event: 56.963 Thread 0x0000013a3dce7df0 nmethod 15882 0x0000013a28977790 code [0x0000013a28977d00, 0x0000013a2897a208]
Event: 56.963 Thread 0x0000013a3dce7df0 15883       3       java.lang.invoke.BoundMethodHandle::copyWith (7 bytes)
Event: 56.963 Thread 0x0000013a3dce7df0 nmethod 15883 0x0000013a2897b190 code [0x0000013a2897b340, 0x0000013a2897b508]
Event: 56.965 Thread 0x0000013a3dce7df0 15884       3       java.io.File::getCanonicalPath (31 bytes)
Event: 56.965 Thread 0x0000013a3dce7df0 nmethod 15884 0x0000013a2897b590 code [0x0000013a2897b760, 0x0000013a2897ba18]
Event: 56.965 Thread 0x0000013a3dce7df0 15885       3       java.io.WinNTFileSystem::canonicalize (372 bytes)
Event: 56.966 Thread 0x0000013a3dce7df0 nmethod 15885 0x0000013a2897bb10 code [0x0000013a2897c160, 0x0000013a2897f478]
Event: 57.996 Thread 0x0000013a3dce7df0 15886       3       java.lang.ProcessEnvironment$CheckedEntrySet$1::hasNext (10 bytes)
Event: 57.996 Thread 0x0000013a3dce7df0 nmethod 15886 0x0000013a28980590 code [0x0000013a28980740, 0x0000013a28980908]
Event: 59.218 Thread 0x0000013a3dce7df0 15887       1       com.sun.management.internal.PlatformMBeanProviderImpl$2::mbeanInterfaceNames (5 bytes)
Event: 59.218 Thread 0x0000013a3dce7df0 nmethod 15887 0x0000013a2f3a3110 code [0x0000013a2f3a32a0, 0x0000013a2f3a3378]
Event: 59.218 Thread 0x0000013a3dce7df0 15888       1       com.sun.management.internal.PlatformMBeanProviderImpl$3::mbeanInterfaceNames (5 bytes)
Event: 60.020 Thread 0x0000013a3dce7df0 nmethod 15888 0x0000013a2f3a3410 code [0x0000013a2f3a35a0, 0x0000013a2f3a3678]
Event: 60.022 Thread 0x0000013a3dce7df0 15893       3       java.lang.Thread::checkAccess (14 bytes)

GC Heap History (20 events):
Event: 45.610 GC heap before
{Heap before GC invocations=56 (full 0):
 garbage-first heap   total 232448K, used 148034K [0x0000000080000000, 0x0000000100000000)
  region size 1024K, 11 young (11264K), 5 survivors (5120K)
 Metaspace       used 103440K, committed 104576K, reserved 557056K
  class space    used 14401K, committed 14912K, reserved 425984K
}
Event: 45.613 GC heap after
{Heap after GC invocations=57 (full 0):
 garbage-first heap   total 232448K, used 142746K [0x0000000080000000, 0x0000000100000000)
  region size 1024K, 1 young (1024K), 1 survivors (1024K)
 Metaspace       used 103440K, committed 104576K, reserved 557056K
  class space    used 14401K, committed 14912K, reserved 425984K
}
Event: 46.500 GC heap before
{Heap before GC invocations=57 (full 0):
 garbage-first heap   total 232448K, used 191898K [0x0000000080000000, 0x0000000100000000)
  region size 1024K, 45 young (46080K), 1 survivors (1024K)
 Metaspace       used 104094K, committed 105280K, reserved 557056K
  class space    used 14467K, committed 14976K, reserved 425984K
}
Event: 46.506 GC heap after
{Heap after GC invocations=58 (full 0):
 garbage-first heap   total 232448K, used 158009K [0x0000000080000000, 0x0000000100000000)
  region size 1024K, 6 young (6144K), 6 survivors (6144K)
 Metaspace       used 104094K, committed 105280K, reserved 557056K
  class space    used 14467K, committed 14976K, reserved 425984K
}
Event: 49.158 GC heap before
{Heap before GC invocations=59 (full 0):
 garbage-first heap   total 270336K, used 190777K [0x0000000080000000, 0x0000000100000000)
  region size 1024K, 34 young (34816K), 6 survivors (6144K)
 Metaspace       used 104320K, committed 105536K, reserved 557056K
  class space    used 14485K, committed 15040K, reserved 425984K
}
Event: 49.166 GC heap after
{Heap after GC invocations=60 (full 0):
 garbage-first heap   total 270336K, used 170765K [0x0000000080000000, 0x0000000100000000)
  region size 1024K, 5 young (5120K), 5 survivors (5120K)
 Metaspace       used 104320K, committed 105536K, reserved 557056K
  class space    used 14485K, committed 15040K, reserved 425984K
}
Event: 49.361 GC heap before
{Heap before GC invocations=60 (full 0):
 garbage-first heap   total 270336K, used 178957K [0x0000000080000000, 0x0000000100000000)
  region size 1024K, 13 young (13312K), 5 survivors (5120K)
 Metaspace       used 104492K, committed 105664K, reserved 557056K
  class space    used 14508K, committed 15040K, reserved 425984K
}
Event: 49.365 GC heap after
{Heap after GC invocations=61 (full 0):
 garbage-first heap   total 270336K, used 171953K [0x0000000080000000, 0x0000000100000000)
  region size 1024K, 2 young (2048K), 2 survivors (2048K)
 Metaspace       used 104492K, committed 105664K, reserved 557056K
  class space    used 14508K, committed 15040K, reserved 425984K
}
Event: 49.793 GC heap before
{Heap before GC invocations=61 (full 0):
 garbage-first heap   total 270336K, used 217009K [0x0000000080000000, 0x0000000100000000)
  region size 1024K, 46 young (47104K), 2 survivors (2048K)
 Metaspace       used 106198K, committed 107456K, reserved 557056K
  class space    used 14727K, committed 15296K, reserved 425984K
}
Event: 49.797 GC heap after
{Heap after GC invocations=62 (full 0):
 garbage-first heap   total 270336K, used 180540K [0x0000000080000000, 0x0000000100000000)
  region size 1024K, 6 young (6144K), 6 survivors (6144K)
 Metaspace       used 106198K, committed 107456K, reserved 557056K
  class space    used 14727K, committed 15296K, reserved 425984K
}
Event: 50.461 GC heap before
{Heap before GC invocations=62 (full 0):
 garbage-first heap   total 270336K, used 220476K [0x0000000080000000, 0x0000000100000000)
  region size 1024K, 44 young (45056K), 6 survivors (6144K)
 Metaspace       used 106929K, committed 108352K, reserved 557056K
  class space    used 14823K, committed 15488K, reserved 425984K
}
Event: 50.468 GC heap after
{Heap after GC invocations=63 (full 0):
 garbage-first heap   total 270336K, used 191321K [0x0000000080000000, 0x0000000100000000)
  region size 1024K, 6 young (6144K), 6 survivors (6144K)
 Metaspace       used 106929K, committed 108352K, reserved 557056K
  class space    used 14823K, committed 15488K, reserved 425984K
}
Event: 50.828 GC heap before
{Heap before GC invocations=63 (full 0):
 garbage-first heap   total 270336K, used 224089K [0x0000000080000000, 0x0000000100000000)
  region size 1024K, 36 young (36864K), 6 survivors (6144K)
 Metaspace       used 107109K, committed 108480K, reserved 557056K
  class space    used 14847K, committed 15488K, reserved 425984K
}
Event: 50.833 GC heap after
{Heap after GC invocations=64 (full 0):
 garbage-first heap   total 270336K, used 201011K [0x0000000080000000, 0x0000000100000000)
  region size 1024K, 5 young (5120K), 5 survivors (5120K)
 Metaspace       used 107109K, committed 108480K, reserved 557056K
  class space    used 14847K, committed 15488K, reserved 425984K
}
Event: 51.031 GC heap before
{Heap before GC invocations=64 (full 0):
 garbage-first heap   total 270336K, used 224563K [0x0000000080000000, 0x0000000100000000)
  region size 1024K, 29 young (29696K), 5 survivors (5120K)
 Metaspace       used 107650K, committed 109056K, reserved 557056K
  class space    used 14891K, committed 15552K, reserved 425984K
}
Event: 51.037 GC heap after
{Heap after GC invocations=65 (full 0):
 garbage-first heap   total 270336K, used 205798K [0x0000000080000000, 0x0000000100000000)
  region size 1024K, 4 young (4096K), 4 survivors (4096K)
 Metaspace       used 107650K, committed 109056K, reserved 557056K
  class space    used 14891K, committed 15552K, reserved 425984K
}
Event: 51.783 GC heap before
{Heap before GC invocations=65 (full 0):
 garbage-first heap   total 270336K, used 232422K [0x0000000080000000, 0x0000000100000000)
  region size 1024K, 26 young (26624K), 4 survivors (4096K)
 Metaspace       used 109236K, committed 110592K, reserved 557056K
  class space    used 15039K, committed 15680K, reserved 425984K
}
Event: 51.788 GC heap after
{Heap after GC invocations=66 (full 0):
 garbage-first heap   total 270336K, used 208912K [0x0000000080000000, 0x0000000100000000)
  region size 1024K, 4 young (4096K), 4 survivors (4096K)
 Metaspace       used 109236K, committed 110592K, reserved 557056K
  class space    used 15039K, committed 15680K, reserved 425984K
}
Event: 54.248 GC heap before
{Heap before GC invocations=66 (full 0):
 garbage-first heap   total 270336K, used 228368K [0x0000000080000000, 0x0000000100000000)
  region size 1024K, 24 young (24576K), 4 survivors (4096K)
 Metaspace       used 109522K, committed 110912K, reserved 557056K
  class space    used 15087K, committed 15744K, reserved 425984K
}
Event: 54.250 GC heap after
{Heap after GC invocations=67 (full 0):
 garbage-first heap   total 270336K, used 209456K [0x0000000080000000, 0x0000000100000000)
  region size 1024K, 1 young (1024K), 1 survivors (1024K)
 Metaspace       used 109522K, committed 110912K, reserved 557056K
  class space    used 15087K, committed 15744K, reserved 425984K
}

Dll operation events (15 events):
Event: 0.016 Loaded shared library C:\Program Files\Eclipse Adoptium\jdk-17.0.18.8-hotspot\bin\java.dll
Event: 0.029 Loaded shared library C:\Program Files\Eclipse Adoptium\jdk-17.0.18.8-hotspot\bin\jsvml.dll
Event: 0.063 Loaded shared library C:\Program Files\Eclipse Adoptium\jdk-17.0.18.8-hotspot\bin\zip.dll
Event: 0.066 Loaded shared library C:\Program Files\Eclipse Adoptium\jdk-17.0.18.8-hotspot\bin\instrument.dll
Event: 0.069 Loaded shared library C:\Program Files\Eclipse Adoptium\jdk-17.0.18.8-hotspot\bin\net.dll
Event: 0.072 Loaded shared library C:\Program Files\Eclipse Adoptium\jdk-17.0.18.8-hotspot\bin\nio.dll
Event: 0.075 Loaded shared library C:\Program Files\Eclipse Adoptium\jdk-17.0.18.8-hotspot\bin\zip.dll
Event: 0.195 Loaded shared library C:\Program Files\Eclipse Adoptium\jdk-17.0.18.8-hotspot\bin\jimage.dll
Event: 0.257 Loaded shared library C:\Program Files\Eclipse Adoptium\jdk-17.0.18.8-hotspot\bin\verify.dll
Event: 0.392 Loaded shared library C:\Users\HP\.gradle\native\68d5fa5c4cc2d200863cafc0d521ce42e7d3e7ee720ec0a83991735586a16f82\windows-amd64\native-platform.dll
Event: 0.405 Loaded shared library C:\Users\HP\.gradle\native\e376f236ea51e6404a007f0833ffe2c6e607c4080706a723a18a27aeea778392\windows-amd64\native-platform-file-events.dll
Event: 1.184 Loaded shared library C:\Program Files\Eclipse Adoptium\jdk-17.0.18.8-hotspot\bin\management.dll
Event: 1.187 Loaded shared library C:\Program Files\Eclipse Adoptium\jdk-17.0.18.8-hotspot\bin\management_ext.dll
Event: 1.338 Loaded shared library C:\Program Files\Eclipse Adoptium\jdk-17.0.18.8-hotspot\bin\extnet.dll
Event: 1.508 Loaded shared library C:\Program Files\Eclipse Adoptium\jdk-17.0.18.8-hotspot\bin\sunmscapi.dll

Deoptimization events (20 events):
Event: 56.907 Thread 0x0000013a5e0b7680 Uncommon trap: trap_request=0xffffff45 fr.pc=0x0000013a2efbf3a0 relative=0x0000000000001560
Event: 56.907 Thread 0x0000013a5e0b7680 Uncommon trap: reason=unstable_if action=reinterpret pc=0x0000013a2efbf3a0 method=com.google.gson.stream.JsonReader.nextQuotedValue(C)Ljava/lang/String; @ 96 c2
Event: 56.907 Thread 0x0000013a5e0b7680 DEOPT PACKING pc=0x0000013a2efbf3a0 sp=0x0000001426af9150
Event: 56.907 Thread 0x0000013a5e0b7680 DEOPT UNPACKING pc=0x0000013a2e4a69a3 sp=0x0000001426af9148 mode 2
Event: 56.951 Thread 0x0000013a5e0b7680 Uncommon trap: trap_request=0xffffff45 fr.pc=0x0000013a2edff914 relative=0x0000000000000074
Event: 56.951 Thread 0x0000013a5e0b7680 Uncommon trap: reason=unstable_if action=reinterpret pc=0x0000013a2edff914 method=org.gradle.internal.logging.slf4j.OutputEventListenerBackedLogger.isLevelAtMost(Lorg/gradle/api/logging/LogLevel;)Z @ 11 c2
Event: 56.951 Thread 0x0000013a5e0b7680 DEOPT PACKING pc=0x0000013a2edff914 sp=0x0000001426af9370
Event: 56.951 Thread 0x0000013a5e0b7680 DEOPT UNPACKING pc=0x0000013a2e4a69a3 sp=0x0000001426af9310 mode 2
Event: 56.951 Thread 0x0000013a5e0b7680 Uncommon trap: trap_request=0xffffffde fr.pc=0x0000013a2f0df43c relative=0x0000000000000d5c
Event: 56.951 Thread 0x0000013a5e0b7680 Uncommon trap: reason=class_check action=maybe_recompile pc=0x0000013a2f0df43c method=org.gradle.internal.logging.sink.OutputEventTransformer.onOutput(Lorg/gradle/internal/logging/events/OutputEvent;)V @ 308 c2
Event: 56.951 Thread 0x0000013a5e0b7680 DEOPT PACKING pc=0x0000013a2f0df43c sp=0x0000001426af92a0
Event: 56.951 Thread 0x0000013a5e0b7680 DEOPT UNPACKING pc=0x0000013a2e4a69a3 sp=0x0000001426af92a8 mode 2
Event: 56.952 Thread 0x0000013a5e0b7680 Uncommon trap: trap_request=0xffffffde fr.pc=0x0000013a2f0e5b08 relative=0x00000000000000c8
Event: 56.952 Thread 0x0000013a5e0b7680 Uncommon trap: reason=class_check action=maybe_recompile pc=0x0000013a2f0e5b08 method=org.gradle.internal.operations.logging.LoggingBuildOperationProgressBroadcaster.onOutput(Lorg/gradle/internal/logging/events/OutputEvent;)V @ 8 c2
Event: 56.952 Thread 0x0000013a5e0b7680 DEOPT PACKING pc=0x0000013a2f0e5b08 sp=0x0000001426af9330
Event: 56.952 Thread 0x0000013a5e0b7680 DEOPT UNPACKING pc=0x0000013a2e4a69a3 sp=0x0000001426af92b0 mode 2
Event: 57.996 Thread 0x0000013a5e0b7680 Uncommon trap: trap_request=0xffffff45 fr.pc=0x0000013a2f1c3ec4 relative=0x0000000000000f84
Event: 57.996 Thread 0x0000013a5e0b7680 Uncommon trap: reason=unstable_if action=reinterpret pc=0x0000013a2f1c3ec4 method=java.io.WinNTFileSystem.resolve(Ljava/lang/String;Ljava/lang/String;)Ljava/lang/String; @ 70 c2
Event: 57.996 Thread 0x0000013a5e0b7680 DEOPT PACKING pc=0x0000013a2f1c3ec4 sp=0x0000001426af8ba0
Event: 57.996 Thread 0x0000013a5e0b7680 DEOPT UNPACKING pc=0x0000013a2e4a69a3 sp=0x0000001426af8ae8 mode 2

Classes loaded (20 events):
Event: 49.531 Loading class java/util/PropertiesCustomizer
Event: 49.531 Loading class java/util/PropertiesCustomizer done
Event: 49.663 Loading class sun/invoke/util/ValueConversions$1
Event: 49.663 Loading class sun/invoke/util/ValueConversions$1 done
Event: 49.664 Loading class java/lang/invoke/BoundMethodHandle$Species_LI
Event: 49.664 Loading class java/lang/invoke/BoundMethodHandle$Species_LI done
Event: 49.672 Loading class jdk/internal/reflect/UnsafeIntegerFieldAccessorImpl
Event: 49.673 Loading class jdk/internal/reflect/UnsafeIntegerFieldAccessorImpl done
Event: 49.673 Loading class jdk/internal/reflect/UnsafeByteFieldAccessorImpl
Event: 49.673 Loading class jdk/internal/reflect/UnsafeByteFieldAccessorImpl done
Event: 49.675 Loading class jdk/internal/reflect/UnsafeQualifiedIntegerFieldAccessorImpl
Event: 49.675 Loading class jdk/internal/reflect/UnsafeQualifiedIntegerFieldAccessorImpl done
Event: 49.684 Loading class jdk/internal/reflect/UnsafeQualifiedBooleanFieldAccessorImpl
Event: 49.684 Loading class jdk/internal/reflect/UnsafeQualifiedBooleanFieldAccessorImpl done
Event: 50.055 Loading class java/lang/StackTraceElement$HashedModules
Event: 50.055 Loading class java/lang/StackTraceElement$HashedModules done
Event: 51.142 Loading class java/io/SerialCallbackContext
Event: 51.142 Loading class java/io/SerialCallbackContext done
Event: 51.158 Loading class java/util/HashMap$UnsafeHolder
Event: 51.158 Loading class java/util/HashMap$UnsafeHolder done

Classes unloaded (20 events):
Event: 26.061 Thread 0x0000013a3dcc0e10 Unloading class 0x0000013a3f9f03e8 '_BuildScript_$_run_closure2$_closure6$_closure8'
Event: 26.061 Thread 0x0000013a3dcc0e10 Unloading class 0x0000013a3f9f0000 '_BuildScript_$_run_closure2$_closure6'
Event: 26.061 Thread 0x0000013a3dcc0e10 Unloading class 0x0000013a3f9edbb8 '_BuildScript_$_run_closure2$_closure5$_closure7'
Event: 26.061 Thread 0x0000013a3dcc0e10 Unloading class 0x0000013a3f9ed7d0 '_BuildScript_$_run_closure2$_closure5'
Event: 26.061 Thread 0x0000013a3dcc0e10 Unloading class 0x0000013a3f9ed3e8 '_BuildScript_$_run_closure2$_closure4'
Event: 26.061 Thread 0x0000013a3dcc0e10 Unloading class 0x0000013a3f9ed000 '_BuildScript_$_run_closure2'
Event: 26.061 Thread 0x0000013a3dcc0e10 Unloading class 0x0000013a3f9ecc00 '_BuildScript_$_run_closure1'
Event: 26.061 Thread 0x0000013a3dcc0e10 Unloading class 0x0000013a3f9ec000 '_BuildScript_'
Event: 46.583 Thread 0x0000013a3dcc0e10 Unloading class 0x0000013a3fe4b388 '_BuildScript_$_run_closure3'
Event: 46.583 Thread 0x0000013a3dcc0e10 Unloading class 0x0000013a3fe4afa0 '_BuildScript_$_run_closure2$_closure6'
Event: 46.583 Thread 0x0000013a3dcc0e10 Unloading class 0x0000013a3fe4abb8 '_BuildScript_$_run_closure2'
Event: 46.583 Thread 0x0000013a3dcc0e10 Unloading class 0x0000013a3fe4a7d0 '_BuildScript_$_run_closure1$_closure5'
Event: 46.583 Thread 0x0000013a3dcc0e10 Unloading class 0x0000013a3fe4a3e8 '_BuildScript_$_run_closure1$_closure4'
Event: 46.583 Thread 0x0000013a3dcc0e10 Unloading class 0x0000013a3fe4a000 '_BuildScript_$_run_closure1'
Event: 46.583 Thread 0x0000013a3dcc0e10 Unloading class 0x0000013a3fe49800 '_BuildScript_'
Event: 46.583 Thread 0x0000013a3dcc0e10 Unloading class 0x0000013a3fe47000 '_BuildScript_$_run_closure1$_closure3'
Event: 46.583 Thread 0x0000013a3dcc0e10 Unloading class 0x0000013a3fe45c00 '_BuildScript_$_run_closure1$_closure2$_closure4'
Event: 46.583 Thread 0x0000013a3dcc0e10 Unloading class 0x0000013a3fe46920 '_BuildScript_$_run_closure1$_closure2'
Event: 46.583 Thread 0x0000013a3dcc0e10 Unloading class 0x0000013a3fe46538 '_BuildScript_$_run_closure1'
Event: 46.583 Thread 0x0000013a3dcc0e10 Unloading class 0x0000013a3fe46000 '_BuildScript_'

Classes redefined (0 events):
No events

Internal exceptions (20 events):
Event: 50.485 Thread 0x0000013a5f5325b0 Exception <a 'java/lang/ClassNotFoundException'{0x000000009050ee00}: org/gradle/api/internal/artifacts/dependencies/AbstractDependencyCustomizer> (0x000000009050ee00) 
thrown [s\src\hotspot\share\classfile\systemDictionary.cpp, line 256]
Event: 50.486 Thread 0x0000013a5f5325b0 Exception <a 'java/lang/ClassNotFoundException'{0x00000000905297b8}: org/gradle/api/internal/artifacts/dependencies/AbstractModuleDependencyCustomizer> (0x00000000905297b8) 
thrown [s\src\hotspot\share\classfile\systemDictionary.cpp, line 256]
Event: 50.488 Thread 0x0000013a5f5325b0 Exception <a 'java/lang/ClassNotFoundException'{0x000000009055fe80}: org/gradle/api/internal/artifacts/dependencies/AbstractExternalModuleDependencyCustomizer> (0x000000009055fe80) 
thrown [s\src\hotspot\share\classfile\systemDictionary.cpp, line 256]
Event: 50.490 Thread 0x0000013a5f5325b0 Exception <a 'java/lang/ClassNotFoundException'{0x000000009058c780}: org/gradle/api/internal/artifacts/dependencies/DefaultExternalModuleDependencyCustomizer> (0x000000009058c780) 
thrown [s\src\hotspot\share\classfile\systemDictionary.cpp, line 256]
Event: 50.491 Thread 0x0000013a5f5325b0 Exception <a 'java/lang/ClassNotFoundException'{0x00000000905b44e8}: org/gradle/api/internal/artifacts/dependencies/DefaultExternalModuleDependency_DecoratedCustomizer> (0x00000000905b44e8) 
thrown [s\src\hotspot\share\classfile\systemDictionary.cpp, line 256]
Event: 50.527 Thread 0x0000013a5f5325b0 Exception <a 'java/lang/ClassNotFoundException'{0x00000000902a5980}: build_4s5jqanlz77bu9q2qj0z05rcnBeanInfo> (0x00000000902a5980) 
thrown [s\src\hotspot\share\classfile\systemDictionary.cpp, line 256]
Event: 50.527 Thread 0x0000013a5f5325b0 Exception <a 'java/lang/ClassNotFoundException'{0x00000000902ac3c0}: build_4s5jqanlz77bu9q2qj0z05rcnCustomizer> (0x00000000902ac3c0) 
thrown [s\src\hotspot\share\classfile\systemDictionary.cpp, line 256]
Event: 50.737 Thread 0x0000013a5f5325b0 Exception <a 'java/lang/ClassNotFoundException'{0x000000008f2b26e8}: build_4s5jqanlz77bu9q2qj0z05rcnBeanInfo> (0x000000008f2b26e8) 
thrown [s\src\hotspot\share\classfile\systemDictionary.cpp, line 256]
Event: 50.738 Thread 0x0000013a5f5325b0 Exception <a 'java/lang/ClassNotFoundException'{0x000000008f2b90c8}: build_4s5jqanlz77bu9q2qj0z05rcnCustomizer> (0x000000008f2b90c8) 
thrown [s\src\hotspot\share\classfile\systemDictionary.cpp, line 256]
Event: 50.817 Thread 0x0000013a5f5325b0 Exception <a 'java/lang/ClassNotFoundException'{0x000000008ecf9c88}: build_4s5jqanlz77bu9q2qj0z05rcn$_run_closure1BeanInfo> (0x000000008ecf9c88) 
thrown [s\src\hotspot\share\classfile\systemDictionary.cpp, line 256]
Event: 50.818 Thread 0x0000013a5f5325b0 Exception <a 'java/lang/ClassNotFoundException'{0x000000008eb05880}: build_4s5jqanlz77bu9q2qj0z05rcn$_run_closure1Customizer> (0x000000008eb05880) 
thrown [s\src\hotspot\share\classfile\systemDictionary.cpp, line 256]
Event: 50.859 Thread 0x0000013a5f5325b0 Exception <a 'java/lang/ClassNotFoundException'{0x00000000907e9628}: build_89eizq8z07uwdvr4ry21nx8eaBeanInfo> (0x00000000907e9628) 
thrown [s\src\hotspot\share\classfile\systemDictionary.cpp, line 256]
Event: 50.859 Thread 0x0000013a5f5325b0 Exception <a 'java/lang/ClassNotFoundException'{0x00000000907f0068}: build_89eizq8z07uwdvr4ry21nx8eaCustomizer> (0x00000000907f0068) 
thrown [s\src\hotspot\share\classfile\systemDictionary.cpp, line 256]
Event: 50.868 Thread 0x0000013a5f5325b0 Exception <a 'java/lang/ClassNotFoundException'{0x0000000090552a50}: build_89eizq8z07uwdvr4ry21nx8ea$_run_closure1BeanInfo> (0x0000000090552a50) 
thrown [s\src\hotspot\share\classfile\systemDictionary.cpp, line 256]
Event: 50.868 Thread 0x0000013a5f5325b0 Exception <a 'java/lang/ClassNotFoundException'{0x000000009055c630}: build_89eizq8z07uwdvr4ry21nx8ea$_run_closure1Customizer> (0x000000009055c630) 
thrown [s\src\hotspot\share\classfile\systemDictionary.cpp, line 256]
Event: 50.994 Thread 0x0000013a5f5325b0 Implicit null exception at 0x0000013a2f1292ee to 0x0000013a2f1317b0
Event: 50.994 Thread 0x0000013a5f5325b0 Implicit null exception at 0x0000013a2f23eb0a to 0x0000013a2f23ebea
Event: 51.142 Thread 0x0000013a5f5325b0 Exception <a 'java/lang/NoSuchMethodError'{0x000000008ff3b820}: static Lcom/android/build/gradle/internal/profile/ProjectData;.<clinit>()V> (0x000000008ff3b820) 
thrown [s\src\hotspot\share\prims\jni.cpp, line 1112]
Event: 51.156 Thread 0x0000013a5f5325b0 Exception <a 'java/lang/NoSuchMethodError'{0x000000008ffd6ca8}: static Lcom/android/build/gradle/internal/profile/TaskMetadata;.<clinit>()V> (0x000000008ffd6ca8) 
thrown [s\src\hotspot\share\prims\jni.cpp, line 1112]
Event: 51.201 Thread 0x0000013a5f5325b0 Exception <a 'sun/nio/fs/WindowsException'{0x000000008fcf74e8}> (0x000000008fcf74e8) 
thrown [s\src\hotspot\share\prims\jni.cpp, line 516]

VM Operations (20 events):
Event: 51.031 Executing VM operation: G1CollectForAllocation
Event: 51.037 Executing VM operation: G1CollectForAllocation done
Event: 51.145 Executing VM operation: HandshakeAllThreads
Event: 51.145 Executing VM operation: HandshakeAllThreads done
Event: 51.783 Executing VM operation: G1CollectForAllocation
Event: 51.788 Executing VM operation: G1CollectForAllocation done
Event: 52.796 Executing VM operation: Cleanup
Event: 52.796 Executing VM operation: Cleanup done
Event: 53.797 Executing VM operation: Cleanup
Event: 53.797 Executing VM operation: Cleanup done
Event: 54.247 Executing VM operation: G1CollectForAllocation
Event: 54.250 Executing VM operation: G1CollectForAllocation done
Event: 55.250 Executing VM operation: Cleanup
Event: 55.250 Executing VM operation: Cleanup done
Event: 56.255 Executing VM operation: Cleanup
Event: 56.256 Executing VM operation: Cleanup done
Event: 57.259 Executing VM operation: Cleanup
Event: 57.259 Executing VM operation: Cleanup done
Event: 58.273 Executing VM operation: Cleanup
Event: 59.010 Executing VM operation: Cleanup done

Memory protections (0 events):
No events

Nmethod flushes (20 events):
Event: 43.694 Thread 0x0000013a3dd0bc70 flushing  nmethod 0x0000013a281c8d90
Event: 43.694 Thread 0x0000013a3dd0bc70 flushing  nmethod 0x0000013a281c9390
Event: 43.694 Thread 0x0000013a3dd0bc70 flushing  nmethod 0x0000013a281ca610
Event: 43.694 Thread 0x0000013a3dd0bc70 flushing  nmethod 0x0000013a281cb690
Event: 43.694 Thread 0x0000013a3dd0bc70 flushing  nmethod 0x0000013a281dec90
Event: 43.694 Thread 0x0000013a3dd0bc70 flushing  nmethod 0x0000013a281df610
Event: 43.694 Thread 0x0000013a3dd0bc70 flushing  nmethod 0x0000013a281e0310
Event: 43.694 Thread 0x0000013a3dd0bc70 flushing  nmethod 0x0000013a281f0810
Event: 43.694 Thread 0x0000013a3dd0bc70 flushing  nmethod 0x0000013a281f1710
Event: 43.694 Thread 0x0000013a3dd0bc70 flushing  nmethod 0x0000013a281f2210
Event: 43.694 Thread 0x0000013a3dd0bc70 flushing  nmethod 0x0000013a281f4810
Event: 43.694 Thread 0x0000013a3dd0bc70 flushing  nmethod 0x0000013a2822ce90
Event: 43.694 Thread 0x0000013a3dd0bc70 flushing  nmethod 0x0000013a2825d410
Event: 49.523 Thread 0x0000013a3dd0bc70 flushing  nmethod 0x0000013a26f54490
Event: 49.523 Thread 0x0000013a3dd0bc70 flushing  nmethod 0x0000013a26f93e90
Event: 49.523 Thread 0x0000013a3dd0bc70 flushing  nmethod 0x0000013a26fc3f10
Event: 49.523 Thread 0x0000013a3dd0bc70 flushing  nmethod 0x0000013a270bdb90
Event: 49.523 Thread 0x0000013a3dd0bc70 flushing  nmethod 0x0000013a270be910
Event: 49.527 Thread 0x0000013a3dd0bc70 flushing  nmethod 0x0000013a2760a010
Event: 49.528 Thread 0x0000013a3dd0bc70 flushing  nmethod 0x0000013a2784b290

Events (20 events):
Event: 50.191 Thread 0x0000013a5f5325b0 Thread added: 0x0000013a62ee7c70
Event: 50.191 Thread 0x0000013a5f5325b0 Thread added: 0x0000013a62ee5900
Event: 50.191 Thread 0x0000013a5f5325b0 Thread added: 0x0000013a62ee8180
Event: 50.382 Thread 0x0000013a5f79e3d0 Thread exited: 0x0000013a5f79e3d0
Event: 50.650 Thread 0x0000013a5f5325b0 Thread added: 0x0000013a62ee6320
Event: 50.650 Thread 0x0000013a5f5325b0 Thread added: 0x0000013a62ee6d40
Event: 50.650 Thread 0x0000013a5f5325b0 Thread added: 0x0000013a62ee5e10
Event: 50.650 Thread 0x0000013a5f5325b0 Thread added: 0x0000013a62ee6830
Event: 50.650 Thread 0x0000013a5f5325b0 Thread added: 0x0000013a62ee7250
Event: 50.650 Thread 0x0000013a5f5325b0 Thread added: 0x0000013a62ee53f0
Event: 50.650 Thread 0x0000013a5f5325b0 Thread added: 0x0000013a62ee7760
Event: 50.650 Thread 0x0000013a5f5325b0 Thread added: 0x0000013a62ee4ee0
Event: 50.651 Thread 0x0000013a5f5325b0 Thread added: 0x0000013a62ee49d0
Event: 50.651 Thread 0x0000013a5f5325b0 Thread added: 0x0000013a62ee9ad0
Event: 50.652 Thread 0x0000013a5f5325b0 Thread added: 0x0000013a62eea4f0
Event: 51.205 Thread 0x0000013a5f5325b0 Thread added: 0x0000013a62eebe40
Event: 51.208 Thread 0x0000013a5f5325b0 Thread added: 0x0000013a62ee90b0
Event: 51.244 Thread 0x0000013a5e0b7680 Thread added: 0x0000013a62eeaa00
Event: 51.569 Thread 0x0000013a5f79e920 Thread exited: 0x0000013a5f79e920
Event: 60.022 Thread 0x0000013a5e0b7680 Thread added: 0x0000013a62eeaf10


Dynamic libraries:
0x00007ff619b90000 - 0x00007ff619b9e000 	C:\Program Files\Eclipse Adoptium\jdk-17.0.18.8-hotspot\bin\java.exe
0x00007fff389c0000 - 0x00007fff38c26000 	C:\WINDOWS\SYSTEM32\ntdll.dll
0x00007fff38010000 - 0x00007fff380d9000 	C:\WINDOWS\System32\KERNEL32.DLL
0x00007fff35e90000 - 0x00007fff36290000 	C:\WINDOWS\System32\KERNELBASE.dll
0x00007fff31f00000 - 0x00007fff31fa0000 	C:\WINDOWS\SYSTEM32\apphelp.dll
0x00007fff36560000 - 0x00007fff366ac000 	C:\WINDOWS\System32\ucrtbase.dll
0x00007fff05530000 - 0x00007fff0554e000 	C:\Program Files\Eclipse Adoptium\jdk-17.0.18.8-hotspot\bin\VCRUNTIME140.dll
0x00007fff05680000 - 0x00007fff05698000 	C:\Program Files\Eclipse Adoptium\jdk-17.0.18.8-hotspot\bin\jli.dll
0x00007fff38690000 - 0x00007fff38857000 	C:\WINDOWS\System32\USER32.dll
0x00007fff0fd50000 - 0x00007fff0ffe2000 	C:\WINDOWS\WinSxS\amd64_microsoft.windows.common-controls_6595b64144ccf1df_6.0.26100.8737_none_3e092eaee333b772\COMCTL32.dll
0x00007fff366c0000 - 0x00007fff366e7000 	C:\WINDOWS\System32\win32u.dll
0x00007fff382c0000 - 0x00007fff382eb000 	C:\WINDOWS\System32\GDI32.dll
0x00007fff385e0000 - 0x00007fff38689000 	C:\WINDOWS\System32\msvcrt.dll
0x00007fff35be0000 - 0x00007fff35d09000 	C:\WINDOWS\System32\gdi32full.dll
0x00007fff36420000 - 0x00007fff364c3000 	C:\WINDOWS\System32\msvcp_win.dll
0x00007fff38380000 - 0x00007fff383b2000 	C:\WINDOWS\System32\IMM32.DLL
0x00007fff12fb0000 - 0x00007fff12fbc000 	C:\Program Files\Eclipse Adoptium\jdk-17.0.18.8-hotspot\bin\vcruntime140_1.dll
0x00007ffeb4920000 - 0x00007ffeb49ad000 	C:\Program Files\Eclipse Adoptium\jdk-17.0.18.8-hotspot\bin\msvcp140.dll
0x00007ffe87e20000 - 0x00007ffe88a8b000 	C:\Program Files\Eclipse Adoptium\jdk-17.0.18.8-hotspot\bin\server\jvm.dll
0x00007fff38200000 - 0x00007fff382b7000 	C:\WINDOWS\System32\ADVAPI32.dll
0x00007fff36770000 - 0x00007fff3681a000 	C:\WINDOWS\System32\sechost.dll
0x00007fff38860000 - 0x00007fff38978000 	C:\WINDOWS\System32\RPCRT4.dll
0x00007fff38550000 - 0x00007fff385d0000 	C:\WINDOWS\System32\WS2_32.dll
0x00007fff320f0000 - 0x00007fff32126000 	C:\WINDOWS\SYSTEM32\WINMM.dll
0x00007fff35a60000 - 0x00007fff35abe000 	C:\WINDOWS\SYSTEM32\POWRPROF.dll
0x00007fff22830000 - 0x00007fff2283b000 	C:\WINDOWS\SYSTEM32\VERSION.dll
0x00007fff35a40000 - 0x00007fff35a54000 	C:\WINDOWS\SYSTEM32\UMPDC.dll
0x00007fff348c0000 - 0x00007fff348db000 	C:\WINDOWS\SYSTEM32\kernel.appcore.dll
0x00007fff10a30000 - 0x00007fff10a3a000 	C:\Program Files\Eclipse Adoptium\jdk-17.0.18.8-hotspot\bin\jimage.dll
0x00007fff33210000 - 0x00007fff33452000 	C:\WINDOWS\SYSTEM32\DBGHELP.DLL
0x00007fff37a40000 - 0x00007fff37dc3000 	C:\WINDOWS\System32\combase.dll
0x00007fff36890000 - 0x00007fff36969000 	C:\WINDOWS\System32\OLEAUT32.dll
0x00007fff00ed0000 - 0x00007fff00f0b000 	C:\WINDOWS\SYSTEM32\dbgcore.DLL
0x00007fff362a0000 - 0x00007fff3634c000 	C:\WINDOWS\System32\bcryptPrimitives.dll
0x00007fff09bb0000 - 0x00007fff09bbe000 	C:\Program Files\Eclipse Adoptium\jdk-17.0.18.8-hotspot\bin\instrument.dll
0x00007ffeeb1b0000 - 0x00007ffeeb1d5000 	C:\Program Files\Eclipse Adoptium\jdk-17.0.18.8-hotspot\bin\java.dll
0x00007ffeb3dd0000 - 0x00007ffeb3ea7000 	C:\Program Files\Eclipse Adoptium\jdk-17.0.18.8-hotspot\bin\jsvml.dll
0x00007fff372a0000 - 0x00007fff37a32000 	C:\WINDOWS\System32\SHELL32.dll
0x00007fff33650000 - 0x00007fff33ee2000 	C:\WINDOWS\SYSTEM32\windows.storage.dll
0x00007fff38100000 - 0x00007fff381f7000 	C:\WINDOWS\System32\SHCORE.dll
0x00007fff370e0000 - 0x00007fff37147000 	C:\WINDOWS\System32\shlwapi.dll
0x00007fff35b00000 - 0x00007fff35b29000 	C:\WINDOWS\SYSTEM32\profapi.dll
0x00007ffeb3d20000 - 0x00007ffeb3d38000 	C:\Program Files\Eclipse Adoptium\jdk-17.0.18.8-hotspot\bin\zip.dll
0x00007ffeea870000 - 0x00007ffeea88a000 	C:\Program Files\Eclipse Adoptium\jdk-17.0.18.8-hotspot\bin\net.dll
0x00007fff2f460000 - 0x00007fff2f589000 	C:\WINDOWS\SYSTEM32\WINHTTP.dll
0x00007fff34e70000 - 0x00007fff34edc000 	C:\WINDOWS\system32\mswsock.dll
0x00007ffeb6130000 - 0x00007ffeb6146000 	C:\Program Files\Eclipse Adoptium\jdk-17.0.18.8-hotspot\bin\nio.dll
0x00007fff1c420000 - 0x00007fff1c430000 	C:\Program Files\Eclipse Adoptium\jdk-17.0.18.8-hotspot\bin\verify.dll
0x00007ffeeaa60000 - 0x00007ffeeaa87000 	C:\Users\HP\.gradle\native\68d5fa5c4cc2d200863cafc0d521ce42e7d3e7ee720ec0a83991735586a16f82\windows-amd64\native-platform.dll
0x00007ffedbed0000 - 0x00007ffedc014000 	C:\Users\HP\.gradle\native\e376f236ea51e6404a007f0833ffe2c6e607c4080706a723a18a27aeea778392\windows-amd64\native-platform-file-events.dll
0x00007fff0f510000 - 0x00007fff0f51a000 	C:\Program Files\Eclipse Adoptium\jdk-17.0.18.8-hotspot\bin\management.dll
0x00007fff0eb60000 - 0x00007fff0eb6c000 	C:\Program Files\Eclipse Adoptium\jdk-17.0.18.8-hotspot\bin\management_ext.dll
0x00007fff36880000 - 0x00007fff36888000 	C:\WINDOWS\System32\PSAPI.DLL
0x00007fff35190000 - 0x00007fff351ab000 	C:\WINDOWS\SYSTEM32\CRYPTSP.dll
0x00007fff34820000 - 0x00007fff34859000 	C:\WINDOWS\system32\rsaenh.dll
0x00007fff34f30000 - 0x00007fff34f62000 	C:\WINDOWS\SYSTEM32\USERENV.dll
0x00007fff35ad0000 - 0x00007fff35afa000 	C:\WINDOWS\SYSTEM32\bcrypt.dll
0x00007fff35170000 - 0x00007fff3517c000 	C:\WINDOWS\SYSTEM32\CRYPTBASE.dll
0x00007fff34250000 - 0x00007fff34283000 	C:\WINDOWS\SYSTEM32\IPHLPAPI.DLL
0x00007fff37dd0000 - 0x00007fff37dda000 	C:\WINDOWS\System32\NSI.dll
0x00007fff2f6a0000 - 0x00007fff2f6bd000 	C:\WINDOWS\SYSTEM32\dhcpcsvc6.DLL
0x00007fff2f610000 - 0x00007fff2f635000 	C:\WINDOWS\SYSTEM32\dhcpcsvc.DLL
0x00007fff34290000 - 0x00007fff343e5000 	C:\WINDOWS\SYSTEM32\DNSAPI.dll
0x00007fff34c70000 - 0x00007fff34c7d000 	C:\WINDOWS\SYSTEM32\DSPARSE.dll
0x00007fff1c410000 - 0x00007fff1c419000 	C:\Program Files\Eclipse Adoptium\jdk-17.0.18.8-hotspot\bin\extnet.dll
0x00007fff2fa50000 - 0x00007fff2fa5e000 	C:\Program Files\Eclipse Adoptium\jdk-17.0.18.8-hotspot\bin\sunmscapi.dll
0x00007fff35d10000 - 0x00007fff35e88000 	C:\WINDOWS\System32\CRYPT32.dll
0x00007fff353b0000 - 0x00007fff353e0000 	C:\WINDOWS\SYSTEM32\ncrypt.dll
0x00007fff35360000 - 0x00007fff3539f000 	C:\WINDOWS\SYSTEM32\NTASN1.dll
0x00007ffefeb00000 - 0x00007ffefeb08000 	C:\WINDOWS\system32\wshunix.dll
0x00007fff00060000 - 0x00007fff00078000 	C:\WINDOWS\system32\napinsp.dll
0x00007fff00040000 - 0x00007fff00053000 	C:\WINDOWS\System32\winrnr.dll
0x00007ffefad40000 - 0x00007ffefad62000 	C:\WINDOWS\system32\nlansp_c.dll
0x00007ffef8fd0000 - 0x00007ffef8fe6000 	C:\WINDOWS\system32\wshbth.dll
0x00007fff31fb0000 - 0x00007fff31fbb000 	C:\Windows\System32\rasadhlp.dll
0x00007fff2f8a0000 - 0x00007fff2f926000 	C:\WINDOWS\System32\fwpuclnt.dll

dbghelp: loaded successfully - version: 4.0.5 - missing functions: none
symbol engine: initialized successfully - sym options: 0x614 - pdb path: .;C:\Program Files\Eclipse Adoptium\jdk-17.0.18.8-hotspot\bin;C:\WINDOWS\SYSTEM32;C:\WINDOWS\WinSxS\amd64_microsoft.windows.common-controls_6595b64144ccf1df_6.0.26100.8737_none_3e092eaee333b772;C:\Program Files\Eclipse Adoptium\jdk-17.0.18.8-hotspot\bin\server;C:\Users\HP\.gradle\native\68d5fa5c4cc2d200863cafc0d521ce42e7d3e7ee720ec0a83991735586a16f82\windows-amd64;C:\Users\HP\.gradle\native\e376f236ea51e6404a007f0833ffe2c6e607c4080706a723a18a27aeea778392\windows-amd64

VM Arguments:
jvm_args: -XX:MaxMetaspaceSize=512m --add-opens=java.base/java.util=ALL-UNNAMED --add-opens=java.base/java.lang=ALL-UNNAMED --add-opens=java.base/java.lang.invoke=ALL-UNNAMED --add-opens=java.prefs/java.util.prefs=ALL-UNNAMED --add-opens=java.base/java.nio.charset=ALL-UNNAMED --add-opens=java.base/java.net=ALL-UNNAMED --add-opens=java.base/java.util.concurrent.atomic=ALL-UNNAMED -Xmx2048m -Dfile.encoding=windows-1252 -Duser.country=ID -Duser.language=en -Duser.variant -javaagent:C:\Users\HP\.gradle\wrapper\dists\gradle-8.3-all\6en3ugtfdg5xnpx44z4qbwgas\gradle-8.3\lib\agents\gradle-instrumentation-agent-8.3.jar 
java_command: org.gradle.launcher.daemon.bootstrap.GradleDaemon 8.3
java_class_path (initial): C:\Users\HP\.gradle\wrapper\dists\gradle-8.3-all\6en3ugtfdg5xnpx44z4qbwgas\gradle-8.3\lib\gradle-launcher-8.3.jar
Launcher Type: SUN_STANDARD

[Global flags]
     intx CICompilerCount                          = 4                                         {product} {ergonomic}
   size_t CompressedClassSpaceSize                 = 436207616                                 {product} {ergonomic}
     uint ConcGCThreads                            = 3                                         {product} {ergonomic}
     uint G1ConcRefinementThreads                  = 10                                        {product} {ergonomic}
   size_t G1HeapRegionSize                         = 1048576                                   {product} {ergonomic}
    uintx GCDrainStackTargetSize                   = 64                                        {product} {ergonomic}
   size_t InitialHeapSize                          = 130023424                                 {product} {ergonomic}
   size_t MarkStackSize                            = 4194304                                   {product} {ergonomic}
   size_t MaxHeapSize                              = 2147483648                                {product} {command line}
   size_t MaxMetaspaceSize                         = 536870912                                 {product} {command line}
   size_t MaxNewSize                               = 1287651328                                {product} {ergonomic}
   size_t MinHeapDeltaBytes                        = 1048576                                   {product} {ergonomic}
   size_t MinHeapSize                              = 8388608                                   {product} {ergonomic}
    uintx NonNMethodCodeHeapSize                   = 5839372                                {pd product} {ergonomic}
    uintx NonProfiledCodeHeapSize                  = 122909434                              {pd product} {ergonomic}
    uintx ProfiledCodeHeapSize                     = 122909434                              {pd product} {ergonomic}
    uintx ReservedCodeCacheSize                    = 251658240                              {pd product} {ergonomic}
     bool SegmentedCodeCache                       = true                                      {product} {ergonomic}
   size_t SoftMaxHeapSize                          = 2147483648                             {manageable} {ergonomic}
     bool UseCompressedClassPointers               = true                           {product lp64_product} {ergonomic}
     bool UseCompressedOops                        = true                           {product lp64_product} {ergonomic}
     bool UseG1GC                                  = true                                      {product} {ergonomic}
     bool UseLargePagesIndividualAllocation        = false                                  {pd product} {ergonomic}

Logging:
Log output configuration:
 #0: stdout all=warning uptime,level,tags
 #1: stderr all=off uptime,level,tags

Environment Variables:
JAVA_HOME=C:\Program Files\Eclipse Adoptium\jdk-17.0.18.8-hotspot\
CLASSPATH=D:\my project\packing_frontend\android\\gradle\wrapper\gradle-wrapper.jar
PATH=C:\Program Files\PowerShell\7;c:\Users\HP\AppData\Roaming\Code\User\globalStorage\github.copilot-chat\debugCommand;c:\Users\HP\AppData\Roaming\Code\User\globalStorage\github.copilot-chat\copilotCli;D:\Borland\Delphi7\Bin;D:\Borland\Delphi7\Projects\Bpl\;C:\Program Files\Eclipse Adoptium\jdk-17.0.18.8-hotspot\bin;C:\windows\system32;C:\windows;C:\windows\System32\Wbem;C:\windows\System32\WindowsPowerShell\v1.0\;C:\windows\System32\OpenSSH\;C:\Program Files\dotnet\;C:\Program Files\nodejs\;C:\Program Files\Git\cmd;C:\WINDOWS\system32;C:\WINDOWS;C:\WINDOWS\System32\Wbem;C:\WINDOWS\System32\WindowsPowerShell\v1.0\;C:\WINDOWS\System32\OpenSSH\;C:\Program Files\PowerShell\7\;C:\Program Files\WireGuard\;C:\Users\HP\AppData\Local\Microsoft\WindowsApps;C:\Users\HP\.dotnet\tools;C:\Users\HP\AppData\Roaming\npm;C:\Users\HP\AppData\Local\Programs\Microsoft VS Code\bin;C:\Users\HP\AppData\Local\Android\Sdk\platform-tools;C:\Users\HP\AppData\Local\Android\Sdk\emulator;C:\Program Files (x86)\Developer Express Inc\Library\Delphi7;C:\development\flutter;
USERNAME=HP
LANG=en_US.UTF-8
OS=Windows_NT
PROCESSOR_IDENTIFIER=Intel64 Family 6 Model 186 Stepping 3, GenuineIntel
TMP=C:\Users\HP\AppData\Local\Temp
TEMP=C:\Users\HP\AppData\Local\Temp



Periodic native trim disabled


---------------  S Y S T E M  ---------------

OS:
 Windows 11 , 64 bit Build 26100 (10.0.26100.8737)
OS uptime: 0 days 6:01 hours
Hyper-V role detected

CPU: total 12 (initial active 12) (6 cores per cpu, 2 threads per core) family 6 model 186 stepping 3 microcode 0x4128, cx8, cmov, fxsr, ht, mmx, 3dnowpref, sse, sse2, sse3, ssse3, sse4.1, sse4.2, popcnt, lzcnt, tsc, tscinvbit, avx, avx2, aes, erms, clmul, bmi1, bmi2, adx, sha, fma, vzeroupper, clflush, clflushopt, clwb, hv
Processor Information for all 12 processors :
  Max Mhz: 1400, Current Mhz: 1400, Mhz Limit: 1400

Memory: 4k page, system-wide physical 7903M (640M free)
TotalPageFile size 24287M (AvailPageFile size 3M)
current process WorkingSet (physical memory assigned to process): 527M, peak: 557M
current process commit charge ("private bytes"): 639M, peak: 654M

vm_info: OpenJDK 64-Bit Server VM (17.0.18+8) for windows-amd64 JRE (17.0.18+8), built on Jan 20 2026 22:28:22 by "admin" with MS VC++ 17.12 (VS2022)

END.
