#
# There is insufficient memory for the Java Runtime Environment to continue.
# Native memory allocation (mmap) failed to map 32505856 bytes. Error detail: G1 virtual space
# Possible reasons:
#   The system is out of physical RAM or swap space
#   This process is running with CompressedOops enabled, and the Java Heap may be blocking the growth of the native heap
# Possible solutions:
#   Reduce memory load on the system
#   Increase physical memory or swap space
#   Check if swap backing store is full
#   Decrease Java heap size (-Xmx/-Xms)
#   Decrease number of Java threads
#   Decrease Java thread stack sizes (-Xss)
#   Set larger code cache with -XX:ReservedCodeCacheSize=
#   JVM is running with Unscaled Compressed Oops mode in which the Java heap is
#     placed in the first 4GB address space. The Java Heap base address is the
#     maximum limit for the native heap growth. Please use -XX:HeapBaseMinAddress
#     to set the Java Heap base and to place the Java Heap above 4GB virtual address.
# This output file may be truncated or incomplete.
#
#  Out of Memory Error (os_windows.cpp:3618), pid=15100, tid=13432
#
# JRE version: OpenJDK Runtime Environment Temurin-17.0.18+8 (17.0.18+8) (build 17.0.18+8)
# Java VM: OpenJDK 64-Bit Server VM Temurin-17.0.18+8 (17.0.18+8, mixed mode, sharing, tiered, compressed oops, compressed class ptrs, g1 gc, windows-amd64)
# No core dump will be written. Minidumps are not enabled by default on client versions of Windows
#

---------------  S U M M A R Y ------------

Command Line: -XX:MaxMetaspaceSize=512m --add-opens=java.base/java.util=ALL-UNNAMED --add-opens=java.base/java.lang=ALL-UNNAMED --add-opens=java.base/java.lang.invoke=ALL-UNNAMED --add-opens=java.prefs/java.util.prefs=ALL-UNNAMED --add-opens=java.base/java.nio.charset=ALL-UNNAMED --add-opens=java.base/java.net=ALL-UNNAMED --add-opens=java.base/java.util.concurrent.atomic=ALL-UNNAMED -Xmx2048m -Dfile.encoding=windows-1252 -Duser.country=ID -Duser.language=en -Duser.variant -javaagent:C:\Users\HP\.gradle\wrapper\dists\gradle-8.3-all\6en3ugtfdg5xnpx44z4qbwgas\gradle-8.3\lib\agents\gradle-instrumentation-agent-8.3.jar org.gradle.launcher.daemon.bootstrap.GradleDaemon 8.3

Host: Intel(R) Core(TM) 5 120U, 12 cores, 7G,  Windows 11 , 64 bit Build 26100 (10.0.26100.8521)
Time: Tue Jun  9 10:54:56 2026 SE Asia Standard Time elapsed time: 48.605264 seconds (0d 0h 0m 48s)

---------------  T H R E A D  ---------------

Current thread (0x000001d0794c3840):  VMThread "VM Thread" [stack: 0x0000009e5bd00000,0x0000009e5be00000] [id=13432]

Stack: [0x0000009e5bd00000,0x0000009e5be00000]
Native frames: (J=compiled Java code, j=interpreted, Vv=VM code, C=native code)
V  [jvm.dll+0x6846f9]
V  [jvm.dll+0x839ea5]
V  [jvm.dll+0x83b91e]
V  [jvm.dll+0x83bfa3]
V  [jvm.dll+0x248eff]
V  [jvm.dll+0x6814b9]
V  [jvm.dll+0x6762ba]
V  [jvm.dll+0x309257]
V  [jvm.dll+0x310826]
V  [jvm.dll+0x360d9e]
V  [jvm.dll+0x360fdd]
V  [jvm.dll+0x2e02dc]
V  [jvm.dll+0x2e3366]
V  [jvm.dll+0x2edaa4]
V  [jvm.dll+0x320d5d]
V  [jvm.dll+0x8407bd]
V  [jvm.dll+0x8414f3]
V  [jvm.dll+0x841a1f]
V  [jvm.dll+0x841e05]
V  [jvm.dll+0x841ece]
V  [jvm.dll+0x7eaaec]
V  [jvm.dll+0x6835c7]
C  [ucrtbase.dll+0x2cd30]
C  [KERNEL32.DLL+0x2e957]
C  [ntdll.dll+0x87c1c]

VM_Operation (0x0000009e5b9ff4d0): G1PauseRemark, mode: safepoint, requested by thread 0x000001d069f2e580


---------------  P R O C E S S  ---------------

Threads class SMR info:
_java_thread_list=0x000001d07e12add0, length=192, elements={
0x000001d069ebd100, 0x000001d0794c7830, 0x000001d0794c8300, 0x000001d0794e3c40,
0x000001d0794e4510, 0x000001d0794e4de0, 0x000001d0794e56b0, 0x000001d0794e7370,
0x000001d07994a160, 0x000001d0794ed970, 0x000001d0794b33c0, 0x000001d079b8d7f0,
0x000001d07f076d30, 0x000001d07f359a10, 0x000001d07eb8d150, 0x000001d02a8fc830,
0x000001d02a2b22b0, 0x000001d07eb73d70, 0x000001d07eb73350, 0x000001d07eb705c0,
0x000001d07eb73860, 0x000001d07eb714f0, 0x000001d07eb70ad0, 0x000001d07eb70fe0,
0x000001d07eb71a00, 0x000001d07eb71f10, 0x000001d07eb72930, 0x000001d07eb72e40,
0x000001d02a803a60, 0x000001d02a8053b0, 0x000001d02a804990, 0x000001d02a803040,
0x000001d02a803550, 0x000001d02a804ea0, 0x000001d02a8058c0, 0x000001d02a805dd0,
0x000001d02a802620, 0x000001d02a8062e0, 0x000001d02a802b30, 0x000001d02a807c30,
0x000001d02a809a90, 0x000001d02a808b60, 0x000001d02a809070, 0x000001d02a807210,
0x000001d02a806d00, 0x000001d02a8067f0, 0x000001d02a808650, 0x000001d02a809580,
0x000001d02a807720, 0x000001d02cae0460, 0x000001d02cadf530, 0x000001d02cadeb10,
0x000001d02cadccb0, 0x000001d02cadfa40, 0x000001d02cade600, 0x000001d02cae0970,
0x000001d02cadf020, 0x000001d02cadff50, 0x000001d02cadd6d0, 0x000001d02cade0f0,
0x000001d02cadd1c0, 0x000001d02cae1390, 0x000001d02cae18a0, 0x000001d02cae22c0,
0x000001d02cae2ce0, 0x000001d02cae27d0, 0x000001d02cae3700, 0x000001d02cae3c10,
0x000001d02c9b2040, 0x000001d02c9b1620, 0x000001d02c9b2550, 0x000001d02c9b1b30,
0x000001d02c9aeda0, 0x000001d02c9b06f0, 0x000001d02c9b0c00, 0x000001d02c9af7c0,
0x000001d02c9afcd0, 0x000001d02c9b1110, 0x000001d02c9b2a60, 0x000001d02c9af2b0,
0x000001d02c9b3480, 0x000001d02c9b2f70, 0x000001d02c9b3990, 0x000001d02c9b01e0,
0x000001d02c9b57f0, 0x000001d02c9b3ea0, 0x000001d02c9b4dd0, 0x000001d02c9b52e0,
0x000001d02c9b48c0, 0x000001d02c9b5d00, 0x000001d02c9b6210, 0x000001d02c9b6720,
0x000001d02cb95f90, 0x000001d02cb978e0, 0x000001d02cb97df0, 0x000001d02cb99c50,
0x000001d02cb964a0, 0x000001d02cb98300, 0x000001d02cb98810, 0x000001d02cb9a160,
0x000001d02cb969b0, 0x000001d02cb9a670, 0x000001d02cb96ec0, 0x000001d02cb9ab80,
0x000001d02cb98d20, 0x000001d02cb99230, 0x000001d02cb99740, 0x000001d02cb973d0,
0x000001d02cb9c9e0, 0x000001d02cb9b090, 0x000001d02cb9c4d0, 0x000001d02cb9bfc0,
0x000001d032a174b0, 0x000001d032a16a90, 0x000001d032a16070, 0x000001d032a18e00,
0x000001d032a19d30, 0x000001d032a17ed0, 0x000001d032a16fa0, 0x000001d032a188f0,
0x000001d032a19310, 0x000001d032a19820, 0x000001d032a179c0, 0x000001d032a1ac60,
0x000001d032a1b170, 0x000001d032a1b680, 0x000001d032a1bb90, 0x000001d032a183e0,
0x000001d032a1d9f0, 0x000001d032a1c0a0, 0x000001d032a1c5b0, 0x000001d032a1cac0,
0x000001d032a1cfd0, 0x000001d032a1d4e0, 0x000001d033c1ded0, 0x000001d033c1b650,
0x000001d033c1a720, 0x000001d033c1ac30, 0x000001d033c1ca90, 0x000001d033c1b140,
0x000001d033c1d4b0, 0x000001d033c1e3e0, 0x000001d033c1cfa0, 0x000001d033c1e8f0,
0x000001d033c1ee00, 0x000001d033c1bb60, 0x000001d033c1f820, 0x000001d033c1c070,
0x000001d033c21170, 0x000001d033c21b90, 0x000001d033c1fd30, 0x000001d033c21680,
0x000001d033c20240, 0x000001d033c20c60, 0x000001d033c20750, 0x000001d032ba7800,
0x000001d032ba7d10, 0x000001d032ba9b70, 0x000001d032baa080, 0x000001d032ba8730,
0x000001d032ba6de0, 0x000001d032ba8c40, 0x000001d032ba9660, 0x000001d032ba8220,
0x000001d032baa590, 0x000001d032baaaa0, 0x000001d032ba72f0, 0x000001d032bab9d0,
0x000001d032babee0, 0x000001d032bac3f0, 0x000001d032bac900, 0x000001d032ba9150,
0x000001d032bace10, 0x000001d032bad320, 0x000001d032bad830, 0x000001d032badd40,
0x000001d032bae250, 0x000001d032bae760, 0x000001d033c220a0, 0x000001d02cae1db0,
0x000001d02daab940, 0x000001d02daadcb0, 0x000001d02daaf600, 0x000001d02daaebe0,
0x000001d02daae1c0, 0x000001d02daac870, 0x000001d02daabe50, 0x000001d02daafb10,
0x000001d02daac360, 0x000001d02daaf0f0, 0x000001d02dab0020, 0x000001d02daae6d0
}

Java Threads: ( => current thread )
  0x000001d069ebd100 JavaThread "main" [_thread_blocked, id=11020, stack(0x0000009e5b700000,0x0000009e5b800000)]
  0x000001d0794c7830 JavaThread "Reference Handler" daemon [_thread_blocked, id=7856, stack(0x0000009e5be00000,0x0000009e5bf00000)]
  0x000001d0794c8300 JavaThread "Finalizer" daemon [_thread_blocked, id=20120, stack(0x0000009e5bf00000,0x0000009e5c000000)]
  0x000001d0794e3c40 JavaThread "Signal Dispatcher" daemon [_thread_blocked, id=7768, stack(0x0000009e5c000000,0x0000009e5c100000)]
  0x000001d0794e4510 JavaThread "Attach Listener" daemon [_thread_blocked, id=16732, stack(0x0000009e5c100000,0x0000009e5c200000)]
  0x000001d0794e4de0 JavaThread "Service Thread" daemon [_thread_blocked, id=4636, stack(0x0000009e5c200000,0x0000009e5c300000)]
  0x000001d0794e56b0 JavaThread "Monitor Deflation Thread" daemon [_thread_blocked, id=7368, stack(0x0000009e5c300000,0x0000009e5c400000)]
  0x000001d0794e7370 JavaThread "C2 CompilerThread0" daemon [_thread_blocked, id=18968, stack(0x0000009e5c400000,0x0000009e5c500000)]
  0x000001d07994a160 JavaThread "C1 CompilerThread0" daemon [_thread_blocked, id=19308, stack(0x0000009e5c500000,0x0000009e5c600000)]
  0x000001d0794ed970 JavaThread "Sweeper thread" daemon [_thread_blocked, id=13496, stack(0x0000009e5c600000,0x0000009e5c700000)]
  0x000001d0794b33c0 JavaThread "Common-Cleaner" daemon [_thread_blocked, id=16936, stack(0x0000009e5c700000,0x0000009e5c800000)]
  0x000001d079b8d7f0 JavaThread "Notification Thread" daemon [_thread_blocked, id=17260, stack(0x0000009e5c900000,0x0000009e5ca00000)]
  0x000001d07f076d30 JavaThread "Daemon health stats" [_thread_blocked, id=16036, stack(0x0000009e5cf00000,0x0000009e5d000000)]
  0x000001d07f359a10 JavaThread "Incoming local TCP Connector on port 51581" [_thread_in_native, id=20360, stack(0x0000009e5d000000,0x0000009e5d100000)]
  0x000001d07eb8d150 JavaThread "Daemon periodic checks" [_thread_blocked, id=17108, stack(0x0000009e5d100000,0x0000009e5d200000)]
  0x000001d02a8fc830 JavaThread "Daemon" [_thread_blocked, id=17460, stack(0x0000009e5d200000,0x0000009e5d300000)]
  0x000001d02a2b22b0 JavaThread "Handler for socket connection from /127.0.0.1:51581 to /127.0.0.1:60930" [_thread_in_native, id=13768, stack(0x0000009e5d300000,0x0000009e5d400000)]
  0x000001d07eb73d70 JavaThread "Cancel handler" [_thread_blocked, id=9076, stack(0x0000009e5d400000,0x0000009e5d500000)]
  0x000001d07eb73350 JavaThread "Daemon worker" [_thread_blocked, id=19772, stack(0x0000009e5d500000,0x0000009e5d600000)]
  0x000001d07eb705c0 JavaThread "Asynchronous log dispatcher for DefaultDaemonConnection: socket connection from /127.0.0.1:51581 to /127.0.0.1:60930" [_thread_blocked, id=9392, stack(0x0000009e5d600000,0x0000009e5d700000)]
  0x000001d07eb73860 JavaThread "Stdin handler" [_thread_blocked, id=9796, stack(0x0000009e5d700000,0x0000009e5d800000)]
  0x000001d07eb714f0 JavaThread "Daemon client event forwarder" [_thread_blocked, id=8400, stack(0x0000009e5d800000,0x0000009e5d900000)]
  0x000001d07eb70ad0 JavaThread "Cache worker for journal cache (C:\Users\HP\.gradle\caches\journal-1)" [_thread_blocked, id=11084, stack(0x0000009e5d900000,0x0000009e5da00000)]
  0x000001d07eb70fe0 JavaThread "File lock request listener" [_thread_in_native, id=17832, stack(0x0000009e5da00000,0x0000009e5db00000)]
  0x000001d07eb71a00 JavaThread "Cache worker for file hash cache (C:\Users\HP\.gradle\caches\8.3\fileHashes)" [_thread_blocked, id=8016, stack(0x0000009e5db00000,0x0000009e5dc00000)]
  0x000001d07eb71f10 JavaThread "File watcher server" daemon [_thread_in_native, id=2164, stack(0x0000009e5e100000,0x0000009e5e200000)]
  0x000001d07eb72930 JavaThread "File watcher consumer" daemon [_thread_blocked, id=8756, stack(0x0000009e5e200000,0x0000009e5e300000)]
  0x000001d07eb72e40 JavaThread "Cache worker for checksums cache (D:\my project\packing_frontend\android\.gradle\8.3\checksums)" [_thread_blocked, id=2416, stack(0x0000009e5e300000,0x0000009e5e400000)]
  0x000001d02a803a60 JavaThread "Cache worker for file hash cache (D:\my project\packing_frontend\android\.gradle\8.3\fileHashes)" [_thread_blocked, id=14572, stack(0x0000009e5e400000,0x0000009e5e500000)]
  0x000001d02a8053b0 JavaThread "Cache worker for cache directory md-supplier (C:\Users\HP\.gradle\caches\8.3\md-supplier)" [_thread_blocked, id=15796, stack(0x0000009e5e500000,0x0000009e5e600000)]
  0x000001d02a804990 JavaThread "Cache worker for file content cache (C:\Users\HP\.gradle\caches\8.3\fileContent)" [_thread_blocked, id=13488, stack(0x0000009e5e600000,0x0000009e5e700000)]
  0x000001d02a803040 JavaThread "Cache worker for cache directory md-rule (C:\Users\HP\.gradle\caches\8.3\md-rule)" [_thread_blocked, id=7316, stack(0x0000009e5e900000,0x0000009e5ea00000)]
  0x000001d02a803550 JavaThread "Cache worker for execution history cache (C:\Users\HP\.gradle\caches\8.3\executionHistory)" [_thread_blocked, id=20132, stack(0x0000009e5ea00000,0x0000009e5eb00000)]
  0x000001d02a804ea0 JavaThread "jar transforms" [_thread_blocked, id=5028, stack(0x0000009e5ec00000,0x0000009e5ed00000)]
  0x000001d02a8058c0 JavaThread "jar transforms Thread 2" [_thread_blocked, id=19996, stack(0x0000009e5ed00000,0x0000009e5ee00000)]
  0x000001d02a805dd0 JavaThread "jar transforms Thread 3" [_thread_blocked, id=9556, stack(0x0000009e5ee00000,0x0000009e5ef00000)]
  0x000001d02a802620 JavaThread "jar transforms Thread 4" [_thread_blocked, id=1868, stack(0x0000009e5ef00000,0x0000009e5f000000)]
  0x000001d02a8062e0 JavaThread "Cache worker for kotlin-dsl (C:\Users\HP\.gradle\caches\8.3\kotlin-dsl)" [_thread_blocked, id=20760, stack(0x0000009e5f000000,0x0000009e5f100000)]
  0x000001d02a802b30 JavaThread "jar transforms Thread 5" [_thread_blocked, id=20768, stack(0x0000009e5f100000,0x0000009e5f200000)]
  0x000001d02a807c30 JavaThread "jar transforms Thread 6" [_thread_blocked, id=20772, stack(0x0000009e5f200000,0x0000009e5f300000)]
  0x000001d02a809a90 JavaThread "Unconstrained build operations" [_thread_blocked, id=20828, stack(0x0000009e5c800000,0x0000009e5c900000)]
  0x000001d02a808b60 JavaThread "Unconstrained build operations Thread 2" [_thread_blocked, id=20832, stack(0x0000009e5eb00000,0x0000009e5ec00000)]
  0x000001d02a809070 JavaThread "jar transforms Thread 7" [_thread_blocked, id=20836, stack(0x0000009e5f400000,0x0000009e5f500000)]
  0x000001d02a807210 JavaThread "jar transforms Thread 8" [_thread_blocked, id=20840, stack(0x0000009e5f500000,0x0000009e5f600000)]
  0x000001d02a806d00 JavaThread "jar transforms Thread 9" [_thread_blocked, id=20844, stack(0x0000009e5f600000,0x0000009e5f700000)]
  0x000001d02a8067f0 JavaThread "jar transforms Thread 10" [_thread_blocked, id=20848, stack(0x0000009e5f700000,0x0000009e5f800000)]
  0x000001d02a808650 JavaThread "jar transforms Thread 11" [_thread_blocked, id=20856, stack(0x0000009e5f900000,0x0000009e5fa00000)]
  0x000001d02a809580 JavaThread "jar transforms Thread 12" [_thread_blocked, id=20860, stack(0x0000009e5fa00000,0x0000009e5fb00000)]
  0x000001d02a807720 JavaThread "Cache worker for dependencies-accessors (D:\my project\packing_frontend\android\.gradle\8.3\dependencies-accessors)" [_thread_blocked, id=20864, stack(0x0000009e5fb00000,0x0000009e5fc00000)]
  0x000001d02cae0460 JavaThread "Cache worker for Build Output Cleanup Cache (D:\my project\packing_frontend\node_modules\@react-native\gradle-plugin\.gradle\buildOutputCleanup)" [_thread_blocked, id=20872, stack(0x0000009e5fc00000,0x0000009e5fd00000)]
  0x000001d02cadf530 JavaThread "Unconstrained build operations Thread 3" [_thread_blocked, id=21176, stack(0x0000009e5fd00000,0x0000009e5fe00000)]
  0x000001d02cadeb10 JavaThread "Unconstrained build operations Thread 4" [_thread_blocked, id=21180, stack(0x0000009e5fe00000,0x0000009e5ff00000)]
  0x000001d02cadccb0 JavaThread "Unconstrained build operations Thread 5" [_thread_blocked, id=21184, stack(0x0000009e5ff00000,0x0000009e60000000)]
  0x000001d02cadfa40 JavaThread "Unconstrained build operations Thread 6" [_thread_blocked, id=21188, stack(0x0000009e60000000,0x0000009e60100000)]
  0x000001d02cade600 JavaThread "Unconstrained build operations Thread 7" [_thread_blocked, id=21192, stack(0x0000009e60100000,0x0000009e60200000)]
  0x000001d02cae0970 JavaThread "Unconstrained build operations Thread 8" [_thread_blocked, id=21196, stack(0x0000009e60200000,0x0000009e60300000)]
  0x000001d02cadf020 JavaThread "Unconstrained build operations Thread 9" [_thread_blocked, id=21200, stack(0x0000009e60300000,0x0000009e60400000)]
  0x000001d02cadff50 JavaThread "Unconstrained build operations Thread 10" [_thread_blocked, id=21204, stack(0x0000009e60400000,0x0000009e60500000)]
  0x000001d02cadd6d0 JavaThread "Unconstrained build operations Thread 11" [_thread_blocked, id=21208, stack(0x0000009e60500000,0x0000009e60600000)]
  0x000001d02cade0f0 JavaThread "Unconstrained build operations Thread 12" [_thread_blocked, id=21212, stack(0x0000009e60600000,0x0000009e60700000)]
  0x000001d02cadd1c0 JavaThread "Unconstrained build operations Thread 13" [_thread_blocked, id=21216, stack(0x0000009e60700000,0x0000009e60800000)]
  0x000001d02cae1390 JavaThread "Memory manager" [_thread_blocked, id=21288, stack(0x0000009e60800000,0x0000009e60900000)]
  0x000001d02cae18a0 JavaThread "Cache worker for Build Output Cleanup Cache (D:\my project\packing_frontend\android\.gradle\buildOutputCleanup)" [_thread_blocked, id=21320, stack(0x0000009e60900000,0x0000009e60a00000)]
  0x000001d02cae22c0 JavaThread "ForkJoinPool.commonPool-worker-1" daemon [_thread_blocked, id=21372, stack(0x0000009e60a00000,0x0000009e60b00000)]
  0x000001d02cae2ce0 JavaThread "ForkJoinPool.commonPool-worker-2" daemon [_thread_blocked, id=21376, stack(0x0000009e60b00000,0x0000009e60c00000)]
  0x000001d02cae27d0 JavaThread "ForkJoinPool.commonPool-worker-3" daemon [_thread_blocked, id=21380, stack(0x0000009e60c00000,0x0000009e60d00000)]
  0x000001d02cae3700 JavaThread "ForkJoinPool.commonPool-worker-4" daemon [_thread_blocked, id=21384, stack(0x0000009e60d00000,0x0000009e60e00000)]
  0x000001d02cae3c10 JavaThread "ForkJoinPool.commonPool-worker-5" daemon [_thread_blocked, id=21388, stack(0x0000009e60e00000,0x0000009e60f00000)]
  0x000001d02c9b2040 JavaThread "ForkJoinPool.commonPool-worker-6" daemon [_thread_blocked, id=21392, stack(0x0000009e60f00000,0x0000009e61000000)]
  0x000001d02c9b1620 JavaThread "ForkJoinPool.commonPool-worker-7" daemon [_thread_blocked, id=21396, stack(0x0000009e61000000,0x0000009e61100000)]
  0x000001d02c9b2550 JavaThread "ForkJoinPool.commonPool-worker-8" daemon [_thread_blocked, id=21400, stack(0x0000009e61100000,0x0000009e61200000)]
  0x000001d02c9b1b30 JavaThread "ForkJoinPool.commonPool-worker-9" daemon [_thread_blocked, id=21404, stack(0x0000009e61200000,0x0000009e61300000)]
  0x000001d02c9aeda0 JavaThread "ForkJoinPool.commonPool-worker-10" daemon [_thread_blocked, id=21408, stack(0x0000009e61300000,0x0000009e61400000)]
  0x000001d02c9b06f0 JavaThread "ForkJoinPool.commonPool-worker-11" daemon [_thread_blocked, id=21412, stack(0x0000009e61400000,0x0000009e61500000)]
  0x000001d02c9b0c00 JavaThread "included builds" [_thread_blocked, id=21420, stack(0x0000009e61500000,0x0000009e61600000)]
  0x000001d02c9af7c0 JavaThread "Execution worker" [_thread_blocked, id=21424, stack(0x0000009e61600000,0x0000009e61700000)]
  0x000001d02c9afcd0 JavaThread "Execution worker Thread 2" [_thread_blocked, id=21428, stack(0x0000009e61700000,0x0000009e61800000)]
  0x000001d02c9b1110 JavaThread "Execution worker Thread 3" [_thread_blocked, id=21432, stack(0x0000009e61800000,0x0000009e61900000)]
  0x000001d02c9b2a60 JavaThread "Execution worker Thread 4" [_thread_blocked, id=21436, stack(0x0000009e61900000,0x0000009e61a00000)]
  0x000001d02c9af2b0 JavaThread "Execution worker Thread 5" [_thread_blocked, id=21440, stack(0x0000009e61a00000,0x0000009e61b00000)]
  0x000001d02c9b3480 JavaThread "Execution worker Thread 6" [_thread_blocked, id=21444, stack(0x0000009e61b00000,0x0000009e61c00000)]
  0x000001d02c9b2f70 JavaThread "Execution worker Thread 7" [_thread_blocked, id=21448, stack(0x0000009e61c00000,0x0000009e61d00000)]
  0x000001d02c9b3990 JavaThread "Execution worker Thread 8" [_thread_blocked, id=21452, stack(0x0000009e61d00000,0x0000009e61e00000)]
  0x000001d02c9b01e0 JavaThread "Execution worker Thread 9" [_thread_blocked, id=21456, stack(0x0000009e61e00000,0x0000009e61f00000)]
  0x000001d02c9b57f0 JavaThread "Execution worker Thread 10" [_thread_blocked, id=21460, stack(0x0000009e61f00000,0x0000009e62000000)]
  0x000001d02c9b3ea0 JavaThread "Execution worker Thread 11" [_thread_blocked, id=21464, stack(0x0000009e62000000,0x0000009e62100000)]
  0x000001d02c9b4dd0 JavaThread "Cache worker for execution history cache (D:\my project\packing_frontend\node_modules\@react-native\gradle-plugin\.gradle\8.3\executionHistory)" [_thread_blocked, id=21468, stack(0x0000009e62100000,0x0000009e62200000)]
  0x000001d02c9b52e0 JavaThread "Unconstrained build operations Thread 14" [_thread_blocked, id=21472, stack(0x0000009e62200000,0x0000009e62300000)]
  0x000001d02c9b48c0 JavaThread "Unconstrained build operations Thread 15" [_thread_blocked, id=21476, stack(0x0000009e62300000,0x0000009e62400000)]
  0x000001d02c9b5d00 JavaThread "Unconstrained build operations Thread 16" [_thread_blocked, id=21480, stack(0x0000009e62400000,0x0000009e62500000)]
  0x000001d02c9b6210 JavaThread "Unconstrained build operations Thread 17" [_thread_blocked, id=21484, stack(0x0000009e62500000,0x0000009e62600000)]
  0x000001d02c9b6720 JavaThread "Unconstrained build operations Thread 18" [_thread_blocked, id=21488, stack(0x0000009e62600000,0x0000009e62700000)]
  0x000001d02cb95f90 JavaThread "Unconstrained build operations Thread 19" [_thread_blocked, id=21492, stack(0x0000009e62700000,0x0000009e62800000)]
  0x000001d02cb978e0 JavaThread "Unconstrained build operations Thread 20" [_thread_blocked, id=21496, stack(0x0000009e62800000,0x0000009e62900000)]
  0x000001d02cb97df0 JavaThread "Unconstrained build operations Thread 21" [_thread_blocked, id=21500, stack(0x0000009e62900000,0x0000009e62a00000)]
  0x000001d02cb99c50 JavaThread "Unconstrained build operations Thread 22" [_thread_blocked, id=20484, stack(0x0000009e62a00000,0x0000009e62b00000)]
  0x000001d02cb964a0 JavaThread "Unconstrained build operations Thread 23" [_thread_blocked, id=9668, stack(0x0000009e62b00000,0x0000009e62c00000)]
  0x000001d02cb98300 JavaThread "Unconstrained build operations Thread 24" [_thread_blocked, id=3844, stack(0x0000009e62c00000,0x0000009e62d00000)]
  0x000001d02cb98810 JavaThread "Unconstrained build operations Thread 25" [_thread_blocked, id=19124, stack(0x0000009e62d00000,0x0000009e62e00000)]
  0x000001d02cb9a160 JavaThread "Unconstrained build operations Thread 26" [_thread_blocked, id=10460, stack(0x0000009e62e00000,0x0000009e62f00000)]
  0x000001d02cb969b0 JavaThread "Unconstrained build operations Thread 27" [_thread_blocked, id=17100, stack(0x0000009e62f00000,0x0000009e63000000)]
  0x000001d02cb9a670 JavaThread "Unconstrained build operations Thread 28" [_thread_blocked, id=7884, stack(0x0000009e63000000,0x0000009e63100000)]
  0x000001d02cb96ec0 JavaThread "Unconstrained build operations Thread 29" [_thread_blocked, id=14060, stack(0x0000009e63100000,0x0000009e63200000)]
  0x000001d02cb9ab80 JavaThread "Unconstrained build operations Thread 30" [_thread_blocked, id=9296, stack(0x0000009e63200000,0x0000009e63300000)]
  0x000001d02cb98d20 JavaThread "Unconstrained build operations Thread 31" [_thread_blocked, id=19820, stack(0x0000009e63300000,0x0000009e63400000)]
  0x000001d02cb99230 JavaThread "Unconstrained build operations Thread 32" [_thread_blocked, id=15056, stack(0x0000009e63400000,0x0000009e63500000)]
  0x000001d02cb99740 JavaThread "Unconstrained build operations Thread 33" [_thread_blocked, id=8652, stack(0x0000009e63500000,0x0000009e63600000)]
  0x000001d02cb973d0 JavaThread "Unconstrained build operations Thread 34" [_thread_blocked, id=3344, stack(0x0000009e63600000,0x0000009e63700000)]
  0x000001d02cb9c9e0 JavaThread "Unconstrained build operations Thread 35" [_thread_blocked, id=9780, stack(0x0000009e63700000,0x0000009e63800000)]
  0x000001d02cb9b090 JavaThread "Unconstrained build operations Thread 36" [_thread_blocked, id=13624, stack(0x0000009e63800000,0x0000009e63900000)]
  0x000001d02cb9c4d0 JavaThread "Unconstrained build operations Thread 37" [_thread_blocked, id=6540, stack(0x0000009e63900000,0x0000009e63a00000)]
  0x000001d02cb9bfc0 JavaThread "Unconstrained build operations Thread 38" [_thread_blocked, id=21092, stack(0x0000009e63c00000,0x0000009e63d00000)]
  0x000001d032a174b0 JavaThread "Unconstrained build operations Thread 39" [_thread_blocked, id=21136, stack(0x0000009e63e00000,0x0000009e63f00000)]
  0x000001d032a16a90 JavaThread "Unconstrained build operations Thread 40" [_thread_blocked, id=21132, stack(0x0000009e63f00000,0x0000009e64000000)]
  0x000001d032a16070 JavaThread "Unconstrained build operations Thread 41" [_thread_blocked, id=21152, stack(0x0000009e64000000,0x0000009e64100000)]
  0x000001d032a18e00 JavaThread "Unconstrained build operations Thread 42" [_thread_blocked, id=21148, stack(0x0000009e64100000,0x0000009e64200000)]
  0x000001d032a19d30 JavaThread "Unconstrained build operations Thread 43" [_thread_blocked, id=21068, stack(0x0000009e64200000,0x0000009e64300000)]
  0x000001d032a17ed0 JavaThread "Unconstrained build operations Thread 44" [_thread_blocked, id=21116, stack(0x0000009e64300000,0x0000009e64400000)]
  0x000001d032a16fa0 JavaThread "Unconstrained build operations Thread 45" [_thread_blocked, id=21172, stack(0x0000009e64400000,0x0000009e64500000)]
  0x000001d032a188f0 JavaThread "Unconstrained build operations Thread 46" [_thread_blocked, id=21160, stack(0x0000009e64500000,0x0000009e64600000)]
  0x000001d032a19310 JavaThread "Unconstrained build operations Thread 47" [_thread_blocked, id=21064, stack(0x0000009e64600000,0x0000009e64700000)]
  0x000001d032a19820 JavaThread "Unconstrained build operations Thread 48" [_thread_blocked, id=21108, stack(0x0000009e64700000,0x0000009e64800000)]
  0x000001d032a179c0 JavaThread "Unconstrained build operations Thread 49" [_thread_blocked, id=21080, stack(0x0000009e64800000,0x0000009e64900000)]
  0x000001d032a1ac60 JavaThread "Unconstrained build operations Thread 50" [_thread_blocked, id=21124, stack(0x0000009e63d00000,0x0000009e63e00000)]
  0x000001d032a1b170 JavaThread "Unconstrained build operations Thread 51" [_thread_blocked, id=21120, stack(0x0000009e64900000,0x0000009e64a00000)]
  0x000001d032a1b680 JavaThread "Unconstrained build operations Thread 52" [_thread_blocked, id=21144, stack(0x0000009e64a00000,0x0000009e64b00000)]
  0x000001d032a1bb90 JavaThread "Unconstrained build operations Thread 53" [_thread_blocked, id=21140, stack(0x0000009e64b00000,0x0000009e64c00000)]
  0x000001d032a183e0 JavaThread "Unconstrained build operations Thread 54" [_thread_blocked, id=21060, stack(0x0000009e64c00000,0x0000009e64d00000)]
  0x000001d032a1d9f0 JavaThread "Unconstrained build operations Thread 55" [_thread_blocked, id=21112, stack(0x0000009e64d00000,0x0000009e64e00000)]
  0x000001d032a1c0a0 JavaThread "Unconstrained build operations Thread 56" [_thread_blocked, id=21104, stack(0x0000009e64e00000,0x0000009e64f00000)]
  0x000001d032a1c5b0 JavaThread "Unconstrained build operations Thread 57" [_thread_blocked, id=21072, stack(0x0000009e64f00000,0x0000009e65000000)]
  0x000001d032a1cac0 JavaThread "Unconstrained build operations Thread 58" [_thread_blocked, id=21056, stack(0x0000009e65000000,0x0000009e65100000)]
  0x000001d032a1cfd0 JavaThread "Unconstrained build operations Thread 59" [_thread_blocked, id=20776, stack(0x0000009e65100000,0x0000009e65200000)]
  0x000001d032a1d4e0 JavaThread "Unconstrained build operations Thread 60" [_thread_blocked, id=21248, stack(0x0000009e65200000,0x0000009e65300000)]
  0x000001d033c1ded0 JavaThread "Unconstrained build operations Thread 61" [_thread_blocked, id=21284, stack(0x0000009e65300000,0x0000009e65400000)]
  0x000001d033c1b650 JavaThread "Unconstrained build operations Thread 62" [_thread_blocked, id=21280, stack(0x0000009e65400000,0x0000009e65500000)]
  0x000001d033c1a720 JavaThread "Unconstrained build operations Thread 63" [_thread_blocked, id=21232, stack(0x0000009e65500000,0x0000009e65600000)]
  0x000001d033c1ac30 JavaThread "Unconstrained build operations Thread 64" [_thread_blocked, id=21276, stack(0x0000009e65600000,0x0000009e65700000)]
  0x000001d033c1ca90 JavaThread "Unconstrained build operations Thread 65" [_thread_blocked, id=21268, stack(0x0000009e65700000,0x0000009e65800000)]
  0x000001d033c1b140 JavaThread "Unconstrained build operations Thread 66" [_thread_blocked, id=21264, stack(0x0000009e65800000,0x0000009e65900000)]
  0x000001d033c1d4b0 JavaThread "Unconstrained build operations Thread 67" [_thread_blocked, id=21272, stack(0x0000009e65900000,0x0000009e65a00000)]
  0x000001d033c1e3e0 JavaThread "Unconstrained build operations Thread 68" [_thread_blocked, id=21260, stack(0x0000009e65a00000,0x0000009e65b00000)]
  0x000001d033c1cfa0 JavaThread "Unconstrained build operations Thread 69" [_thread_blocked, id=21228, stack(0x0000009e65b00000,0x0000009e65c00000)]
  0x000001d033c1e8f0 JavaThread "Unconstrained build operations Thread 70" [_thread_blocked, id=21256, stack(0x0000009e65c00000,0x0000009e65d00000)]
  0x000001d033c1ee00 JavaThread "Unconstrained build operations Thread 71" [_thread_blocked, id=21252, stack(0x0000009e65d00000,0x0000009e65e00000)]
  0x000001d033c1bb60 JavaThread "Unconstrained build operations Thread 72" [_thread_blocked, id=21364, stack(0x0000009e65e00000,0x0000009e65f00000)]
  0x000001d033c1f820 JavaThread "Unconstrained build operations Thread 73" [_thread_blocked, id=15988, stack(0x0000009e65f00000,0x0000009e66000000)]
  0x000001d033c1c070 JavaThread "Unconstrained build operations Thread 74" [_thread_blocked, id=8892, stack(0x0000009e66000000,0x0000009e66100000)]
  0x000001d033c21170 JavaThread "Unconstrained build operations Thread 75" [_thread_blocked, id=11868, stack(0x0000009e66100000,0x0000009e66200000)]
  0x000001d033c21b90 JavaThread "Unconstrained build operations Thread 76" [_thread_blocked, id=20508, stack(0x0000009e66200000,0x0000009e66300000)]
  0x000001d033c1fd30 JavaThread "Unconstrained build operations Thread 77" [_thread_blocked, id=20512, stack(0x0000009e66300000,0x0000009e66400000)]
  0x000001d033c21680 JavaThread "Unconstrained build operations Thread 78" [_thread_blocked, id=19200, stack(0x0000009e66400000,0x0000009e66500000)]
  0x000001d033c20240 JavaThread "Unconstrained build operations Thread 79" [_thread_blocked, id=21292, stack(0x0000009e66500000,0x0000009e66600000)]
  0x000001d033c20c60 JavaThread "Unconstrained build operations Thread 80" [_thread_blocked, id=17328, stack(0x0000009e66600000,0x0000009e66700000)]
  0x000001d033c20750 JavaThread "Unconstrained build operations Thread 81" [_thread_blocked, id=20600, stack(0x0000009e66700000,0x0000009e66800000)]
  0x000001d032ba7800 JavaThread "Unconstrained build operations Thread 82" [_thread_blocked, id=12816, stack(0x0000009e66800000,0x0000009e66900000)]
  0x000001d032ba7d10 JavaThread "Unconstrained build operations Thread 83" [_thread_blocked, id=20524, stack(0x0000009e66900000,0x0000009e66a00000)]
  0x000001d032ba9b70 JavaThread "Unconstrained build operations Thread 84" [_thread_blocked, id=2324, stack(0x0000009e66a00000,0x0000009e66b00000)]
  0x000001d032baa080 JavaThread "Unconstrained build operations Thread 85" [_thread_blocked, id=20608, stack(0x0000009e66b00000,0x0000009e66c00000)]
  0x000001d032ba8730 JavaThread "Unconstrained build operations Thread 86" [_thread_blocked, id=8032, stack(0x0000009e66c00000,0x0000009e66d00000)]
  0x000001d032ba6de0 JavaThread "Unconstrained build operations Thread 87" [_thread_blocked, id=1956, stack(0x0000009e66d00000,0x0000009e66e00000)]
  0x000001d032ba8c40 JavaThread "Unconstrained build operations Thread 88" [_thread_blocked, id=1128, stack(0x0000009e66e00000,0x0000009e66f00000)]
  0x000001d032ba9660 JavaThread "Unconstrained build operations Thread 89" [_thread_blocked, id=4352, stack(0x0000009e66f00000,0x0000009e67000000)]
  0x000001d032ba8220 JavaThread "Unconstrained build operations Thread 90" [_thread_blocked, id=6208, stack(0x0000009e67000000,0x0000009e67100000)]
  0x000001d032baa590 JavaThread "Unconstrained build operations Thread 91" [_thread_blocked, id=11580, stack(0x0000009e67100000,0x0000009e67200000)]
  0x000001d032baaaa0 JavaThread "Unconstrained build operations Thread 92" [_thread_blocked, id=20576, stack(0x0000009e67200000,0x0000009e67300000)]
  0x000001d032ba72f0 JavaThread "Unconstrained build operations Thread 93" [_thread_blocked, id=18952, stack(0x0000009e67300000,0x0000009e67400000)]
  0x000001d032bab9d0 JavaThread "Unconstrained build operations Thread 94" [_thread_blocked, id=4128, stack(0x0000009e67400000,0x0000009e67500000)]
  0x000001d032babee0 JavaThread "Unconstrained build operations Thread 95" [_thread_blocked, id=16256, stack(0x0000009e67500000,0x0000009e67600000)]
  0x000001d032bac3f0 JavaThread "Unconstrained build operations Thread 96" [_thread_blocked, id=20624, stack(0x0000009e67600000,0x0000009e67700000)]
  0x000001d032bac900 JavaThread "Unconstrained build operations Thread 97" [_thread_blocked, id=20644, stack(0x0000009e67700000,0x0000009e67800000)]
  0x000001d032ba9150 JavaThread "Unconstrained build operations Thread 98" [_thread_blocked, id=20664, stack(0x0000009e67800000,0x0000009e67900000)]
  0x000001d032bace10 JavaThread "Unconstrained build operations Thread 99" [_thread_blocked, id=8700, stack(0x0000009e67900000,0x0000009e67a00000)]
  0x000001d032bad320 JavaThread "Unconstrained build operations Thread 100" [_thread_blocked, id=20540, stack(0x0000009e67a00000,0x0000009e67b00000)]
  0x000001d032bad830 JavaThread "Unconstrained build operations Thread 101" [_thread_blocked, id=20544, stack(0x0000009e67b00000,0x0000009e67c00000)]
  0x000001d032badd40 JavaThread "Unconstrained build operations Thread 102" [_thread_blocked, id=20548, stack(0x0000009e67c00000,0x0000009e67d00000)]
  0x000001d032bae250 JavaThread "Unconstrained build operations Thread 103" [_thread_blocked, id=3040, stack(0x0000009e67d00000,0x0000009e67e00000)]
  0x000001d032bae760 JavaThread "Unconstrained build operations Thread 104" [_thread_blocked, id=15276, stack(0x0000009e67e00000,0x0000009e67f00000)]
  0x000001d033c220a0 JavaThread "Unconstrained build operations Thread 105" [_thread_blocked, id=20980, stack(0x0000009e67f00000,0x0000009e68000000)]
  0x000001d02cae1db0 JavaThread "Unconstrained build operations Thread 106" [_thread_blocked, id=20536, stack(0x0000009e68000000,0x0000009e68100000)]
  0x000001d02daab940 JavaThread "Unconstrained build operations Thread 107" [_thread_blocked, id=18556, stack(0x0000009e68100000,0x0000009e68200000)]
  0x000001d02daadcb0 JavaThread "Unconstrained build operations Thread 108" [_thread_blocked, id=13832, stack(0x0000009e68200000,0x0000009e68300000)]
  0x000001d02daaf600 JavaThread "Unconstrained build operations Thread 109" [_thread_blocked, id=18720, stack(0x0000009e68300000,0x0000009e68400000)]
  0x000001d02daaebe0 JavaThread "Unconstrained build operations Thread 110" [_thread_blocked, id=12544, stack(0x0000009e68400000,0x0000009e68500000)]
  0x000001d02daae1c0 JavaThread "Unconstrained build operations Thread 111" [_thread_blocked, id=12252, stack(0x0000009e68500000,0x0000009e68600000)]
  0x000001d02daac870 JavaThread "Unconstrained build operations Thread 112" [_thread_blocked, id=20616, stack(0x0000009e68600000,0x0000009e68700000)]
  0x000001d02daabe50 JavaThread "Unconstrained build operations Thread 113" [_thread_blocked, id=13272, stack(0x0000009e68700000,0x0000009e68800000)]
  0x000001d02daafb10 JavaThread "Unconstrained build operations Thread 114" [_thread_blocked, id=20952, stack(0x0000009e68800000,0x0000009e68900000)]
  0x000001d02daac360 JavaThread "Unconstrained build operations Thread 115" [_thread_blocked, id=21168, stack(0x0000009e68900000,0x0000009e68a00000)]
  0x000001d02daaf0f0 JavaThread "pool-3-thread-1" [_thread_blocked, id=14448, stack(0x0000009e68a00000,0x0000009e68b00000)]
  0x000001d02dab0020 JavaThread "build event listener" [_thread_blocked, id=20672, stack(0x0000009e68b00000,0x0000009e68c00000)]
  0x000001d02daae6d0 JavaThread "Cache worker for execution history cache (D:\my project\packing_frontend\android\.gradle\8.3\executionHistory)" [_thread_blocked, id=19688, stack(0x0000009e68c00000,0x0000009e68d00000)]

Other Threads:
=>0x000001d0794c3840 VMThread "VM Thread" [stack: 0x0000009e5bd00000,0x0000009e5be00000] [id=13432]
  0x000001d079b52d70 WatcherThread [stack: 0x0000009e5ca00000,0x0000009e5cb00000] [id=17764]
  0x000001d069f1d630 GCTaskThread "GC Thread#0" [stack: 0x0000009e5b800000,0x0000009e5b900000] [id=924]
  0x000001d07e0ad350 GCTaskThread "GC Thread#1" [stack: 0x0000009e5cb00000,0x0000009e5cc00000] [id=18764]
  0x000001d07e18f640 GCTaskThread "GC Thread#2" [stack: 0x0000009e5cc00000,0x0000009e5cd00000] [id=1308]
  0x000001d07e70c9b0 GCTaskThread "GC Thread#3" [stack: 0x0000009e5cd00000,0x0000009e5ce00000] [id=14352]
  0x000001d07eb99610 GCTaskThread "GC Thread#4" [stack: 0x0000009e5ce00000,0x0000009e5cf00000] [id=15092]
  0x000001d02b174cd0 GCTaskThread "GC Thread#5" [stack: 0x0000009e5dc00000,0x0000009e5dd00000] [id=17224]
  0x000001d02b024570 GCTaskThread "GC Thread#6" [stack: 0x0000009e5dd00000,0x0000009e5de00000] [id=3868]
  0x000001d02a7e5370 GCTaskThread "GC Thread#7" [stack: 0x0000009e5de00000,0x0000009e5df00000] [id=4184]
  0x000001d02af1f7f0 GCTaskThread "GC Thread#8" [stack: 0x0000009e5df00000,0x0000009e5e000000] [id=8680]
  0x000001d02a1db370 GCTaskThread "GC Thread#9" [stack: 0x0000009e5e000000,0x0000009e5e100000] [id=1584]
  0x000001d069f2e580 ConcurrentGCThread "G1 Main Marker" [stack: 0x0000009e5b900000,0x0000009e5ba00000] [id=11960]
  0x000001d069f2fc70 ConcurrentGCThread "G1 Conc#0" [stack: 0x0000009e5ba00000,0x0000009e5bb00000] [id=19708]
  0x000001d02c0cf350 ConcurrentGCThread "G1 Conc#1" [stack: 0x0000009e5e700000,0x0000009e5e800000] [id=14332]
  0x000001d02c0cf610 ConcurrentGCThread "G1 Conc#2" [stack: 0x0000009e5e800000,0x0000009e5e900000] [id=4744]
  0x000001d069f6e200 ConcurrentGCThread "G1 Refine#0" [stack: 0x0000009e5bb00000,0x0000009e5bc00000] [id=2804]
  0x000001d069f6e9e0 ConcurrentGCThread "G1 Service" [stack: 0x0000009e5bc00000,0x0000009e5bd00000] [id=2784]

Threads with active compile tasks:

VM state: at safepoint (normal execution)

VM Mutex/Monitor currently owned by a thread:  ([mutex/lock_event])
[0x000001d067cfbe80] Threads_lock - owner thread: 0x000001d0794c3840
[0x000001d069ebb0f0] Heap_lock - owner thread: 0x000001d069f2e580

Heap address: 0x0000000080000000, size: 2048 MB, Compressed Oops mode: 32-bit

CDS archive(s) mapped at: [0x000001d00f000000-0x000001d00fbb0000-0x000001d00fbb0000), size 12255232, SharedBaseAddress: 0x000001d00f000000, ArchiveRelocationMode: 1.
Compressed class space mapped at: 0x000001d010000000-0x000001d02a000000, reserved size: 436207616
Narrow klass base: 0x000001d00f000000, Narrow klass shift: 0, Narrow klass range: 0x100000000

GC Precious Log:
 CPUs: 12 total, 12 available
 Memory: 7903M
 Large Page Support: Disabled
 NUMA Support: Disabled
 Compressed Oops: Enabled (32-bit)
 Heap Region Size: 1M
 Heap Min Capacity: 8M
 Heap Initial Capacity: 124M
 Heap Max Capacity: 2G
 Pre-touch: Disabled
 Parallel Workers: 10
 Concurrent Workers: 3
 Concurrent Refinement Workers: 10
 Periodic GC: Disabled

Heap:
 garbage-first heap   total 301056K, used 198615K [0x0000000080000000, 0x0000000100000000)
  region size 1024K, 7 young (7168K), 6 survivors (6144K)
 Metaspace       used 103768K, committed 105088K, reserved 557056K
  class space    used 14307K, committed 14912K, reserved 425984K

Heap Regions: E=young(eden), S=young(survivor), O=old, HS=humongous(starts), HC=humongous(continues), CS=collection set, F=free, OA=open archive, CA=closed archive, TAMS=top-at-mark-start (previous, next)
|   0|0x0000000080000000, 0x0000000080100000, 0x0000000080100000|100%|HS|  |TAMS 0x0000000080100000, 0x0000000080000000| Complete 
|   1|0x0000000080100000, 0x0000000080200000, 0x0000000080200000|100%|HC|  |TAMS 0x0000000080200000, 0x0000000080100000| Complete 
|   2|0x0000000080200000, 0x0000000080300000, 0x0000000080300000|100%|HC|  |TAMS 0x0000000080300000, 0x0000000080200000| Complete 
|   3|0x0000000080300000, 0x0000000080400000, 0x0000000080400000|100%|HC|  |TAMS 0x0000000080400000, 0x0000000080300000| Complete 
|   4|0x0000000080400000, 0x0000000080500000, 0x0000000080500000|100%| O|  |TAMS 0x0000000080500000, 0x0000000080400000| Untracked 
|   5|0x0000000080500000, 0x0000000080600000, 0x0000000080600000|100%| O|  |TAMS 0x0000000080600000, 0x0000000080500000| Updating 
|   6|0x0000000080600000, 0x0000000080700000, 0x0000000080700000|100%| O|  |TAMS 0x0000000080700000, 0x0000000080600000| Untracked 
|   7|0x0000000080700000, 0x0000000080800000, 0x0000000080800000|100%| O|  |TAMS 0x0000000080800000, 0x0000000080700000| Untracked 
|   8|0x0000000080800000, 0x0000000080900000, 0x0000000080900000|100%| O|  |TAMS 0x0000000080900000, 0x0000000080800000| Untracked 
|   9|0x0000000080900000, 0x0000000080a00000, 0x0000000080a00000|100%| O|  |TAMS 0x0000000080a00000, 0x0000000080900000| Updating 
|  10|0x0000000080a00000, 0x0000000080b00000, 0x0000000080b00000|100%| O|  |TAMS 0x0000000080b00000, 0x0000000080a00000| Untracked 
|  11|0x0000000080b00000, 0x0000000080c00000, 0x0000000080c00000|100%| O|  |TAMS 0x0000000080c00000, 0x0000000080b00000| Untracked 
|  12|0x0000000080c00000, 0x0000000080d00000, 0x0000000080d00000|100%| O|  |TAMS 0x0000000080d00000, 0x0000000080c00000| Untracked 
|  13|0x0000000080d00000, 0x0000000080e00000, 0x0000000080e00000|100%| O|  |TAMS 0x0000000080e00000, 0x0000000080d00000| Untracked 
|  14|0x0000000080e00000, 0x0000000080f00000, 0x0000000080f00000|100%| O|  |TAMS 0x0000000080f00000, 0x0000000080e00000| Untracked 
|  15|0x0000000080f00000, 0x0000000081000000, 0x0000000081000000|100%| O|  |TAMS 0x0000000081000000, 0x0000000080f00000| Untracked 
|  16|0x0000000081000000, 0x0000000081100000, 0x0000000081100000|100%| O|  |TAMS 0x0000000081100000, 0x0000000081000000| Untracked 
|  17|0x0000000081100000, 0x0000000081200000, 0x0000000081200000|100%| O|  |TAMS 0x0000000081200000, 0x0000000081100000| Untracked 
|  18|0x0000000081200000, 0x0000000081300000, 0x0000000081300000|100%| O|  |TAMS 0x0000000081300000, 0x0000000081200000| Untracked 
|  19|0x0000000081300000, 0x0000000081400000, 0x0000000081400000|100%| O|  |TAMS 0x0000000081400000, 0x0000000081300000| Untracked 
|  20|0x0000000081400000, 0x0000000081500000, 0x0000000081500000|100%| O|  |TAMS 0x0000000081500000, 0x0000000081400000| Untracked 
|  21|0x0000000081500000, 0x0000000081600000, 0x0000000081600000|100%| O|  |TAMS 0x0000000081600000, 0x0000000081500000| Untracked 
|  22|0x0000000081600000, 0x0000000081700000, 0x0000000081700000|100%| O|  |TAMS 0x0000000081700000, 0x0000000081600000| Untracked 
|  23|0x0000000081700000, 0x0000000081800000, 0x0000000081800000|100%| O|  |TAMS 0x0000000081800000, 0x0000000081700000| Updating 
|  24|0x0000000081800000, 0x0000000081900000, 0x0000000081900000|100%| O|  |TAMS 0x0000000081900000, 0x0000000081800000| Untracked 
|  25|0x0000000081900000, 0x0000000081a00000, 0x0000000081a00000|100%| O|  |TAMS 0x0000000081a00000, 0x0000000081900000| Untracked 
|  26|0x0000000081a00000, 0x0000000081b00000, 0x0000000081b00000|100%| O|  |TAMS 0x0000000081b00000, 0x0000000081a00000| Untracked 
|  27|0x0000000081b00000, 0x0000000081c00000, 0x0000000081c00000|100%| O|  |TAMS 0x0000000081c00000, 0x0000000081b00000| Untracked 
|  28|0x0000000081c00000, 0x0000000081d00000, 0x0000000081d00000|100%| O|  |TAMS 0x0000000081d00000, 0x0000000081c00000| Untracked 
|  29|0x0000000081d00000, 0x0000000081e00000, 0x0000000081e00000|100%| O|  |TAMS 0x0000000081e00000, 0x0000000081d00000| Untracked 
|  30|0x0000000081e00000, 0x0000000081f00000, 0x0000000081f00000|100%| O|  |TAMS 0x0000000081f00000, 0x0000000081e00000| Untracked 
|  31|0x0000000081f00000, 0x0000000082000000, 0x0000000082000000|100%| O|  |TAMS 0x0000000082000000, 0x0000000081f00000| Untracked 
|  32|0x0000000082000000, 0x0000000082100000, 0x0000000082100000|100%| O|  |TAMS 0x0000000082100000, 0x0000000082000000| Untracked 
|  33|0x0000000082100000, 0x0000000082200000, 0x0000000082200000|100%| O|  |TAMS 0x0000000082200000, 0x0000000082100000| Untracked 
|  34|0x0000000082200000, 0x0000000082300000, 0x0000000082300000|100%| O|  |TAMS 0x0000000082300000, 0x0000000082200000| Untracked 
|  35|0x0000000082300000, 0x0000000082400000, 0x0000000082400000|100%| O|  |TAMS 0x0000000082400000, 0x0000000082300000| Untracked 
|  36|0x0000000082400000, 0x0000000082500000, 0x0000000082500000|100%| O|  |TAMS 0x0000000082500000, 0x0000000082400000| Untracked 
|  37|0x0000000082500000, 0x0000000082600000, 0x0000000082600000|100%| O|  |TAMS 0x0000000082600000, 0x0000000082500000| Untracked 
|  38|0x0000000082600000, 0x0000000082700000, 0x0000000082700000|100%| O|  |TAMS 0x0000000082700000, 0x0000000082600000| Untracked 
|  39|0x0000000082700000, 0x0000000082800000, 0x0000000082800000|100%| O|  |TAMS 0x0000000082800000, 0x0000000082700000| Untracked 
|  40|0x0000000082800000, 0x0000000082900000, 0x0000000082900000|100%|HS|  |TAMS 0x0000000082900000, 0x0000000082800000| Complete 
|  41|0x0000000082900000, 0x0000000082a00000, 0x0000000082a00000|100%|HC|  |TAMS 0x0000000082a00000, 0x0000000082900000| Complete 
|  42|0x0000000082a00000, 0x0000000082b00000, 0x0000000082b00000|100%|HS|  |TAMS 0x0000000082b00000, 0x0000000082a00000| Complete 
|  43|0x0000000082b00000, 0x0000000082c00000, 0x0000000082c00000|100%|HC|  |TAMS 0x0000000082c00000, 0x0000000082b00000| Complete 
|  44|0x0000000082c00000, 0x0000000082d00000, 0x0000000082d00000|100%| O|  |TAMS 0x0000000082d00000, 0x0000000082c00000| Untracked 
|  45|0x0000000082d00000, 0x0000000082e00000, 0x0000000082e00000|100%| O|  |TAMS 0x0000000082e00000, 0x0000000082d00000| Untracked 
|  46|0x0000000082e00000, 0x0000000082f00000, 0x0000000082f00000|100%| O|  |TAMS 0x0000000082f00000, 0x0000000082e00000| Updating 
|  47|0x0000000082f00000, 0x0000000083000000, 0x0000000083000000|100%|HS|  |TAMS 0x0000000083000000, 0x0000000082f00000| Complete 
|  48|0x0000000083000000, 0x0000000083100000, 0x0000000083100000|100%|HC|  |TAMS 0x0000000083100000, 0x0000000083000000| Complete 
|  49|0x0000000083100000, 0x0000000083200000, 0x0000000083200000|100%|HC|  |TAMS 0x0000000083200000, 0x0000000083100000| Complete 
|  50|0x0000000083200000, 0x0000000083300000, 0x0000000083300000|100%|HC|  |TAMS 0x0000000083300000, 0x0000000083200000| Complete 
|  51|0x0000000083300000, 0x0000000083400000, 0x0000000083400000|100%| O|  |TAMS 0x0000000083400000, 0x0000000083300000| Untracked 
|  52|0x0000000083400000, 0x0000000083500000, 0x0000000083500000|100%| O|  |TAMS 0x0000000083500000, 0x0000000083400000| Untracked 
|  53|0x0000000083500000, 0x0000000083600000, 0x0000000083600000|100%| O|  |TAMS 0x0000000083600000, 0x0000000083500000| Untracked 
|  54|0x0000000083600000, 0x0000000083700000, 0x0000000083700000|100%| O|  |TAMS 0x0000000083700000, 0x0000000083600000| Untracked 
|  55|0x0000000083700000, 0x0000000083800000, 0x0000000083800000|100%|HS|  |TAMS 0x0000000083800000, 0x0000000083700000| Complete 
|  56|0x0000000083800000, 0x0000000083900000, 0x0000000083900000|100%|HC|  |TAMS 0x0000000083900000, 0x0000000083800000| Complete 
|  57|0x0000000083900000, 0x0000000083a00000, 0x0000000083a00000|100%|HC|  |TAMS 0x0000000083a00000, 0x0000000083900000| Complete 
|  58|0x0000000083a00000, 0x0000000083b00000, 0x0000000083b00000|100%|HC|  |TAMS 0x0000000083b00000, 0x0000000083a00000| Complete 
|  59|0x0000000083b00000, 0x0000000083c00000, 0x0000000083c00000|100%| O|  |TAMS 0x0000000083c00000, 0x0000000083b00000| Untracked 
|  60|0x0000000083c00000, 0x0000000083d00000, 0x0000000083d00000|100%| O|  |TAMS 0x0000000083d00000, 0x0000000083c00000| Untracked 
|  61|0x0000000083d00000, 0x0000000083e00000, 0x0000000083e00000|100%| O|  |TAMS 0x0000000083e00000, 0x0000000083d00000| Untracked 
|  62|0x0000000083e00000, 0x0000000083f00000, 0x0000000083f00000|100%| O|  |TAMS 0x0000000083f00000, 0x0000000083e00000| Untracked 
|  63|0x0000000083f00000, 0x0000000084000000, 0x0000000084000000|100%| O|  |TAMS 0x0000000084000000, 0x0000000083f00000| Untracked 
|  64|0x0000000084000000, 0x0000000084100000, 0x0000000084100000|100%| O|  |TAMS 0x0000000084100000, 0x0000000084000000| Untracked 
|  65|0x0000000084100000, 0x0000000084200000, 0x0000000084200000|100%| O|  |TAMS 0x0000000084200000, 0x0000000084100000| Untracked 
|  66|0x0000000084200000, 0x0000000084300000, 0x0000000084300000|100%| O|  |TAMS 0x0000000084300000, 0x0000000084200000| Untracked 
|  67|0x0000000084300000, 0x0000000084400000, 0x0000000084400000|100%| O|  |TAMS 0x0000000084400000, 0x0000000084300000| Untracked 
|  68|0x0000000084400000, 0x0000000084500000, 0x0000000084500000|100%| O|  |TAMS 0x0000000084500000, 0x0000000084400000| Untracked 
|  69|0x0000000084500000, 0x0000000084600000, 0x0000000084600000|100%| O|  |TAMS 0x0000000084600000, 0x0000000084500000| Untracked 
|  70|0x0000000084600000, 0x0000000084700000, 0x0000000084700000|100%| O|  |TAMS 0x0000000084700000, 0x0000000084600000| Untracked 
|  71|0x0000000084700000, 0x0000000084800000, 0x0000000084800000|100%| O|  |TAMS 0x0000000084800000, 0x0000000084700000| Updating 
|  72|0x0000000084800000, 0x0000000084900000, 0x0000000084900000|100%|HS|  |TAMS 0x0000000084900000, 0x0000000084800000| Complete 
|  73|0x0000000084900000, 0x0000000084a00000, 0x0000000084a00000|100%|HS|  |TAMS 0x0000000084a00000, 0x0000000084900000| Complete 
|  74|0x0000000084a00000, 0x0000000084b00000, 0x0000000084b00000|100%|HS|  |TAMS 0x0000000084b00000, 0x0000000084a00000| Complete 
|  75|0x0000000084b00000, 0x0000000084c00000, 0x0000000084c00000|100%|HS|  |TAMS 0x0000000084c00000, 0x0000000084b00000| Complete 
|  76|0x0000000084c00000, 0x0000000084d00000, 0x0000000084d00000|100%| O|  |TAMS 0x0000000084d00000, 0x0000000084c00000| Untracked 
|  77|0x0000000084d00000, 0x0000000084e00000, 0x0000000084e00000|100%| O|  |TAMS 0x0000000084e00000, 0x0000000084d00000| Untracked 
|  78|0x0000000084e00000, 0x0000000084f00000, 0x0000000084f00000|100%| O|  |TAMS 0x0000000084f00000, 0x0000000084e00000| Untracked 
|  79|0x0000000084f00000, 0x0000000085000000, 0x0000000085000000|100%| O|  |TAMS 0x0000000085000000, 0x0000000084f00000| Untracked 
|  80|0x0000000085000000, 0x0000000085000000, 0x0000000085100000|  0%| F|  |TAMS 0x0000000085000000, 0x0000000085000000| Untracked 
|  81|0x0000000085100000, 0x0000000085200000, 0x0000000085200000|100%| O|  |TAMS 0x0000000085200000, 0x0000000085100000| Untracked 
|  82|0x0000000085200000, 0x0000000085300000, 0x0000000085300000|100%| O|  |TAMS 0x0000000085300000, 0x0000000085200000| Untracked 
|  83|0x0000000085300000, 0x0000000085400000, 0x0000000085400000|100%| O|  |TAMS 0x0000000085400000, 0x0000000085300000| Updating 
|  84|0x0000000085400000, 0x0000000085500000, 0x0000000085500000|100%| O|  |TAMS 0x0000000085500000, 0x0000000085400000| Untracked 
|  85|0x0000000085500000, 0x0000000085600000, 0x0000000085600000|100%| O|  |TAMS 0x0000000085600000, 0x0000000085500000| Untracked 
|  86|0x0000000085600000, 0x0000000085700000, 0x0000000085700000|100%| O|  |TAMS 0x0000000085700000, 0x0000000085600000| Untracked 
|  87|0x0000000085700000, 0x0000000085800000, 0x0000000085800000|100%| O|  |TAMS 0x0000000085800000, 0x0000000085700000| Untracked 
|  88|0x0000000085800000, 0x0000000085900000, 0x0000000085900000|100%| O|  |TAMS 0x0000000085900000, 0x0000000085800000| Untracked 
|  89|0x0000000085900000, 0x0000000085a00000, 0x0000000085a00000|100%| O|  |TAMS 0x0000000085a00000, 0x0000000085900000| Untracked 
|  90|0x0000000085a00000, 0x0000000085b00000, 0x0000000085b00000|100%| O|  |TAMS 0x0000000085b00000, 0x0000000085a00000| Untracked 
|  91|0x0000000085b00000, 0x0000000085c00000, 0x0000000085c00000|100%| O|  |TAMS 0x0000000085c00000, 0x0000000085b00000| Untracked 
|  92|0x0000000085c00000, 0x0000000085d00000, 0x0000000085d00000|100%| O|  |TAMS 0x0000000085d00000, 0x0000000085c00000| Untracked 
|  93|0x0000000085d00000, 0x0000000085e00000, 0x0000000085e00000|100%| O|  |TAMS 0x0000000085e00000, 0x0000000085d00000| Untracked 
|  94|0x0000000085e00000, 0x0000000085f00000, 0x0000000085f00000|100%| O|  |TAMS 0x0000000085f00000, 0x0000000085e00000| Untracked 
|  95|0x0000000085f00000, 0x0000000086000000, 0x0000000086000000|100%| O|  |TAMS 0x0000000086000000, 0x0000000085f00000| Untracked 
|  96|0x0000000086000000, 0x0000000086100000, 0x0000000086100000|100%| O|  |TAMS 0x0000000086100000, 0x0000000086000000| Untracked 
|  97|0x0000000086100000, 0x0000000086200000, 0x0000000086200000|100%| O|  |TAMS 0x0000000086200000, 0x0000000086100000| Untracked 
|  98|0x0000000086200000, 0x0000000086300000, 0x0000000086300000|100%| O|  |TAMS 0x0000000086300000, 0x0000000086200000| Untracked 
|  99|0x0000000086300000, 0x0000000086400000, 0x0000000086400000|100%| O|  |TAMS 0x0000000086400000, 0x0000000086300000| Untracked 
| 100|0x0000000086400000, 0x0000000086500000, 0x0000000086500000|100%| O|  |TAMS 0x0000000086500000, 0x0000000086400000| Untracked 
| 101|0x0000000086500000, 0x0000000086600000, 0x0000000086600000|100%| O|  |TAMS 0x0000000086600000, 0x0000000086500000| Untracked 
| 102|0x0000000086600000, 0x0000000086700000, 0x0000000086700000|100%| O|  |TAMS 0x0000000086700000, 0x0000000086600000| Untracked 
| 103|0x0000000086700000, 0x0000000086800000, 0x0000000086800000|100%| O|  |TAMS 0x0000000086800000, 0x0000000086700000| Untracked 
| 104|0x0000000086800000, 0x0000000086900000, 0x0000000086900000|100%| O|  |TAMS 0x0000000086900000, 0x0000000086800000| Untracked 
| 105|0x0000000086900000, 0x0000000086a00000, 0x0000000086a00000|100%|HS|  |TAMS 0x0000000086a00000, 0x0000000086900000| Complete 
| 106|0x0000000086a00000, 0x0000000086b00000, 0x0000000086b00000|100%|HC|  |TAMS 0x0000000086b00000, 0x0000000086a00000| Complete 
| 107|0x0000000086b00000, 0x0000000086c00000, 0x0000000086c00000|100%|HS|  |TAMS 0x0000000086c00000, 0x0000000086b00000| Complete 
| 108|0x0000000086c00000, 0x0000000086d00000, 0x0000000086d00000|100%|HC|  |TAMS 0x0000000086d00000, 0x0000000086c00000| Complete 
| 109|0x0000000086d00000, 0x0000000086e00000, 0x0000000086e00000|100%|HC|  |TAMS 0x0000000086e00000, 0x0000000086d00000| Complete 
| 110|0x0000000086e00000, 0x0000000086f00000, 0x0000000086f00000|100%|HC|  |TAMS 0x0000000086f00000, 0x0000000086e00000| Complete 
| 111|0x0000000086f00000, 0x0000000087000000, 0x0000000087000000|100%| O|  |TAMS 0x0000000087000000, 0x0000000086f00000| Untracked 
| 112|0x0000000087000000, 0x0000000087100000, 0x0000000087100000|100%| O|  |TAMS 0x0000000087100000, 0x0000000087000000| Untracked 
| 113|0x0000000087100000, 0x0000000087200000, 0x0000000087200000|100%| O|  |TAMS 0x0000000087200000, 0x0000000087100000| Untracked 
| 114|0x0000000087200000, 0x0000000087300000, 0x0000000087300000|100%| O|  |TAMS 0x0000000087300000, 0x0000000087200000| Untracked 
| 115|0x0000000087300000, 0x0000000087400000, 0x0000000087400000|100%| O|  |TAMS 0x0000000087400000, 0x0000000087300000| Untracked 
| 116|0x0000000087400000, 0x0000000087500000, 0x0000000087500000|100%| O|  |TAMS 0x0000000087500000, 0x0000000087400000| Untracked 
| 117|0x0000000087500000, 0x0000000087600000, 0x0000000087600000|100%| O|  |TAMS 0x0000000087600000, 0x0000000087500000| Untracked 
| 118|0x0000000087600000, 0x0000000087700000, 0x0000000087700000|100%| O|  |TAMS 0x0000000087700000, 0x0000000087600000| Untracked 
| 119|0x0000000087700000, 0x0000000087800000, 0x0000000087800000|100%| O|  |TAMS 0x0000000087800000, 0x0000000087700000| Untracked 
| 120|0x0000000087800000, 0x0000000087900000, 0x0000000087900000|100%| O|  |TAMS 0x0000000087900000, 0x0000000087800000| Untracked 
| 121|0x0000000087900000, 0x0000000087a00000, 0x0000000087a00000|100%| O|  |TAMS 0x0000000087a00000, 0x0000000087900000| Untracked 
| 122|0x0000000087a00000, 0x0000000087b00000, 0x0000000087b00000|100%|HS|  |TAMS 0x0000000087b00000, 0x0000000087a00000| Complete 
| 123|0x0000000087b00000, 0x0000000087c00000, 0x0000000087c00000|100%| O|  |TAMS 0x0000000087c00000, 0x0000000087b00000| Updating 
| 124|0x0000000087c00000, 0x0000000087d00000, 0x0000000087d00000|100%| O|  |TAMS 0x0000000087d00000, 0x0000000087c00000| Updating 
| 125|0x0000000087d00000, 0x0000000087e00000, 0x0000000087e00000|100%| O|  |TAMS 0x0000000087e00000, 0x0000000087d00000| Untracked 
| 126|0x0000000087e00000, 0x0000000087f00000, 0x0000000087f00000|100%| O|  |TAMS 0x0000000087f00000, 0x0000000087e00000| Untracked 
| 127|0x0000000087f00000, 0x0000000088000000, 0x0000000088000000|100%| O|  |TAMS 0x0000000088000000, 0x0000000087f00000| Untracked 
| 128|0x0000000088000000, 0x0000000088100000, 0x0000000088100000|100%| O|  |TAMS 0x0000000088100000, 0x0000000088000000| Untracked 
| 129|0x0000000088100000, 0x0000000088200000, 0x0000000088200000|100%| O|  |TAMS 0x0000000088200000, 0x0000000088100000| Untracked 
| 130|0x0000000088200000, 0x0000000088300000, 0x0000000088300000|100%| O|  |TAMS 0x0000000088300000, 0x0000000088200000| Untracked 
| 131|0x0000000088300000, 0x0000000088400000, 0x0000000088400000|100%| O|  |TAMS 0x0000000088400000, 0x0000000088300000| Updating 
| 132|0x0000000088400000, 0x0000000088500000, 0x0000000088500000|100%|HS|  |TAMS 0x0000000088500000, 0x0000000088400000| Complete 
| 133|0x0000000088500000, 0x0000000088600000, 0x0000000088600000|100%|HC|  |TAMS 0x0000000088600000, 0x0000000088500000| Complete 
| 134|0x0000000088600000, 0x0000000088700000, 0x0000000088700000|100%|HC|  |TAMS 0x0000000088700000, 0x0000000088600000| Complete 
| 135|0x0000000088700000, 0x0000000088800000, 0x0000000088800000|100%|HS|  |TAMS 0x0000000088800000, 0x0000000088700000| Complete 
| 136|0x0000000088800000, 0x0000000088900000, 0x0000000088900000|100%|HC|  |TAMS 0x0000000088900000, 0x0000000088800000| Complete 
| 137|0x0000000088900000, 0x0000000088a00000, 0x0000000088a00000|100%| O|  |TAMS 0x0000000088a00000, 0x0000000088900000| Untracked 
| 138|0x0000000088a00000, 0x0000000088b00000, 0x0000000088b00000|100%| O|  |TAMS 0x0000000088b00000, 0x0000000088a00000| Untracked 
| 139|0x0000000088b00000, 0x0000000088c00000, 0x0000000088c00000|100%| O|  |TAMS 0x0000000088c00000, 0x0000000088b00000| Untracked 
| 140|0x0000000088c00000, 0x0000000088d00000, 0x0000000088d00000|100%| O|  |TAMS 0x0000000088d00000, 0x0000000088c00000| Updating 
| 141|0x0000000088d00000, 0x0000000088e00000, 0x0000000088e00000|100%| O|  |TAMS 0x0000000088e00000, 0x0000000088d00000| Untracked 
| 142|0x0000000088e00000, 0x0000000088f00000, 0x0000000088f00000|100%| O|  |TAMS 0x0000000088f00000, 0x0000000088e00000| Untracked 
| 143|0x0000000088f00000, 0x0000000089000000, 0x0000000089000000|100%| O|  |TAMS 0x0000000089000000, 0x0000000088f00000| Untracked 
| 144|0x0000000089000000, 0x0000000089100000, 0x0000000089100000|100%| O|  |TAMS 0x0000000089100000, 0x0000000089000000| Updating 
| 145|0x0000000089100000, 0x0000000089200000, 0x0000000089200000|100%|HS|  |TAMS 0x0000000089200000, 0x0000000089100000| Complete 
| 146|0x0000000089200000, 0x0000000089300000, 0x0000000089300000|100%|HS|  |TAMS 0x0000000089300000, 0x0000000089200000| Complete 
| 147|0x0000000089300000, 0x0000000089400000, 0x0000000089400000|100%| O|  |TAMS 0x0000000089400000, 0x0000000089300000| Untracked 
| 148|0x0000000089400000, 0x0000000089500000, 0x0000000089500000|100%|HS|  |TAMS 0x0000000089500000, 0x0000000089400000| Complete 
| 149|0x0000000089500000, 0x0000000089600000, 0x0000000089600000|100%|HC|  |TAMS 0x0000000089600000, 0x0000000089500000| Complete 
| 150|0x0000000089600000, 0x0000000089700000, 0x0000000089700000|100%| O|  |TAMS 0x0000000089700000, 0x0000000089600000| Untracked 
| 151|0x0000000089700000, 0x0000000089800000, 0x0000000089800000|100%| O|  |TAMS 0x0000000089800000, 0x0000000089700000| Untracked 
| 152|0x0000000089800000, 0x0000000089900000, 0x0000000089900000|100%| O|  |TAMS 0x0000000089900000, 0x0000000089800000| Untracked 
| 153|0x0000000089900000, 0x0000000089a00000, 0x0000000089a00000|100%| O|  |TAMS 0x0000000089a00000, 0x0000000089900000| Updating 
| 154|0x0000000089a00000, 0x0000000089b00000, 0x0000000089b00000|100%| O|  |TAMS 0x0000000089b00000, 0x0000000089a00000| Updating 
| 155|0x0000000089b00000, 0x0000000089c00000, 0x0000000089c00000|100%| O|  |TAMS 0x0000000089c00000, 0x0000000089b00000| Untracked 
| 156|0x0000000089c00000, 0x0000000089d00000, 0x0000000089d00000|100%| O|  |TAMS 0x0000000089d00000, 0x0000000089c00000| Untracked 
| 157|0x0000000089d00000, 0x0000000089e00000, 0x0000000089e00000|100%| O|  |TAMS 0x0000000089e00000, 0x0000000089d00000| Untracked 
| 158|0x0000000089e00000, 0x0000000089f00000, 0x0000000089f00000|100%|HS|  |TAMS 0x0000000089f00000, 0x0000000089e00000| Complete 
| 159|0x0000000089f00000, 0x000000008a000000, 0x000000008a000000|100%| O|  |TAMS 0x000000008a000000, 0x0000000089f00000| Untracked 
| 160|0x000000008a000000, 0x000000008a100000, 0x000000008a100000|100%| O|  |TAMS 0x000000008a100000, 0x000000008a000000| Untracked 
| 161|0x000000008a100000, 0x000000008a200000, 0x000000008a200000|100%| O|  |TAMS 0x000000008a200000, 0x000000008a100000| Untracked 
| 162|0x000000008a200000, 0x000000008a300000, 0x000000008a300000|100%| O|  |TAMS 0x000000008a300000, 0x000000008a200000| Untracked 
| 163|0x000000008a300000, 0x000000008a400000, 0x000000008a400000|100%| O|  |TAMS 0x000000008a400000, 0x000000008a300000| Untracked 
| 164|0x000000008a400000, 0x000000008a500000, 0x000000008a500000|100%| O|  |TAMS 0x000000008a500000, 0x000000008a400000| Untracked 
| 165|0x000000008a500000, 0x000000008a600000, 0x000000008a600000|100%| O|  |TAMS 0x000000008a600000, 0x000000008a500000| Untracked 
| 166|0x000000008a600000, 0x000000008a700000, 0x000000008a700000|100%| O|  |TAMS 0x000000008a700000, 0x000000008a600000| Untracked 
| 167|0x000000008a700000, 0x000000008a800000, 0x000000008a800000|100%| O|  |TAMS 0x000000008a800000, 0x000000008a700000| Untracked 
| 168|0x000000008a800000, 0x000000008a900000, 0x000000008a900000|100%|HS|  |TAMS 0x000000008a900000, 0x000000008a800000| Complete 
| 169|0x000000008a900000, 0x000000008aa00000, 0x000000008aa00000|100%|HC|  |TAMS 0x000000008aa00000, 0x000000008a900000| Complete 
| 170|0x000000008aa00000, 0x000000008ab00000, 0x000000008ab00000|100%|HS|  |TAMS 0x000000008ab00000, 0x000000008aa00000| Complete 
| 171|0x000000008ab00000, 0x000000008ac00000, 0x000000008ac00000|100%| O|  |TAMS 0x000000008ac00000, 0x000000008ab00000| Untracked 
| 172|0x000000008ac00000, 0x000000008ad00000, 0x000000008ad00000|100%| O|  |TAMS 0x000000008ad00000, 0x000000008ac00000| Untracked 
| 173|0x000000008ad00000, 0x000000008ae00000, 0x000000008ae00000|100%| O|  |TAMS 0x000000008ae00000, 0x000000008ad00000| Untracked 
| 174|0x000000008ae00000, 0x000000008af00000, 0x000000008af00000|100%| O|  |TAMS 0x000000008af00000, 0x000000008ae00000| Untracked 
| 175|0x000000008af00000, 0x000000008b000000, 0x000000008b000000|100%| O|  |TAMS 0x000000008b000000, 0x000000008af00000| Untracked 
| 176|0x000000008b000000, 0x000000008b100000, 0x000000008b100000|100%| O|  |TAMS 0x000000008b100000, 0x000000008b000000| Untracked 
| 177|0x000000008b100000, 0x000000008b200000, 0x000000008b200000|100%| O|  |TAMS 0x000000008b200000, 0x000000008b100000| Untracked 
| 178|0x000000008b200000, 0x000000008b300000, 0x000000008b300000|100%| O|  |TAMS 0x000000008b300000, 0x000000008b200000| Untracked 
| 179|0x000000008b300000, 0x000000008b400000, 0x000000008b400000|100%| O|  |TAMS 0x000000008b400000, 0x000000008b300000| Untracked 
| 180|0x000000008b400000, 0x000000008b500000, 0x000000008b500000|100%| O|  |TAMS 0x000000008b500000, 0x000000008b400000| Untracked 
| 181|0x000000008b500000, 0x000000008b600000, 0x000000008b600000|100%| O|  |TAMS 0x000000008b600000, 0x000000008b500000| Updating 
| 182|0x000000008b600000, 0x000000008b700000, 0x000000008b700000|100%| O|  |TAMS 0x000000008b700000, 0x000000008b600000| Untracked 
| 183|0x000000008b700000, 0x000000008b800000, 0x000000008b800000|100%| O|  |TAMS 0x000000008b800000, 0x000000008b700000| Untracked 
| 184|0x000000008b800000, 0x000000008b900000, 0x000000008b900000|100%| O|  |TAMS 0x000000008b900000, 0x000000008b800000| Updating 
| 185|0x000000008b900000, 0x000000008ba00000, 0x000000008ba00000|100%| O|  |TAMS 0x000000008ba00000, 0x000000008b900000| Untracked 
| 186|0x000000008ba00000, 0x000000008bb00000, 0x000000008bb00000|100%| O|  |TAMS 0x000000008bb00000, 0x000000008ba00000| Untracked 
| 187|0x000000008bb00000, 0x000000008bc00000, 0x000000008bc00000|100%| O|  |TAMS 0x000000008bbf5200, 0x000000008bb00000| Updating 
| 188|0x000000008bc00000, 0x000000008bc00000, 0x000000008bd00000|  0%| F|  |TAMS 0x000000008bc00000, 0x000000008bc00000| Untracked 
| 189|0x000000008bd00000, 0x000000008bd00000, 0x000000008be00000|  0%| F|  |TAMS 0x000000008bd00000, 0x000000008bd00000| Untracked 
| 190|0x000000008be00000, 0x000000008be00000, 0x000000008bf00000|  0%| F|  |TAMS 0x000000008be00000, 0x000000008be00000| Untracked 
| 191|0x000000008bf00000, 0x000000008bf00000, 0x000000008c000000|  0%| F|  |TAMS 0x000000008bf00000, 0x000000008bf00000| Untracked 
| 192|0x000000008c000000, 0x000000008c0f5c00, 0x000000008c100000| 95%| O|  |TAMS 0x000000008c000000, 0x000000008c000000| Untracked 
| 193|0x000000008c100000, 0x000000008c100000, 0x000000008c200000|  0%| F|  |TAMS 0x000000008c100000, 0x000000008c100000| Untracked 
| 194|0x000000008c200000, 0x000000008c200000, 0x000000008c300000|  0%| F|  |TAMS 0x000000008c200000, 0x000000008c200000| Untracked 
| 195|0x000000008c300000, 0x000000008c300000, 0x000000008c400000|  0%| F|  |TAMS 0x000000008c300000, 0x000000008c300000| Untracked 
| 196|0x000000008c400000, 0x000000008c400000, 0x000000008c500000|  0%| F|  |TAMS 0x000000008c400000, 0x000000008c400000| Untracked 
| 197|0x000000008c500000, 0x000000008c500000, 0x000000008c600000|  0%| F|  |TAMS 0x000000008c500000, 0x000000008c500000| Untracked 
| 198|0x000000008c600000, 0x000000008c600000, 0x000000008c700000|  0%| F|  |TAMS 0x000000008c600000, 0x000000008c600000| Untracked 
| 199|0x000000008c700000, 0x000000008c700000, 0x000000008c800000|  0%| F|  |TAMS 0x000000008c700000, 0x000000008c700000| Untracked 
| 200|0x000000008c800000, 0x000000008c800000, 0x000000008c900000|  0%| F|  |TAMS 0x000000008c800000, 0x000000008c800000| Untracked 
| 201|0x000000008c900000, 0x000000008c900000, 0x000000008ca00000|  0%| F|  |TAMS 0x000000008c900000, 0x000000008c900000| Untracked 
| 202|0x000000008ca00000, 0x000000008ca00000, 0x000000008cb00000|  0%| F|  |TAMS 0x000000008ca00000, 0x000000008ca00000| Untracked 
| 203|0x000000008cb00000, 0x000000008cb00000, 0x000000008cc00000|  0%| F|  |TAMS 0x000000008cb00000, 0x000000008cb00000| Untracked 
| 204|0x000000008cc00000, 0x000000008cc00000, 0x000000008cd00000|  0%| F|  |TAMS 0x000000008cc00000, 0x000000008cc00000| Untracked 
| 205|0x000000008cd00000, 0x000000008cd00000, 0x000000008ce00000|  0%| F|  |TAMS 0x000000008cd00000, 0x000000008cd00000| Untracked 
| 206|0x000000008ce00000, 0x000000008ce00000, 0x000000008cf00000|  0%| F|  |TAMS 0x000000008ce00000, 0x000000008ce00000| Untracked 
| 207|0x000000008cf00000, 0x000000008cf00000, 0x000000008d000000|  0%| F|  |TAMS 0x000000008cf00000, 0x000000008cf00000| Untracked 
| 208|0x000000008d000000, 0x000000008d000000, 0x000000008d100000|  0%| F|  |TAMS 0x000000008d000000, 0x000000008d000000| Untracked 
| 209|0x000000008d100000, 0x000000008d100000, 0x000000008d200000|  0%| F|  |TAMS 0x000000008d100000, 0x000000008d100000| Untracked 
| 210|0x000000008d200000, 0x000000008d200000, 0x000000008d300000|  0%| F|  |TAMS 0x000000008d200000, 0x000000008d200000| Untracked 
| 211|0x000000008d300000, 0x000000008d300000, 0x000000008d400000|  0%| F|  |TAMS 0x000000008d300000, 0x000000008d300000| Untracked 
| 212|0x000000008d400000, 0x000000008d400000, 0x000000008d500000|  0%| F|  |TAMS 0x000000008d400000, 0x000000008d400000| Untracked 
| 213|0x000000008d500000, 0x000000008d500000, 0x000000008d600000|  0%| F|  |TAMS 0x000000008d500000, 0x000000008d500000| Untracked 
| 214|0x000000008d600000, 0x000000008d600000, 0x000000008d700000|  0%| F|  |TAMS 0x000000008d600000, 0x000000008d600000| Untracked 
| 215|0x000000008d700000, 0x000000008d700000, 0x000000008d800000|  0%| F|  |TAMS 0x000000008d700000, 0x000000008d700000| Untracked 
| 216|0x000000008d800000, 0x000000008d800000, 0x000000008d900000|  0%| F|  |TAMS 0x000000008d800000, 0x000000008d800000| Untracked 
| 217|0x000000008d900000, 0x000000008d900000, 0x000000008da00000|  0%| F|  |TAMS 0x000000008d900000, 0x000000008d900000| Untracked 
| 218|0x000000008da00000, 0x000000008da00000, 0x000000008db00000|  0%| F|  |TAMS 0x000000008da00000, 0x000000008da00000| Untracked 
| 219|0x000000008db00000, 0x000000008db00000, 0x000000008dc00000|  0%| F|  |TAMS 0x000000008db00000, 0x000000008db00000| Untracked 
| 220|0x000000008dc00000, 0x000000008dc00000, 0x000000008dd00000|  0%| F|  |TAMS 0x000000008dc00000, 0x000000008dc00000| Untracked 
| 221|0x000000008dd00000, 0x000000008dd00000, 0x000000008de00000|  0%| F|  |TAMS 0x000000008dd00000, 0x000000008dd00000| Untracked 
| 222|0x000000008de00000, 0x000000008de00000, 0x000000008df00000|  0%| F|  |TAMS 0x000000008de00000, 0x000000008de00000| Untracked 
| 223|0x000000008df00000, 0x000000008df00000, 0x000000008e000000|  0%| F|  |TAMS 0x000000008df00000, 0x000000008df00000| Untracked 
| 224|0x000000008e000000, 0x000000008e000000, 0x000000008e100000|  0%| F|  |TAMS 0x000000008e000000, 0x000000008e000000| Untracked 
| 225|0x000000008e100000, 0x000000008e100000, 0x000000008e200000|  0%| F|  |TAMS 0x000000008e100000, 0x000000008e100000| Untracked 
| 226|0x000000008e200000, 0x000000008e200000, 0x000000008e300000|  0%| F|  |TAMS 0x000000008e200000, 0x000000008e200000| Untracked 
| 227|0x000000008e300000, 0x000000008e300000, 0x000000008e400000|  0%| F|  |TAMS 0x000000008e300000, 0x000000008e300000| Untracked 
| 228|0x000000008e400000, 0x000000008e400000, 0x000000008e500000|  0%| F|  |TAMS 0x000000008e400000, 0x000000008e400000| Untracked 
| 229|0x000000008e500000, 0x000000008e500000, 0x000000008e600000|  0%| F|  |TAMS 0x000000008e500000, 0x000000008e500000| Untracked 
| 230|0x000000008e600000, 0x000000008e600000, 0x000000008e700000|  0%| F|  |TAMS 0x000000008e600000, 0x000000008e600000| Untracked 
| 231|0x000000008e700000, 0x000000008e700000, 0x000000008e800000|  0%| F|  |TAMS 0x000000008e700000, 0x000000008e700000| Untracked 
| 232|0x000000008e800000, 0x000000008e800000, 0x000000008e900000|  0%| F|  |TAMS 0x000000008e800000, 0x000000008e800000| Untracked 
| 233|0x000000008e900000, 0x000000008e900000, 0x000000008ea00000|  0%| F|  |TAMS 0x000000008e900000, 0x000000008e900000| Untracked 
| 234|0x000000008ea00000, 0x000000008ea00000, 0x000000008eb00000|  0%| F|  |TAMS 0x000000008ea00000, 0x000000008ea00000| Untracked 
| 235|0x000000008eb00000, 0x000000008eb00000, 0x000000008ec00000|  0%| F|  |TAMS 0x000000008eb00000, 0x000000008eb00000| Untracked 
| 236|0x000000008ec00000, 0x000000008ec00000, 0x000000008ed00000|  0%| F|  |TAMS 0x000000008ec00000, 0x000000008ec00000| Untracked 
| 237|0x000000008ed00000, 0x000000008ed00000, 0x000000008ee00000|  0%| F|  |TAMS 0x000000008ed00000, 0x000000008ed00000| Untracked 
| 238|0x000000008ee00000, 0x000000008ee00000, 0x000000008ef00000|  0%| F|  |TAMS 0x000000008ee00000, 0x000000008ee00000| Untracked 
| 239|0x000000008ef00000, 0x000000008ef00000, 0x000000008f000000|  0%| F|  |TAMS 0x000000008ef00000, 0x000000008ef00000| Untracked 
| 240|0x000000008f000000, 0x000000008f000000, 0x000000008f100000|  0%| F|  |TAMS 0x000000008f000000, 0x000000008f000000| Untracked 
| 241|0x000000008f100000, 0x000000008f100000, 0x000000008f200000|  0%| F|  |TAMS 0x000000008f100000, 0x000000008f100000| Untracked 
| 242|0x000000008f200000, 0x000000008f200000, 0x000000008f300000|  0%| F|  |TAMS 0x000000008f200000, 0x000000008f200000| Untracked 
| 243|0x000000008f300000, 0x000000008f300000, 0x000000008f400000|  0%| F|  |TAMS 0x000000008f300000, 0x000000008f300000| Untracked 
| 244|0x000000008f400000, 0x000000008f500000, 0x000000008f500000|100%| S|CS|TAMS 0x000000008f400000, 0x000000008f400000| Complete 
| 245|0x000000008f500000, 0x000000008f600000, 0x000000008f600000|100%| S|CS|TAMS 0x000000008f500000, 0x000000008f500000| Complete 
| 246|0x000000008f600000, 0x000000008f700000, 0x000000008f700000|100%| S|CS|TAMS 0x000000008f600000, 0x000000008f600000| Complete 
| 247|0x000000008f700000, 0x000000008f800000, 0x000000008f800000|100%| S|CS|TAMS 0x000000008f700000, 0x000000008f700000| Complete 
| 248|0x000000008f800000, 0x000000008f900000, 0x000000008f900000|100%| S|CS|TAMS 0x000000008f800000, 0x000000008f800000| Complete 
| 249|0x000000008f900000, 0x000000008fa00000, 0x000000008fa00000|100%| S|CS|TAMS 0x000000008f900000, 0x000000008f900000| Complete 
| 250|0x000000008fa00000, 0x000000008fa00000, 0x000000008fb00000|  0%| F|  |TAMS 0x000000008fa00000, 0x000000008fa00000| Untracked 
| 251|0x000000008fb00000, 0x000000008fb00000, 0x000000008fc00000|  0%| F|  |TAMS 0x000000008fb00000, 0x000000008fb00000| Untracked 
| 252|0x000000008fc00000, 0x000000008fc00000, 0x000000008fd00000|  0%| F|  |TAMS 0x000000008fc00000, 0x000000008fc00000| Untracked 
| 253|0x000000008fd00000, 0x000000008fd00000, 0x000000008fe00000|  0%| F|  |TAMS 0x000000008fd00000, 0x000000008fd00000| Untracked 
| 254|0x000000008fe00000, 0x000000008fe00000, 0x000000008ff00000|  0%| F|  |TAMS 0x000000008fe00000, 0x000000008fe00000| Untracked 
| 255|0x000000008ff00000, 0x000000008ff00000, 0x0000000090000000|  0%| F|  |TAMS 0x000000008ff00000, 0x000000008ff00000| Untracked 
| 256|0x0000000090000000, 0x0000000090000000, 0x0000000090100000|  0%| F|  |TAMS 0x0000000090000000, 0x0000000090000000| Untracked 
| 257|0x0000000090100000, 0x0000000090100000, 0x0000000090200000|  0%| F|  |TAMS 0x0000000090100000, 0x0000000090100000| Untracked 
| 258|0x0000000090200000, 0x0000000090200000, 0x0000000090300000|  0%| F|  |TAMS 0x0000000090200000, 0x0000000090200000| Untracked 
| 259|0x0000000090300000, 0x0000000090300000, 0x0000000090400000|  0%| F|  |TAMS 0x0000000090300000, 0x0000000090300000| Untracked 
| 260|0x0000000090400000, 0x0000000090400000, 0x0000000090500000|  0%| F|  |TAMS 0x0000000090400000, 0x0000000090400000| Untracked 
| 261|0x0000000090500000, 0x0000000090500000, 0x0000000090600000|  0%| F|  |TAMS 0x0000000090500000, 0x0000000090500000| Untracked 
| 262|0x0000000090600000, 0x0000000090600000, 0x0000000090700000|  0%| F|  |TAMS 0x0000000090600000, 0x0000000090600000| Untracked 
| 263|0x0000000090700000, 0x0000000090700000, 0x0000000090800000|  0%| F|  |TAMS 0x0000000090700000, 0x0000000090700000| Untracked 
| 264|0x0000000090800000, 0x0000000090800000, 0x0000000090900000|  0%| F|  |TAMS 0x0000000090800000, 0x0000000090800000| Untracked 
| 265|0x0000000090900000, 0x0000000090900000, 0x0000000090a00000|  0%| F|  |TAMS 0x0000000090900000, 0x0000000090900000| Untracked 
| 266|0x0000000090a00000, 0x0000000090a00000, 0x0000000090b00000|  0%| F|  |TAMS 0x0000000090a00000, 0x0000000090a00000| Untracked 
| 267|0x0000000090b00000, 0x0000000090b00000, 0x0000000090c00000|  0%| F|  |TAMS 0x0000000090b00000, 0x0000000090b00000| Untracked 
| 268|0x0000000090c00000, 0x0000000090c00000, 0x0000000090d00000|  0%| F|  |TAMS 0x0000000090c00000, 0x0000000090c00000| Untracked 
| 269|0x0000000090d00000, 0x0000000090d00000, 0x0000000090e00000|  0%| F|  |TAMS 0x0000000090d00000, 0x0000000090d00000| Untracked 
| 270|0x0000000090e00000, 0x0000000090e00000, 0x0000000090f00000|  0%| F|  |TAMS 0x0000000090e00000, 0x0000000090e00000| Untracked 
| 271|0x0000000090f00000, 0x0000000090f00000, 0x0000000091000000|  0%| F|  |TAMS 0x0000000090f00000, 0x0000000090f00000| Untracked 
| 272|0x0000000091000000, 0x0000000091000000, 0x0000000091100000|  0%| F|  |TAMS 0x0000000091000000, 0x0000000091000000| Untracked 
| 273|0x0000000091100000, 0x0000000091100000, 0x0000000091200000|  0%| F|  |TAMS 0x0000000091100000, 0x0000000091100000| Untracked 
| 274|0x0000000091200000, 0x0000000091200000, 0x0000000091300000|  0%| F|  |TAMS 0x0000000091200000, 0x0000000091200000| Untracked 
| 275|0x0000000091300000, 0x0000000091300000, 0x0000000091400000|  0%| F|  |TAMS 0x0000000091300000, 0x0000000091300000| Untracked 
| 276|0x0000000091400000, 0x0000000091400000, 0x0000000091500000|  0%| F|  |TAMS 0x0000000091400000, 0x0000000091400000| Untracked 
| 277|0x0000000091500000, 0x0000000091500000, 0x0000000091600000|  0%| F|  |TAMS 0x0000000091500000, 0x0000000091500000| Untracked 
| 278|0x0000000091600000, 0x0000000091600000, 0x0000000091700000|  0%| F|  |TAMS 0x0000000091600000, 0x0000000091600000| Untracked 
| 279|0x0000000091700000, 0x0000000091700000, 0x0000000091800000|  0%| F|  |TAMS 0x0000000091700000, 0x0000000091700000| Untracked 
| 280|0x0000000091800000, 0x0000000091800000, 0x0000000091900000|  0%| F|  |TAMS 0x0000000091800000, 0x0000000091800000| Untracked 
| 281|0x0000000091900000, 0x0000000091900000, 0x0000000091a00000|  0%| F|  |TAMS 0x0000000091900000, 0x0000000091900000| Untracked 
| 282|0x0000000091a00000, 0x0000000091a00000, 0x0000000091b00000|  0%| F|  |TAMS 0x0000000091a00000, 0x0000000091a00000| Untracked 
| 283|0x0000000091b00000, 0x0000000091b00000, 0x0000000091c00000|  0%| F|  |TAMS 0x0000000091b00000, 0x0000000091b00000| Untracked 
| 284|0x0000000091c00000, 0x0000000091c00000, 0x0000000091d00000|  0%| F|  |TAMS 0x0000000091c00000, 0x0000000091c00000| Untracked 
| 285|0x0000000091d00000, 0x0000000091d00000, 0x0000000091e00000|  0%| F|  |TAMS 0x0000000091d00000, 0x0000000091d00000| Untracked 
| 286|0x0000000091e00000, 0x0000000091e00000, 0x0000000091f00000|  0%| F|  |TAMS 0x0000000091e00000, 0x0000000091e00000| Untracked 
| 287|0x0000000091f00000, 0x0000000091f00000, 0x0000000092000000|  0%| F|  |TAMS 0x0000000091f00000, 0x0000000091f00000| Untracked 
| 288|0x0000000092000000, 0x0000000092000000, 0x0000000092100000|  0%| F|  |TAMS 0x0000000092000000, 0x0000000092000000| Untracked 
| 289|0x0000000092100000, 0x0000000092100000, 0x0000000092200000|  0%| F|  |TAMS 0x0000000092100000, 0x0000000092100000| Untracked 
| 290|0x0000000092200000, 0x0000000092200000, 0x0000000092300000|  0%| F|  |TAMS 0x0000000092200000, 0x0000000092200000| Untracked 
| 291|0x0000000092300000, 0x0000000092300000, 0x0000000092400000|  0%| F|  |TAMS 0x0000000092300000, 0x0000000092300000| Untracked 
| 292|0x0000000092400000, 0x0000000092400000, 0x0000000092500000|  0%| F|  |TAMS 0x0000000092400000, 0x0000000092400000| Untracked 
| 293|0x0000000092500000, 0x0000000092558cf0, 0x0000000092600000| 34%| E|  |TAMS 0x0000000092500000, 0x0000000092500000| Complete 

Card table byte_map: [0x000001d072380000,0x000001d072780000] _byte_map_base: 0x000001d071f80000

Marking Bits (Prev, Next): (CMBitMap*) 0x000001d069f1dc90, (CMBitMap*) 0x000001d069f1dc50
 Prev Bits: [0x000001d074b80000, 0x000001d076b80000)
 Next Bits: [0x000001d072b80000, 0x000001d074b80000)

Polling page: 0x000001d067dc0000

Metaspace:

Usage:
  Non-class:     87.36 MB used.
      Class:     13.97 MB used.
       Both:    101.34 MB used.

Virtual space:
  Non-class space:      128.00 MB reserved,      88.06 MB ( 69%) committed,  2 nodes.
      Class space:      416.00 MB reserved,      14.56 MB (  4%) committed,  1 nodes.
             Both:      544.00 MB reserved,     102.62 MB ( 19%) committed. 

Chunk freelists:
   Non-Class:  7.34 MB
       Class:  1.26 MB
        Both:  8.61 MB

MaxMetaspaceSize: 512.00 MB
CompressedClassSpaceSize: 416.00 MB
Initial GC threshold: 21.00 MB
Current GC threshold: 166.25 MB
CDS: on
MetaspaceReclaimPolicy: balanced
 - commit_granule_bytes: 65536.
 - commit_granule_words: 8192.
 - virtual_space_node_default_size: 8388608.
 - enlarge_chunks_in_place: 1.
 - new_chunks_are_fully_committed: 0.
 - uncommit_free_chunks: 1.
 - use_allocation_guard: 0.
 - handle_deallocations: 1.


Internal statistics:

num_allocs_failed_limit: 6.
num_arena_births: 1654.
num_arena_deaths: 0.
num_vsnodes_births: 3.
num_vsnodes_deaths: 0.
num_space_committed: 1641.
num_space_uncommitted: 0.
num_chunks_returned_to_freelist: 6.
num_chunks_taken_from_freelist: 6169.
num_chunk_merges: 6.
num_chunk_splits: 3949.
num_chunks_enlarged: 2428.
num_inconsistent_stats: 0.

CodeHeap 'non-profiled nmethods': size=120000Kb used=8542Kb max_used=8542Kb free=111457Kb
 bounds [0x000001d007ad0000, 0x000001d008330000, 0x000001d00f000000]
CodeHeap 'profiled nmethods': size=120000Kb used=24095Kb max_used=24095Kb free=95904Kb
 bounds [0x000001d000000000, 0x000001d001790000, 0x000001d007530000]
CodeHeap 'non-nmethods': size=5760Kb used=2457Kb max_used=2512Kb free=3303Kb
 bounds [0x000001d007530000, 0x000001d0077c0000, 0x000001d007ad0000]
 total_blobs=13098 nmethods=12107 adapters=901
 compilation: enabled
              stopped_count=0, restarted_count=0
 full_count=0

Compilation events (20 events):
Event: 46.459 Thread 0x000001d0794e7370 14367   !   4       java.util.stream.ReferencePipeline$7$1::accept (127 bytes)
Event: 46.459 Thread 0x000001d07994a160 14368       1       org.gradle.internal.execution.impl.FingerprinterRegistration::getSpec (5 bytes)
Event: 46.459 Thread 0x000001d07994a160 nmethod 14368 0x000001d008325190 code [0x000001d008325320, 0x000001d0083253f8]
Event: 46.459 Thread 0x000001d07994a160 14369       1       org.gradle.internal.execution.impl.FingerprinterRegistration::getFingerprinter (5 bytes)
Event: 46.459 Thread 0x000001d07994a160 nmethod 14369 0x000001d008325490 code [0x000001d008325620, 0x000001d0083256f8]
Event: 46.459 Thread 0x000001d07994a160 14370       1       org.gradle.internal.execution.steps.WorkspaceContext::getWorkspace (5 bytes)
Event: 46.459 Thread 0x000001d07994a160 nmethod 14370 0x000001d008325790 code [0x000001d008325920, 0x000001d0083259f8]
Event: 46.468 Thread 0x000001d0794e7370 nmethod 14367 0x000001d008325a90 code [0x000001d008325d00, 0x000001d008326690]
Event: 46.469 Thread 0x000001d07994a160 14371       3       java.nio.MappedByteBuffer::flip (7 bytes)
Event: 46.469 Thread 0x000001d07994a160 nmethod 14371 0x000001d001789110 code [0x000001d0017892c0, 0x000001d001789498]
Event: 46.469 Thread 0x000001d07994a160 14372       3       sun.nio.ch.IOUtil::acquireScope (11 bytes)
Event: 46.469 Thread 0x000001d07994a160 nmethod 14372 0x000001d001789590 code [0x000001d001789740, 0x000001d001789888]
Event: 46.469 Thread 0x000001d07994a160 14373       3       java.nio.Buffer$1::acquireScope (41 bytes)
Event: 46.470 Thread 0x000001d07994a160 nmethod 14373 0x000001d001789910 code [0x000001d001789b20, 0x000001d00178a0d8]
Event: 46.502 Thread 0x000001d0794e7370 14374       4       jdk.internal.misc.Unsafe::checkSize (32 bytes)
Event: 46.502 Thread 0x000001d0794e7370 nmethod 14374 0x000001d008326d10 code [0x000001d008326ea0, 0x000001d008326f38]
Event: 46.513 Thread 0x000001d0794e7370 14375       4       jdk.internal.misc.Unsafe::checkOffset (32 bytes)
Event: 46.513 Thread 0x000001d0794e7370 nmethod 14375 0x000001d008327010 code [0x000001d0083271a0, 0x000001d008327238]
Event: 46.566 Thread 0x000001d0794e7370 14376       4       jdk.internal.misc.Unsafe::copyMemory (33 bytes)
Event: 46.569 Thread 0x000001d0794e7370 nmethod 14376 0x000001d008327310 code [0x000001d0083274a0, 0x000001d008327798]

GC Heap History (20 events):
Event: 38.345 GC heap before
{Heap before GC invocations=54 (full 0):
 garbage-first heap   total 202752K, used 154179K [0x0000000080000000, 0x0000000100000000)
  region size 1024K, 31 young (31744K), 8 survivors (8192K)
 Metaspace       used 98097K, committed 99200K, reserved 557056K
  class space    used 13648K, committed 14144K, reserved 425984K
}
Event: 38.357 GC heap after
{Heap after GC invocations=55 (full 0):
 garbage-first heap   total 202752K, used 139555K [0x0000000080000000, 0x0000000100000000)
  region size 1024K, 5 young (5120K), 5 survivors (5120K)
 Metaspace       used 98097K, committed 99200K, reserved 557056K
  class space    used 13648K, committed 14144K, reserved 425984K
}
Event: 38.969 GC heap before
{Heap before GC invocations=56 (full 0):
 garbage-first heap   total 244736K, used 170275K [0x0000000080000000, 0x0000000100000000)
  region size 1024K, 31 young (31744K), 5 survivors (5120K)
 Metaspace       used 98294K, committed 99328K, reserved 557056K
  class space    used 13665K, committed 14144K, reserved 425984K
}
Event: 38.975 GC heap after
{Heap after GC invocations=57 (full 0):
 garbage-first heap   total 244736K, used 151448K [0x0000000080000000, 0x0000000100000000)
  region size 1024K, 4 young (4096K), 4 survivors (4096K)
 Metaspace       used 98294K, committed 99328K, reserved 557056K
  class space    used 13665K, committed 14144K, reserved 425984K
}
Event: 39.111 GC heap before
{Heap before GC invocations=57 (full 0):
 garbage-first heap   total 244736K, used 162712K [0x0000000080000000, 0x0000000100000000)
  region size 1024K, 11 young (11264K), 4 survivors (4096K)
 Metaspace       used 98331K, committed 99392K, reserved 557056K
  class space    used 13671K, committed 14144K, reserved 425984K
}
Event: 39.115 GC heap after
{Heap after GC invocations=58 (full 0):
 garbage-first heap   total 244736K, used 159332K [0x0000000080000000, 0x0000000100000000)
  region size 1024K, 2 young (2048K), 2 survivors (2048K)
 Metaspace       used 98331K, committed 99392K, reserved 557056K
  class space    used 13671K, committed 14144K, reserved 425984K
}
Event: 39.479 GC heap before
{Heap before GC invocations=58 (full 0):
 garbage-first heap   total 244736K, used 186980K [0x0000000080000000, 0x0000000100000000)
  region size 1024K, 31 young (31744K), 2 survivors (2048K)
 Metaspace       used 98705K, committed 99776K, reserved 557056K
  class space    used 13719K, committed 14208K, reserved 425984K
}
Event: 39.486 GC heap after
{Heap after GC invocations=59 (full 0):
 garbage-first heap   total 244736K, used 166034K [0x0000000080000000, 0x0000000100000000)
  region size 1024K, 5 young (5120K), 5 survivors (5120K)
 Metaspace       used 98705K, committed 99776K, reserved 557056K
  class space    used 13719K, committed 14208K, reserved 425984K
}
Event: 39.956 GC heap before
{Heap before GC invocations=60 (full 0):
 garbage-first heap   total 281600K, used 194706K [0x0000000080000000, 0x0000000100000000)
  region size 1024K, 33 young (33792K), 5 survivors (5120K)
 Metaspace       used 100009K, committed 101248K, reserved 557056K
  class space    used 13891K, committed 14464K, reserved 425984K
}
Event: 39.963 GC heap after
{Heap after GC invocations=61 (full 0):
 garbage-first heap   total 281600K, used 171561K [0x0000000080000000, 0x0000000100000000)
  region size 1024K, 5 young (5120K), 5 survivors (5120K)
 Metaspace       used 100009K, committed 101248K, reserved 557056K
  class space    used 13891K, committed 14464K, reserved 425984K
}
Event: 40.059 GC heap before
{Heap before GC invocations=61 (full 0):
 garbage-first heap   total 281600K, used 179753K [0x0000000080000000, 0x0000000100000000)
  region size 1024K, 13 young (13312K), 5 survivors (5120K)
 Metaspace       used 100390K, committed 101568K, reserved 557056K
  class space    used 13922K, committed 14464K, reserved 425984K
}
Event: 40.063 GC heap after
{Heap after GC invocations=62 (full 0):
 garbage-first heap   total 281600K, used 171313K [0x0000000080000000, 0x0000000100000000)
  region size 1024K, 1 young (1024K), 1 survivors (1024K)
 Metaspace       used 100390K, committed 101568K, reserved 557056K
  class space    used 13922K, committed 14464K, reserved 425984K
}
Event: 40.598 GC heap before
{Heap before GC invocations=62 (full 0):
 garbage-first heap   total 281600K, used 193841K [0x0000000080000000, 0x0000000100000000)
  region size 1024K, 24 young (24576K), 1 survivors (1024K)
 Metaspace       used 100834K, committed 102144K, reserved 557056K
  class space    used 13988K, committed 14592K, reserved 425984K
}
Event: 40.603 GC heap after
{Heap after GC invocations=63 (full 0):
 garbage-first heap   total 281600K, used 175536K [0x0000000080000000, 0x0000000100000000)
  region size 1024K, 5 young (5120K), 5 survivors (5120K)
 Metaspace       used 100834K, committed 102144K, reserved 557056K
  class space    used 13988K, committed 14592K, reserved 425984K
}
Event: 41.856 GC heap before
{Heap before GC invocations=64 (full 0):
 garbage-first heap   total 301056K, used 222640K [0x0000000080000000, 0x0000000100000000)
  region size 1024K, 48 young (49152K), 5 survivors (5120K)
 Metaspace       used 101352K, committed 102656K, reserved 557056K
  class space    used 14063K, committed 14656K, reserved 425984K
}
Event: 41.868 GC heap after
{Heap after GC invocations=65 (full 0):
 garbage-first heap   total 301056K, used 191488K [0x0000000080000000, 0x0000000100000000)
  region size 1024K, 6 young (6144K), 6 survivors (6144K)
 Metaspace       used 101352K, committed 102656K, reserved 557056K
  class space    used 14063K, committed 14656K, reserved 425984K
}
Event: 43.006 GC heap before
{Heap before GC invocations=65 (full 0):
 garbage-first heap   total 301056K, used 199680K [0x0000000080000000, 0x0000000100000000)
  region size 1024K, 14 young (14336K), 6 survivors (6144K)
 Metaspace       used 101522K, committed 102848K, reserved 557056K
  class space    used 14083K, committed 14720K, reserved 425984K
}
Event: 43.015 GC heap after
{Heap after GC invocations=66 (full 0):
 garbage-first heap   total 301056K, used 193492K [0x0000000080000000, 0x0000000100000000)
  region size 1024K, 2 young (2048K), 2 survivors (2048K)
 Metaspace       used 101522K, committed 102848K, reserved 557056K
  class space    used 14083K, committed 14720K, reserved 425984K
}
Event: 46.481 GC heap before
{Heap before GC invocations=66 (full 0):
 garbage-first heap   total 301056K, used 240596K [0x0000000080000000, 0x0000000100000000)
  region size 1024K, 44 young (45056K), 2 survivors (2048K)
 Metaspace       used 103768K, committed 105088K, reserved 557056K
  class space    used 14307K, committed 14912K, reserved 425984K
}
Event: 46.488 GC heap after
{Heap after GC invocations=67 (full 0):
 garbage-first heap   total 301056K, used 198615K [0x0000000080000000, 0x0000000100000000)
  region size 1024K, 6 young (6144K), 6 survivors (6144K)
 Metaspace       used 103768K, committed 105088K, reserved 557056K
  class space    used 14307K, committed 14912K, reserved 425984K
}

Dll operation events (15 events):
Event: 0.013 Loaded shared library C:\Program Files\Eclipse Adoptium\jdk-17.0.18.8-hotspot\bin\java.dll
Event: 0.030 Loaded shared library C:\Program Files\Eclipse Adoptium\jdk-17.0.18.8-hotspot\bin\jsvml.dll
Event: 0.079 Loaded shared library C:\Program Files\Eclipse Adoptium\jdk-17.0.18.8-hotspot\bin\zip.dll
Event: 0.084 Loaded shared library C:\Program Files\Eclipse Adoptium\jdk-17.0.18.8-hotspot\bin\instrument.dll
Event: 0.090 Loaded shared library C:\Program Files\Eclipse Adoptium\jdk-17.0.18.8-hotspot\bin\net.dll
Event: 0.092 Loaded shared library C:\Program Files\Eclipse Adoptium\jdk-17.0.18.8-hotspot\bin\nio.dll
Event: 0.095 Loaded shared library C:\Program Files\Eclipse Adoptium\jdk-17.0.18.8-hotspot\bin\zip.dll
Event: 0.287 Loaded shared library C:\Program Files\Eclipse Adoptium\jdk-17.0.18.8-hotspot\bin\jimage.dll
Event: 0.354 Loaded shared library C:\Program Files\Eclipse Adoptium\jdk-17.0.18.8-hotspot\bin\verify.dll
Event: 0.523 Loaded shared library C:\Users\HP\.gradle\native\68d5fa5c4cc2d200863cafc0d521ce42e7d3e7ee720ec0a83991735586a16f82\windows-amd64\native-platform.dll
Event: 0.535 Loaded shared library C:\Users\HP\.gradle\native\e376f236ea51e6404a007f0833ffe2c6e607c4080706a723a18a27aeea778392\windows-amd64\native-platform-file-events.dll
Event: 1.631 Loaded shared library C:\Program Files\Eclipse Adoptium\jdk-17.0.18.8-hotspot\bin\management.dll
Event: 1.635 Loaded shared library C:\Program Files\Eclipse Adoptium\jdk-17.0.18.8-hotspot\bin\management_ext.dll
Event: 1.816 Loaded shared library C:\Program Files\Eclipse Adoptium\jdk-17.0.18.8-hotspot\bin\extnet.dll
Event: 2.015 Loaded shared library C:\Program Files\Eclipse Adoptium\jdk-17.0.18.8-hotspot\bin\sunmscapi.dll

Deoptimization events (20 events):
Event: 44.502 Thread 0x000001d07eb72930 Uncommon trap: trap_request=0xffffffc6 fr.pc=0x000001d007e1719c relative=0x00000000000007bc
Event: 44.502 Thread 0x000001d07eb72930 Uncommon trap: reason=bimorphic_or_optimized_type_check action=maybe_recompile pc=0x000001d007e1719c method=java.util.stream.MatchOps$MatchOp.evaluateSequential(Ljava/util/stream/PipelineHelper;Ljava/util/Spliterator;)Ljava/lang/Boolean; @ 14 c2
Event: 44.502 Thread 0x000001d07eb72930 DEOPT PACKING pc=0x000001d007e1719c sp=0x0000009e5e2fe630
Event: 44.502 Thread 0x000001d07eb72930 DEOPT UNPACKING pc=0x000001d0075869a3 sp=0x0000009e5e2fe568 mode 2
Event: 44.502 Thread 0x000001d07eb72930 Uncommon trap: trap_request=0xffffffde fr.pc=0x000001d0081e9980 relative=0x00000000000004e0
Event: 44.502 Thread 0x000001d07eb72930 Uncommon trap: reason=class_check action=maybe_recompile pc=0x000001d0081e9980 method=java.util.stream.ReferencePipeline$7$1.accept(Ljava/lang/Object;)V @ 50 c2
Event: 44.502 Thread 0x000001d07eb72930 DEOPT PACKING pc=0x000001d0081e9980 sp=0x0000009e5e2fe490
Event: 44.502 Thread 0x000001d07eb72930 DEOPT UNPACKING pc=0x000001d0075869a3 sp=0x0000009e5e2fe438 mode 2
Event: 44.502 Thread 0x000001d07eb72930 Uncommon trap: trap_request=0xffffffde fr.pc=0x000001d0081e9980 relative=0x00000000000004e0
Event: 44.502 Thread 0x000001d07eb72930 Uncommon trap: reason=class_check action=maybe_recompile pc=0x000001d0081e9980 method=java.util.stream.ReferencePipeline$7$1.accept(Ljava/lang/Object;)V @ 50 c2
Event: 44.502 Thread 0x000001d07eb72930 DEOPT PACKING pc=0x000001d0081e9980 sp=0x0000009e5e2fe1f0
Event: 44.502 Thread 0x000001d07eb72930 DEOPT UNPACKING pc=0x000001d0075869a3 sp=0x0000009e5e2fe198 mode 2
Event: 44.502 Thread 0x000001d07eb72930 Uncommon trap: trap_request=0xffffffde fr.pc=0x000001d0081e9994 relative=0x00000000000004f4
Event: 44.504 Thread 0x000001d07eb72930 Uncommon trap: reason=class_check action=maybe_recompile pc=0x000001d0081e9994 method=java.util.stream.ReferencePipeline$7$1.accept(Ljava/lang/Object;)V @ 68 c2
Event: 44.505 Thread 0x000001d07eb72930 DEOPT PACKING pc=0x000001d0081e9994 sp=0x0000009e5e2fdf30
Event: 44.505 Thread 0x000001d07eb72930 DEOPT UNPACKING pc=0x000001d0075869a3 sp=0x0000009e5e2fded8 mode 2
Event: 44.505 Thread 0x000001d07eb72930 Uncommon trap: trap_request=0xffffffde fr.pc=0x000001d0081e9994 relative=0x00000000000004f4
Event: 44.505 Thread 0x000001d07eb72930 Uncommon trap: reason=class_check action=maybe_recompile pc=0x000001d0081e9994 method=java.util.stream.ReferencePipeline$7$1.accept(Ljava/lang/Object;)V @ 68 c2
Event: 44.505 Thread 0x000001d07eb72930 DEOPT PACKING pc=0x000001d0081e9994 sp=0x0000009e5e2fdf30
Event: 44.505 Thread 0x000001d07eb72930 DEOPT UNPACKING pc=0x000001d0075869a3 sp=0x0000009e5e2fded8 mode 2

Classes loaded (20 events):
Event: 39.826 Loading class sun/invoke/util/ValueConversions$1
Event: 39.826 Loading class sun/invoke/util/ValueConversions$1 done
Event: 39.827 Loading class java/lang/invoke/BoundMethodHandle$Species_LI
Event: 39.827 Loading class java/lang/invoke/BoundMethodHandle$Species_LI done
Event: 39.837 Loading class jdk/internal/reflect/UnsafeIntegerFieldAccessorImpl
Event: 39.838 Loading class jdk/internal/reflect/UnsafeIntegerFieldAccessorImpl done
Event: 39.838 Loading class jdk/internal/reflect/UnsafeByteFieldAccessorImpl
Event: 39.838 Loading class jdk/internal/reflect/UnsafeByteFieldAccessorImpl done
Event: 39.841 Loading class jdk/internal/reflect/UnsafeQualifiedIntegerFieldAccessorImpl
Event: 39.841 Loading class jdk/internal/reflect/UnsafeQualifiedIntegerFieldAccessorImpl done
Event: 39.853 Loading class jdk/internal/reflect/UnsafeQualifiedBooleanFieldAccessorImpl
Event: 39.853 Loading class jdk/internal/reflect/UnsafeQualifiedBooleanFieldAccessorImpl done
Event: 40.204 Loading class java/lang/StackTraceElement$HashedModules
Event: 40.204 Loading class java/lang/StackTraceElement$HashedModules done
Event: 43.273 Loading class java/io/SerialCallbackContext
Event: 43.273 Loading class java/io/SerialCallbackContext done
Event: 43.291 Loading class java/util/HashMap$UnsafeHolder
Event: 43.293 Loading class java/util/HashMap$UnsafeHolder done
Event: 44.498 Loading class java/util/logging/LogRecord
Event: 44.499 Loading class java/util/logging/LogRecord done

Classes unloaded (0 events):
No events

Classes redefined (0 events):
No events

Internal exceptions (20 events):
Event: 41.028 Thread 0x000001d07eb73350 Exception <a 'java/lang/ClassNotFoundException'{0x00000000919bf2b8}: org/gradle/api/internal/artifacts/dependencies/AbstractDependencyCustomizer> (0x00000000919bf2b8) 
thrown [s\src\hotspot\share\classfile\systemDictionary.cpp, line 256]
Event: 41.029 Thread 0x000001d07eb73350 Exception <a 'java/lang/ClassNotFoundException'{0x00000000919d9b90}: org/gradle/api/internal/artifacts/dependencies/AbstractModuleDependencyCustomizer> (0x00000000919d9b90) 
thrown [s\src\hotspot\share\classfile\systemDictionary.cpp, line 256]
Event: 41.030 Thread 0x000001d07eb73350 Exception <a 'java/lang/ClassNotFoundException'{0x000000009180fe68}: org/gradle/api/internal/artifacts/dependencies/AbstractExternalModuleDependencyCustomizer> (0x000000009180fe68) 
thrown [s\src\hotspot\share\classfile\systemDictionary.cpp, line 256]
Event: 41.031 Thread 0x000001d07eb73350 Exception <a 'java/lang/ClassNotFoundException'{0x000000009183c090}: org/gradle/api/internal/artifacts/dependencies/DefaultExternalModuleDependencyCustomizer> (0x000000009183c090) 
thrown [s\src\hotspot\share\classfile\systemDictionary.cpp, line 256]
Event: 41.034 Thread 0x000001d07eb73350 Exception <a 'java/lang/ClassNotFoundException'{0x0000000091863b38}: org/gradle/api/internal/artifacts/dependencies/DefaultExternalModuleDependency_DecoratedCustomizer> (0x0000000091863b38) 
thrown [s\src\hotspot\share\classfile\systemDictionary.cpp, line 256]
Event: 41.115 Thread 0x000001d07eb73350 Exception <a 'java/lang/ClassNotFoundException'{0x0000000091544e30}: build_4s5jqanlz77bu9q2qj0z05rcnBeanInfo> (0x0000000091544e30) 
thrown [s\src\hotspot\share\classfile\systemDictionary.cpp, line 256]
Event: 41.115 Thread 0x000001d07eb73350 Exception <a 'java/lang/ClassNotFoundException'{0x000000009154b870}: build_4s5jqanlz77bu9q2qj0z05rcnCustomizer> (0x000000009154b870) 
thrown [s\src\hotspot\share\classfile\systemDictionary.cpp, line 256]
Event: 41.605 Thread 0x000001d07eb73350 Exception <a 'java/lang/ClassNotFoundException'{0x000000009032d8c0}: build_4s5jqanlz77bu9q2qj0z05rcnBeanInfo> (0x000000009032d8c0) 
thrown [s\src\hotspot\share\classfile\systemDictionary.cpp, line 256]
Event: 41.605 Thread 0x000001d07eb73350 Exception <a 'java/lang/ClassNotFoundException'{0x00000000903342a0}: build_4s5jqanlz77bu9q2qj0z05rcnCustomizer> (0x00000000903342a0) 
thrown [s\src\hotspot\share\classfile\systemDictionary.cpp, line 256]
Event: 41.800 Thread 0x000001d07eb73350 Exception <a 'java/lang/ClassNotFoundException'{0x000000008fd80c58}: build_4s5jqanlz77bu9q2qj0z05rcn$_run_closure1BeanInfo> (0x000000008fd80c58) 
thrown [s\src\hotspot\share\classfile\systemDictionary.cpp, line 256]
Event: 41.800 Thread 0x000001d07eb73350 Exception <a 'java/lang/ClassNotFoundException'{0x000000008fd8c958}: build_4s5jqanlz77bu9q2qj0z05rcn$_run_closure1Customizer> (0x000000008fd8c958) 
thrown [s\src\hotspot\share\classfile\systemDictionary.cpp, line 256]
Event: 42.881 Thread 0x000001d07eb73350 Exception <a 'java/lang/ClassNotFoundException'{0x00000000925982b8}: build_89eizq8z07uwdvr4ry21nx8eaBeanInfo> (0x00000000925982b8) 
thrown [s\src\hotspot\share\classfile\systemDictionary.cpp, line 256]
Event: 42.881 Thread 0x000001d07eb73350 Exception <a 'java/lang/ClassNotFoundException'{0x000000009259ecf8}: build_89eizq8z07uwdvr4ry21nx8eaCustomizer> (0x000000009259ecf8) 
thrown [s\src\hotspot\share\classfile\systemDictionary.cpp, line 256]
Event: 42.900 Thread 0x000001d07eb73350 Exception <a 'java/lang/ClassNotFoundException'{0x0000000092308018}: build_89eizq8z07uwdvr4ry21nx8ea$_run_closure1BeanInfo> (0x0000000092308018) 
thrown [s\src\hotspot\share\classfile\systemDictionary.cpp, line 256]
Event: 42.901 Thread 0x000001d07eb73350 Exception <a 'java/lang/ClassNotFoundException'{0x0000000092311ce0}: build_89eizq8z07uwdvr4ry21nx8ea$_run_closure1Customizer> (0x0000000092311ce0) 
thrown [s\src\hotspot\share\classfile\systemDictionary.cpp, line 256]
Event: 43.117 Thread 0x000001d07eb73350 Implicit null exception at 0x000001d008277b8a to 0x000001d008277c6a
Event: 43.273 Thread 0x000001d07eb73350 Exception <a 'java/lang/NoSuchMethodError'{0x0000000090c6ee60}: static Lcom/android/build/gradle/internal/profile/ProjectData;.<clinit>()V> (0x0000000090c6ee60) 
thrown [s\src\hotspot\share\prims\jni.cpp, line 1112]
Event: 43.289 Thread 0x000001d07eb73350 Exception <a 'java/lang/NoSuchMethodError'{0x0000000090b02b70}: static Lcom/android/build/gradle/internal/profile/TaskMetadata;.<clinit>()V> (0x0000000090b02b70) 
thrown [s\src\hotspot\share\prims\jni.cpp, line 1112]
Event: 43.354 Thread 0x000001d07eb73350 Exception <a 'sun/nio/fs/WindowsException'{0x0000000090815b28}> (0x0000000090815b28) 
thrown [s\src\hotspot\share\prims\jni.cpp, line 516]
Event: 43.449 Thread 0x000001d02c9b1110 Exception <a 'java/lang/NoSuchMethodError'{0x00000000905ad9b0}: 'void java.lang.invoke.DirectMethodHandle$Holder.invokeVirtual(java.lang.Object, java.lang.Object)'> (0x00000000905ad9b0) 
thrown [s\src\hotspot\share\interpreter\linkResolver.cpp, line 759]

VM Operations (20 events):
Event: 40.871 Executing VM operation: HandshakeAllThreads done
Event: 41.826 Executing VM operation: ICBufferFull
Event: 41.827 Executing VM operation: ICBufferFull done
Event: 41.856 Executing VM operation: G1CollectForAllocation
Event: 41.868 Executing VM operation: G1CollectForAllocation done
Event: 42.877 Executing VM operation: Cleanup
Event: 42.878 Executing VM operation: Cleanup done
Event: 43.006 Executing VM operation: G1CollectForAllocation
Event: 43.015 Executing VM operation: G1CollectForAllocation done
Event: 43.276 Executing VM operation: HandshakeAllThreads
Event: 43.276 Executing VM operation: HandshakeAllThreads done
Event: 43.440 Executing VM operation: ICBufferFull
Event: 43.441 Executing VM operation: ICBufferFull done
Event: 44.446 Executing VM operation: Cleanup
Event: 44.486 Executing VM operation: Cleanup done
Event: 45.501 Executing VM operation: Cleanup
Event: 45.501 Executing VM operation: Cleanup done
Event: 46.481 Executing VM operation: G1CollectForAllocation
Event: 46.488 Executing VM operation: G1CollectForAllocation done
Event: 46.583 Executing VM operation: G1PauseRemark

Memory protections (0 events):
No events

Nmethod flushes (20 events):
Event: 40.890 Thread 0x000001d0794ed970 flushing  nmethod 0x000001d001136410
Event: 40.890 Thread 0x000001d0794ed970 flushing  nmethod 0x000001d001136c10
Event: 40.890 Thread 0x000001d0794ed970 flushing  nmethod 0x000001d001140310
Event: 40.890 Thread 0x000001d0794ed970 flushing  nmethod 0x000001d0011f2710
Event: 40.890 Thread 0x000001d0794ed970 flushing  nmethod 0x000001d001205a10
Event: 40.890 Thread 0x000001d0794ed970 flushing  nmethod 0x000001d001206310
Event: 40.891 Thread 0x000001d0794ed970 flushing  nmethod 0x000001d001244b90
Event: 40.891 Thread 0x000001d0794ed970 flushing  nmethod 0x000001d00124cb10
Event: 40.891 Thread 0x000001d0794ed970 flushing  nmethod 0x000001d001272110
Event: 40.891 Thread 0x000001d0794ed970 flushing  nmethod 0x000001d001274490
Event: 40.891 Thread 0x000001d0794ed970 flushing  nmethod 0x000001d0012bcc90
Event: 40.892 Thread 0x000001d0794ed970 flushing  nmethod 0x000001d001452710
Event: 40.892 Thread 0x000001d0794ed970 flushing  nmethod 0x000001d001452a90
Event: 40.892 Thread 0x000001d0794ed970 flushing  nmethod 0x000001d001452e10
Event: 40.892 Thread 0x000001d0794ed970 flushing  nmethod 0x000001d00146f710
Event: 40.893 Thread 0x000001d0794ed970 flushing osr nmethod 0x000001d0014d1510
Event: 40.893 Thread 0x000001d0794ed970 flushing  nmethod 0x000001d0014d6590
Event: 40.894 Thread 0x000001d0794ed970 flushing  nmethod 0x000001d0015aa790
Event: 40.894 Thread 0x000001d0794ed970 flushing  nmethod 0x000001d0015aac10
Event: 40.895 Thread 0x000001d0794ed970 flushing  nmethod 0x000001d001713790

Events (20 events):
Event: 40.421 Thread 0x000001d07eb73350 Thread added: 0x000001d032bae760
Event: 41.397 Thread 0x000001d07eb73350 Thread added: 0x000001d033c220a0
Event: 41.397 Thread 0x000001d07eb73350 Thread added: 0x000001d02cae1db0
Event: 41.398 Thread 0x000001d07eb73350 Thread added: 0x000001d02daab940
Event: 41.398 Thread 0x000001d07eb73350 Thread added: 0x000001d02daadcb0
Event: 41.398 Thread 0x000001d07eb73350 Thread added: 0x000001d02daaf600
Event: 41.399 Thread 0x000001d07eb73350 Thread added: 0x000001d02daaebe0
Event: 41.399 Thread 0x000001d07eb73350 Thread added: 0x000001d02daae1c0
Event: 41.399 Thread 0x000001d07eb73350 Thread added: 0x000001d02daac870
Event: 41.399 Thread 0x000001d07eb73350 Thread added: 0x000001d02daabe50
Event: 41.399 Thread 0x000001d07eb73350 Thread added: 0x000001d02daafb10
Event: 41.400 Thread 0x000001d07eb73350 Thread added: 0x000001d02daac360
Event: 41.800 Thread 0x000001d02a658840 Thread exited: 0x000001d02a658840
Event: 41.878 Thread 0x000001d07994a160 Thread added: 0x000001d02a0030a0
Event: 43.358 Thread 0x000001d07eb73350 Thread added: 0x000001d02daaf0f0
Event: 43.364 Thread 0x000001d07eb73350 Thread added: 0x000001d02dab0020
Event: 43.423 Thread 0x000001d02c9b1110 Thread added: 0x000001d02daae6d0
Event: 44.487 Thread 0x000001d02a0030a0 Thread exited: 0x000001d02a0030a0
Event: 45.690 Thread 0x000001d07994a160 Thread added: 0x000001d02a003b40
Event: 46.458 Thread 0x000001d02a003b40 Thread exited: 0x000001d02a003b40


Dynamic libraries:
0x00007ff63ce90000 - 0x00007ff63ce9e000 	C:\Program Files\Eclipse Adoptium\jdk-17.0.18.8-hotspot\bin\java.exe
0x00007fff15c00000 - 0x00007fff15e66000 	C:\WINDOWS\SYSTEM32\ntdll.dll
0x00007fff143f0000 - 0x00007fff144b9000 	C:\WINDOWS\System32\KERNEL32.DLL
0x00007fff13220000 - 0x00007fff1361a000 	C:\WINDOWS\System32\KERNELBASE.dll
0x00007fff13010000 - 0x00007fff1315c000 	C:\WINDOWS\System32\ucrtbase.dll
0x00007ffe972c0000 - 0x00007ffe972de000 	C:\Program Files\Eclipse Adoptium\jdk-17.0.18.8-hotspot\bin\VCRUNTIME140.dll
0x00007ffe9a590000 - 0x00007ffe9a5a8000 	C:\Program Files\Eclipse Adoptium\jdk-17.0.18.8-hotspot\bin\jli.dll
0x00007fff158c0000 - 0x00007fff15a87000 	C:\WINDOWS\System32\USER32.dll
0x00007fff136d0000 - 0x00007fff136f7000 	C:\WINDOWS\System32\win32u.dll
0x00007ffeecec0000 - 0x00007ffeed152000 	C:\WINDOWS\WinSxS\amd64_microsoft.windows.common-controls_6595b64144ccf1df_6.0.26100.8521_none_3e08b75ce33403b3\COMCTL32.dll
0x00007fff14500000 - 0x00007fff145a9000 	C:\WINDOWS\System32\msvcrt.dll
0x00007fff144c0000 - 0x00007fff144eb000 	C:\WINDOWS\System32\GDI32.dll
0x00007fff13840000 - 0x00007fff1396b000 	C:\WINDOWS\System32\gdi32full.dll
0x00007fff13700000 - 0x00007fff137a3000 	C:\WINDOWS\System32\msvcp_win.dll
0x00007fff14ee0000 - 0x00007fff14f12000 	C:\WINDOWS\System32\IMM32.DLL
0x00007ffea2410000 - 0x00007ffea241c000 	C:\Program Files\Eclipse Adoptium\jdk-17.0.18.8-hotspot\bin\vcruntime140_1.dll
0x00007ffe911d0000 - 0x00007ffe9125d000 	C:\Program Files\Eclipse Adoptium\jdk-17.0.18.8-hotspot\bin\msvcp140.dll
0x00007ffe52c80000 - 0x00007ffe538eb000 	C:\Program Files\Eclipse Adoptium\jdk-17.0.18.8-hotspot\bin\server\jvm.dll
0x00007fff148a0000 - 0x00007fff14956000 	C:\WINDOWS\System32\ADVAPI32.dll
0x00007fff14340000 - 0x00007fff143ea000 	C:\WINDOWS\System32\sechost.dll
0x00007fff14080000 - 0x00007fff14198000 	C:\WINDOWS\System32\RPCRT4.dll
0x00007fff157b0000 - 0x00007fff15830000 	C:\WINDOWS\System32\WS2_32.dll
0x00007fff12cf0000 - 0x00007fff12d4e000 	C:\WINDOWS\SYSTEM32\POWRPROF.dll
0x00007ffefe930000 - 0x00007ffefe93b000 	C:\WINDOWS\SYSTEM32\VERSION.dll
0x00007fff0d220000 - 0x00007fff0d256000 	C:\WINDOWS\SYSTEM32\WINMM.dll
0x00007fff12cd0000 - 0x00007fff12ce4000 	C:\WINDOWS\SYSTEM32\UMPDC.dll
0x00007fff11b80000 - 0x00007fff11b9b000 	C:\WINDOWS\SYSTEM32\kernel.appcore.dll
0x00007ffea2280000 - 0x00007ffea228a000 	C:\Program Files\Eclipse Adoptium\jdk-17.0.18.8-hotspot\bin\jimage.dll
0x00007fff10450000 - 0x00007fff10692000 	C:\WINDOWS\SYSTEM32\DBGHELP.DLL
0x00007fff139d0000 - 0x00007fff13d53000 	C:\WINDOWS\System32\combase.dll
0x00007fff13fa0000 - 0x00007fff14079000 	C:\WINDOWS\System32\OLEAUT32.dll
0x00007ffedfac0000 - 0x00007ffedfafb000 	C:\WINDOWS\SYSTEM32\dbgcore.DLL
0x00007fff13620000 - 0x00007fff136c8000 	C:\WINDOWS\System32\bcryptPrimitives.dll
0x00007fff035d0000 - 0x00007fff035de000 	C:\Program Files\Eclipse Adoptium\jdk-17.0.18.8-hotspot\bin\instrument.dll
0x00007ffe917c0000 - 0x00007ffe917e5000 	C:\Program Files\Eclipse Adoptium\jdk-17.0.18.8-hotspot\bin\java.dll
0x00007ffe8ef00000 - 0x00007ffe8efd7000 	C:\Program Files\Eclipse Adoptium\jdk-17.0.18.8-hotspot\bin\jsvml.dll
0x00007fff15020000 - 0x00007fff157a4000 	C:\WINDOWS\System32\SHELL32.dll
0x00007fff10a30000 - 0x00007fff112b0000 	C:\WINDOWS\SYSTEM32\windows.storage.dll
0x00007fff14f20000 - 0x00007fff15016000 	C:\WINDOWS\System32\SHCORE.dll
0x00007fff14960000 - 0x00007fff149c7000 	C:\WINDOWS\System32\shlwapi.dll
0x00007fff12db0000 - 0x00007fff12dd9000 	C:\WINDOWS\SYSTEM32\profapi.dll
0x00007ffe8ee00000 - 0x00007ffe8ee18000 	C:\Program Files\Eclipse Adoptium\jdk-17.0.18.8-hotspot\bin\zip.dll
0x00007ffe917a0000 - 0x00007ffe917ba000 	C:\Program Files\Eclipse Adoptium\jdk-17.0.18.8-hotspot\bin\net.dll
0x00007fff03d50000 - 0x00007fff03e79000 	C:\WINDOWS\SYSTEM32\WINHTTP.dll
0x00007fff12190000 - 0x00007fff121fc000 	C:\WINDOWS\system32\mswsock.dll
0x00007ffe91780000 - 0x00007ffe91796000 	C:\Program Files\Eclipse Adoptium\jdk-17.0.18.8-hotspot\bin\nio.dll
0x00007ffee9200000 - 0x00007ffee9210000 	C:\Program Files\Eclipse Adoptium\jdk-17.0.18.8-hotspot\bin\verify.dll
0x00007fff035e0000 - 0x00007fff03607000 	C:\Users\HP\.gradle\native\68d5fa5c4cc2d200863cafc0d521ce42e7d3e7ee720ec0a83991735586a16f82\windows-amd64\native-platform.dll
0x00007ffe8be40000 - 0x00007ffe8bf84000 	C:\Users\HP\.gradle\native\e376f236ea51e6404a007f0833ffe2c6e607c4080706a723a18a27aeea778392\windows-amd64\native-platform-file-events.dll
0x00007fff0f920000 - 0x00007fff0f92a000 	C:\Program Files\Eclipse Adoptium\jdk-17.0.18.8-hotspot\bin\management.dll
0x00007fff09e20000 - 0x00007fff09e2c000 	C:\Program Files\Eclipse Adoptium\jdk-17.0.18.8-hotspot\bin\management_ext.dll
0x00007fff144f0000 - 0x00007fff144f8000 	C:\WINDOWS\System32\PSAPI.DLL
0x00007fff12470000 - 0x00007fff1248b000 	C:\WINDOWS\SYSTEM32\CRYPTSP.dll
0x00007fff11ba0000 - 0x00007fff11bd9000 	C:\WINDOWS\system32\rsaenh.dll
0x00007fff12240000 - 0x00007fff12273000 	C:\WINDOWS\SYSTEM32\USERENV.dll
0x00007fff12d80000 - 0x00007fff12daa000 	C:\WINDOWS\SYSTEM32\bcrypt.dll
0x00007fff12490000 - 0x00007fff1249c000 	C:\WINDOWS\SYSTEM32\CRYPTBASE.dll
0x00007fff115f0000 - 0x00007fff11623000 	C:\WINDOWS\SYSTEM32\IPHLPAPI.DLL
0x00007fff141a0000 - 0x00007fff141aa000 	C:\WINDOWS\System32\NSI.dll
0x00007fff0c920000 - 0x00007fff0c93d000 	C:\WINDOWS\SYSTEM32\dhcpcsvc6.DLL
0x00007fff0c710000 - 0x00007fff0c735000 	C:\WINDOWS\SYSTEM32\dhcpcsvc.DLL
0x00007fff11680000 - 0x00007fff117ca000 	C:\WINDOWS\SYSTEM32\DNSAPI.dll
0x00007fff11fb0000 - 0x00007fff11fbd000 	C:\WINDOWS\SYSTEM32\DSPARSE.dll
0x00007ffee9210000 - 0x00007ffee9219000 	C:\Program Files\Eclipse Adoptium\jdk-17.0.18.8-hotspot\bin\extnet.dll
0x00007ffef0d80000 - 0x00007ffef0d8e000 	C:\Program Files\Eclipse Adoptium\jdk-17.0.18.8-hotspot\bin\sunmscapi.dll
0x00007fff12e90000 - 0x00007fff13008000 	C:\WINDOWS\System32\CRYPT32.dll
0x00007fff12690000 - 0x00007fff126c0000 	C:\WINDOWS\SYSTEM32\ncrypt.dll
0x00007fff12640000 - 0x00007fff1267f000 	C:\WINDOWS\SYSTEM32\NTASN1.dll
0x00007ffee7490000 - 0x00007ffee7498000 	C:\WINDOWS\system32\wshunix.dll
0x00007fff0a230000 - 0x00007fff0a23b000 	C:\Windows\System32\rasadhlp.dll
0x00007fff0cee0000 - 0x00007fff0cf66000 	C:\WINDOWS\System32\fwpuclnt.dll
0x00007ffebc0f0000 - 0x00007ffebc108000 	C:\WINDOWS\system32\napinsp.dll
0x00007ffebc110000 - 0x00007ffebc123000 	C:\WINDOWS\System32\winrnr.dll
0x00007ffebc130000 - 0x00007ffebc152000 	C:\WINDOWS\system32\nlansp_c.dll
0x00007ffed8290000 - 0x00007ffed82a6000 	C:\WINDOWS\system32\wshbth.dll

dbghelp: loaded successfully - version: 4.0.5 - missing functions: none
symbol engine: initialized successfully - sym options: 0x614 - pdb path: .;C:\Program Files\Eclipse Adoptium\jdk-17.0.18.8-hotspot\bin;C:\WINDOWS\SYSTEM32;C:\WINDOWS\WinSxS\amd64_microsoft.windows.common-controls_6595b64144ccf1df_6.0.26100.8521_none_3e08b75ce33403b3;C:\Program Files\Eclipse Adoptium\jdk-17.0.18.8-hotspot\bin\server;C:\Users\HP\.gradle\native\68d5fa5c4cc2d200863cafc0d521ce42e7d3e7ee720ec0a83991735586a16f82\windows-amd64;C:\Users\HP\.gradle\native\e376f236ea51e6404a007f0833ffe2c6e607c4080706a723a18a27aeea778392\windows-amd64

VM Arguments:
jvm_args: -XX:MaxMetaspaceSize=512m --add-opens=java.base/java.util=ALL-UNNAMED --add-opens=java.base/java.lang=ALL-UNNAMED --add-opens=java.base/java.lang.invoke=ALL-UNNAMED --add-opens=java.prefs/java.util.prefs=ALL-UNNAMED --add-opens=java.base/java.nio.charset=ALL-UNNAMED --add-opens=java.base/java.net=ALL-UNNAMED --add-opens=java.base/java.util.concurrent.atomic=ALL-UNNAMED -Xmx2048m -Dfile.encoding=windows-1252 -Duser.country=ID -Duser.language=en -Duser.variant -javaagent:C:\Users\HP\.gradle\wrapper\dists\gradle-8.3-all\6en3ugtfdg5xnpx44z4qbwgas\gradle-8.3\lib\agents\gradle-instrumentation-agent-8.3.jar 
java_command: org.gradle.launcher.daemon.bootstrap.GradleDaemon 8.3
java_class_path (initial): C:\Users\HP\.gradle\wrapper\dists\gradle-8.3-all\6en3ugtfdg5xnpx44z4qbwgas\gradle-8.3\lib\gradle-launcher-8.3.jar
Launcher Type: SUN_STANDARD

[Global flags]
     intx CICompilerCount                          = 4                                         {product} {ergonomic}
   size_t CompressedClassSpaceSize                 = 436207616                                 {product} {ergonomic}
     uint ConcGCThreads                            = 3                                         {product} {ergonomic}
     uint G1ConcRefinementThreads                  = 10                                        {product} {ergonomic}
   size_t G1HeapRegionSize                         = 1048576                                   {product} {ergonomic}
    uintx GCDrainStackTargetSize                   = 64                                        {product} {ergonomic}
   size_t InitialHeapSize                          = 130023424                                 {product} {ergonomic}
   size_t MarkStackSize                            = 4194304                                   {product} {ergonomic}
   size_t MaxHeapSize                              = 2147483648                                {product} {command line}
   size_t MaxMetaspaceSize                         = 536870912                                 {product} {command line}
   size_t MaxNewSize                               = 1287651328                                {product} {ergonomic}
   size_t MinHeapDeltaBytes                        = 1048576                                   {product} {ergonomic}
   size_t MinHeapSize                              = 8388608                                   {product} {ergonomic}
    uintx NonNMethodCodeHeapSize                   = 5839372                                {pd product} {ergonomic}
    uintx NonProfiledCodeHeapSize                  = 122909434                              {pd product} {ergonomic}
    uintx ProfiledCodeHeapSize                     = 122909434                              {pd product} {ergonomic}
    uintx ReservedCodeCacheSize                    = 251658240                              {pd product} {ergonomic}
     bool SegmentedCodeCache                       = true                                      {product} {ergonomic}
   size_t SoftMaxHeapSize                          = 2147483648                             {manageable} {ergonomic}
     bool UseCompressedClassPointers               = true                           {product lp64_product} {ergonomic}
     bool UseCompressedOops                        = true                           {product lp64_product} {ergonomic}
     bool UseG1GC                                  = true                                      {product} {ergonomic}
     bool UseLargePagesIndividualAllocation        = false                                  {pd product} {ergonomic}

Logging:
Log output configuration:
 #0: stdout all=warning uptime,level,tags
 #1: stderr all=off uptime,level,tags

Environment Variables:
JAVA_HOME=C:\Program Files\Eclipse Adoptium\jdk-17.0.18.8-hotspot\
CLASSPATH=D:\my project\packing_frontend\android\\gradle\wrapper\gradle-wrapper.jar
PATH=C:\Program Files\PowerShell\7;c:\Users\HP\AppData\Roaming\Code\User\globalStorage\github.copilot-chat\debugCommand;c:\Users\HP\AppData\Roaming\Code\User\globalStorage\github.copilot-chat\copilotCli;D:\Borland\Delphi7\Bin;D:\Borland\Delphi7\Projects\Bpl\;C:\Program Files\Eclipse Adoptium\jdk-17.0.18.8-hotspot\bin;C:\windows\system32;C:\windows;C:\windows\System32\Wbem;C:\windows\System32\WindowsPowerShell\v1.0\;C:\windows\System32\OpenSSH\;C:\Program Files\dotnet\;C:\Program Files\nodejs\;C:\Program Files\Git\cmd;C:\WINDOWS\system32;C:\WINDOWS;C:\WINDOWS\System32\Wbem;C:\WINDOWS\System32\WindowsPowerShell\v1.0\;C:\WINDOWS\System32\OpenSSH\;C:\Program Files\PowerShell\7\;C:\Program Files\WireGuard\;C:\Users\HP\AppData\Local\Microsoft\WindowsApps;C:\Users\HP\.dotnet\tools;C:\Users\HP\AppData\Roaming\npm;C:\Users\HP\AppData\Local\Programs\Microsoft VS Code\bin;C:\Users\HP\AppData\Local\Android\Sdk\platform-tools;C:\Users\HP\AppData\Local\Android\Sdk\emulator;C:\Program Files (x86)\Developer Express Inc\Library\Delphi7;C:\development\flutter;
USERNAME=HP
LANG=en_US.UTF-8
OS=Windows_NT
PROCESSOR_IDENTIFIER=Intel64 Family 6 Model 186 Stepping 3, GenuineIntel
TMP=C:\Users\HP\AppData\Local\Temp
TEMP=C:\Users\HP\AppData\Local\Temp



Periodic native trim disabled


---------------  S Y S T E M  ---------------

OS:
 Windows 11 , 64 bit Build 26100 (10.0.26100.8521)
OS uptime: 0 days 3:17 hours
Hyper-V role detected

CPU: total 12 (initial active 12) (6 cores per cpu, 2 threads per core) family 6 model 186 stepping 3 microcode 0x4128, cx8, cmov, fxsr, ht, mmx, 3dnowpref, sse, sse2, sse3, ssse3, sse4.1, sse4.2, popcnt, lzcnt, tsc, tscinvbit, avx, avx2, aes, erms, clmul, bmi1, bmi2, adx, sha, fma, vzeroupper, clflush, clflushopt, clwb, hv
Processor Information for all 12 processors :
  Max Mhz: 1400, Current Mhz: 1400, Mhz Limit: 1400

Memory: 4k page, system-wide physical 7903M (804M free)
TotalPageFile size 24287M (AvailPageFile size 48M)
current process WorkingSet (physical memory assigned to process): 517M, peak: 591M
current process commit charge ("private bytes"): 658M, peak: 689M

vm_info: OpenJDK 64-Bit Server VM (17.0.18+8) for windows-amd64 JRE (17.0.18+8), built on Jan 20 2026 22:28:22 by "admin" with MS VC++ 17.12 (VS2022)

END.
