#
# There is insufficient memory for the Java Runtime Environment to continue.
# Native memory allocation (malloc) failed to allocate 1398688 bytes. Error detail: Chunk::new
# Possible reasons:
#   The system is out of physical RAM or swap space
#   This process is running with CompressedOops enabled, and the Java Heap may be blocking the growth of the native heap
# Possible solutions:
#   Reduce memory load on the system
#   Increase physical memory or swap space
#   Check if swap backing store is full
#   Decrease Java heap size (-Xmx/-Xms)
#   Decrease number of Java threads
#   Decrease Java thread stack sizes (-Xss)
#   Set larger code cache with -XX:ReservedCodeCacheSize=
#   JVM is running with Unscaled Compressed Oops mode in which the Java heap is
#     placed in the first 4GB address space. The Java Heap base address is the
#     maximum limit for the native heap growth. Please use -XX:HeapBaseMinAddress
#     to set the Java Heap base and to place the Java Heap above 4GB virtual address.
# This output file may be truncated or incomplete.
#
#  Out of Memory Error (arena.cpp:191), pid=4472, tid=3344
#
# JRE version: OpenJDK Runtime Environment Temurin-17.0.18+8 (17.0.18+8) (build 17.0.18+8)
# Java VM: OpenJDK 64-Bit Server VM Temurin-17.0.18+8 (17.0.18+8, mixed mode, sharing, tiered, compressed oops, compressed class ptrs, g1 gc, windows-amd64)
# No core dump will be written. Minidumps are not enabled by default on client versions of Windows
#

---------------  S U M M A R Y ------------

Command Line: -XX:MaxMetaspaceSize=512m --add-opens=java.base/java.util=ALL-UNNAMED --add-opens=java.base/java.lang=ALL-UNNAMED --add-opens=java.base/java.lang.invoke=ALL-UNNAMED --add-opens=java.prefs/java.util.prefs=ALL-UNNAMED --add-opens=java.base/java.nio.charset=ALL-UNNAMED --add-opens=java.base/java.net=ALL-UNNAMED --add-opens=java.base/java.util.concurrent.atomic=ALL-UNNAMED -Xmx2048m -Dfile.encoding=windows-1252 -Duser.country=ID -Duser.language=en -Duser.variant -javaagent:C:\Users\HP\.gradle\wrapper\dists\gradle-8.3-all\6en3ugtfdg5xnpx44z4qbwgas\gradle-8.3\lib\agents\gradle-instrumentation-agent-8.3.jar org.gradle.launcher.daemon.bootstrap.GradleDaemon 8.3

Host: Intel(R) Core(TM) 5 120U, 12 cores, 7G,  Windows 11 , 64 bit Build 26100 (10.0.26100.8521)
Time: Tue Jun  9 10:56:05 2026 SE Asia Standard Time elapsed time: 36.322476 seconds (0d 0h 0m 36s)

---------------  T H R E A D  ---------------

Current thread (0x000002292b25bed0):  JavaThread "C2 CompilerThread0" daemon [_thread_in_native, id=3344, stack(0x000000d698800000,0x000000d698900000)]


Current CompileTask:
C2:36322 13375   !   4       org.gradle.internal.metaobject.BeanDynamicObject$MetaClassAdapter::lookupProperty (47 bytes)

Stack: [0x000000d698800000,0x000000d698900000]
Native frames: (J=compiled Java code, j=interpreted, Vv=VM code, C=native code)
V  [jvm.dll+0x6846f9]
V  [jvm.dll+0x839ea5]
V  [jvm.dll+0x83b91e]
V  [jvm.dll+0x83bfa3]
V  [jvm.dll+0x248eff]
V  [jvm.dll+0xad496]
V  [jvm.dll+0xadb3c]
V  [jvm.dll+0x368c1e]
V  [jvm.dll+0x333055]
V  [jvm.dll+0x3324ba]
V  [jvm.dll+0x219db9]
V  [jvm.dll+0x219200]
V  [jvm.dll+0x1a4920]
V  [jvm.dll+0x22989a]
V  [jvm.dll+0x227a4b]
V  [jvm.dll+0x7f0658]
V  [jvm.dll+0x7eaaec]
V  [jvm.dll+0x6835c7]
C  [ucrtbase.dll+0x2cd30]
C  [KERNEL32.DLL+0x2e957]
C  [ntdll.dll+0x87c1c]


---------------  P R O C E S S  ---------------

Threads class SMR info:
_java_thread_list=0x0000022951655fa0, length=169, elements={
0x000002290c9413c0, 0x000002292b22d0d0, 0x000002292b22dba0, 0x000002292b257000,
0x000002292b2578d0, 0x000002292b2581a0, 0x000002292b25aa80, 0x000002292b25bed0,
0x000002292b25f450, 0x000002292b260170, 0x000002292b2182f0, 0x000002292b5035a0,
0x000002294c9c7240, 0x000002294c105570, 0x000002294c187a10, 0x000002294b766340,
0x000002294b7a4930, 0x000002294bc7b0c0, 0x000002294bc7c500, 0x000002294bc7d940,
0x000002294bc7d430, 0x000002294bc7ca10, 0x000002294bc7cf20, 0x000002294bc7de50,
0x000002294bc7abb0, 0x000002294bc7bae0, 0x000002294bc7e360, 0x000002294bc7bff0,
0x000002294c4e1a80, 0x000002294c4e1060, 0x000002294c4e2ec0, 0x000002294c4e38e0,
0x000002294c4e1f90, 0x000002294c4e1570, 0x000002294c4e3df0, 0x000002294c4e4810,
0x000002294c4e5740, 0x000002294c4e4d20, 0x000002294c4e5230, 0x000002294c4e5c50,
0x000002294c4e24a0, 0x000002294c4e6160, 0x000002294c4e7ab0, 0x000002294c4e6b80,
0x000002294c4e7090, 0x000002294c4e6670, 0x000002294c4e75a0, 0x000002294c4e7fc0,
0x000002294c4e84d0, 0x000002292b86e350, 0x000002292b86de40, 0x000002292b870bd0,
0x000002292b86e860, 0x000002292b86fca0, 0x000002292b8701b0, 0x000002292b86ed70,
0x000002292b86f280, 0x000002292b86f790, 0x000002292b8706c0, 0x000002292b86d420,
0x000002292b8710e0, 0x000002292b86d930, 0x000002292b872520, 0x000002292b8715f0,
0x000002292b871b00, 0x000002292b872010, 0x000002292b872a30, 0x000002292b873450,
0x000002294de17060, 0x000002294de16b50, 0x000002294de17a80, 0x000002294de19df0,
0x000002294de189b0, 0x000002294de17570, 0x000002294de17f90, 0x000002294de198e0,
0x000002294de184a0, 0x000002294de193d0, 0x000002294de18ec0, 0x000002294de16640,
0x000002294de1c670, 0x000002294de1dab0, 0x000002294de1b740, 0x000002294de1d090,
0x000002294de1cb80, 0x000002294de1ad20, 0x000002294de1b230, 0x000002294de1c160,
0x000002294de1d5a0, 0x000002294de1a300, 0x000002294de1dfc0, 0x000002294de1a810,
0x000002294ff6ce60, 0x000002294ff6d370, 0x000002294ff6d880, 0x000002294ff6f6e0,
0x000002294ff6dd90, 0x000002294ff6c950, 0x000002294ff6f1d0, 0x000002294ff6e2a0,
0x000002294ff6e7b0, 0x000002294ff6fbf0, 0x000002294ff6ecc0, 0x000002294ff6c440,
0x000002294ff738b0, 0x000002294ff70100, 0x000002294ff73dc0, 0x000002294ff71a50,
0x000002294ff70610, 0x000002294ff71030, 0x000002294ff72980, 0x0000022950404b80,
0x000002294ff733a0, 0x0000022951676f60, 0x0000022951677e90, 0x00000229516746e0,
0x00000229516783a0, 0x0000022951676540, 0x0000022951676a50, 0x0000022951674bf0,
0x00000229516788b0, 0x0000022951675100, 0x0000022951678dc0, 0x0000022951675610,
0x00000229516792d0, 0x0000022951675b20, 0x0000022951679cf0, 0x000002295167a200,
0x000002295167b130, 0x00000229516797e0, 0x000002295167a710, 0x000002295167ac20,
0x000002295167b640, 0x000002295167bb50, 0x0000022951b17c90, 0x0000022951b181a0,
0x0000022951b1a000, 0x0000022951b186b0, 0x0000022951b18bc0, 0x0000022951b190d0,
0x0000022951b195e0, 0x0000022951b1aa20, 0x0000022951b19af0, 0x0000022951b17780,
0x0000022951b1be60, 0x0000022951b1b440, 0x0000022951b1dcc0, 0x0000022951b1b950,
0x0000022951b1e1d0, 0x0000022951b1e6e0, 0x0000022951b1c370, 0x0000022951b1cd90,
0x0000022951b1c880, 0x0000022951b1d7b0, 0x0000022951b1ebf0, 0x0000022951b1af30,
0x000002292b792780, 0x00000229507b0b30, 0x000002292b7936b0, 0x000002292b791340,
0x000002292b791850, 0x000002292b791d60, 0x000002292b792c90, 0x000002292b7931a0,
0x000002292b792270, 0x000002292b790920, 0x000002292b78ff00, 0x000002292b793bc0,
0x000002292b790410
}

Java Threads: ( => current thread )
  0x000002290c9413c0 JavaThread "main" [_thread_blocked, id=17308, stack(0x000000d697b00000,0x000000d697c00000)]
  0x000002292b22d0d0 JavaThread "Reference Handler" daemon [_thread_blocked, id=9372, stack(0x000000d698200000,0x000000d698300000)]
  0x000002292b22dba0 JavaThread "Finalizer" daemon [_thread_blocked, id=15056, stack(0x000000d698300000,0x000000d698400000)]
  0x000002292b257000 JavaThread "Signal Dispatcher" daemon [_thread_blocked, id=9780, stack(0x000000d698400000,0x000000d698500000)]
  0x000002292b2578d0 JavaThread "Attach Listener" daemon [_thread_blocked, id=8652, stack(0x000000d698500000,0x000000d698600000)]
  0x000002292b2581a0 JavaThread "Service Thread" daemon [_thread_blocked, id=10460, stack(0x000000d698600000,0x000000d698700000)]
  0x000002292b25aa80 JavaThread "Monitor Deflation Thread" daemon [_thread_blocked, id=21452, stack(0x000000d698700000,0x000000d698800000)]
=>0x000002292b25bed0 JavaThread "C2 CompilerThread0" daemon [_thread_in_native, id=3344, stack(0x000000d698800000,0x000000d698900000)]
  0x000002292b25f450 JavaThread "C1 CompilerThread0" daemon [_thread_blocked, id=21472, stack(0x000000d698900000,0x000000d698a00000)]
  0x000002292b260170 JavaThread "Sweeper thread" daemon [_thread_blocked, id=21480, stack(0x000000d698a00000,0x000000d698b00000)]
  0x000002292b2182f0 JavaThread "Common-Cleaner" daemon [_thread_blocked, id=21464, stack(0x000000d698b00000,0x000000d698c00000)]
  0x000002292b5035a0 JavaThread "Notification Thread" daemon [_thread_blocked, id=21484, stack(0x000000d698c00000,0x000000d698d00000)]
  0x000002294c9c7240 JavaThread "Daemon health stats" [_thread_blocked, id=8468, stack(0x000000d699400000,0x000000d699500000)]
  0x000002294c105570 JavaThread "Incoming local TCP Connector on port 65361" [_thread_in_native, id=19820, stack(0x000000d699500000,0x000000d699600000)]
  0x000002294c187a10 JavaThread "Daemon periodic checks" [_thread_blocked, id=21468, stack(0x000000d699600000,0x000000d699700000)]
  0x000002294b766340 JavaThread "Daemon" [_thread_blocked, id=21120, stack(0x000000d699700000,0x000000d699800000)]
  0x000002294b7a4930 JavaThread "Handler for socket connection from /127.0.0.1:65361 to /127.0.0.1:65362" [_thread_in_native, id=21140, stack(0x000000d699800000,0x000000d699900000)]
  0x000002294bc7b0c0 JavaThread "Cancel handler" [_thread_blocked, id=21060, stack(0x000000d699900000,0x000000d699a00000)]
  0x000002294bc7c500 JavaThread "Daemon worker" [_thread_in_vm, id=21284, stack(0x000000d699a00000,0x000000d699b00000)]
  0x000002294bc7d940 JavaThread "Asynchronous log dispatcher for DefaultDaemonConnection: socket connection from /127.0.0.1:65361 to /127.0.0.1:65362" [_thread_blocked, id=21248, stack(0x000000d699b00000,0x000000d699c00000)]
  0x000002294bc7d430 JavaThread "Stdin handler" [_thread_blocked, id=21152, stack(0x000000d699c00000,0x000000d699d00000)]
  0x000002294bc7ca10 JavaThread "Daemon client event forwarder" [_thread_blocked, id=21276, stack(0x000000d699d00000,0x000000d699e00000)]
  0x000002294bc7cf20 JavaThread "Cache worker for journal cache (C:\Users\HP\.gradle\caches\journal-1)" [_thread_blocked, id=21148, stack(0x000000d698f00000,0x000000d699000000)]
  0x000002294bc7de50 JavaThread "File lock request listener" [_thread_in_native, id=21268, stack(0x000000d699e00000,0x000000d699f00000)]
  0x000002294bc7abb0 JavaThread "Cache worker for file hash cache (C:\Users\HP\.gradle\caches\8.3\fileHashes)" [_thread_blocked, id=21092, stack(0x000000d699f00000,0x000000d69a000000)]
  0x000002294bc7bae0 JavaThread "File watcher server" daemon [_thread_in_native, id=21160, stack(0x000000d69a500000,0x000000d69a600000)]
  0x000002294bc7e360 JavaThread "File watcher consumer" daemon [_thread_blocked, id=21172, stack(0x000000d69a600000,0x000000d69a700000)]
  0x000002294bc7bff0 JavaThread "Cache worker for checksums cache (D:\my project\packing_frontend\android\.gradle\8.3\checksums)" [_thread_blocked, id=21136, stack(0x000000d69a700000,0x000000d69a800000)]
  0x000002294c4e1a80 JavaThread "Cache worker for file hash cache (D:\my project\packing_frontend\android\.gradle\8.3\fileHashes)" [_thread_blocked, id=20576, stack(0x000000d69a800000,0x000000d69a900000)]
  0x000002294c4e1060 JavaThread "Cache worker for cache directory md-supplier (C:\Users\HP\.gradle\caches\8.3\md-supplier)" [_thread_blocked, id=20524, stack(0x000000d69a900000,0x000000d69aa00000)]
  0x000002294c4e2ec0 JavaThread "Cache worker for file content cache (C:\Users\HP\.gradle\caches\8.3\fileContent)" [_thread_blocked, id=21364, stack(0x000000d69aa00000,0x000000d69ab00000)]
  0x000002294c4e38e0 JavaThread "Cache worker for cache directory md-rule (C:\Users\HP\.gradle\caches\8.3\md-rule)" [_thread_blocked, id=21256, stack(0x000000d69ad00000,0x000000d69ae00000)]
  0x000002294c4e1f90 JavaThread "Cache worker for execution history cache (C:\Users\HP\.gradle\caches\8.3\executionHistory)" [_thread_blocked, id=17328, stack(0x000000d69ae00000,0x000000d69af00000)]
  0x000002294c4e1570 JavaThread "jar transforms" [_thread_blocked, id=21292, stack(0x000000d69af00000,0x000000d69b000000)]
  0x000002294c4e3df0 JavaThread "jar transforms Thread 2" [_thread_blocked, id=12816, stack(0x000000d69b000000,0x000000d69b100000)]
  0x000002294c4e4810 JavaThread "jar transforms Thread 3" [_thread_blocked, id=21108, stack(0x000000d69b100000,0x000000d69b200000)]
  0x000002294c4e5740 JavaThread "jar transforms Thread 4" [_thread_blocked, id=14144, stack(0x000000d69b200000,0x000000d69b300000)]
  0x000002294c4e4d20 JavaThread "Cache worker for kotlin-dsl (C:\Users\HP\.gradle\caches\8.3\kotlin-dsl)" [_thread_blocked, id=21032, stack(0x000000d69b400000,0x000000d69b500000)]
  0x000002294c4e5230 JavaThread "jar transforms Thread 5" [_thread_blocked, id=20748, stack(0x000000d69b500000,0x000000d69b600000)]
  0x000002294c4e5c50 JavaThread "jar transforms Thread 6" [_thread_blocked, id=20604, stack(0x000000d69b600000,0x000000d69b700000)]
  0x000002294c4e24a0 JavaThread "Unconstrained build operations" [_thread_blocked, id=11660, stack(0x000000d69b700000,0x000000d69b800000)]
  0x000002294c4e6160 JavaThread "Unconstrained build operations Thread 2" [_thread_blocked, id=14760, stack(0x000000d69b800000,0x000000d69b900000)]
  0x000002294c4e7ab0 JavaThread "jar transforms Thread 7" [_thread_blocked, id=21340, stack(0x000000d69b900000,0x000000d69ba00000)]
  0x000002294c4e6b80 JavaThread "jar transforms Thread 8" [_thread_blocked, id=2520, stack(0x000000d69ba00000,0x000000d69bb00000)]
  0x000002294c4e7090 JavaThread "jar transforms Thread 9" [_thread_blocked, id=6660, stack(0x000000d69bb00000,0x000000d69bc00000)]
  0x000002294c4e6670 JavaThread "jar transforms Thread 10" [_thread_blocked, id=1636, stack(0x000000d69bc00000,0x000000d69bd00000)]
  0x000002294c4e75a0 JavaThread "jar transforms Thread 11" [_thread_blocked, id=18384, stack(0x000000d69bd00000,0x000000d69be00000)]
  0x000002294c4e7fc0 JavaThread "jar transforms Thread 12" [_thread_blocked, id=16064, stack(0x000000d69be00000,0x000000d69bf00000)]
  0x000002294c4e84d0 JavaThread "Cache worker for dependencies-accessors (D:\my project\packing_frontend\android\.gradle\8.3\dependencies-accessors)" [_thread_blocked, id=18052, stack(0x000000d69bf00000,0x000000d69c000000)]
  0x000002292b86e350 JavaThread "Cache worker for Build Output Cleanup Cache (D:\my project\packing_frontend\node_modules\@react-native\gradle-plugin\.gradle\buildOutputCleanup)" [_thread_blocked, id=16628, stack(0x000000d69c000000,0x000000d69c100000)]
  0x000002292b86de40 JavaThread "Unconstrained build operations Thread 3" [_thread_blocked, id=19336, stack(0x000000d69c100000,0x000000d69c200000)]
  0x000002292b870bd0 JavaThread "Unconstrained build operations Thread 4" [_thread_blocked, id=15204, stack(0x000000d69c200000,0x000000d69c300000)]
  0x000002292b86e860 JavaThread "Unconstrained build operations Thread 5" [_thread_blocked, id=8992, stack(0x000000d69c300000,0x000000d69c400000)]
  0x000002292b86fca0 JavaThread "Unconstrained build operations Thread 6" [_thread_blocked, id=2796, stack(0x000000d69c400000,0x000000d69c500000)]
  0x000002292b8701b0 JavaThread "Unconstrained build operations Thread 7" [_thread_blocked, id=16892, stack(0x000000d69c500000,0x000000d69c600000)]
  0x000002292b86ed70 JavaThread "Unconstrained build operations Thread 8" [_thread_blocked, id=17480, stack(0x000000d69c600000,0x000000d69c700000)]
  0x000002292b86f280 JavaThread "Unconstrained build operations Thread 9" [_thread_blocked, id=7120, stack(0x000000d69c700000,0x000000d69c800000)]
  0x000002292b86f790 JavaThread "Unconstrained build operations Thread 10" [_thread_blocked, id=19144, stack(0x000000d69c800000,0x000000d69c900000)]
  0x000002292b8706c0 JavaThread "Unconstrained build operations Thread 11" [_thread_blocked, id=13940, stack(0x000000d69c900000,0x000000d69ca00000)]
  0x000002292b86d420 JavaThread "Unconstrained build operations Thread 12" [_thread_blocked, id=15104, stack(0x000000d69ca00000,0x000000d69cb00000)]
  0x000002292b8710e0 JavaThread "Unconstrained build operations Thread 13" [_thread_blocked, id=1144, stack(0x000000d69cb00000,0x000000d69cc00000)]
  0x000002292b86d930 JavaThread "Memory manager" [_thread_blocked, id=19748, stack(0x000000d69cc00000,0x000000d69cd00000)]
  0x000002292b872520 JavaThread "Cache worker for Build Output Cleanup Cache (D:\my project\packing_frontend\android\.gradle\buildOutputCleanup)" [_thread_blocked, id=9464, stack(0x000000d69b300000,0x000000d69b400000)]
  0x000002292b8715f0 JavaThread "ForkJoinPool.commonPool-worker-1" daemon [_thread_blocked, id=20716, stack(0x000000d69cd00000,0x000000d69ce00000)]
  0x000002292b871b00 JavaThread "ForkJoinPool.commonPool-worker-2" daemon [_thread_blocked, id=3128, stack(0x000000d69ce00000,0x000000d69cf00000)]
  0x000002292b872010 JavaThread "ForkJoinPool.commonPool-worker-3" daemon [_thread_blocked, id=20728, stack(0x000000d69cf00000,0x000000d69d000000)]
  0x000002292b872a30 JavaThread "ForkJoinPool.commonPool-worker-4" daemon [_thread_blocked, id=21084, stack(0x000000d69d000000,0x000000d69d100000)]
  0x000002292b873450 JavaThread "ForkJoinPool.commonPool-worker-5" daemon [_thread_blocked, id=11408, stack(0x000000d69d100000,0x000000d69d200000)]
  0x000002294de17060 JavaThread "ForkJoinPool.commonPool-worker-6" daemon [_thread_blocked, id=11828, stack(0x000000d69d200000,0x000000d69d300000)]
  0x000002294de16b50 JavaThread "ForkJoinPool.commonPool-worker-7" daemon [_thread_blocked, id=18492, stack(0x000000d69d300000,0x000000d69d400000)]
  0x000002294de17a80 JavaThread "ForkJoinPool.commonPool-worker-8" daemon [_thread_blocked, id=9716, stack(0x000000d69d400000,0x000000d69d500000)]
  0x000002294de19df0 JavaThread "ForkJoinPool.commonPool-worker-9" daemon [_thread_blocked, id=20944, stack(0x000000d69d500000,0x000000d69d600000)]
  0x000002294de189b0 JavaThread "ForkJoinPool.commonPool-worker-10" daemon [_thread_blocked, id=3184, stack(0x000000d69d600000,0x000000d69d700000)]
  0x000002294de17570 JavaThread "ForkJoinPool.commonPool-worker-11" daemon [_thread_blocked, id=17204, stack(0x000000d69d700000,0x000000d69d800000)]
  0x000002294de17f90 JavaThread "included builds" [_thread_blocked, id=20640, stack(0x000000d69d800000,0x000000d69d900000)]
  0x000002294de198e0 JavaThread "Execution worker" [_thread_blocked, id=3108, stack(0x000000d69d900000,0x000000d69da00000)]
  0x000002294de184a0 JavaThread "Execution worker Thread 2" [_thread_blocked, id=21024, stack(0x000000d69da00000,0x000000d69db00000)]
  0x000002294de193d0 JavaThread "Execution worker Thread 3" [_thread_blocked, id=20852, stack(0x000000d69db00000,0x000000d69dc00000)]
  0x000002294de18ec0 JavaThread "Execution worker Thread 4" [_thread_blocked, id=15932, stack(0x000000d69dc00000,0x000000d69dd00000)]
  0x000002294de16640 JavaThread "Execution worker Thread 5" [_thread_blocked, id=15488, stack(0x000000d69dd00000,0x000000d69de00000)]
  0x000002294de1c670 JavaThread "Execution worker Thread 6" [_thread_blocked, id=21016, stack(0x000000d69de00000,0x000000d69df00000)]
  0x000002294de1dab0 JavaThread "Execution worker Thread 7" [_thread_blocked, id=1488, stack(0x000000d69df00000,0x000000d69e000000)]
  0x000002294de1b740 JavaThread "Execution worker Thread 8" [_thread_blocked, id=21328, stack(0x000000d69e000000,0x000000d69e100000)]
  0x000002294de1d090 JavaThread "Execution worker Thread 9" [_thread_blocked, id=21000, stack(0x000000d69e100000,0x000000d69e200000)]
  0x000002294de1cb80 JavaThread "Execution worker Thread 10" [_thread_blocked, id=12720, stack(0x000000d69e200000,0x000000d69e300000)]
  0x000002294de1ad20 JavaThread "Execution worker Thread 11" [_thread_blocked, id=18100, stack(0x000000d69e300000,0x000000d69e400000)]
  0x000002294de1b230 JavaThread "Cache worker for execution history cache (D:\my project\packing_frontend\node_modules\@react-native\gradle-plugin\.gradle\8.3\executionHistory)" [_thread_blocked, id=21356, stack(0x000000d69e400000,0x000000d69e500000)]
  0x000002294de1c160 JavaThread "Unconstrained build operations Thread 14" [_thread_blocked, id=20632, stack(0x000000d69e500000,0x000000d69e600000)]
  0x000002294de1d5a0 JavaThread "Unconstrained build operations Thread 15" [_thread_blocked, id=16316, stack(0x000000d69e600000,0x000000d69e700000)]
  0x000002294de1a300 JavaThread "Unconstrained build operations Thread 16" [_thread_blocked, id=7368, stack(0x000000d69e700000,0x000000d69e800000)]
  0x000002294de1dfc0 JavaThread "Unconstrained build operations Thread 17" [_thread_blocked, id=21008, stack(0x000000d69e800000,0x000000d69e900000)]
  0x000002294de1a810 JavaThread "Unconstrained build operations Thread 18" [_thread_blocked, id=4636, stack(0x000000d69e900000,0x000000d69ea00000)]
  0x000002294ff6ce60 JavaThread "Unconstrained build operations Thread 19" [_thread_blocked, id=19148, stack(0x000000d69ea00000,0x000000d69eb00000)]
  0x000002294ff6d370 JavaThread "Unconstrained build operations Thread 20" [_thread_blocked, id=2068, stack(0x000000d69eb00000,0x000000d69ec00000)]
  0x000002294ff6d880 JavaThread "Unconstrained build operations Thread 21" [_thread_blocked, id=11960, stack(0x000000d69ec00000,0x000000d69ed00000)]
  0x000002294ff6f6e0 JavaThread "Unconstrained build operations Thread 22" [_thread_blocked, id=21044, stack(0x000000d69ed00000,0x000000d69ee00000)]
  0x000002294ff6dd90 JavaThread "Unconstrained build operations Thread 23" [_thread_blocked, id=17260, stack(0x000000d69ee00000,0x000000d69ef00000)]
  0x000002294ff6c950 JavaThread "Unconstrained build operations Thread 24" [_thread_blocked, id=18360, stack(0x000000d69ef00000,0x000000d69f000000)]
  0x000002294ff6f1d0 JavaThread "Unconstrained build operations Thread 25" [_thread_blocked, id=16936, stack(0x000000d69f000000,0x000000d69f100000)]
  0x000002294ff6e2a0 JavaThread "Unconstrained build operations Thread 26" [_thread_blocked, id=19308, stack(0x000000d69f100000,0x000000d69f200000)]
  0x000002294ff6e7b0 JavaThread "Unconstrained build operations Thread 27" [_thread_blocked, id=18968, stack(0x000000d69f200000,0x000000d69f300000)]
  0x000002294ff6fbf0 JavaThread "Unconstrained build operations Thread 28" [_thread_blocked, id=20516, stack(0x000000d69f300000,0x000000d69f400000)]
  0x000002294ff6ecc0 JavaThread "Unconstrained build operations Thread 29" [_thread_blocked, id=20932, stack(0x000000d69f400000,0x000000d69f500000)]
  0x000002294ff6c440 JavaThread "Unconstrained build operations Thread 30" [_thread_blocked, id=17340, stack(0x000000d69f500000,0x000000d69f600000)]
  0x000002294ff738b0 JavaThread "Unconstrained build operations Thread 31" [_thread_blocked, id=20552, stack(0x000000d69f600000,0x000000d69f700000)]
  0x000002294ff70100 JavaThread "Unconstrained build operations Thread 32" [_thread_blocked, id=20780, stack(0x000000d69f700000,0x000000d69f800000)]
  0x000002294ff73dc0 JavaThread "Unconstrained build operations Thread 33" [_thread_blocked, id=20928, stack(0x000000d69f800000,0x000000d69f900000)]
  0x000002294ff71a50 JavaThread "Unconstrained build operations Thread 34" [_thread_blocked, id=21012, stack(0x000000d69f900000,0x000000d69fa00000)]
  0x000002294ff70610 JavaThread "Unconstrained build operations Thread 35" [_thread_blocked, id=20964, stack(0x000000d69fa00000,0x000000d69fb00000)]
  0x000002294ff71030 JavaThread "Unconstrained build operations Thread 36" [_thread_blocked, id=19708, stack(0x000000d69fb00000,0x000000d69fc00000)]
  0x000002294ff72980 JavaThread "Unconstrained build operations Thread 37" [_thread_blocked, id=20636, stack(0x000000d69fc00000,0x000000d69fd00000)]
  0x0000022950404b80 JavaThread "C2 CompilerThread1" daemon [_thread_in_native, id=18344, stack(0x000000d698e00000,0x000000d698f00000)]
  0x000002294ff733a0 JavaThread "Unconstrained build operations Thread 38" [_thread_blocked, id=21124, stack(0x000000d69fe00000,0x000000d69ff00000)]
  0x0000022951676f60 JavaThread "Unconstrained build operations Thread 39" [_thread_blocked, id=5028, stack(0x000000d69ff00000,0x000000d6a0000000)]
  0x0000022951677e90 JavaThread "Unconstrained build operations Thread 40" [_thread_blocked, id=13988, stack(0x000000d6a0000000,0x000000d6a0100000)]
  0x00000229516746e0 JavaThread "Unconstrained build operations Thread 41" [_thread_blocked, id=19256, stack(0x000000d6a0100000,0x000000d6a0200000)]
  0x00000229516783a0 JavaThread "Unconstrained build operations Thread 42" [_thread_blocked, id=17280, stack(0x000000d6a0200000,0x000000d6a0300000)]
  0x0000022951676540 JavaThread "Unconstrained build operations Thread 43" [_thread_blocked, id=19200, stack(0x000000d6a0300000,0x000000d6a0400000)]
  0x0000022951676a50 JavaThread "Unconstrained build operations Thread 44" [_thread_blocked, id=18648, stack(0x000000d6a0400000,0x000000d6a0500000)]
  0x0000022951674bf0 JavaThread "Unconstrained build operations Thread 45" [_thread_blocked, id=5484, stack(0x000000d6a0500000,0x000000d6a0600000)]
  0x00000229516788b0 JavaThread "Unconstrained build operations Thread 46" [_thread_blocked, id=17200, stack(0x000000d6a0600000,0x000000d6a0700000)]
  0x0000022951675100 JavaThread "Unconstrained build operations Thread 47" [_thread_blocked, id=14028, stack(0x000000d6a0700000,0x000000d6a0800000)]
  0x0000022951678dc0 JavaThread "Unconstrained build operations Thread 48" [_thread_blocked, id=3828, stack(0x000000d6a0800000,0x000000d6a0900000)]
  0x0000022951675610 JavaThread "Unconstrained build operations Thread 49" [_thread_blocked, id=4528, stack(0x000000d6a0900000,0x000000d6a0a00000)]
  0x00000229516792d0 JavaThread "Unconstrained build operations Thread 50" [_thread_blocked, id=1956, stack(0x000000d6a0a00000,0x000000d6a0b00000)]
  0x0000022951675b20 JavaThread "Unconstrained build operations Thread 51" [_thread_blocked, id=16700, stack(0x000000d6a0b00000,0x000000d6a0c00000)]
  0x0000022951679cf0 JavaThread "Unconstrained build operations Thread 52" [_thread_blocked, id=21332, stack(0x000000d6a0c00000,0x000000d6a0d00000)]
  0x000002295167a200 JavaThread "Unconstrained build operations Thread 53" [_thread_blocked, id=19448, stack(0x000000d6a0d00000,0x000000d6a0e00000)]
  0x000002295167b130 JavaThread "Unconstrained build operations Thread 54" [_thread_blocked, id=21112, stack(0x000000d6a0e00000,0x000000d6a0f00000)]
  0x00000229516797e0 JavaThread "Unconstrained build operations Thread 55" [_thread_blocked, id=14884, stack(0x000000d6a0f00000,0x000000d6a1000000)]
  0x000002295167a710 JavaThread "Unconstrained build operations Thread 56" [_thread_blocked, id=14716, stack(0x000000d6a1000000,0x000000d6a1100000)]
  0x000002295167ac20 JavaThread "Unconstrained build operations Thread 57" [_thread_blocked, id=15988, stack(0x000000d6a1100000,0x000000d6a1200000)]
  0x000002295167b640 JavaThread "Unconstrained build operations Thread 58" [_thread_blocked, id=20836, stack(0x000000d6a1200000,0x000000d6a1300000)]
  0x000002295167bb50 JavaThread "Unconstrained build operations Thread 59" [_thread_blocked, id=20508, stack(0x000000d6a1300000,0x000000d6a1400000)]
  0x0000022951b17c90 JavaThread "Unconstrained build operations Thread 60" [_thread_blocked, id=19772, stack(0x000000d6a1400000,0x000000d6a1500000)]
  0x0000022951b181a0 JavaThread "Unconstrained build operations Thread 61" [_thread_blocked, id=21488, stack(0x000000d6a1500000,0x000000d6a1600000)]
  0x0000022951b1a000 JavaThread "Unconstrained build operations Thread 62" [_thread_blocked, id=2108, stack(0x000000d6a1600000,0x000000d6a1700000)]
  0x0000022951b186b0 JavaThread "Unconstrained build operations Thread 63" [_thread_blocked, id=2036, stack(0x000000d6a1700000,0x000000d6a1800000)]
  0x0000022951b18bc0 JavaThread "Unconstrained build operations Thread 64" [_thread_blocked, id=19648, stack(0x000000d6a1800000,0x000000d6a1900000)]
  0x0000022951b190d0 JavaThread "Unconstrained build operations Thread 65" [_thread_blocked, id=7876, stack(0x000000d6a1900000,0x000000d6a1a00000)]
  0x0000022951b195e0 JavaThread "Unconstrained build operations Thread 66" [_thread_blocked, id=15012, stack(0x000000d6a1a00000,0x000000d6a1b00000)]
  0x0000022951b1aa20 JavaThread "Unconstrained build operations Thread 67" [_thread_blocked, id=10420, stack(0x000000d6a1b00000,0x000000d6a1c00000)]
  0x0000022951b19af0 JavaThread "Unconstrained build operations Thread 68" [_thread_blocked, id=10272, stack(0x000000d6a1c00000,0x000000d6a1d00000)]
  0x0000022951b17780 JavaThread "Unconstrained build operations Thread 69" [_thread_blocked, id=20988, stack(0x000000d6a1d00000,0x000000d6a1e00000)]
  0x0000022951b1be60 JavaThread "Unconstrained build operations Thread 70" [_thread_blocked, id=11576, stack(0x000000d6a1e00000,0x000000d6a1f00000)]
  0x0000022951b1b440 JavaThread "Unconstrained build operations Thread 71" [_thread_blocked, id=8032, stack(0x000000d6a1f00000,0x000000d6a2000000)]
  0x0000022951b1dcc0 JavaThread "Unconstrained build operations Thread 72" [_thread_blocked, id=20572, stack(0x000000d6a2200000,0x000000d6a2300000)]
  0x0000022951b1b950 JavaThread "Unconstrained build operations Thread 73" [_thread_blocked, id=18944, stack(0x000000d6a2300000,0x000000d6a2400000)]
  0x0000022951b1e1d0 JavaThread "Unconstrained build operations Thread 74" [_thread_blocked, id=14940, stack(0x000000d6a2400000,0x000000d6a2500000)]
  0x0000022951b1e6e0 JavaThread "Unconstrained build operations Thread 75" [_thread_blocked, id=4904, stack(0x000000d6a2500000,0x000000d6a2600000)]
  0x0000022951b1c370 JavaThread "Unconstrained build operations Thread 76" [_thread_blocked, id=8480, stack(0x000000d6a2600000,0x000000d6a2700000)]
  0x0000022951b1cd90 JavaThread "Unconstrained build operations Thread 77" [_thread_blocked, id=20504, stack(0x000000d6a2700000,0x000000d6a2800000)]
  0x0000022951b1c880 JavaThread "Unconstrained build operations Thread 78" [_thread_blocked, id=2392, stack(0x000000d6a2800000,0x000000d6a2900000)]
  0x0000022951b1d7b0 JavaThread "Unconstrained build operations Thread 79" [_thread_blocked, id=20184, stack(0x000000d6a2900000,0x000000d6a2a00000)]
  0x0000022951b1ebf0 JavaThread "Unconstrained build operations Thread 80" [_thread_blocked, id=20564, stack(0x000000d6a2a00000,0x000000d6a2b00000)]
  0x0000022951b1af30 JavaThread "Unconstrained build operations Thread 81" [_thread_blocked, id=21076, stack(0x000000d6a2b00000,0x000000d6a2c00000)]
  0x000002292b792780 JavaThread "Unconstrained build operations Thread 82" [_thread_blocked, id=9724, stack(0x000000d6a2c00000,0x000000d6a2d00000)]
  0x00000229507b0b30 JavaThread "C2 CompilerThread2" daemon [_thread_blocked, id=18500, stack(0x000000d6a2d00000,0x000000d6a2e00000)]
  0x000002292b7936b0 JavaThread "Unconstrained build operations Thread 83" [_thread_blocked, id=7244, stack(0x000000d6a2e00000,0x000000d6a2f00000)]
  0x000002292b791340 JavaThread "Unconstrained build operations Thread 84" [_thread_blocked, id=18792, stack(0x000000d6a2f00000,0x000000d6a3000000)]
  0x000002292b791850 JavaThread "Unconstrained build operations Thread 85" [_thread_blocked, id=17556, stack(0x000000d6a3000000,0x000000d6a3100000)]
  0x000002292b791d60 JavaThread "Unconstrained build operations Thread 86" [_thread_blocked, id=19952, stack(0x000000d6a3100000,0x000000d6a3200000)]
  0x000002292b792c90 JavaThread "Unconstrained build operations Thread 87" [_thread_blocked, id=14736, stack(0x000000d6a3200000,0x000000d6a3300000)]
  0x000002292b7931a0 JavaThread "Unconstrained build operations Thread 88" [_thread_blocked, id=21308, stack(0x000000d6a3300000,0x000000d6a3400000)]
  0x000002292b792270 JavaThread "Unconstrained build operations Thread 89" [_thread_blocked, id=20040, stack(0x000000d6a3400000,0x000000d6a3500000)]
  0x000002292b790920 JavaThread "Unconstrained build operations Thread 90" [_thread_blocked, id=21244, stack(0x000000d6a3500000,0x000000d6a3600000)]
  0x000002292b78ff00 JavaThread "Unconstrained build operations Thread 91" [_thread_blocked, id=17356, stack(0x000000d6a3600000,0x000000d6a3700000)]
  0x000002292b793bc0 JavaThread "Unconstrained build operations Thread 92" [_thread_blocked, id=14632, stack(0x000000d6a3700000,0x000000d6a3800000)]
  0x000002292b790410 JavaThread "Unconstrained build operations Thread 93" [_thread_blocked, id=9012, stack(0x000000d6a3800000,0x000000d6a3900000)]

Other Threads:
  0x000002292b227dd0 VMThread "VM Thread" [stack: 0x000000d698100000,0x000000d698200000] [id=14600]
  0x000002290c942150 WatcherThread [stack: 0x000000d698d00000,0x000000d698e00000] [id=20484]
  0x000002290a5fd8a0 GCTaskThread "GC Thread#0" [stack: 0x000000d697c00000,0x000000d697d00000] [id=2132]
  0x000002294b216500 GCTaskThread "GC Thread#1" [stack: 0x000000d699000000,0x000000d699100000] [id=21476]
  0x000002294b7d6dc0 GCTaskThread "GC Thread#2" [stack: 0x000000d699100000,0x000000d699200000] [id=17212]
  0x000002294b7d7340 GCTaskThread "GC Thread#3" [stack: 0x000000d699200000,0x000000d699300000] [id=9296]
  0x000002294b7d6b00 GCTaskThread "GC Thread#4" [stack: 0x000000d699300000,0x000000d699400000] [id=21500]
  0x000002294b7d8680 GCTaskThread "GC Thread#5" [stack: 0x000000d69a000000,0x000000d69a100000] [id=13572]
  0x000002294b7d7080 GCTaskThread "GC Thread#6" [stack: 0x000000d69a100000,0x000000d69a200000] [id=16432]
  0x000002294b7d7b80 GCTaskThread "GC Thread#7" [stack: 0x000000d69a200000,0x000000d69a300000] [id=14824]
  0x000002294b7d7e40 GCTaskThread "GC Thread#8" [stack: 0x000000d69a300000,0x000000d69a400000] [id=21064]
  0x000002294b7d8100 GCTaskThread "GC Thread#9" [stack: 0x000000d69a400000,0x000000d69a500000] [id=21080]
  0x000002290a5fe6d0 ConcurrentGCThread "G1 Main Marker" [stack: 0x000000d697d00000,0x000000d697e00000] [id=11792]
  0x000002290c9ae060 ConcurrentGCThread "G1 Conc#0" [stack: 0x000000d697e00000,0x000000d697f00000] [id=16876]
  0x000002294df68240 ConcurrentGCThread "G1 Conc#1" [stack: 0x000000d69ab00000,0x000000d69ac00000] [id=11868]
  0x000002294df6a8c0 ConcurrentGCThread "G1 Conc#2" [stack: 0x000000d69ac00000,0x000000d69ad00000] [id=8892]
  0x000002292b0e2cc0 ConcurrentGCThread "G1 Refine#0" [stack: 0x000000d697f00000,0x000000d698000000] [id=5556]
  0x000002294cb22c70 ConcurrentGCThread "G1 Refine#1" [stack: 0x000000d69fd00000,0x000000d69fe00000] [id=9912]
  0x000002292b0e34a0 ConcurrentGCThread "G1 Service" [stack: 0x000000d698000000,0x000000d698100000] [id=12392]

Threads with active compile tasks:
C2 CompilerThread0  36380 13375   !   4       org.gradle.internal.metaobject.BeanDynamicObject$MetaClassAdapter::lookupProperty (47 bytes)
C2 CompilerThread1  36380 13382       4       java.beans.Introspector::addPropertyDescriptor (265 bytes)

VM state: not at safepoint (normal execution)

VM Mutex/Monitor currently owned by a thread: None

Heap address: 0x0000000080000000, size: 2048 MB, Compressed Oops mode: 32-bit

CDS archive(s) mapped at: [0x000002292c000000-0x000002292cbb0000-0x000002292cbb0000), size 12255232, SharedBaseAddress: 0x000002292c000000, ArchiveRelocationMode: 1.
Compressed class space mapped at: 0x000002292d000000-0x0000022947000000, reserved size: 436207616
Narrow klass base: 0x000002292c000000, Narrow klass shift: 0, Narrow klass range: 0x100000000

GC Precious Log:
 CPUs: 12 total, 12 available
 Memory: 7903M
 Large Page Support: Disabled
 NUMA Support: Disabled
 Compressed Oops: Enabled (32-bit)
 Heap Region Size: 1M
 Heap Min Capacity: 8M
 Heap Initial Capacity: 124M
 Heap Max Capacity: 2G
 Pre-touch: Disabled
 Parallel Workers: 10
 Concurrent Workers: 3
 Concurrent Refinement Workers: 10
 Periodic GC: Disabled

Heap:
 garbage-first heap   total 288768K, used 181170K [0x0000000080000000, 0x0000000100000000)
  region size 1024K, 18 young (18432K), 5 survivors (5120K)
 Metaspace       used 99185K, committed 100352K, reserved 557056K
  class space    used 13877K, committed 14400K, reserved 425984K

Heap Regions: E=young(eden), S=young(survivor), O=old, HS=humongous(starts), HC=humongous(continues), CS=collection set, F=free, OA=open archive, CA=closed archive, TAMS=top-at-mark-start (previous, next)
|   0|0x0000000080000000, 0x0000000080100000, 0x0000000080100000|100%|HS|  |TAMS 0x0000000080100000, 0x0000000080000000| Complete 
|   1|0x0000000080100000, 0x0000000080200000, 0x0000000080200000|100%|HC|  |TAMS 0x0000000080200000, 0x0000000080100000| Complete 
|   2|0x0000000080200000, 0x0000000080300000, 0x0000000080300000|100%|HC|  |TAMS 0x0000000080300000, 0x0000000080200000| Complete 
|   3|0x0000000080300000, 0x0000000080400000, 0x0000000080400000|100%|HC|  |TAMS 0x0000000080400000, 0x0000000080300000| Complete 
|   4|0x0000000080400000, 0x0000000080500000, 0x0000000080500000|100%| O|  |TAMS 0x0000000080500000, 0x0000000080400000| Untracked 
|   5|0x0000000080500000, 0x0000000080600000, 0x0000000080600000|100%| O|  |TAMS 0x0000000080600000, 0x0000000080500000| Untracked 
|   6|0x0000000080600000, 0x0000000080700000, 0x0000000080700000|100%| O|  |TAMS 0x0000000080700000, 0x0000000080600000| Untracked 
|   7|0x0000000080700000, 0x0000000080800000, 0x0000000080800000|100%| O|  |TAMS 0x0000000080800000, 0x0000000080700000| Untracked 
|   8|0x0000000080800000, 0x0000000080900000, 0x0000000080900000|100%| O|  |TAMS 0x0000000080900000, 0x0000000080800000| Untracked 
|   9|0x0000000080900000, 0x0000000080a00000, 0x0000000080a00000|100%| O|  |TAMS 0x0000000080a00000, 0x0000000080900000| Untracked 
|  10|0x0000000080a00000, 0x0000000080b00000, 0x0000000080b00000|100%| O|  |TAMS 0x0000000080b00000, 0x0000000080a00000| Untracked 
|  11|0x0000000080b00000, 0x0000000080c00000, 0x0000000080c00000|100%| O|  |TAMS 0x0000000080c00000, 0x0000000080b00000| Untracked 
|  12|0x0000000080c00000, 0x0000000080d00000, 0x0000000080d00000|100%| O|  |TAMS 0x0000000080d00000, 0x0000000080c00000| Untracked 
|  13|0x0000000080d00000, 0x0000000080e00000, 0x0000000080e00000|100%| O|  |TAMS 0x0000000080e00000, 0x0000000080d00000| Untracked 
|  14|0x0000000080e00000, 0x0000000080f00000, 0x0000000080f00000|100%| O|  |TAMS 0x0000000080f00000, 0x0000000080e00000| Untracked 
|  15|0x0000000080f00000, 0x0000000081000000, 0x0000000081000000|100%| O|  |TAMS 0x0000000081000000, 0x0000000080f00000| Untracked 
|  16|0x0000000081000000, 0x0000000081100000, 0x0000000081100000|100%| O|  |TAMS 0x0000000081100000, 0x0000000081000000| Untracked 
|  17|0x0000000081100000, 0x0000000081200000, 0x0000000081200000|100%| O|  |TAMS 0x0000000081200000, 0x0000000081100000| Untracked 
|  18|0x0000000081200000, 0x0000000081300000, 0x0000000081300000|100%| O|  |TAMS 0x0000000081300000, 0x0000000081200000| Untracked 
|  19|0x0000000081300000, 0x0000000081400000, 0x0000000081400000|100%| O|  |TAMS 0x0000000081400000, 0x0000000081300000| Untracked 
|  20|0x0000000081400000, 0x0000000081500000, 0x0000000081500000|100%| O|  |TAMS 0x0000000081500000, 0x0000000081400000| Untracked 
|  21|0x0000000081500000, 0x0000000081600000, 0x0000000081600000|100%| O|  |TAMS 0x0000000081600000, 0x0000000081500000| Untracked 
|  22|0x0000000081600000, 0x0000000081700000, 0x0000000081700000|100%| O|  |TAMS 0x0000000081700000, 0x0000000081600000| Untracked 
|  23|0x0000000081700000, 0x0000000081800000, 0x0000000081800000|100%| O|  |TAMS 0x0000000081800000, 0x0000000081700000| Untracked 
|  24|0x0000000081800000, 0x0000000081900000, 0x0000000081900000|100%| O|  |TAMS 0x0000000081900000, 0x0000000081800000| Untracked 
|  25|0x0000000081900000, 0x0000000081a00000, 0x0000000081a00000|100%| O|  |TAMS 0x0000000081a00000, 0x0000000081900000| Untracked 
|  26|0x0000000081a00000, 0x0000000081b00000, 0x0000000081b00000|100%| O|  |TAMS 0x0000000081b00000, 0x0000000081a00000| Untracked 
|  27|0x0000000081b00000, 0x0000000081c00000, 0x0000000081c00000|100%| O|  |TAMS 0x0000000081c00000, 0x0000000081b00000| Untracked 
|  28|0x0000000081c00000, 0x0000000081d00000, 0x0000000081d00000|100%|HS|  |TAMS 0x0000000081d00000, 0x0000000081c00000| Complete 
|  29|0x0000000081d00000, 0x0000000081e00000, 0x0000000081e00000|100%| O|  |TAMS 0x0000000081e00000, 0x0000000081d00000| Untracked 
|  30|0x0000000081e00000, 0x0000000081f00000, 0x0000000081f00000|100%| O|  |TAMS 0x0000000081f00000, 0x0000000081e00000| Untracked 
|  31|0x0000000081f00000, 0x0000000082000000, 0x0000000082000000|100%| O|  |TAMS 0x0000000082000000, 0x0000000081f00000| Untracked 
|  32|0x0000000082000000, 0x0000000082100000, 0x0000000082100000|100%| O|  |TAMS 0x0000000082100000, 0x0000000082000000| Untracked 
|  33|0x0000000082100000, 0x0000000082200000, 0x0000000082200000|100%|HS|  |TAMS 0x0000000082200000, 0x0000000082100000| Complete 
|  34|0x0000000082200000, 0x0000000082300000, 0x0000000082300000|100%|HC|  |TAMS 0x0000000082300000, 0x0000000082200000| Complete 
|  35|0x0000000082300000, 0x0000000082400000, 0x0000000082400000|100%|HS|  |TAMS 0x0000000082400000, 0x0000000082300000| Complete 
|  36|0x0000000082400000, 0x0000000082500000, 0x0000000082500000|100%|HC|  |TAMS 0x0000000082500000, 0x0000000082400000| Complete 
|  37|0x0000000082500000, 0x0000000082600000, 0x0000000082600000|100%|HS|  |TAMS 0x0000000082600000, 0x0000000082500000| Complete 
|  38|0x0000000082600000, 0x0000000082700000, 0x0000000082700000|100%|HC|  |TAMS 0x0000000082700000, 0x0000000082600000| Complete 
|  39|0x0000000082700000, 0x0000000082800000, 0x0000000082800000|100%|HC|  |TAMS 0x0000000082800000, 0x0000000082700000| Complete 
|  40|0x0000000082800000, 0x0000000082900000, 0x0000000082900000|100%|HC|  |TAMS 0x0000000082900000, 0x0000000082800000| Complete 
|  41|0x0000000082900000, 0x0000000082a00000, 0x0000000082a00000|100%| O|  |TAMS 0x0000000082a00000, 0x0000000082900000| Untracked 
|  42|0x0000000082a00000, 0x0000000082b00000, 0x0000000082b00000|100%| O|  |TAMS 0x0000000082b00000, 0x0000000082a00000| Untracked 
|  43|0x0000000082b00000, 0x0000000082c00000, 0x0000000082c00000|100%| O|  |TAMS 0x0000000082c00000, 0x0000000082b00000| Untracked 
|  44|0x0000000082c00000, 0x0000000082d00000, 0x0000000082d00000|100%| O|  |TAMS 0x0000000082d00000, 0x0000000082c00000| Untracked 
|  45|0x0000000082d00000, 0x0000000082e00000, 0x0000000082e00000|100%| O|  |TAMS 0x0000000082e00000, 0x0000000082d00000| Untracked 
|  46|0x0000000082e00000, 0x0000000082f00000, 0x0000000082f00000|100%| O|  |TAMS 0x0000000082f00000, 0x0000000082e00000| Untracked 
|  47|0x0000000082f00000, 0x0000000083000000, 0x0000000083000000|100%| O|  |TAMS 0x0000000083000000, 0x0000000082f00000| Untracked 
|  48|0x0000000083000000, 0x0000000083100000, 0x0000000083100000|100%| O|  |TAMS 0x0000000083100000, 0x0000000083000000| Untracked 
|  49|0x0000000083100000, 0x0000000083200000, 0x0000000083200000|100%| O|  |TAMS 0x0000000083200000, 0x0000000083100000| Untracked 
|  50|0x0000000083200000, 0x0000000083300000, 0x0000000083300000|100%| O|  |TAMS 0x0000000083300000, 0x0000000083200000| Untracked 
|  51|0x0000000083300000, 0x0000000083400000, 0x0000000083400000|100%| O|  |TAMS 0x0000000083400000, 0x0000000083300000| Untracked 
|  52|0x0000000083400000, 0x0000000083500000, 0x0000000083500000|100%|HS|  |TAMS 0x0000000083500000, 0x0000000083400000| Complete 
|  53|0x0000000083500000, 0x0000000083600000, 0x0000000083600000|100%|HC|  |TAMS 0x0000000083600000, 0x0000000083500000| Complete 
|  54|0x0000000083600000, 0x0000000083700000, 0x0000000083700000|100%|HC|  |TAMS 0x0000000083700000, 0x0000000083600000| Complete 
|  55|0x0000000083700000, 0x0000000083800000, 0x0000000083800000|100%|HC|  |TAMS 0x0000000083800000, 0x0000000083700000| Complete 
|  56|0x0000000083800000, 0x0000000083900000, 0x0000000083900000|100%| O|  |TAMS 0x0000000083900000, 0x0000000083800000| Untracked 
|  57|0x0000000083900000, 0x0000000083a00000, 0x0000000083a00000|100%| O|  |TAMS 0x0000000083a00000, 0x0000000083900000| Untracked 
|  58|0x0000000083a00000, 0x0000000083b00000, 0x0000000083b00000|100%| O|  |TAMS 0x0000000083b00000, 0x0000000083a00000| Untracked 
|  59|0x0000000083b00000, 0x0000000083c00000, 0x0000000083c00000|100%| O|  |TAMS 0x0000000083c00000, 0x0000000083b00000| Untracked 
|  60|0x0000000083c00000, 0x0000000083d00000, 0x0000000083d00000|100%| O|  |TAMS 0x0000000083d00000, 0x0000000083c00000| Untracked 
|  61|0x0000000083d00000, 0x0000000083e00000, 0x0000000083e00000|100%| O|  |TAMS 0x0000000083e00000, 0x0000000083d00000| Untracked 
|  62|0x0000000083e00000, 0x0000000083f00000, 0x0000000083f00000|100%| O|  |TAMS 0x0000000083f00000, 0x0000000083e00000| Untracked 
|  63|0x0000000083f00000, 0x0000000084000000, 0x0000000084000000|100%| O|  |TAMS 0x0000000084000000, 0x0000000083f00000| Untracked 
|  64|0x0000000084000000, 0x0000000084100000, 0x0000000084100000|100%| O|  |TAMS 0x0000000084100000, 0x0000000084000000| Untracked 
|  65|0x0000000084100000, 0x0000000084200000, 0x0000000084200000|100%| O|  |TAMS 0x0000000084200000, 0x0000000084100000| Untracked 
|  66|0x0000000084200000, 0x0000000084300000, 0x0000000084300000|100%| O|  |TAMS 0x0000000084300000, 0x0000000084200000| Untracked 
|  67|0x0000000084300000, 0x0000000084400000, 0x0000000084400000|100%| O|  |TAMS 0x0000000084400000, 0x0000000084300000| Untracked 
|  68|0x0000000084400000, 0x0000000084500000, 0x0000000084500000|100%| O|  |TAMS 0x0000000084500000, 0x0000000084400000| Untracked 
|  69|0x0000000084500000, 0x0000000084600000, 0x0000000084600000|100%|HS|  |TAMS 0x0000000084600000, 0x0000000084500000| Complete 
|  70|0x0000000084600000, 0x0000000084700000, 0x0000000084700000|100%|HS|  |TAMS 0x0000000084700000, 0x0000000084600000| Complete 
|  71|0x0000000084700000, 0x0000000084800000, 0x0000000084800000|100%|HS|  |TAMS 0x0000000084800000, 0x0000000084700000| Complete 
|  72|0x0000000084800000, 0x0000000084900000, 0x0000000084900000|100%| O|  |TAMS 0x0000000084900000, 0x0000000084800000| Untracked 
|  73|0x0000000084900000, 0x0000000084a00000, 0x0000000084a00000|100%|HS|  |TAMS 0x0000000084a00000, 0x0000000084900000| Complete 
|  74|0x0000000084a00000, 0x0000000084b00000, 0x0000000084b00000|100%| O|  |TAMS 0x0000000084b00000, 0x0000000084a00000| Untracked 
|  75|0x0000000084b00000, 0x0000000084c00000, 0x0000000084c00000|100%| O|  |TAMS 0x0000000084c00000, 0x0000000084b00000| Untracked 
|  76|0x0000000084c00000, 0x0000000084d00000, 0x0000000084d00000|100%| O|  |TAMS 0x0000000084d00000, 0x0000000084c00000| Untracked 
|  77|0x0000000084d00000, 0x0000000084e00000, 0x0000000084e00000|100%| O|  |TAMS 0x0000000084e00000, 0x0000000084d00000| Untracked 
|  78|0x0000000084e00000, 0x0000000084f00000, 0x0000000084f00000|100%| O|  |TAMS 0x0000000084f00000, 0x0000000084e00000| Untracked 
|  79|0x0000000084f00000, 0x0000000085000000, 0x0000000085000000|100%| O|  |TAMS 0x0000000085000000, 0x0000000084f00000| Untracked 
|  80|0x0000000085000000, 0x0000000085100000, 0x0000000085100000|100%| O|  |TAMS 0x0000000085100000, 0x0000000085000000| Untracked 
|  81|0x0000000085100000, 0x0000000085200000, 0x0000000085200000|100%| O|  |TAMS 0x0000000085200000, 0x0000000085100000| Untracked 
|  82|0x0000000085200000, 0x0000000085300000, 0x0000000085300000|100%| O|  |TAMS 0x0000000085300000, 0x0000000085200000| Untracked 
|  83|0x0000000085300000, 0x0000000085400000, 0x0000000085400000|100%| O|  |TAMS 0x0000000085400000, 0x0000000085300000| Untracked 
|  84|0x0000000085400000, 0x0000000085500000, 0x0000000085500000|100%| O|  |TAMS 0x0000000085500000, 0x0000000085400000| Untracked 
|  85|0x0000000085500000, 0x0000000085600000, 0x0000000085600000|100%| O|  |TAMS 0x0000000085600000, 0x0000000085500000| Untracked 
|  86|0x0000000085600000, 0x0000000085700000, 0x0000000085700000|100%| O|  |TAMS 0x0000000085700000, 0x0000000085600000| Untracked 
|  87|0x0000000085700000, 0x0000000085800000, 0x0000000085800000|100%| O|  |TAMS 0x0000000085800000, 0x0000000085700000| Untracked 
|  88|0x0000000085800000, 0x0000000085900000, 0x0000000085900000|100%| O|  |TAMS 0x0000000085900000, 0x0000000085800000| Untracked 
|  89|0x0000000085900000, 0x0000000085a00000, 0x0000000085a00000|100%| O|  |TAMS 0x0000000085a00000, 0x0000000085900000| Untracked 
|  90|0x0000000085a00000, 0x0000000085b00000, 0x0000000085b00000|100%| O|  |TAMS 0x0000000085b00000, 0x0000000085a00000| Untracked 
|  91|0x0000000085b00000, 0x0000000085c00000, 0x0000000085c00000|100%| O|  |TAMS 0x0000000085c00000, 0x0000000085b00000| Untracked 
|  92|0x0000000085c00000, 0x0000000085d00000, 0x0000000085d00000|100%| O|  |TAMS 0x0000000085d00000, 0x0000000085c00000| Untracked 
|  93|0x0000000085d00000, 0x0000000085e00000, 0x0000000085e00000|100%| O|  |TAMS 0x0000000085e00000, 0x0000000085d00000| Untracked 
|  94|0x0000000085e00000, 0x0000000085f00000, 0x0000000085f00000|100%| O|  |TAMS 0x0000000085f00000, 0x0000000085e00000| Untracked 
|  95|0x0000000085f00000, 0x0000000086000000, 0x0000000086000000|100%| O|  |TAMS 0x0000000086000000, 0x0000000085f00000| Untracked 
|  96|0x0000000086000000, 0x0000000086100000, 0x0000000086100000|100%| O|  |TAMS 0x0000000086100000, 0x0000000086000000| Untracked 
|  97|0x0000000086100000, 0x0000000086200000, 0x0000000086200000|100%| O|  |TAMS 0x0000000086200000, 0x0000000086100000| Untracked 
|  98|0x0000000086200000, 0x0000000086300000, 0x0000000086300000|100%| O|  |TAMS 0x0000000086300000, 0x0000000086200000| Untracked 
|  99|0x0000000086300000, 0x0000000086400000, 0x0000000086400000|100%| O|  |TAMS 0x0000000086400000, 0x0000000086300000| Untracked 
| 100|0x0000000086400000, 0x0000000086500000, 0x0000000086500000|100%| O|  |TAMS 0x0000000086500000, 0x0000000086400000| Untracked 
| 101|0x0000000086500000, 0x0000000086600000, 0x0000000086600000|100%| O|  |TAMS 0x0000000086600000, 0x0000000086500000| Untracked 
| 102|0x0000000086600000, 0x0000000086700000, 0x0000000086700000|100%| O|  |TAMS 0x0000000086700000, 0x0000000086600000| Untracked 
| 103|0x0000000086700000, 0x0000000086800000, 0x0000000086800000|100%| O|  |TAMS 0x0000000086800000, 0x0000000086700000| Untracked 
| 104|0x0000000086800000, 0x0000000086900000, 0x0000000086900000|100%| O|  |TAMS 0x0000000086900000, 0x0000000086800000| Untracked 
| 105|0x0000000086900000, 0x0000000086a00000, 0x0000000086a00000|100%| O|  |TAMS 0x0000000086a00000, 0x0000000086900000| Untracked 
| 106|0x0000000086a00000, 0x0000000086b00000, 0x0000000086b00000|100%| O|  |TAMS 0x0000000086b00000, 0x0000000086a00000| Untracked 
| 107|0x0000000086b00000, 0x0000000086c00000, 0x0000000086c00000|100%| O|  |TAMS 0x0000000086c00000, 0x0000000086b00000| Untracked 
| 108|0x0000000086c00000, 0x0000000086d00000, 0x0000000086d00000|100%|HS|  |TAMS 0x0000000086d00000, 0x0000000086c00000| Complete 
| 109|0x0000000086d00000, 0x0000000086e00000, 0x0000000086e00000|100%|HC|  |TAMS 0x0000000086e00000, 0x0000000086d00000| Complete 
| 110|0x0000000086e00000, 0x0000000086f00000, 0x0000000086f00000|100%|HS|  |TAMS 0x0000000086f00000, 0x0000000086e00000| Complete 
| 111|0x0000000086f00000, 0x0000000087000000, 0x0000000087000000|100%|HC|  |TAMS 0x0000000087000000, 0x0000000086f00000| Complete 
| 112|0x0000000087000000, 0x0000000087100000, 0x0000000087100000|100%|HC|  |TAMS 0x0000000087100000, 0x0000000087000000| Complete 
| 113|0x0000000087100000, 0x0000000087200000, 0x0000000087200000|100%|HC|  |TAMS 0x0000000087200000, 0x0000000087100000| Complete 
| 114|0x0000000087200000, 0x0000000087300000, 0x0000000087300000|100%| O|  |TAMS 0x0000000087300000, 0x0000000087200000| Untracked 
| 115|0x0000000087300000, 0x0000000087400000, 0x0000000087400000|100%| O|  |TAMS 0x0000000087400000, 0x0000000087300000| Untracked 
| 116|0x0000000087400000, 0x0000000087500000, 0x0000000087500000|100%| O|  |TAMS 0x0000000087500000, 0x0000000087400000| Untracked 
| 117|0x0000000087500000, 0x0000000087600000, 0x0000000087600000|100%| O|  |TAMS 0x0000000087600000, 0x0000000087500000| Untracked 
| 118|0x0000000087600000, 0x0000000087700000, 0x0000000087700000|100%| O|  |TAMS 0x0000000087700000, 0x0000000087600000| Untracked 
| 119|0x0000000087700000, 0x0000000087800000, 0x0000000087800000|100%| O|  |TAMS 0x0000000087800000, 0x0000000087700000| Untracked 
| 120|0x0000000087800000, 0x0000000087900000, 0x0000000087900000|100%| O|  |TAMS 0x0000000087900000, 0x0000000087800000| Untracked 
| 121|0x0000000087900000, 0x0000000087a00000, 0x0000000087a00000|100%| O|  |TAMS 0x0000000087a00000, 0x0000000087900000| Untracked 
| 122|0x0000000087a00000, 0x0000000087b00000, 0x0000000087b00000|100%| O|  |TAMS 0x0000000087b00000, 0x0000000087a00000| Untracked 
| 123|0x0000000087b00000, 0x0000000087c00000, 0x0000000087c00000|100%| O|  |TAMS 0x0000000087c00000, 0x0000000087b00000| Untracked 
| 124|0x0000000087c00000, 0x0000000087d00000, 0x0000000087d00000|100%| O|  |TAMS 0x0000000087d00000, 0x0000000087c00000| Untracked 
| 125|0x0000000087d00000, 0x0000000087e00000, 0x0000000087e00000|100%| O|  |TAMS 0x0000000087e00000, 0x0000000087d00000| Untracked 
| 126|0x0000000087e00000, 0x0000000087f00000, 0x0000000087f00000|100%| O|  |TAMS 0x0000000087f00000, 0x0000000087e00000| Untracked 
| 127|0x0000000087f00000, 0x0000000088000000, 0x0000000088000000|100%| O|  |TAMS 0x0000000088000000, 0x0000000087f00000| Untracked 
| 128|0x0000000088000000, 0x0000000088100000, 0x0000000088100000|100%| O|  |TAMS 0x0000000088100000, 0x0000000088000000| Untracked 
| 129|0x0000000088100000, 0x0000000088200000, 0x0000000088200000|100%| O|  |TAMS 0x0000000088200000, 0x0000000088100000| Untracked 
| 130|0x0000000088200000, 0x0000000088300000, 0x0000000088300000|100%| O|  |TAMS 0x0000000088300000, 0x0000000088200000| Untracked 
| 131|0x0000000088300000, 0x0000000088400000, 0x0000000088400000|100%| O|  |TAMS 0x0000000088400000, 0x0000000088300000| Complete 
| 132|0x0000000088400000, 0x0000000088500000, 0x0000000088500000|100%|HS|  |TAMS 0x0000000088500000, 0x0000000088400000| Complete 
| 133|0x0000000088500000, 0x0000000088600000, 0x0000000088600000|100%|HC|  |TAMS 0x0000000088600000, 0x0000000088500000| Complete 
| 134|0x0000000088600000, 0x0000000088700000, 0x0000000088700000|100%|HC|  |TAMS 0x0000000088700000, 0x0000000088600000| Complete 
| 135|0x0000000088700000, 0x0000000088800000, 0x0000000088800000|100%|HS|  |TAMS 0x0000000088800000, 0x0000000088700000| Complete 
| 136|0x0000000088800000, 0x0000000088900000, 0x0000000088900000|100%|HC|  |TAMS 0x0000000088900000, 0x0000000088800000| Complete 
| 137|0x0000000088900000, 0x0000000088a00000, 0x0000000088a00000|100%| O|  |TAMS 0x0000000088a00000, 0x0000000088900000| Untracked 
| 138|0x0000000088a00000, 0x0000000088b00000, 0x0000000088b00000|100%| O|  |TAMS 0x0000000088b00000, 0x0000000088a00000| Untracked 
| 139|0x0000000088b00000, 0x0000000088c00000, 0x0000000088c00000|100%| O|  |TAMS 0x0000000088c00000, 0x0000000088b00000| Untracked 
| 140|0x0000000088c00000, 0x0000000088d00000, 0x0000000088d00000|100%| O|  |TAMS 0x0000000088d00000, 0x0000000088c00000| Untracked 
| 141|0x0000000088d00000, 0x0000000088e00000, 0x0000000088e00000|100%| O|  |TAMS 0x0000000088e00000, 0x0000000088d00000| Untracked 
| 142|0x0000000088e00000, 0x0000000088f00000, 0x0000000088f00000|100%| O|  |TAMS 0x0000000088f00000, 0x0000000088e00000| Untracked 
| 143|0x0000000088f00000, 0x0000000089000000, 0x0000000089000000|100%| O|  |TAMS 0x0000000089000000, 0x0000000088f00000| Untracked 
| 144|0x0000000089000000, 0x0000000089100000, 0x0000000089100000|100%|HS|  |TAMS 0x0000000089100000, 0x0000000089000000| Complete 
| 145|0x0000000089100000, 0x0000000089200000, 0x0000000089200000|100%|HS|  |TAMS 0x0000000089200000, 0x0000000089100000| Complete 
| 146|0x0000000089200000, 0x0000000089200000, 0x0000000089300000|  0%| F|  |TAMS 0x0000000089200000, 0x0000000089200000| Untracked 
| 147|0x0000000089300000, 0x0000000089400000, 0x0000000089400000|100%| O|  |TAMS 0x0000000089400000, 0x0000000089300000| Untracked 
| 148|0x0000000089400000, 0x0000000089500000, 0x0000000089500000|100%| O|  |TAMS 0x0000000089500000, 0x0000000089400000| Untracked 
| 149|0x0000000089500000, 0x0000000089600000, 0x0000000089600000|100%| O|  |TAMS 0x0000000089600000, 0x0000000089500000| Untracked 
| 150|0x0000000089600000, 0x0000000089700000, 0x0000000089700000|100%| O|  |TAMS 0x0000000089700000, 0x0000000089600000| Untracked 
| 151|0x0000000089700000, 0x0000000089800000, 0x0000000089800000|100%| O|  |TAMS 0x0000000089800000, 0x0000000089700000| Untracked 
| 152|0x0000000089800000, 0x0000000089900000, 0x0000000089900000|100%| O|  |TAMS 0x000000008987ea00, 0x0000000089800000| Untracked 
| 153|0x0000000089900000, 0x0000000089a00000, 0x0000000089a00000|100%|HS|  |TAMS 0x0000000089a00000, 0x0000000089900000| Complete 
| 154|0x0000000089a00000, 0x0000000089b00000, 0x0000000089b00000|100%|HC|  |TAMS 0x0000000089b00000, 0x0000000089a00000| Complete 
| 155|0x0000000089b00000, 0x0000000089c00000, 0x0000000089c00000|100%| O|  |TAMS 0x0000000089b00000, 0x0000000089b00000| Untracked 
| 156|0x0000000089c00000, 0x0000000089d00000, 0x0000000089d00000|100%| O|  |TAMS 0x0000000089c00000, 0x0000000089c00000| Untracked 
| 157|0x0000000089d00000, 0x0000000089e00000, 0x0000000089e00000|100%| O|  |TAMS 0x0000000089d00000, 0x0000000089d00000| Untracked 
| 158|0x0000000089e00000, 0x0000000089f00000, 0x0000000089f00000|100%| O|  |TAMS 0x0000000089e00000, 0x0000000089e00000| Untracked 
| 159|0x0000000089f00000, 0x000000008a000000, 0x000000008a000000|100%| O|  |TAMS 0x0000000089f00000, 0x0000000089f00000| Untracked 
| 160|0x000000008a000000, 0x000000008a0eca00, 0x000000008a100000| 92%| O|  |TAMS 0x000000008a000000, 0x000000008a000000| Untracked 
| 161|0x000000008a100000, 0x000000008a100000, 0x000000008a200000|  0%| F|  |TAMS 0x000000008a100000, 0x000000008a100000| Untracked 
| 162|0x000000008a200000, 0x000000008a200000, 0x000000008a300000|  0%| F|  |TAMS 0x000000008a200000, 0x000000008a200000| Untracked 
| 163|0x000000008a300000, 0x000000008a300000, 0x000000008a400000|  0%| F|  |TAMS 0x000000008a300000, 0x000000008a300000| Untracked 
| 164|0x000000008a400000, 0x000000008a400000, 0x000000008a500000|  0%| F|  |TAMS 0x000000008a400000, 0x000000008a400000| Untracked 
| 165|0x000000008a500000, 0x000000008a500000, 0x000000008a600000|  0%| F|  |TAMS 0x000000008a500000, 0x000000008a500000| Untracked 
| 166|0x000000008a600000, 0x000000008a600000, 0x000000008a700000|  0%| F|  |TAMS 0x000000008a600000, 0x000000008a600000| Untracked 
| 167|0x000000008a700000, 0x000000008a700000, 0x000000008a800000|  0%| F|  |TAMS 0x000000008a700000, 0x000000008a700000| Untracked 
| 168|0x000000008a800000, 0x000000008a800000, 0x000000008a900000|  0%| F|  |TAMS 0x000000008a800000, 0x000000008a800000| Untracked 
| 169|0x000000008a900000, 0x000000008a900000, 0x000000008aa00000|  0%| F|  |TAMS 0x000000008a900000, 0x000000008a900000| Untracked 
| 170|0x000000008aa00000, 0x000000008aa00000, 0x000000008ab00000|  0%| F|  |TAMS 0x000000008aa00000, 0x000000008aa00000| Untracked 
| 171|0x000000008ab00000, 0x000000008ab00000, 0x000000008ac00000|  0%| F|  |TAMS 0x000000008ab00000, 0x000000008ab00000| Untracked 
| 172|0x000000008ac00000, 0x000000008ac00000, 0x000000008ad00000|  0%| F|  |TAMS 0x000000008ac00000, 0x000000008ac00000| Untracked 
| 173|0x000000008ad00000, 0x000000008ad00000, 0x000000008ae00000|  0%| F|  |TAMS 0x000000008ad00000, 0x000000008ad00000| Untracked 
| 174|0x000000008ae00000, 0x000000008ae00000, 0x000000008af00000|  0%| F|  |TAMS 0x000000008ae00000, 0x000000008ae00000| Untracked 
| 175|0x000000008af00000, 0x000000008af00000, 0x000000008b000000|  0%| F|  |TAMS 0x000000008af00000, 0x000000008af00000| Untracked 
| 176|0x000000008b000000, 0x000000008b000000, 0x000000008b100000|  0%| F|  |TAMS 0x000000008b000000, 0x000000008b000000| Untracked 
| 177|0x000000008b100000, 0x000000008b100000, 0x000000008b200000|  0%| F|  |TAMS 0x000000008b100000, 0x000000008b100000| Untracked 
| 178|0x000000008b200000, 0x000000008b200000, 0x000000008b300000|  0%| F|  |TAMS 0x000000008b200000, 0x000000008b200000| Untracked 
| 179|0x000000008b300000, 0x000000008b300000, 0x000000008b400000|  0%| F|  |TAMS 0x000000008b300000, 0x000000008b300000| Untracked 
| 180|0x000000008b400000, 0x000000008b400000, 0x000000008b500000|  0%| F|  |TAMS 0x000000008b400000, 0x000000008b400000| Untracked 
| 181|0x000000008b500000, 0x000000008b500000, 0x000000008b600000|  0%| F|  |TAMS 0x000000008b500000, 0x000000008b500000| Untracked 
| 182|0x000000008b600000, 0x000000008b600000, 0x000000008b700000|  0%| F|  |TAMS 0x000000008b600000, 0x000000008b600000| Untracked 
| 183|0x000000008b700000, 0x000000008b700000, 0x000000008b800000|  0%| F|  |TAMS 0x000000008b700000, 0x000000008b700000| Untracked 
| 184|0x000000008b800000, 0x000000008b800000, 0x000000008b900000|  0%| F|  |TAMS 0x000000008b800000, 0x000000008b800000| Untracked 
| 185|0x000000008b900000, 0x000000008b900000, 0x000000008ba00000|  0%| F|  |TAMS 0x000000008b900000, 0x000000008b900000| Untracked 
| 186|0x000000008ba00000, 0x000000008ba00000, 0x000000008bb00000|  0%| F|  |TAMS 0x000000008ba00000, 0x000000008ba00000| Untracked 
| 187|0x000000008bb00000, 0x000000008bb00000, 0x000000008bc00000|  0%| F|  |TAMS 0x000000008bb00000, 0x000000008bb00000| Untracked 
| 188|0x000000008bc00000, 0x000000008bc00000, 0x000000008bd00000|  0%| F|  |TAMS 0x000000008bc00000, 0x000000008bc00000| Untracked 
| 189|0x000000008bd00000, 0x000000008bd00000, 0x000000008be00000|  0%| F|  |TAMS 0x000000008bd00000, 0x000000008bd00000| Untracked 
| 190|0x000000008be00000, 0x000000008be00000, 0x000000008bf00000|  0%| F|  |TAMS 0x000000008be00000, 0x000000008be00000| Untracked 
| 191|0x000000008bf00000, 0x000000008bf00000, 0x000000008c000000|  0%| F|  |TAMS 0x000000008bf00000, 0x000000008bf00000| Untracked 
| 192|0x000000008c000000, 0x000000008c000000, 0x000000008c100000|  0%| F|  |TAMS 0x000000008c000000, 0x000000008c000000| Untracked 
| 193|0x000000008c100000, 0x000000008c100000, 0x000000008c200000|  0%| F|  |TAMS 0x000000008c100000, 0x000000008c100000| Untracked 
| 194|0x000000008c200000, 0x000000008c200000, 0x000000008c300000|  0%| F|  |TAMS 0x000000008c200000, 0x000000008c200000| Untracked 
| 195|0x000000008c300000, 0x000000008c300000, 0x000000008c400000|  0%| F|  |TAMS 0x000000008c300000, 0x000000008c300000| Untracked 
| 196|0x000000008c400000, 0x000000008c400000, 0x000000008c500000|  0%| F|  |TAMS 0x000000008c400000, 0x000000008c400000| Untracked 
| 197|0x000000008c500000, 0x000000008c600000, 0x000000008c600000|100%| S|CS|TAMS 0x000000008c500000, 0x000000008c500000| Complete 
| 198|0x000000008c600000, 0x000000008c700000, 0x000000008c700000|100%| S|CS|TAMS 0x000000008c600000, 0x000000008c600000| Complete 
| 199|0x000000008c700000, 0x000000008c800000, 0x000000008c800000|100%| S|CS|TAMS 0x000000008c700000, 0x000000008c700000| Complete 
| 200|0x000000008c800000, 0x000000008c900000, 0x000000008c900000|100%| S|CS|TAMS 0x000000008c800000, 0x000000008c800000| Complete 
| 201|0x000000008c900000, 0x000000008ca00000, 0x000000008ca00000|100%| S|CS|TAMS 0x000000008c900000, 0x000000008c900000| Complete 
| 202|0x000000008ca00000, 0x000000008ca00000, 0x000000008cb00000|  0%| F|  |TAMS 0x000000008ca00000, 0x000000008ca00000| Untracked 
| 203|0x000000008cb00000, 0x000000008cb00000, 0x000000008cc00000|  0%| F|  |TAMS 0x000000008cb00000, 0x000000008cb00000| Untracked 
| 204|0x000000008cc00000, 0x000000008cc00000, 0x000000008cd00000|  0%| F|  |TAMS 0x000000008cc00000, 0x000000008cc00000| Untracked 
| 205|0x000000008cd00000, 0x000000008cd00000, 0x000000008ce00000|  0%| F|  |TAMS 0x000000008cd00000, 0x000000008cd00000| Untracked 
| 206|0x000000008ce00000, 0x000000008ce00000, 0x000000008cf00000|  0%| F|  |TAMS 0x000000008ce00000, 0x000000008ce00000| Untracked 
| 207|0x000000008cf00000, 0x000000008cf00000, 0x000000008d000000|  0%| F|  |TAMS 0x000000008cf00000, 0x000000008cf00000| Untracked 
| 208|0x000000008d000000, 0x000000008d000000, 0x000000008d100000|  0%| F|  |TAMS 0x000000008d000000, 0x000000008d000000| Untracked 
| 209|0x000000008d100000, 0x000000008d100000, 0x000000008d200000|  0%| F|  |TAMS 0x000000008d100000, 0x000000008d100000| Untracked 
| 210|0x000000008d200000, 0x000000008d200000, 0x000000008d300000|  0%| F|  |TAMS 0x000000008d200000, 0x000000008d200000| Untracked 
| 211|0x000000008d300000, 0x000000008d300000, 0x000000008d400000|  0%| F|  |TAMS 0x000000008d300000, 0x000000008d300000| Untracked 
| 212|0x000000008d400000, 0x000000008d400000, 0x000000008d500000|  0%| F|  |TAMS 0x000000008d400000, 0x000000008d400000| Untracked 
| 213|0x000000008d500000, 0x000000008d500000, 0x000000008d600000|  0%| F|  |TAMS 0x000000008d500000, 0x000000008d500000| Untracked 
| 214|0x000000008d600000, 0x000000008d600000, 0x000000008d700000|  0%| F|  |TAMS 0x000000008d600000, 0x000000008d600000| Untracked 
| 215|0x000000008d700000, 0x000000008d700000, 0x000000008d800000|  0%| F|  |TAMS 0x000000008d700000, 0x000000008d700000| Untracked 
| 216|0x000000008d800000, 0x000000008d800000, 0x000000008d900000|  0%| F|  |TAMS 0x000000008d800000, 0x000000008d800000| Untracked 
| 217|0x000000008d900000, 0x000000008d900000, 0x000000008da00000|  0%| F|  |TAMS 0x000000008d900000, 0x000000008d900000| Untracked 
| 218|0x000000008da00000, 0x000000008da00000, 0x000000008db00000|  0%| F|  |TAMS 0x000000008da00000, 0x000000008da00000| Untracked 
| 219|0x000000008db00000, 0x000000008db00000, 0x000000008dc00000|  0%| F|  |TAMS 0x000000008db00000, 0x000000008db00000| Untracked 
| 220|0x000000008dc00000, 0x000000008dc00000, 0x000000008dd00000|  0%| F|  |TAMS 0x000000008dc00000, 0x000000008dc00000| Untracked 
| 221|0x000000008dd00000, 0x000000008dd00000, 0x000000008de00000|  0%| F|  |TAMS 0x000000008dd00000, 0x000000008dd00000| Untracked 
| 222|0x000000008de00000, 0x000000008de00000, 0x000000008df00000|  0%| F|  |TAMS 0x000000008de00000, 0x000000008de00000| Untracked 
| 223|0x000000008df00000, 0x000000008df00000, 0x000000008e000000|  0%| F|  |TAMS 0x000000008df00000, 0x000000008df00000| Untracked 
| 224|0x000000008e000000, 0x000000008e000000, 0x000000008e100000|  0%| F|  |TAMS 0x000000008e000000, 0x000000008e000000| Untracked 
| 225|0x000000008e100000, 0x000000008e100000, 0x000000008e200000|  0%| F|  |TAMS 0x000000008e100000, 0x000000008e100000| Untracked 
| 226|0x000000008e200000, 0x000000008e200000, 0x000000008e300000|  0%| F|  |TAMS 0x000000008e200000, 0x000000008e200000| Untracked 
| 227|0x000000008e300000, 0x000000008e300000, 0x000000008e400000|  0%| F|  |TAMS 0x000000008e300000, 0x000000008e300000| Untracked 
| 228|0x000000008e400000, 0x000000008e400000, 0x000000008e500000|  0%| F|  |TAMS 0x000000008e400000, 0x000000008e400000| Untracked 
| 229|0x000000008e500000, 0x000000008e500000, 0x000000008e600000|  0%| F|  |TAMS 0x000000008e500000, 0x000000008e500000| Untracked 
| 230|0x000000008e600000, 0x000000008e600000, 0x000000008e700000|  0%| F|  |TAMS 0x000000008e600000, 0x000000008e600000| Untracked 
| 231|0x000000008e700000, 0x000000008e700000, 0x000000008e800000|  0%| F|  |TAMS 0x000000008e700000, 0x000000008e700000| Untracked 
| 232|0x000000008e800000, 0x000000008e800000, 0x000000008e900000|  0%| F|  |TAMS 0x000000008e800000, 0x000000008e800000| Untracked 
| 233|0x000000008e900000, 0x000000008e900000, 0x000000008ea00000|  0%| F|  |TAMS 0x000000008e900000, 0x000000008e900000| Untracked 
| 234|0x000000008ea00000, 0x000000008ea00000, 0x000000008eb00000|  0%| F|  |TAMS 0x000000008ea00000, 0x000000008ea00000| Untracked 
| 235|0x000000008eb00000, 0x000000008ec00000, 0x000000008ec00000|100%| E|CS|TAMS 0x000000008eb00000, 0x000000008eb00000| Complete 
| 236|0x000000008ec00000, 0x000000008ed00000, 0x000000008ed00000|100%| E|CS|TAMS 0x000000008ec00000, 0x000000008ec00000| Complete 
| 237|0x000000008ed00000, 0x000000008ee00000, 0x000000008ee00000|100%| E|CS|TAMS 0x000000008ed00000, 0x000000008ed00000| Complete 
| 238|0x000000008ee00000, 0x000000008ef00000, 0x000000008ef00000|100%| E|CS|TAMS 0x000000008ee00000, 0x000000008ee00000| Complete 
| 239|0x000000008ef00000, 0x000000008ef00000, 0x000000008f000000|  0%| F|  |TAMS 0x000000008ef00000, 0x000000008ef00000| Untracked 
| 240|0x000000008f000000, 0x000000008f000000, 0x000000008f100000|  0%| F|  |TAMS 0x000000008f000000, 0x000000008f000000| Untracked 
| 241|0x000000008f100000, 0x000000008f100000, 0x000000008f200000|  0%| F|  |TAMS 0x000000008f100000, 0x000000008f100000| Untracked 
| 242|0x000000008f200000, 0x000000008f200000, 0x000000008f300000|  0%| F|  |TAMS 0x000000008f200000, 0x000000008f200000| Untracked 
| 243|0x000000008f300000, 0x000000008f300000, 0x000000008f400000|  0%| F|  |TAMS 0x000000008f300000, 0x000000008f300000| Untracked 
| 244|0x000000008f400000, 0x000000008f400000, 0x000000008f500000|  0%| F|  |TAMS 0x000000008f400000, 0x000000008f400000| Untracked 
| 245|0x000000008f500000, 0x000000008f500000, 0x000000008f600000|  0%| F|  |TAMS 0x000000008f500000, 0x000000008f500000| Untracked 
| 246|0x000000008f600000, 0x000000008f600000, 0x000000008f700000|  0%| F|  |TAMS 0x000000008f600000, 0x000000008f600000| Untracked 
| 247|0x000000008f700000, 0x000000008f700000, 0x000000008f800000|  0%| F|  |TAMS 0x000000008f700000, 0x000000008f700000| Untracked 
| 248|0x000000008f800000, 0x000000008f800000, 0x000000008f900000|  0%| F|  |TAMS 0x000000008f800000, 0x000000008f800000| Untracked 
| 249|0x000000008f900000, 0x000000008f900000, 0x000000008fa00000|  0%| F|  |TAMS 0x000000008f900000, 0x000000008f900000| Untracked 
| 250|0x000000008fa00000, 0x000000008fa00000, 0x000000008fb00000|  0%| F|  |TAMS 0x000000008fa00000, 0x000000008fa00000| Untracked 
| 251|0x000000008fb00000, 0x000000008fb00000, 0x000000008fc00000|  0%| F|  |TAMS 0x000000008fb00000, 0x000000008fb00000| Untracked 
| 252|0x000000008fc00000, 0x000000008fc00000, 0x000000008fd00000|  0%| F|  |TAMS 0x000000008fc00000, 0x000000008fc00000| Untracked 
| 253|0x000000008fd00000, 0x000000008fd00000, 0x000000008fe00000|  0%| F|  |TAMS 0x000000008fd00000, 0x000000008fd00000| Untracked 
| 254|0x000000008fe00000, 0x000000008fe00000, 0x000000008ff00000|  0%| F|  |TAMS 0x000000008fe00000, 0x000000008fe00000| Untracked 
| 255|0x000000008ff00000, 0x000000008ff00000, 0x0000000090000000|  0%| F|  |TAMS 0x000000008ff00000, 0x000000008ff00000| Untracked 
| 256|0x0000000090000000, 0x0000000090000000, 0x0000000090100000|  0%| F|  |TAMS 0x0000000090000000, 0x0000000090000000| Untracked 
| 257|0x0000000090100000, 0x0000000090100000, 0x0000000090200000|  0%| F|  |TAMS 0x0000000090100000, 0x0000000090100000| Untracked 
| 258|0x0000000090200000, 0x0000000090200000, 0x0000000090300000|  0%| F|  |TAMS 0x0000000090200000, 0x0000000090200000| Untracked 
| 259|0x0000000090300000, 0x0000000090300000, 0x0000000090400000|  0%| F|  |TAMS 0x0000000090300000, 0x0000000090300000| Untracked 
| 260|0x0000000090400000, 0x0000000090400000, 0x0000000090500000|  0%| F|  |TAMS 0x0000000090400000, 0x0000000090400000| Untracked 
| 261|0x0000000090500000, 0x0000000090500000, 0x0000000090600000|  0%| F|  |TAMS 0x0000000090500000, 0x0000000090500000| Untracked 
| 262|0x0000000090600000, 0x0000000090600000, 0x0000000090700000|  0%| F|  |TAMS 0x0000000090600000, 0x0000000090600000| Untracked 
| 263|0x0000000090700000, 0x0000000090700000, 0x0000000090800000|  0%| F|  |TAMS 0x0000000090700000, 0x0000000090700000| Untracked 
| 264|0x0000000090800000, 0x0000000090800000, 0x0000000090900000|  0%| F|  |TAMS 0x0000000090800000, 0x0000000090800000| Untracked 
| 265|0x0000000090900000, 0x0000000090900000, 0x0000000090a00000|  0%| F|  |TAMS 0x0000000090900000, 0x0000000090900000| Untracked 
| 266|0x0000000090a00000, 0x0000000090a00000, 0x0000000090b00000|  0%| F|  |TAMS 0x0000000090a00000, 0x0000000090a00000| Untracked 
| 267|0x0000000090b00000, 0x0000000090b00000, 0x0000000090c00000|  0%| F|  |TAMS 0x0000000090b00000, 0x0000000090b00000| Untracked 
| 268|0x0000000090c00000, 0x0000000090c00000, 0x0000000090d00000|  0%| F|  |TAMS 0x0000000090c00000, 0x0000000090c00000| Untracked 
| 269|0x0000000090d00000, 0x0000000090d00000, 0x0000000090e00000|  0%| F|  |TAMS 0x0000000090d00000, 0x0000000090d00000| Untracked 
| 270|0x0000000090e00000, 0x0000000090e00000, 0x0000000090f00000|  0%| F|  |TAMS 0x0000000090e00000, 0x0000000090e00000| Untracked 
| 271|0x0000000090f00000, 0x0000000090f00000, 0x0000000091000000|  0%| F|  |TAMS 0x0000000090f00000, 0x0000000090f00000| Untracked 
| 272|0x0000000091000000, 0x0000000091003470, 0x0000000091100000|  1%| E|  |TAMS 0x0000000091000000, 0x0000000091000000| Complete 
| 273|0x0000000091100000, 0x0000000091200000, 0x0000000091200000|100%| E|CS|TAMS 0x0000000091100000, 0x0000000091100000| Complete 
| 274|0x0000000091200000, 0x0000000091300000, 0x0000000091300000|100%| E|CS|TAMS 0x0000000091200000, 0x0000000091200000| Complete 
| 275|0x0000000091300000, 0x0000000091400000, 0x0000000091400000|100%| E|CS|TAMS 0x0000000091300000, 0x0000000091300000| Complete 
| 276|0x0000000091400000, 0x0000000091500000, 0x0000000091500000|100%| E|CS|TAMS 0x0000000091400000, 0x0000000091400000| Complete 
| 277|0x0000000091500000, 0x0000000091600000, 0x0000000091600000|100%| E|CS|TAMS 0x0000000091500000, 0x0000000091500000| Complete 
| 278|0x0000000091600000, 0x0000000091700000, 0x0000000091700000|100%| E|CS|TAMS 0x0000000091600000, 0x0000000091600000| Complete 
| 279|0x0000000091700000, 0x0000000091800000, 0x0000000091800000|100%| E|CS|TAMS 0x0000000091700000, 0x0000000091700000| Complete 
| 280|0x0000000091800000, 0x0000000091900000, 0x0000000091900000|100%| E|CS|TAMS 0x0000000091800000, 0x0000000091800000| Complete 
| 281|0x0000000091900000, 0x0000000091a00000, 0x0000000091a00000|100%| E|CS|TAMS 0x0000000091900000, 0x0000000091900000| Complete 

Card table byte_map: [0x0000022923df0000,0x00000229241f0000] _byte_map_base: 0x00000229239f0000

Marking Bits (Prev, Next): (CMBitMap*) 0x000002290a5fddd0, (CMBitMap*) 0x000002290a5fde10
 Prev Bits: [0x00000229245f0000, 0x00000229265f0000)
 Next Bits: [0x00000229265f0000, 0x00000229285f0000)

Polling page: 0x000002290aa50000

Metaspace:

Usage:
  Non-class:     83.32 MB used.
      Class:     13.56 MB used.
       Both:     96.88 MB used.

Virtual space:
  Non-class space:      128.00 MB reserved,      83.94 MB ( 66%) committed,  2 nodes.
      Class space:      416.00 MB reserved,      14.06 MB (  3%) committed,  1 nodes.
             Both:      544.00 MB reserved,      98.00 MB ( 18%) committed. 

Chunk freelists:
   Non-Class:  11.23 MB
       Class:  1.97 MB
        Both:  13.21 MB

MaxMetaspaceSize: 512.00 MB
CompressedClassSpaceSize: 416.00 MB
Initial GC threshold: 21.00 MB
Current GC threshold: 162.75 MB
CDS: on
MetaspaceReclaimPolicy: balanced
 - commit_granule_bytes: 65536.
 - commit_granule_words: 8192.
 - virtual_space_node_default_size: 8388608.
 - enlarge_chunks_in_place: 1.
 - new_chunks_are_fully_committed: 0.
 - uncommit_free_chunks: 1.
 - use_allocation_guard: 0.
 - handle_deallocations: 1.


Internal statistics:

num_allocs_failed_limit: 6.
num_arena_births: 1338.
num_arena_deaths: 2.
num_vsnodes_births: 3.
num_vsnodes_deaths: 0.
num_space_committed: 1568.
num_space_uncommitted: 0.
num_chunks_returned_to_freelist: 14.
num_chunks_taken_from_freelist: 5667.
num_chunk_merges: 6.
num_chunk_splits: 3678.
num_chunks_enlarged: 2377.
num_inconsistent_stats: 0.

CodeHeap 'non-profiled nmethods': size=120000Kb used=7498Kb max_used=7776Kb free=112501Kb
 bounds [0x000002291bf70000, 0x000002291c710000, 0x00000229234a0000]
CodeHeap 'profiled nmethods': size=120000Kb used=22017Kb max_used=23907Kb free=97982Kb
 bounds [0x00000229144a0000, 0x0000022915c00000, 0x000002291b9d0000]
CodeHeap 'non-nmethods': size=5760Kb used=2406Kb max_used=2477Kb free=3353Kb
 bounds [0x000002291b9d0000, 0x000002291bc50000, 0x000002291bf70000]
 total_blobs=12238 nmethods=11298 adapters=851
 compilation: enabled
              stopped_count=0, restarted_count=0
 full_count=0

Compilation events (20 events):
Event: 35.273 Thread 0x000002292b25f450 13419       3       com.android.build.api.variant.impl.FileBasedDirectoryEntryImpl::<init> (43 bytes)
Event: 35.273 Thread 0x000002292b25f450 nmethod 13419 0x0000022914646690 code [0x0000022914646840, 0x0000022914646a48]
Event: 35.273 Thread 0x000002292b25f450 13420       1       com.android.build.api.component.impl.features.InstrumentationCreationConfigImpl::access$getComponent$p (5 bytes)
Event: 35.273 Thread 0x000002292b25f450 nmethod 13420 0x000002291c5b8710 code [0x000002291c5b88a0, 0x000002291c5b8958]
Event: 35.273 Thread 0x000002292b25f450 13421       1       com.android.build.api.component.impl.OldVariantApiLegacySupportImpl$JavaCompileOptionsForOldVariantAPI::access$getAnnotationProcessor$p (5 bytes)
Event: 35.273 Thread 0x000002292b25f450 nmethod 13421 0x000002291c00a610 code [0x000002291c00a7a0, 0x000002291c00a858]
Event: 35.273 Thread 0x000002292b25f450 13417       1       com.android.build.api.variant.impl.SigningConfigImpl::access$getDslSigningConfig$p (5 bytes)
Event: 35.273 Thread 0x000002292b25f450 nmethod 13417 0x000002291c00a190 code [0x000002291c00a320, 0x000002291c00a3d8]
Event: 35.274 Thread 0x000002292b25f450 13422       1       com.android.build.gradle.internal.variant.AbstractVariantInputManager::getProductFlavors (5 bytes)
Event: 35.274 Thread 0x000002292b25f450 nmethod 13422 0x000002291c070d90 code [0x000002291c070f20, 0x000002291c070ff8]
Event: 35.280 Thread 0x000002292b25f450 13423       3       org.gradle.internal.instantiation.generator.AsmBackedClassGenerator$ClassInspectionVisitorImpl::attachOnDemand (11 bytes)
Event: 35.281 Thread 0x000002292b25f450 nmethod 13423 0x0000022914651410 code [0x00000229146515e0, 0x0000022914651a48]
Event: 35.281 Thread 0x000002292b25f450 13424       3       org.gradle.internal.instantiation.generator.AsmBackedClassGenerator::access$100 (5 bytes)
Event: 35.281 Thread 0x000002292b25f450 nmethod 13424 0x0000022914aac990 code [0x0000022914aacb40, 0x0000022914aaccf8]
Event: 35.281 Thread 0x000002292b25f450 13425       3       org.gradle.internal.instantiation.generator.AsmBackedClassGenerator::descriptorOf (8 bytes)
Event: 35.281 Thread 0x000002292b25f450 nmethod 13425 0x00000229145ed110 code [0x00000229145ed2c0, 0x00000229145ed418]
Event: 35.298 Thread 0x00000229507b0b30 nmethod 13370% 0x000002291c4b1610 code [0x000002291c4b1960, 0x000002291c4b3f48]
Event: 35.299 Thread 0x00000229507b0b30 13386  s    4       java.util.jar.JarFile::getInputStream (72 bytes)
Event: 35.313 Thread 0x00000229507b0b30 nmethod 13386 0x000002291c4aff10 code [0x000002291c4b0140, 0x000002291c4b10c0]
Event: 35.313 Thread 0x00000229507b0b30 13383  s    4       java.util.Hashtable::putAll (52 bytes)

GC Heap History (20 events):
Event: 28.155 GC heap before
{Heap before GC invocations=33 (full 0):
 garbage-first heap   total 184320K, used 147823K [0x0000000080000000, 0x0000000100000000)
  region size 1024K, 49 young (50176K), 3 survivors (3072K)
 Metaspace       used 90173K, committed 90944K, reserved 557056K
  class space    used 12674K, committed 13056K, reserved 425984K
}
Event: 28.159 GC heap after
{Heap after GC invocations=34 (full 0):
 garbage-first heap   total 184320K, used 100856K [0x0000000080000000, 0x0000000100000000)
  region size 1024K, 4 young (4096K), 4 survivors (4096K)
 Metaspace       used 90173K, committed 90944K, reserved 557056K
  class space    used 12674K, committed 13056K, reserved 425984K
}
Event: 28.662 GC heap before
{Heap before GC invocations=34 (full 0):
 garbage-first heap   total 184320K, used 148984K [0x0000000080000000, 0x0000000100000000)
  region size 1024K, 51 young (52224K), 4 survivors (4096K)
 Metaspace       used 92709K, committed 93568K, reserved 557056K
  class space    used 13029K, committed 13440K, reserved 425984K
}
Event: 28.669 GC heap after
{Heap after GC invocations=35 (full 0):
 garbage-first heap   total 184320K, used 104401K [0x0000000080000000, 0x0000000100000000)
  region size 1024K, 6 young (6144K), 6 survivors (6144K)
 Metaspace       used 92709K, committed 93568K, reserved 557056K
  class space    used 13029K, committed 13440K, reserved 425984K
}
Event: 29.186 GC heap before
{Heap before GC invocations=36 (full 0):
 garbage-first heap   total 189440K, used 149457K [0x0000000080000000, 0x0000000100000000)
  region size 1024K, 50 young (51200K), 6 survivors (6144K)
 Metaspace       used 94063K, committed 94976K, reserved 557056K
  class space    used 13206K, committed 13632K, reserved 425984K
}
Event: 29.194 GC heap after
{Heap after GC invocations=37 (full 0):
 garbage-first heap   total 189440K, used 109437K [0x0000000080000000, 0x0000000100000000)
  region size 1024K, 5 young (5120K), 5 survivors (5120K)
 Metaspace       used 94063K, committed 94976K, reserved 557056K
  class space    used 13206K, committed 13632K, reserved 425984K
}
Event: 29.722 GC heap before
{Heap before GC invocations=37 (full 0):
 garbage-first heap   total 189440K, used 141181K [0x0000000080000000, 0x0000000100000000)
  region size 1024K, 37 young (37888K), 5 survivors (5120K)
 Metaspace       used 95555K, committed 96576K, reserved 557056K
  class space    used 13480K, committed 13952K, reserved 425984K
}
Event: 29.731 GC heap after
{Heap after GC invocations=38 (full 0):
 garbage-first heap   total 189440K, used 113364K [0x0000000080000000, 0x0000000100000000)
  region size 1024K, 4 young (4096K), 4 survivors (4096K)
 Metaspace       used 95555K, committed 96576K, reserved 557056K
  class space    used 13480K, committed 13952K, reserved 425984K
}
Event: 30.738 GC heap before
{Heap before GC invocations=39 (full 0):
 garbage-first heap   total 204800K, used 161492K [0x0000000080000000, 0x0000000100000000)
  region size 1024K, 45 young (46080K), 4 survivors (4096K)
 Metaspace       used 97564K, committed 98624K, reserved 557056K
  class space    used 13698K, committed 14144K, reserved 425984K
}
Event: 30.747 GC heap after
{Heap after GC invocations=40 (full 0):
 garbage-first heap   total 204800K, used 131495K [0x0000000080000000, 0x0000000100000000)
  region size 1024K, 6 young (6144K), 6 survivors (6144K)
 Metaspace       used 97564K, committed 98624K, reserved 557056K
  class space    used 13698K, committed 14144K, reserved 425984K
}
Event: 30.934 GC heap before
{Heap before GC invocations=40 (full 0):
 garbage-first heap   total 204800K, used 135591K [0x0000000080000000, 0x0000000100000000)
  region size 1024K, 10 young (10240K), 6 survivors (6144K)
 Metaspace       used 97672K, committed 98688K, reserved 557056K
  class space    used 13703K, committed 14144K, reserved 425984K
}
Event: 30.940 GC heap after
{Heap after GC invocations=41 (full 0):
 garbage-first heap   total 204800K, used 133508K [0x0000000080000000, 0x0000000100000000)
  region size 1024K, 2 young (2048K), 2 survivors (2048K)
 Metaspace       used 97672K, committed 98688K, reserved 557056K
  class space    used 13703K, committed 14144K, reserved 425984K
}
Event: 31.609 GC heap before
{Heap before GC invocations=41 (full 0):
 garbage-first heap   total 204800K, used 162180K [0x0000000080000000, 0x0000000100000000)
  region size 1024K, 32 young (32768K), 2 survivors (2048K)
 Metaspace       used 98129K, committed 99200K, reserved 557056K
  class space    used 13744K, committed 14208K, reserved 425984K
}
Event: 31.613 GC heap after
{Heap after GC invocations=42 (full 0):
 garbage-first heap   total 204800K, used 140121K [0x0000000080000000, 0x0000000100000000)
  region size 1024K, 5 young (5120K), 5 survivors (5120K)
 Metaspace       used 98129K, committed 99200K, reserved 557056K
  class space    used 13744K, committed 14208K, reserved 425984K
}
Event: 32.178 GC heap before
{Heap before GC invocations=43 (full 0):
 garbage-first heap   total 244736K, used 169817K [0x0000000080000000, 0x0000000100000000)
  region size 1024K, 30 young (30720K), 5 survivors (5120K)
 Metaspace       used 98348K, committed 99456K, reserved 557056K
  class space    used 13760K, committed 14272K, reserved 425984K
}
Event: 32.186 GC heap after
{Heap after GC invocations=44 (full 0):
 garbage-first heap   total 244736K, used 151516K [0x0000000080000000, 0x0000000100000000)
  region size 1024K, 4 young (4096K), 4 survivors (4096K)
 Metaspace       used 98348K, committed 99456K, reserved 557056K
  class space    used 13760K, committed 14272K, reserved 425984K
}
Event: 34.470 GC heap before
{Heap before GC invocations=44 (full 0):
 garbage-first heap   total 244736K, used 160732K [0x0000000080000000, 0x0000000100000000)
  region size 1024K, 11 young (11264K), 4 survivors (4096K)
 Metaspace       used 98390K, committed 99520K, reserved 557056K
  class space    used 13766K, committed 14272K, reserved 425984K
}
Event: 34.477 GC heap after
{Heap after GC invocations=45 (full 0):
 garbage-first heap   total 244736K, used 157178K [0x0000000080000000, 0x0000000100000000)
  region size 1024K, 2 young (2048K), 2 survivors (2048K)
 Metaspace       used 98390K, committed 99520K, reserved 557056K
  class space    used 13766K, committed 14272K, reserved 425984K
}
Event: 35.084 GC heap before
{Heap before GC invocations=45 (full 0):
 garbage-first heap   total 244736K, used 195066K [0x0000000080000000, 0x0000000100000000)
  region size 1024K, 37 young (37888K), 2 survivors (2048K)
 Metaspace       used 98795K, committed 99968K, reserved 557056K
  class space    used 13814K, committed 14336K, reserved 425984K
}
Event: 35.091 GC heap after
{Heap after GC invocations=46 (full 0):
 garbage-first heap   total 244736K, used 169906K [0x0000000080000000, 0x0000000100000000)
  region size 1024K, 5 young (5120K), 5 survivors (5120K)
 Metaspace       used 98795K, committed 99968K, reserved 557056K
  class space    used 13814K, committed 14336K, reserved 425984K
}

Dll operation events (15 events):
Event: 0.010 Loaded shared library C:\Program Files\Eclipse Adoptium\jdk-17.0.18.8-hotspot\bin\java.dll
Event: 0.027 Loaded shared library C:\Program Files\Eclipse Adoptium\jdk-17.0.18.8-hotspot\bin\jsvml.dll
Event: 0.065 Loaded shared library C:\Program Files\Eclipse Adoptium\jdk-17.0.18.8-hotspot\bin\zip.dll
Event: 0.069 Loaded shared library C:\Program Files\Eclipse Adoptium\jdk-17.0.18.8-hotspot\bin\instrument.dll
Event: 0.073 Loaded shared library C:\Program Files\Eclipse Adoptium\jdk-17.0.18.8-hotspot\bin\net.dll
Event: 0.075 Loaded shared library C:\Program Files\Eclipse Adoptium\jdk-17.0.18.8-hotspot\bin\nio.dll
Event: 0.078 Loaded shared library C:\Program Files\Eclipse Adoptium\jdk-17.0.18.8-hotspot\bin\zip.dll
Event: 0.234 Loaded shared library C:\Program Files\Eclipse Adoptium\jdk-17.0.18.8-hotspot\bin\jimage.dll
Event: 0.316 Loaded shared library C:\Program Files\Eclipse Adoptium\jdk-17.0.18.8-hotspot\bin\verify.dll
Event: 0.482 Loaded shared library C:\Users\HP\.gradle\native\68d5fa5c4cc2d200863cafc0d521ce42e7d3e7ee720ec0a83991735586a16f82\windows-amd64\native-platform.dll
Event: 0.489 Loaded shared library C:\Users\HP\.gradle\native\e376f236ea51e6404a007f0833ffe2c6e607c4080706a723a18a27aeea778392\windows-amd64\native-platform-file-events.dll
Event: 1.342 Loaded shared library C:\Program Files\Eclipse Adoptium\jdk-17.0.18.8-hotspot\bin\management.dll
Event: 1.344 Loaded shared library C:\Program Files\Eclipse Adoptium\jdk-17.0.18.8-hotspot\bin\management_ext.dll
Event: 1.535 Loaded shared library C:\Program Files\Eclipse Adoptium\jdk-17.0.18.8-hotspot\bin\extnet.dll
Event: 1.699 Loaded shared library C:\Program Files\Eclipse Adoptium\jdk-17.0.18.8-hotspot\bin\sunmscapi.dll

Deoptimization events (20 events):
Event: 35.081 Thread 0x000002294bc7c500 Uncommon trap: trap_request=0xffffffde fr.pc=0x000002291c182aa8 relative=0x0000000000001508
Event: 35.081 Thread 0x000002294bc7c500 Uncommon trap: reason=class_check action=maybe_recompile pc=0x000002291c182aa8 method=java.util.WeakHashMap.matchesKey(Ljava/util/WeakHashMap$Entry;Ljava/lang/Object;)Z @ 21 c2
Event: 35.081 Thread 0x000002294bc7c500 DEOPT PACKING pc=0x000002291c182aa8 sp=0x000000d699af9400
Event: 35.081 Thread 0x000002294bc7c500 DEOPT UNPACKING pc=0x000002291ba269a3 sp=0x000000d699af9380 mode 2
Event: 35.179 Thread 0x000002294bc7c500 Uncommon trap: trap_request=0xffffffbe fr.pc=0x000002291bfde6a8 relative=0x0000000000000888
Event: 35.179 Thread 0x000002294bc7c500 Uncommon trap: reason=profile_predicate action=maybe_recompile pc=0x000002291bfde6a8 method=groovy.lang.MetaClassImpl$MethodIndexAction.iterate()V @ 78 c2
Event: 35.179 Thread 0x000002294bc7c500 DEOPT PACKING pc=0x000002291bfde6a8 sp=0x000000d699af6b70
Event: 35.179 Thread 0x000002294bc7c500 DEOPT UNPACKING pc=0x000002291ba269a3 sp=0x000000d699af6b48 mode 2
Event: 35.179 Thread 0x000002294bc7c500 Uncommon trap: trap_request=0xffffffbe fr.pc=0x000002291bfde6a8 relative=0x0000000000000888
Event: 35.179 Thread 0x000002294bc7c500 Uncommon trap: reason=profile_predicate action=maybe_recompile pc=0x000002291bfde6a8 method=groovy.lang.MetaClassImpl$MethodIndexAction.iterate()V @ 78 c2
Event: 35.179 Thread 0x000002294bc7c500 DEOPT PACKING pc=0x000002291bfde6a8 sp=0x000000d699af6b70
Event: 35.179 Thread 0x000002294bc7c500 DEOPT UNPACKING pc=0x000002291ba269a3 sp=0x000000d699af6b48 mode 2
Event: 35.191 Thread 0x000002294bc7c500 Uncommon trap: trap_request=0xffffffbe fr.pc=0x000002291bfde6a8 relative=0x0000000000000888
Event: 35.191 Thread 0x000002294bc7c500 Uncommon trap: reason=profile_predicate action=maybe_recompile pc=0x000002291bfde6a8 method=groovy.lang.MetaClassImpl$MethodIndexAction.iterate()V @ 78 c2
Event: 35.191 Thread 0x000002294bc7c500 DEOPT PACKING pc=0x000002291bfde6a8 sp=0x000000d699af47c0
Event: 35.191 Thread 0x000002294bc7c500 DEOPT UNPACKING pc=0x000002291ba269a3 sp=0x000000d699af4798 mode 2
Event: 35.191 Thread 0x000002294bc7c500 Uncommon trap: trap_request=0xffffffbe fr.pc=0x000002291bfde6a8 relative=0x0000000000000888
Event: 35.191 Thread 0x000002294bc7c500 Uncommon trap: reason=profile_predicate action=maybe_recompile pc=0x000002291bfde6a8 method=groovy.lang.MetaClassImpl$MethodIndexAction.iterate()V @ 78 c2
Event: 35.191 Thread 0x000002294bc7c500 DEOPT PACKING pc=0x000002291bfde6a8 sp=0x000000d699af47c0
Event: 35.191 Thread 0x000002294bc7c500 DEOPT UNPACKING pc=0x000002291ba269a3 sp=0x000000d699af4798 mode 2

Classes loaded (20 events):
Event: 35.111 Loading class java/util/DictionaryBeanInfo
Event: 35.111 Loading class java/util/DictionaryBeanInfo done
Event: 35.112 Loading class java/util/DictionaryBeanInfo
Event: 35.112 Loading class java/util/DictionaryBeanInfo done
Event: 35.112 Loading class java/util/DictionaryCustomizer
Event: 35.112 Loading class java/util/DictionaryCustomizer done
Event: 35.113 Loading class java/util/DictionaryCustomizer
Event: 35.113 Loading class java/util/DictionaryCustomizer done
Event: 35.113 Loading class java/util/HashtableCustomizer
Event: 35.113 Loading class java/util/HashtableCustomizer done
Event: 35.113 Loading class java/util/HashtableCustomizer
Event: 35.113 Loading class java/util/HashtableCustomizer done
Event: 35.114 Loading class java/util/PropertiesCustomizer
Event: 35.114 Loading class java/util/PropertiesCustomizer done
Event: 35.115 Loading class java/util/PropertiesCustomizer
Event: 35.115 Loading class java/util/PropertiesCustomizer done
Event: 35.300 Loading class java/net/Proxy
Event: 35.300 Loading class java/net/Proxy done
Event: 35.301 Loading class java/net/Proxy$Type
Event: 35.301 Loading class java/net/Proxy$Type done

Classes unloaded (10 events):
Event: 20.134 Thread 0x000002292b227dd0 Unloading class 0x000002292d9f1b58 '_BuildScript_$_run_closure3'
Event: 20.134 Thread 0x000002292b227dd0 Unloading class 0x000002292d9f1770 '_BuildScript_$_run_closure2$_closure6$_closure9'
Event: 20.134 Thread 0x000002292b227dd0 Unloading class 0x000002292d9f1388 '_BuildScript_$_run_closure2$_closure6$_closure8'
Event: 20.134 Thread 0x000002292b227dd0 Unloading class 0x000002292d9f0fa0 '_BuildScript_$_run_closure2$_closure6'
Event: 20.134 Thread 0x000002292b227dd0 Unloading class 0x000002292d9f0bb8 '_BuildScript_$_run_closure2$_closure5$_closure7'
Event: 20.134 Thread 0x000002292b227dd0 Unloading class 0x000002292d9f07d0 '_BuildScript_$_run_closure2$_closure5'
Event: 20.134 Thread 0x000002292b227dd0 Unloading class 0x000002292d9f03e8 '_BuildScript_$_run_closure2$_closure4'
Event: 20.134 Thread 0x000002292b227dd0 Unloading class 0x000002292d9f0000 '_BuildScript_$_run_closure2'
Event: 20.134 Thread 0x000002292b227dd0 Unloading class 0x000002292d9ecc00 '_BuildScript_$_run_closure1'
Event: 20.134 Thread 0x000002292b227dd0 Unloading class 0x000002292d9ec000 '_BuildScript_'

Classes redefined (0 events):
No events

Internal exceptions (20 events):
Event: 35.212 Thread 0x000002294bc7c500 Exception <a 'java/lang/ClassNotFoundException'{0x000000009184c230}: com/android/build/gradle/internal/dsl/ExternalNativeBuildBeanInfo> (0x000000009184c230) 
thrown [s\src\hotspot\share\classfile\systemDictionary.cpp, line 256]
Event: 35.213 Thread 0x000002294bc7c500 Exception <a 'java/lang/ClassNotFoundException'{0x000000009185a650}: com/android/build/gradle/internal/dsl/ExternalNativeBuildCustomizer> (0x000000009185a650) 
thrown [s\src\hotspot\share\classfile\systemDictionary.cpp, line 256]
Event: 35.213 Thread 0x000002294bc7c500 Exception <a 'java/lang/ClassNotFoundException'{0x000000009186efd0}: com/android/build/gradle/internal/dsl/ExternalNativeBuild$AgpDecoratedCustomizer> (0x000000009186efd0) 
thrown [s\src\hotspot\share\classfile\systemDictionary.cpp, line 256]
Event: 35.214 Thread 0x000002294bc7c500 Exception <a 'java/lang/ClassNotFoundException'{0x0000000091889788}: com/android/build/gradle/internal/dsl/ExternalNativeBuild$AgpDecorated_DecoratedCustomizer> (0x0000000091889788) 
thrown [s\src\hotspot\share\classfile\systemDictionary.cpp, line 256]
Event: 35.218 Thread 0x000002294bc7c500 Exception <a 'java/lang/ClassNotFoundException'{0x0000000091701da8}: com/android/build/gradle/internal/dsl/CmakeOptions$AgpDecorated_DecoratedBeanInfo> (0x0000000091701da8) 
thrown [s\src\hotspot\share\classfile\systemDictionary.cpp, line 256]
Event: 35.219 Thread 0x000002294bc7c500 Exception <a 'java/lang/ClassNotFoundException'{0x0000000091711810}: com/android/build/gradle/internal/dsl/CmakeOptions$AgpDecoratedBeanInfo> (0x0000000091711810) 
thrown [s\src\hotspot\share\classfile\systemDictionary.cpp, line 256]
Event: 35.220 Thread 0x000002294bc7c500 Exception <a 'java/lang/ClassNotFoundException'{0x0000000091721058}: com/android/build/gradle/internal/dsl/CmakeOptionsBeanInfo> (0x0000000091721058) 
thrown [s\src\hotspot\share\classfile\systemDictionary.cpp, line 256]
Event: 35.220 Thread 0x000002294bc7c500 Exception <a 'java/lang/ClassNotFoundException'{0x0000000091730880}: com/android/build/gradle/internal/dsl/CmakeOptionsCustomizer> (0x0000000091730880) 
thrown [s\src\hotspot\share\classfile\systemDictionary.cpp, line 256]
Event: 35.221 Thread 0x000002294bc7c500 Exception <a 'java/lang/ClassNotFoundException'{0x00000000917451f0}: com/android/build/gradle/internal/dsl/CmakeOptions$AgpDecoratedCustomizer> (0x00000000917451f0) 
thrown [s\src\hotspot\share\classfile\systemDictionary.cpp, line 256]
Event: 35.221 Thread 0x000002294bc7c500 Exception <a 'java/lang/ClassNotFoundException'{0x000000009175ba08}: com/android/build/gradle/internal/dsl/CmakeOptions$AgpDecorated_DecoratedCustomizer> (0x000000009175ba08) 
thrown [s\src\hotspot\share\classfile\systemDictionary.cpp, line 256]
Event: 35.229 Thread 0x000002294bc7c500 Exception <a 'java/lang/ClassNotFoundException'{0x00000000917e38a8}: build_2op5y8cjcfdztf8juq0ds8dqi$_run_closure2$_closure14BeanInfo> (0x00000000917e38a8) 
thrown [s\src\hotspot\share\classfile\systemDictionary.cpp, line 256]
Event: 35.229 Thread 0x000002294bc7c500 Exception <a 'java/lang/ClassNotFoundException'{0x00000000917ef280}: build_2op5y8cjcfdztf8juq0ds8dqi$_run_closure2$_closure14Customizer> (0x00000000917ef280) 
thrown [s\src\hotspot\share\classfile\systemDictionary.cpp, line 256]
Event: 35.240 Thread 0x000002294bc7c500 Exception <a 'java/lang/ClassNotFoundException'{0x00000000916759a8}: org/gradle/api/internal/artifacts/dsl/dependencies/DefaultDependencyConstraintHandler_DecoratedBeanInfo> (0x00000000916759a8) 
thrown [s\src\hotspot\share\classfile\systemDictionary.cpp, line 256]
Event: 35.241 Thread 0x000002294bc7c500 Exception <a 'java/lang/ClassNotFoundException'{0x0000000091692470}: org/gradle/api/internal/artifacts/dsl/dependencies/DefaultDependencyConstraintHandlerBeanInfo> (0x0000000091692470) 
thrown [s\src\hotspot\share\classfile\systemDictionary.cpp, line 256]
Event: 35.242 Thread 0x000002294bc7c500 Exception <a 'java/lang/ClassNotFoundException'{0x00000000916ae428}: org/gradle/api/internal/artifacts/dsl/dependencies/DefaultDependencyConstraintHandlerCustomizer> (0x00000000916ae428) 
thrown [s\src\hotspot\share\classfile\systemDictionary.cpp, line 256]
Event: 35.244 Thread 0x000002294bc7c500 Exception <a 'java/lang/ClassNotFoundException'{0x00000000916d3a98}: org/gradle/api/internal/artifacts/dsl/dependencies/DefaultDependencyConstraintHandler_DecoratedCustomizer> (0x00000000916d3a98) 
thrown [s\src\hotspot\share\classfile\systemDictionary.cpp, line 256]
Event: 35.249 Thread 0x000002294bc7c500 Exception <a 'java/lang/ClassNotFoundException'{0x00000000915373a0}: org/gradle/api/internal/artifacts/dependencies/DefaultDependencyConstraint_DecoratedBeanInfo> (0x00000000915373a0) 
thrown [s\src\hotspot\share\classfile\systemDictionary.cpp, line 256]
Event: 35.250 Thread 0x000002294bc7c500 Exception <a 'java/lang/ClassNotFoundException'{0x0000000091555118}: org/gradle/api/internal/artifacts/dependencies/DefaultDependencyConstraintBeanInfo> (0x0000000091555118) 
thrown [s\src\hotspot\share\classfile\systemDictionary.cpp, line 256]
Event: 35.250 Thread 0x000002294bc7c500 Exception <a 'java/lang/ClassNotFoundException'{0x0000000091572e98}: org/gradle/api/internal/artifacts/dependencies/DefaultDependencyConstraintCustomizer> (0x0000000091572e98) 
thrown [s\src\hotspot\share\classfile\systemDictionary.cpp, line 256]
Event: 35.251 Thread 0x000002294bc7c500 Exception <a 'java/lang/ClassNotFoundException'{0x00000000915a3780}: org/gradle/api/internal/artifacts/dependencies/DefaultDependencyConstraint_DecoratedCustomizer> (0x00000000915a3780) 
thrown [s\src\hotspot\share\classfile\systemDictionary.cpp, line 256]

VM Operations (20 events):
Event: 32.186 Executing VM operation: G1CollectForAllocation done
Event: 33.187 Executing VM operation: Cleanup
Event: 33.187 Executing VM operation: Cleanup done
Event: 34.469 Executing VM operation: G1CollectForAllocation
Event: 34.477 Executing VM operation: G1CollectForAllocation done
Event: 34.698 Executing VM operation: HandshakeAllThreads
Event: 34.698 Executing VM operation: HandshakeAllThreads done
Event: 34.736 Executing VM operation: HandshakeAllThreads
Event: 34.736 Executing VM operation: HandshakeAllThreads done
Event: 34.826 Executing VM operation: ICBufferFull
Event: 34.826 Executing VM operation: ICBufferFull done
Event: 35.046 Executing VM operation: HandshakeAllThreads
Event: 35.046 Executing VM operation: HandshakeAllThreads done
Event: 35.084 Executing VM operation: G1CollectForAllocation
Event: 35.091 Executing VM operation: G1CollectForAllocation done
Event: 35.172 Executing VM operation: G1PauseRemark
Event: 35.179 Executing VM operation: G1PauseRemark done
Event: 35.219 Executing VM operation: G1PauseCleanup
Event: 35.219 Executing VM operation: G1PauseCleanup done
Event: 36.223 Executing VM operation: Cleanup

Memory protections (0 events):
No events

Nmethod flushes (20 events):
Event: 35.059 Thread 0x000002292b260170 flushing  nmethod 0x0000022915731f10
Event: 35.059 Thread 0x000002292b260170 flushing  nmethod 0x000002291575ed10
Event: 35.059 Thread 0x000002292b260170 flushing  nmethod 0x000002291577ca90
Event: 35.059 Thread 0x000002292b260170 flushing  nmethod 0x000002291577ce90
Event: 35.059 Thread 0x000002292b260170 flushing  nmethod 0x000002291577da10
Event: 35.059 Thread 0x000002292b260170 flushing  nmethod 0x0000022915781490
Event: 35.059 Thread 0x000002292b260170 flushing  nmethod 0x0000022915799290
Event: 35.059 Thread 0x000002292b260170 flushing  nmethod 0x0000022915802890
Event: 35.059 Thread 0x000002292b260170 flushing  nmethod 0x0000022915809610
Event: 35.059 Thread 0x000002292b260170 flushing  nmethod 0x0000022915849f10
Event: 35.059 Thread 0x000002292b260170 flushing  nmethod 0x0000022915861d90
Event: 35.059 Thread 0x000002292b260170 flushing  nmethod 0x00000229158a9590
Event: 35.060 Thread 0x000002292b260170 flushing osr nmethod 0x0000022915a3e010
Event: 35.060 Thread 0x000002292b260170 flushing  nmethod 0x0000022915a43090
Event: 35.060 Thread 0x000002292b260170 flushing  nmethod 0x0000022915af6790
Event: 35.060 Thread 0x000002292b260170 flushing  nmethod 0x0000022915b0a710
Event: 35.060 Thread 0x000002292b260170 flushing  nmethod 0x0000022915b0c410
Event: 35.061 Thread 0x000002292b260170 flushing  nmethod 0x0000022915b7f010
Event: 35.061 Thread 0x000002292b260170 flushing  nmethod 0x0000022915b81810
Event: 35.061 Thread 0x000002292b260170 flushing  nmethod 0x0000022915b84090

Events (20 events):
Event: 32.054 Thread 0x000002294bc7c500 Thread added: 0x0000022951b1e6e0
Event: 32.055 Thread 0x000002294bc7c500 Thread added: 0x0000022951b1c370
Event: 32.055 Thread 0x000002294bc7c500 Thread added: 0x0000022951b1cd90
Event: 32.055 Thread 0x000002294bc7c500 Thread added: 0x0000022951b1c880
Event: 32.056 Thread 0x000002294bc7c500 Thread added: 0x0000022951b1d7b0
Event: 32.056 Thread 0x000002294bc7c500 Thread added: 0x0000022951b1ebf0
Event: 32.056 Thread 0x000002294bc7c500 Thread added: 0x0000022951b1af30
Event: 32.056 Thread 0x000002294bc7c500 Thread added: 0x000002292b792780
Event: 34.614 Thread 0x000002292b25f450 Thread added: 0x00000229507b0b30
Event: 34.893 Thread 0x000002294bc7c500 Thread added: 0x000002292b7936b0
Event: 34.893 Thread 0x000002294bc7c500 Thread added: 0x000002292b791340
Event: 34.893 Thread 0x000002294bc7c500 Thread added: 0x000002292b791850
Event: 34.894 Thread 0x000002294bc7c500 Thread added: 0x000002292b791d60
Event: 34.897 Thread 0x000002294bc7c500 Thread added: 0x000002292b792c90
Event: 34.899 Thread 0x000002294bc7c500 Thread added: 0x000002292b7931a0
Event: 34.900 Thread 0x000002294bc7c500 Thread added: 0x000002292b792270
Event: 34.901 Thread 0x000002294bc7c500 Thread added: 0x000002292b790920
Event: 34.902 Thread 0x000002294bc7c500 Thread added: 0x000002292b78ff00
Event: 34.902 Thread 0x000002294bc7c500 Thread added: 0x000002292b793bc0
Event: 34.903 Thread 0x000002294bc7c500 Thread added: 0x000002292b790410


Dynamic libraries:
0x00007ff63ce90000 - 0x00007ff63ce9e000 	C:\Program Files\Eclipse Adoptium\jdk-17.0.18.8-hotspot\bin\java.exe
0x00007fff15c00000 - 0x00007fff15e66000 	C:\WINDOWS\SYSTEM32\ntdll.dll
0x00007fff143f0000 - 0x00007fff144b9000 	C:\WINDOWS\System32\KERNEL32.DLL
0x00007fff13220000 - 0x00007fff1361a000 	C:\WINDOWS\System32\KERNELBASE.dll
0x00007fff13010000 - 0x00007fff1315c000 	C:\WINDOWS\System32\ucrtbase.dll
0x00007ffe972c0000 - 0x00007ffe972de000 	C:\Program Files\Eclipse Adoptium\jdk-17.0.18.8-hotspot\bin\VCRUNTIME140.dll
0x00007ffe9a590000 - 0x00007ffe9a5a8000 	C:\Program Files\Eclipse Adoptium\jdk-17.0.18.8-hotspot\bin\jli.dll
0x00007fff158c0000 - 0x00007fff15a87000 	C:\WINDOWS\System32\USER32.dll
0x00007ffeecec0000 - 0x00007ffeed152000 	C:\WINDOWS\WinSxS\amd64_microsoft.windows.common-controls_6595b64144ccf1df_6.0.26100.8521_none_3e08b75ce33403b3\COMCTL32.dll
0x00007fff136d0000 - 0x00007fff136f7000 	C:\WINDOWS\System32\win32u.dll
0x00007fff144c0000 - 0x00007fff144eb000 	C:\WINDOWS\System32\GDI32.dll
0x00007fff13840000 - 0x00007fff1396b000 	C:\WINDOWS\System32\gdi32full.dll
0x00007fff14500000 - 0x00007fff145a9000 	C:\WINDOWS\System32\msvcrt.dll
0x00007fff13700000 - 0x00007fff137a3000 	C:\WINDOWS\System32\msvcp_win.dll
0x00007fff14ee0000 - 0x00007fff14f12000 	C:\WINDOWS\System32\IMM32.DLL
0x00007ffea2410000 - 0x00007ffea241c000 	C:\Program Files\Eclipse Adoptium\jdk-17.0.18.8-hotspot\bin\vcruntime140_1.dll
0x00007ffe911d0000 - 0x00007ffe9125d000 	C:\Program Files\Eclipse Adoptium\jdk-17.0.18.8-hotspot\bin\msvcp140.dll
0x00007ffe52c80000 - 0x00007ffe538eb000 	C:\Program Files\Eclipse Adoptium\jdk-17.0.18.8-hotspot\bin\server\jvm.dll
0x00007fff148a0000 - 0x00007fff14956000 	C:\WINDOWS\System32\ADVAPI32.dll
0x00007fff14340000 - 0x00007fff143ea000 	C:\WINDOWS\System32\sechost.dll
0x00007fff14080000 - 0x00007fff14198000 	C:\WINDOWS\System32\RPCRT4.dll
0x00007fff157b0000 - 0x00007fff15830000 	C:\WINDOWS\System32\WS2_32.dll
0x00007fff12cf0000 - 0x00007fff12d4e000 	C:\WINDOWS\SYSTEM32\POWRPROF.dll
0x00007ffefe930000 - 0x00007ffefe93b000 	C:\WINDOWS\SYSTEM32\VERSION.dll
0x00007fff0d220000 - 0x00007fff0d256000 	C:\WINDOWS\SYSTEM32\WINMM.dll
0x00007fff12cd0000 - 0x00007fff12ce4000 	C:\WINDOWS\SYSTEM32\UMPDC.dll
0x00007fff11b80000 - 0x00007fff11b9b000 	C:\WINDOWS\SYSTEM32\kernel.appcore.dll
0x00007ffea2280000 - 0x00007ffea228a000 	C:\Program Files\Eclipse Adoptium\jdk-17.0.18.8-hotspot\bin\jimage.dll
0x00007fff10450000 - 0x00007fff10692000 	C:\WINDOWS\SYSTEM32\DBGHELP.DLL
0x00007fff139d0000 - 0x00007fff13d53000 	C:\WINDOWS\System32\combase.dll
0x00007fff13fa0000 - 0x00007fff14079000 	C:\WINDOWS\System32\OLEAUT32.dll
0x00007ffedfac0000 - 0x00007ffedfafb000 	C:\WINDOWS\SYSTEM32\dbgcore.DLL
0x00007fff13620000 - 0x00007fff136c8000 	C:\WINDOWS\System32\bcryptPrimitives.dll
0x00007fff035d0000 - 0x00007fff035de000 	C:\Program Files\Eclipse Adoptium\jdk-17.0.18.8-hotspot\bin\instrument.dll
0x00007ffe917c0000 - 0x00007ffe917e5000 	C:\Program Files\Eclipse Adoptium\jdk-17.0.18.8-hotspot\bin\java.dll
0x00007ffe8ef00000 - 0x00007ffe8efd7000 	C:\Program Files\Eclipse Adoptium\jdk-17.0.18.8-hotspot\bin\jsvml.dll
0x00007fff15020000 - 0x00007fff157a4000 	C:\WINDOWS\System32\SHELL32.dll
0x00007fff10a30000 - 0x00007fff112b0000 	C:\WINDOWS\SYSTEM32\windows.storage.dll
0x00007fff14f20000 - 0x00007fff15016000 	C:\WINDOWS\System32\SHCORE.dll
0x00007fff14960000 - 0x00007fff149c7000 	C:\WINDOWS\System32\shlwapi.dll
0x00007fff12db0000 - 0x00007fff12dd9000 	C:\WINDOWS\SYSTEM32\profapi.dll
0x00007ffe8ee00000 - 0x00007ffe8ee18000 	C:\Program Files\Eclipse Adoptium\jdk-17.0.18.8-hotspot\bin\zip.dll
0x00007ffe917a0000 - 0x00007ffe917ba000 	C:\Program Files\Eclipse Adoptium\jdk-17.0.18.8-hotspot\bin\net.dll
0x00007fff03d50000 - 0x00007fff03e79000 	C:\WINDOWS\SYSTEM32\WINHTTP.dll
0x00007fff12190000 - 0x00007fff121fc000 	C:\WINDOWS\system32\mswsock.dll
0x00007ffe91780000 - 0x00007ffe91796000 	C:\Program Files\Eclipse Adoptium\jdk-17.0.18.8-hotspot\bin\nio.dll
0x00007ffee9200000 - 0x00007ffee9210000 	C:\Program Files\Eclipse Adoptium\jdk-17.0.18.8-hotspot\bin\verify.dll
0x00007fff035e0000 - 0x00007fff03607000 	C:\Users\HP\.gradle\native\68d5fa5c4cc2d200863cafc0d521ce42e7d3e7ee720ec0a83991735586a16f82\windows-amd64\native-platform.dll
0x00007ffe9a6f0000 - 0x00007ffe9a834000 	C:\Users\HP\.gradle\native\e376f236ea51e6404a007f0833ffe2c6e607c4080706a723a18a27aeea778392\windows-amd64\native-platform-file-events.dll
0x00007fff0f920000 - 0x00007fff0f92a000 	C:\Program Files\Eclipse Adoptium\jdk-17.0.18.8-hotspot\bin\management.dll
0x00007fff09e20000 - 0x00007fff09e2c000 	C:\Program Files\Eclipse Adoptium\jdk-17.0.18.8-hotspot\bin\management_ext.dll
0x00007fff144f0000 - 0x00007fff144f8000 	C:\WINDOWS\System32\PSAPI.DLL
0x00007fff12470000 - 0x00007fff1248b000 	C:\WINDOWS\SYSTEM32\CRYPTSP.dll
0x00007fff11ba0000 - 0x00007fff11bd9000 	C:\WINDOWS\system32\rsaenh.dll
0x00007fff12240000 - 0x00007fff12273000 	C:\WINDOWS\SYSTEM32\USERENV.dll
0x00007fff12d80000 - 0x00007fff12daa000 	C:\WINDOWS\SYSTEM32\bcrypt.dll
0x00007fff12490000 - 0x00007fff1249c000 	C:\WINDOWS\SYSTEM32\CRYPTBASE.dll
0x00007fff115f0000 - 0x00007fff11623000 	C:\WINDOWS\SYSTEM32\IPHLPAPI.DLL
0x00007fff141a0000 - 0x00007fff141aa000 	C:\WINDOWS\System32\NSI.dll
0x00007fff0c920000 - 0x00007fff0c93d000 	C:\WINDOWS\SYSTEM32\dhcpcsvc6.DLL
0x00007fff0c710000 - 0x00007fff0c735000 	C:\WINDOWS\SYSTEM32\dhcpcsvc.DLL
0x00007fff11680000 - 0x00007fff117ca000 	C:\WINDOWS\SYSTEM32\DNSAPI.dll
0x00007fff11fb0000 - 0x00007fff11fbd000 	C:\WINDOWS\SYSTEM32\DSPARSE.dll
0x00007ffee9210000 - 0x00007ffee9219000 	C:\Program Files\Eclipse Adoptium\jdk-17.0.18.8-hotspot\bin\extnet.dll
0x00007ffef0d80000 - 0x00007ffef0d8e000 	C:\Program Files\Eclipse Adoptium\jdk-17.0.18.8-hotspot\bin\sunmscapi.dll
0x00007fff12e90000 - 0x00007fff13008000 	C:\WINDOWS\System32\CRYPT32.dll
0x00007fff12690000 - 0x00007fff126c0000 	C:\WINDOWS\SYSTEM32\ncrypt.dll
0x00007fff12640000 - 0x00007fff1267f000 	C:\WINDOWS\SYSTEM32\NTASN1.dll
0x00007ffee7490000 - 0x00007ffee7498000 	C:\WINDOWS\system32\wshunix.dll
0x00007ffebc0f0000 - 0x00007ffebc108000 	C:\WINDOWS\system32\napinsp.dll
0x00007ffebc110000 - 0x00007ffebc123000 	C:\WINDOWS\System32\winrnr.dll
0x00007ffebc130000 - 0x00007ffebc152000 	C:\WINDOWS\system32\nlansp_c.dll
0x00007ffed8290000 - 0x00007ffed82a6000 	C:\WINDOWS\system32\wshbth.dll
0x00007fff0a230000 - 0x00007fff0a23b000 	C:\Windows\System32\rasadhlp.dll
0x00007fff0cee0000 - 0x00007fff0cf66000 	C:\WINDOWS\System32\fwpuclnt.dll

dbghelp: loaded successfully - version: 4.0.5 - missing functions: none
symbol engine: initialized successfully - sym options: 0x614 - pdb path: .;C:\Program Files\Eclipse Adoptium\jdk-17.0.18.8-hotspot\bin;C:\WINDOWS\SYSTEM32;C:\WINDOWS\WinSxS\amd64_microsoft.windows.common-controls_6595b64144ccf1df_6.0.26100.8521_none_3e08b75ce33403b3;C:\Program Files\Eclipse Adoptium\jdk-17.0.18.8-hotspot\bin\server;C:\Users\HP\.gradle\native\68d5fa5c4cc2d200863cafc0d521ce42e7d3e7ee720ec0a83991735586a16f82\windows-amd64;C:\Users\HP\.gradle\native\e376f236ea51e6404a007f0833ffe2c6e607c4080706a723a18a27aeea778392\windows-amd64

VM Arguments:
jvm_args: -XX:MaxMetaspaceSize=512m --add-opens=java.base/java.util=ALL-UNNAMED --add-opens=java.base/java.lang=ALL-UNNAMED --add-opens=java.base/java.lang.invoke=ALL-UNNAMED --add-opens=java.prefs/java.util.prefs=ALL-UNNAMED --add-opens=java.base/java.nio.charset=ALL-UNNAMED --add-opens=java.base/java.net=ALL-UNNAMED --add-opens=java.base/java.util.concurrent.atomic=ALL-UNNAMED -Xmx2048m -Dfile.encoding=windows-1252 -Duser.country=ID -Duser.language=en -Duser.variant -javaagent:C:\Users\HP\.gradle\wrapper\dists\gradle-8.3-all\6en3ugtfdg5xnpx44z4qbwgas\gradle-8.3\lib\agents\gradle-instrumentation-agent-8.3.jar 
java_command: org.gradle.launcher.daemon.bootstrap.GradleDaemon 8.3
java_class_path (initial): C:\Users\HP\.gradle\wrapper\dists\gradle-8.3-all\6en3ugtfdg5xnpx44z4qbwgas\gradle-8.3\lib\gradle-launcher-8.3.jar
Launcher Type: SUN_STANDARD

[Global flags]
     intx CICompilerCount                          = 4                                         {product} {ergonomic}
   size_t CompressedClassSpaceSize                 = 436207616                                 {product} {ergonomic}
     uint ConcGCThreads                            = 3                                         {product} {ergonomic}
     uint G1ConcRefinementThreads                  = 10                                        {product} {ergonomic}
   size_t G1HeapRegionSize                         = 1048576                                   {product} {ergonomic}
    uintx GCDrainStackTargetSize                   = 64                                        {product} {ergonomic}
   size_t InitialHeapSize                          = 130023424                                 {product} {ergonomic}
   size_t MarkStackSize                            = 4194304                                   {product} {ergonomic}
   size_t MaxHeapSize                              = 2147483648                                {product} {command line}
   size_t MaxMetaspaceSize                         = 536870912                                 {product} {command line}
   size_t MaxNewSize                               = 1287651328                                {product} {ergonomic}
   size_t MinHeapDeltaBytes                        = 1048576                                   {product} {ergonomic}
   size_t MinHeapSize                              = 8388608                                   {product} {ergonomic}
    uintx NonNMethodCodeHeapSize                   = 5839372                                {pd product} {ergonomic}
    uintx NonProfiledCodeHeapSize                  = 122909434                              {pd product} {ergonomic}
    uintx ProfiledCodeHeapSize                     = 122909434                              {pd product} {ergonomic}
    uintx ReservedCodeCacheSize                    = 251658240                              {pd product} {ergonomic}
     bool SegmentedCodeCache                       = true                                      {product} {ergonomic}
   size_t SoftMaxHeapSize                          = 2147483648                             {manageable} {ergonomic}
     bool UseCompressedClassPointers               = true                           {product lp64_product} {ergonomic}
     bool UseCompressedOops                        = true                           {product lp64_product} {ergonomic}
     bool UseG1GC                                  = true                                      {product} {ergonomic}
     bool UseLargePagesIndividualAllocation        = false                                  {pd product} {ergonomic}

Logging:
Log output configuration:
 #0: stdout all=warning uptime,level,tags
 #1: stderr all=off uptime,level,tags

Environment Variables:
JAVA_HOME=C:\Program Files\Eclipse Adoptium\jdk-17.0.18.8-hotspot\
CLASSPATH=D:\my project\packing_frontend\android\\gradle\wrapper\gradle-wrapper.jar
PATH=C:\Program Files\PowerShell\7;c:\Users\HP\AppData\Roaming\Code\User\globalStorage\github.copilot-chat\debugCommand;c:\Users\HP\AppData\Roaming\Code\User\globalStorage\github.copilot-chat\copilotCli;D:\Borland\Delphi7\Bin;D:\Borland\Delphi7\Projects\Bpl\;C:\Program Files\Eclipse Adoptium\jdk-17.0.18.8-hotspot\bin;C:\windows\system32;C:\windows;C:\windows\System32\Wbem;C:\windows\System32\WindowsPowerShell\v1.0\;C:\windows\System32\OpenSSH\;C:\Program Files\dotnet\;C:\Program Files\nodejs\;C:\Program Files\Git\cmd;C:\WINDOWS\system32;C:\WINDOWS;C:\WINDOWS\System32\Wbem;C:\WINDOWS\System32\WindowsPowerShell\v1.0\;C:\WINDOWS\System32\OpenSSH\;C:\Program Files\PowerShell\7\;C:\Program Files\WireGuard\;C:\Users\HP\AppData\Local\Microsoft\WindowsApps;C:\Users\HP\.dotnet\tools;C:\Users\HP\AppData\Roaming\npm;C:\Users\HP\AppData\Local\Programs\Microsoft VS Code\bin;C:\Users\HP\AppData\Local\Android\Sdk\platform-tools;C:\Users\HP\AppData\Local\Android\Sdk\emulator;C:\Program Files (x86)\Developer Express Inc\Library\Delphi7;C:\development\flutter;
USERNAME=HP
LANG=en_US.UTF-8
OS=Windows_NT
PROCESSOR_IDENTIFIER=Intel64 Family 6 Model 186 Stepping 3, GenuineIntel
TMP=C:\Users\HP\AppData\Local\Temp
TEMP=C:\Users\HP\AppData\Local\Temp



Periodic native trim disabled


---------------  S Y S T E M  ---------------

OS:
 Windows 11 , 64 bit Build 26100 (10.0.26100.8521)
OS uptime: 0 days 3:18 hours
Hyper-V role detected

CPU: total 12 (initial active 12) (6 cores per cpu, 2 threads per core) family 6 model 186 stepping 3 microcode 0x4128, cx8, cmov, fxsr, ht, mmx, 3dnowpref, sse, sse2, sse3, ssse3, sse4.1, sse4.2, popcnt, lzcnt, tsc, tscinvbit, avx, avx2, aes, erms, clmul, bmi1, bmi2, adx, sha, fma, vzeroupper, clflush, clflushopt, clwb, hv
Processor Information for all 12 processors :
  Max Mhz: 1400, Current Mhz: 1400, Mhz Limit: 1400

Memory: 4k page, system-wide physical 7903M (1242M free)
TotalPageFile size 24287M (AvailPageFile size 11M)
current process WorkingSet (physical memory assigned to process): 517M, peak: 526M
current process commit charge ("private bytes"): 630M, peak: 640M

vm_info: OpenJDK 64-Bit Server VM (17.0.18+8) for windows-amd64 JRE (17.0.18+8), built on Jan 20 2026 22:28:22 by "admin" with MS VC++ 17.12 (VS2022)

END.
