JvmtiExport can_access_local_variables 0
JvmtiExport can_hotswap_or_post_breakpoint 0
JvmtiExport can_post_on_exceptions 0
# 602 ciObject found
instanceKlass org/jetbrains/kotlin/types/TypeSubstitutionKt
ciInstanceKlass java/lang/Cloneable 1 0 7 100 1 100 1 1 1
instanceKlass org/jetbrains/kotlin/contracts/description/expressions/IsNullPredicate
instanceKlass org/jetbrains/kotlin/cfg/CfgContainingDeclarationUtilsKt
instanceKlass org/jetbrains/kotlin/types/expressions/AssignedVariablesSearcher$Writer
instanceKlass org/jetbrains/kotlin/resolve/ManualVariance
instanceKlass org/jetbrains/kotlin/descriptors/impl/EnumEntrySyntheticClassDescriptor$EnumEntryScope$3
instanceKlass org/jetbrains/kotlin/descriptors/impl/EnumEntrySyntheticClassDescriptor$EnumEntryScope$2
instanceKlass org/jetbrains/kotlin/descriptors/impl/EnumEntrySyntheticClassDescriptor$EnumEntryScope$1
instanceKlass org/jetbrains/kotlin/resolve/jvm/checkers/EnhancedNullabilityInfo
instanceKlass org/jetbrains/kotlin/resolve/calls/smartcasts/IdentifierInfo$PostfixIdentifierInfo
instanceKlass org/jetbrains/kotlin/resolve/calls/checkers/AbstractReflectionApiCallCheckerKt
instanceKlass org/jetbrains/kotlin/builtins/functions/FunctionInvokeDescriptor$Factory
instanceKlass org/jetbrains/kotlin/builtins/functions/FunctionClassDescriptor$FunctionTypeConstructor$WhenMappings
instanceKlass org/jetbrains/kotlin/builtins/functions/FunctionClassScope$WhenMappings
instanceKlass org/jetbrains/kotlin/resolve/calls/components/CallableReceiver
instanceKlass org/jetbrains/kotlin/resolve/calls/tower/SamePriorityCompositeScopeTowerProcessor
instanceKlass org/jetbrains/kotlin/resolve/calls/components/CallableReferenceResolutionKt
instanceKlass org/jetbrains/kotlin/resolve/calls/model/CallableReferencesCandidateFactory
instanceKlass org/jetbrains/kotlin/resolve/calls/model/LHSResult
instanceKlass org/jetbrains/kotlin/resolve/calls/tower/FakeValueArgumentForLeftCallableReference
instanceKlass org/jetbrains/kotlin/resolve/calls/model/CallableReferenceKotlinCall
instanceKlass kotlin/Result$Failure
instanceKlass kotlin/ResultKt
instanceKlass kotlin/Result$Companion
instanceKlass kotlin/Result
instanceKlass kotlin/coroutines/EmptyCoroutineContext
instanceKlass kotlin/coroutines/CoroutineContext
instanceKlass kotlin/coroutines/jvm/internal/DebugProbesKt
instanceKlass kotlin/coroutines/intrinsics/IntrinsicsKt__IntrinsicsJvmKt
instanceKlass kotlin/sequences/SequenceScope
instanceKlass kotlin/sequences/SequencesKt__SequenceBuilderKt$sequence$$inlined$Sequence$1
instanceKlass kotlin/coroutines/jvm/internal/BaseContinuationImpl
instanceKlass kotlin/coroutines/jvm/internal/CoroutineStackFrame
instanceKlass kotlin/coroutines/Continuation
instanceKlass kotlin/coroutines/jvm/internal/SuspendFunction
instanceKlass org/jetbrains/kotlin/resolve/calls/inference/model/ConstraintStorageKt$WhenMappings
instanceKlass org/jetbrains/kotlin/resolve/calls/inference/model/ConstraintStorageKt
instanceKlass org/jetbrains/kotlin/types/AbstractStubType$Companion
instanceKlass org/jetbrains/kotlin/resolve/calls/model/PartialCallContainer$Companion
instanceKlass org/jetbrains/kotlin/resolve/calls/model/PartialCallContainer
instanceKlass org/jetbrains/kotlin/resolve/calls/smartcasts/MultipleSmartCasts
instanceKlass org/jetbrains/kotlin/resolve/checkers/PrimitiveNumericComparisonInfo
instanceKlass java/util/concurrent/locks/AbstractQueuedSynchronizer$Node
instanceKlass org/jetbrains/kotlin/load/kotlin/AbstractBinaryClassAnnotationLoader$WhenMappings
instanceKlass org/jetbrains/kotlin/resolve/calls/results/ManyCandidates$WhenMappings
instanceKlass org/jetbrains/kotlin/resolve/calls/inference/components/SimpleConstraintSystemImpl
instanceKlass org/jetbrains/kotlin/resolve/calls/results/OverloadingConflictResolver$WhenMappings
instanceKlass org/jetbrains/kotlin/diagnostics/DiagnosticWithParameters2Marker
instanceKlass org/jetbrains/kotlin/resolve/deprecation/DeprecationUtilKt$WhenMappings
instanceKlass org/jetbrains/kotlin/diagnostics/WhenMissingCase
instanceKlass org/jetbrains/kotlin/resolve/jvm/JvmBindingContextSlices
instanceKlass org/jetbrains/kotlin/resolve/jvm/RuntimeAssertionsKt
instanceKlass org/jetbrains/kotlin/com/intellij/psi/util/ConstantExpressionUtil
instanceKlass org/jetbrains/kotlin/com/intellij/psi/impl/source/PsiFieldImpl$OurConstValueComputer
instanceKlass org/jetbrains/kotlin/com/intellij/psi/PsiPattern
instanceKlass org/jetbrains/kotlin/com/intellij/psi/PsiPolyadicExpression
instanceKlass org/jetbrains/kotlin/resolve/scopes/TypeIntersectionScope$Companion
instanceKlass org/jetbrains/kotlin/com/intellij/psi/util/PsiUtil$1
instanceKlass org/jetbrains/kotlin/com/intellij/util/containers/UnmodifiableHashMap
instanceKlass org/jetbrains/kotlin/com/intellij/psi/impl/PsiSubstitutorImpl$1
instanceKlass org/jetbrains/kotlin/com/intellij/psi/impl/PsiSubstitutorImpl
instanceKlass org/jetbrains/kotlin/resolve/descriptorUtil/AnnotationsWithOnly
instanceKlass org/jetbrains/kotlin/resolve/calls/model/SamConversionDescription
instanceKlass org/jetbrains/kotlin/types/expressions/unqualifiedSuper/UnqualifiedSuperKt
instanceKlass org/jetbrains/kotlin/resolve/calls/components/CompletionModeCalculator$CalculatorForNestedCall$FixationDirectionForVariable
instanceKlass org/jetbrains/kotlin/resolve/calls/components/CompletionModeCalculator$CalculatorForNestedCall$WhenMappings
instanceKlass org/jetbrains/kotlin/resolve/calls/components/CompletionModeCalculator$CalculatorForNestedCall
instanceKlass org/jetbrains/kotlin/utils/SmartList$1
instanceKlass org/jetbrains/kotlin/contracts/model/structure/ESIs
instanceKlass org/jetbrains/kotlin/util/OneElementArrayMap$iterator$1
instanceKlass org/jetbrains/kotlin/contracts/model/structure/ESOr
instanceKlass org/jetbrains/kotlin/contracts/model/structure/ESAnd
instanceKlass org/jetbrains/kotlin/contracts/model/functors/FunctorsUtilsKt
instanceKlass org/jetbrains/kotlin/resolve/calls/smartcasts/SingleSmartCast
instanceKlass org/jetbrains/kotlin/resolve/calls/smartcasts/ExplicitSmartCasts
instanceKlass org/jetbrains/kotlin/types/checker/NullabilityChecker
instanceKlass org/jetbrains/kotlin/types/checker/TypeIntersector
instanceKlass org/jetbrains/kotlin/types/checker/IntersectionTypeKt
instanceKlass org/jetbrains/kotlin/resolve/calls/tower/MemberScopeTowerLevel$approximateCapturedTypes$wrappedSubstitution$1$WhenMappings
instanceKlass org/jetbrains/kotlin/resolve/OverridingUtilsKt
instanceKlass org/jetbrains/kotlin/resolve/sam/SamConstructorTypeParameters
instanceKlass org/jetbrains/kotlin/resolve/sam/SamConstructorUtilsKt
instanceKlass org/jetbrains/kotlin/resolve/sam/SamConversionResolverKt
instanceKlass org/jetbrains/kotlin/com/intellij/psi/util/TypeConversionUtil
instanceKlass org/jetbrains/kotlin/types/expressions/LabelResolver
instanceKlass org/jetbrains/kotlin/resolve/calls/inference/model/NewConstraintSystemImpl$WhenMappings
instanceKlass org/jetbrains/kotlin/types/AbstractFlexibilityChecker
instanceKlass org/jetbrains/kotlin/resolve/calls/inference/components/ConstraintIncorporatorKt
instanceKlass org/jetbrains/kotlin/types/checker/ClassicTypeSystemContextKt$WhenMappings
instanceKlass org/jetbrains/kotlin/resolve/calls/inference/components/ConstraintIncorporator$WhenMappings
instanceKlass org/jetbrains/kotlin/resolve/deprecation/DeprecationUtilKt
instanceKlass org/jetbrains/kotlin/resolve/LateinitModifierApplicabilityChecker
instanceKlass org/jetbrains/kotlin/resolve/diagnostics/SimpleGenericDiagnostics
instanceKlass org/jetbrains/kotlin/resolve/diagnostics/DiagnosticsElementsCache
instanceKlass org/jetbrains/kotlin/resolve/diagnostics/DiagnosticsWithSuppression
instanceKlass org/jetbrains/kotlin/types/expressions/FakeCallResolver$TracingStrategyForIteratorCall
instanceKlass org/jetbrains/kotlin/types/expressions/FakeCallResolver$WhenMappings
instanceKlass org/jetbrains/kotlin/com/intellij/psi/impl/source/tree/Factory
instanceKlass org/jetbrains/kotlin/types/expressions/PreliminaryLoopVisitor$Companion
instanceKlass org/jetbrains/kotlin/resolve/constants/PrimitiveTypeUtilKt
instanceKlass org/jetbrains/kotlin/resolve/constants/IntegerLiteralTypeConstructor$Companion
instanceKlass org/jetbrains/kotlin/resolve/constants/IntegerValueTypeConstant$Companion
instanceKlass org/jetbrains/kotlin/resolve/constants/CompileTimeConstantKt
instanceKlass org/jetbrains/kotlin/utils/NumberWithRadix
instanceKlass org/jetbrains/kotlin/utils/NumbersKt
instanceKlass org/jetbrains/kotlin/resolve/constants/evaluate/OperationsMapGeneratedKt$WhenMappings
instanceKlass org/jetbrains/kotlin/resolve/constants/evaluate/OperationsMapGeneratedKt
instanceKlass org/jetbrains/kotlin/resolve/constants/evaluate/ConstantExpressionEvaluatorVisitor$OperationArgument
instanceKlass jdk/internal/math/FloatingDecimal$ASCIIToBinaryBuffer
instanceKlass jdk/internal/math/FloatingDecimal$PreparedASCIIToBinaryBuffer
instanceKlass jdk/internal/math/FloatingDecimal$ASCIIToBinaryConverter
instanceKlass jdk/internal/math/FloatingDecimal$BinaryToASCIIBuffer
instanceKlass jdk/internal/math/FloatingDecimal$ExceptionalBinaryToASCIIBuffer
instanceKlass jdk/internal/math/FloatingDecimal$BinaryToASCIIConverter
instanceKlass jdk/internal/math/FloatingDecimal
instanceKlass org/jetbrains/kotlin/com/intellij/openapi/util/text/CharFilter
instanceKlass org/jetbrains/kotlin/com/intellij/util/text/LiteralFormatUtil
instanceKlass org/jetbrains/kotlin/psi/VisitorWrappersKt
instanceKlass org/jetbrains/kotlin/descriptors/RelationToType$WhenMappings
instanceKlass org/jetbrains/kotlin/load/java/sam/JavaBasedSamConversionOracle
instanceKlass org/jetbrains/kotlin/load/java/sam/JavaBasedSamConversionResolver
instanceKlass org/jetbrains/kotlin/load/java/sam/SamAdapterDescriptor
instanceKlass org/jetbrains/kotlin/descriptors/synthetic/FunctionInterfaceAdapterDescriptor
instanceKlass org/jetbrains/kotlin/load/java/sam/JavaSingleAbstractMethodUtils$FunctionInitializer
instanceKlass org/jetbrains/kotlin/load/java/sam/JavaSingleAbstractMethodUtils
instanceKlass org/jetbrains/kotlin/resolve/sam/SamConversionResolverImplKt
instanceKlass org/jetbrains/kotlin/contracts/model/visitors/Substitutor
instanceKlass org/jetbrains/kotlin/contracts/description/ReturnsEffectDeclaration
instanceKlass org/jetbrains/kotlin/contracts/description/ConditionalEffectDeclaration
instanceKlass org/jetbrains/kotlin/contracts/interpretation/CallsEffectInterpreter
instanceKlass org/jetbrains/kotlin/contracts/interpretation/ReturnsEffectInterpreter
instanceKlass org/jetbrains/kotlin/contracts/interpretation/EffectDeclarationInterpreter
instanceKlass org/jetbrains/kotlin/contracts/interpretation/ConditionalEffectInterpreter
instanceKlass org/jetbrains/kotlin/contracts/interpretation/ConditionInterpreter
instanceKlass org/jetbrains/kotlin/contracts/description/ContractDescriptionVisitor
instanceKlass org/jetbrains/kotlin/contracts/interpretation/ConstantValuesInterpreter
instanceKlass org/jetbrains/kotlin/contracts/interpretation/ContractInterpretationDispatcher
instanceKlass org/jetbrains/kotlin/types/expressions/BasicExpressionTypingVisitor$1
instanceKlass org/jetbrains/kotlin/types/expressions/LabelResolver$LabeledReceiverResolutionResult$Companion
instanceKlass org/jetbrains/kotlin/types/expressions/LabelResolver$LabeledReceiverResolutionResult
instanceKlass org/jetbrains/kotlin/types/AbstractTypeApproximator$ApproximationResult
instanceKlass org/jetbrains/kotlin/types/DefinitelyNotNullType$Companion
instanceKlass org/jetbrains/kotlin/contracts/description/AbstractContractProvider
instanceKlass org/jetbrains/kotlin/descriptors/ContractProvider
instanceKlass org/jetbrains/kotlin/contracts/description/ContractDescription
instanceKlass org/jetbrains/kotlin/contracts/description/CallsEffectDeclaration
instanceKlass org/jetbrains/kotlin/contracts/description/EffectDeclaration
instanceKlass org/jetbrains/kotlin/contracts/description/EventOccurrencesRange$Companion
instanceKlass org/jetbrains/kotlin/contracts/description/expressions/VariableReference
instanceKlass org/jetbrains/kotlin/contracts/ContractDeserializerImpl$ContractDeserializationWorker$WhenMappings
instanceKlass org/jetbrains/kotlin/contracts/ContractDeserializerImpl$ContractDeserializationWorker
instanceKlass org/jetbrains/kotlin/load/kotlin/ModuleVisibilityUtilsKt
instanceKlass org/jetbrains/kotlin/types/expressions/SenselessComparisonChecker$WhenMappings
instanceKlass org/jetbrains/kotlin/types/expressions/SenselessComparisonChecker
instanceKlass org/jetbrains/kotlin/resolve/constants/evaluate/ConstantExpressionEvaluatorKt$WhenMappings
instanceKlass org/jetbrains/kotlin/resolve/constants/evaluate/ConstantExpressionEvaluatorKt
instanceKlass org/jetbrains/kotlin/psi/KtElementUtilsKt
instanceKlass org/jetbrains/kotlin/resolve/calls/tower/FunctionLiteralTypes
instanceKlass org/jetbrains/kotlin/resolve/calls/tower/FunctionLiteralTypes$ProcessedType
instanceKlass org/jetbrains/kotlin/resolve/calls/CommonSuperTypeUtilsKt
instanceKlass org/jetbrains/kotlin/resolve/calls/components/ReturnArgumentsInfo$Companion
instanceKlass org/jetbrains/kotlin/resolve/calls/components/ReturnArgumentsInfo
instanceKlass org/jetbrains/kotlin/types/expressions/FunctionsTypingVisitorKt
instanceKlass org/jetbrains/kotlin/types/CommonSupertypes
instanceKlass org/jetbrains/kotlin/resolve/calls/checkers/RttiExpressionInformation
instanceKlass javaslang/collection/List$Cons
instanceKlass org/jetbrains/kotlin/resolve/calls/smartcasts/DataFlowInfoImplKt
instanceKlass org/jetbrains/kotlin/types/CastDiagnosticsUtil
instanceKlass org/jetbrains/kotlin/resolve/calls/inference/ConstraintSystemImpl$WhenMappings
instanceKlass org/jetbrains/kotlin/resolve/calls/inference/ConstraintSystemImpl$status$1
instanceKlass org/jetbrains/kotlin/resolve/calls/inference/ConstraintSystemStatus
instanceKlass org/jetbrains/kotlin/resolve/calls/inference/ConstraintSystemImpl
instanceKlass org/jetbrains/kotlin/resolve/calls/inference/ConstraintSystem
instanceKlass org/jetbrains/kotlin/resolve/calls/inference/ConstraintSystemBuilderImpl$Constraint
instanceKlass org/jetbrains/kotlin/types/FunctionPlaceholderTypeConstructor
instanceKlass org/jetbrains/kotlin/types/FunctionPlaceholdersKt
instanceKlass org/jetbrains/kotlin/resolve/calls/inference/ConstraintSystemBuilderImpl$addConstraint$typeCheckingProcedure$1
instanceKlass org/jetbrains/kotlin/resolve/calls/inference/ConstraintContext
instanceKlass org/jetbrains/kotlin/resolve/calls/inference/constraintPosition/ConstraintPositionImpl
instanceKlass org/jetbrains/kotlin/resolve/calls/inference/constraintPosition/ConstraintPosition
instanceKlass org/jetbrains/kotlin/types/TypeIntersector$TypeUnifier$TypeParameterUsage
instanceKlass org/jetbrains/kotlin/types/TypeIntersector$TypeUnifier
instanceKlass org/jetbrains/kotlin/types/TypeReconstructionResult
instanceKlass org/jetbrains/kotlin/types/expressions/TypeReconstructionUtil
instanceKlass org/jetbrains/kotlin/resolve/calls/util/FunctionTypeResolveUtilsKt
instanceKlass org/jetbrains/kotlin/resolve/calls/tower/LambdaContextInfo
instanceKlass org/jetbrains/kotlin/resolve/calls/tower/KotlinResolutionCallbacksImpl$LambdaInfo$Companion
instanceKlass org/jetbrains/kotlin/resolve/calls/components/BuiltInsProviderKt
instanceKlass org/jetbrains/kotlin/resolve/calls/model/FunctionExpression
instanceKlass org/jetbrains/kotlin/resolve/SinceKotlinValue
instanceKlass org/jetbrains/kotlin/config/KotlinCompilerVersion
instanceKlass org/jetbrains/kotlin/resolve/deprecation/DeprecationResolver$WhenMappings
instanceKlass org/jetbrains/kotlin/metadata/deserialization/VersionRequirement$Companion$WhenMappings
instanceKlass org/jetbrains/kotlin/metadata/deserialization/VersionRequirement$Version$Companion
instanceKlass org/jetbrains/kotlin/metadata/deserialization/VersionRequirement$Version
instanceKlass org/jetbrains/kotlin/load/kotlin/BinaryClassAnnotationAndConstantLoaderImpl$AbstractAnnotationArgumentVisitor$visitAnnotation$1
instanceKlass org/jetbrains/kotlin/parsing/BindAll
instanceKlass org/jetbrains/kotlin/parsing/AllCommentsBinder
instanceKlass org/jetbrains/kotlin/parsing/KotlinWhitespaceAndCommentsBindersKt
instanceKlass org/jetbrains/kotlin/resolve/calls/inference/model/ConstraintSystemError
instanceKlass org/jetbrains/kotlin/resolve/calls/inference/model/NewConstraintMismatch
instanceKlass org/jetbrains/kotlin/types/expressions/DefinitelyNotNullDeprecationKt
instanceKlass org/jetbrains/kotlin/resolve/jvm/checkers/JavaNullabilityCheckerKt
instanceKlass org/jetbrains/kotlin/descriptors/impl/SyntheticFieldDescriptor$Companion
instanceKlass org/jetbrains/kotlin/resolve/multiplatform/OptionalAnnotationUtil
instanceKlass org/jetbrains/kotlin/resolve/checkers/ClassifierUsageCheckerKt
instanceKlass org/jetbrains/kotlin/resolve/ModifierCheckerHelpersKt$or$1
instanceKlass org/jetbrains/kotlin/resolve/ModifierCheckerHelpersKt$ifSupported$1
instanceKlass org/jetbrains/kotlin/resolve/ModifierCheckerHelpersKt$always$1
instanceKlass org/jetbrains/kotlin/resolve/TargetAllowedPredicate
instanceKlass org/jetbrains/kotlin/resolve/ModifierCheckerHelpersKt
instanceKlass org/jetbrains/kotlin/descriptors/EffectiveVisibilityUtilsKt$WhenMappings
instanceKlass org/jetbrains/kotlin/descriptors/DescriptorWithRelation
instanceKlass org/jetbrains/kotlin/descriptors/EffectiveVisibility$WhenMappings
instanceKlass org/jetbrains/kotlin/descriptors/EffectiveVisibilityUtilsKt
instanceKlass org/jetbrains/kotlin/descriptors/annotations/KotlinTarget$Companion$WhenMappings
instanceKlass org/jetbrains/kotlin/resolve/checkers/OptionalExpectationChecker
instanceKlass org/jetbrains/kotlin/resolve/checkers/PublishedApiUsageChecker
instanceKlass org/jetbrains/kotlin/resolve/OperatorModifierChecker
instanceKlass org/jetbrains/kotlin/resolve/jvm/JdkClassesKt
instanceKlass org/jetbrains/kotlin/resolve/jvm/checkers/BadInheritedJavaSignaturesCheckerKt
instanceKlass org/jetbrains/kotlin/resolve/AnnotationUseSiteTargetChecker
instanceKlass org/jetbrains/kotlin/types/SubstitutionUtils
instanceKlass org/jetbrains/kotlin/cfg/variable/PseudocodeVariablesData$VariablesForDeclaration
instanceKlass org/jetbrains/kotlin/cfg/pseudocode/PseudocodeUtil
instanceKlass org/jetbrains/kotlin/cfg/pseudocodeTraverser/Edges
instanceKlass org/jetbrains/kotlin/cfg/variable/PseudocodeVariablesData$ReadOnlyInitVariableControlFlowInfoImpl
instanceKlass javaslang/collection/HashSet
instanceKlass org/jetbrains/kotlin/cfg/variable/BlockScopeVariableInfoImpl
instanceKlass org/jetbrains/kotlin/cfg/variable/BlockScopeVariableInfo
instanceKlass org/jetbrains/kotlin/cfg/variable/PseudocodeVariableDataCollector
instanceKlass org/jetbrains/kotlin/cfg/ControlFlowInfo
instanceKlass org/jetbrains/kotlin/cfg/variable/VariableInitReadOnlyControlFlowInfo
instanceKlass org/jetbrains/kotlin/cfg/ReadOnlyControlFlowInfo
instanceKlass org/jetbrains/kotlin/cfg/variable/PseudocodeVariablesData$Companion
instanceKlass org/jetbrains/kotlin/cfg/variable/PseudocodeVariablesData
instanceKlass org/jetbrains/kotlin/cfg/pseudocodeTraverser/PseudocodeTraverserKt$WhenMappings
instanceKlass org/jetbrains/kotlin/cfg/pseudocodeTraverser/PseudocodeTraverserKt
instanceKlass org/jetbrains/kotlin/cfg/pseudocode/instructions/InstructionVisitor
instanceKlass org/jetbrains/kotlin/cfg/pseudocode/instructions/jumps/JumpInstruction
instanceKlass org/jetbrains/kotlin/cfg/pseudocode/PseudoValueImpl
instanceKlass org/jetbrains/kotlin/cfg/pseudocode/PseudoValue
instanceKlass org/jetbrains/kotlin/cfg/pseudocode/instructions/eval/InstructionWithReceivers
instanceKlass org/jetbrains/kotlin/cfg/pseudocode/instructions/eval/AccessTarget
instanceKlass org/jetbrains/kotlin/cfg/pseudocode/PseudocodeUtilsKt
instanceKlass org/jetbrains/kotlin/cfg/pseudocode/instructions/eval/InstructionWithValue
instanceKlass org/jetbrains/kotlin/cfg/pseudocode/instructions/InstructionImpl
instanceKlass org/jetbrains/kotlin/cfg/pseudocode/instructions/KtElementInstruction
instanceKlass org/jetbrains/kotlin/cfg/pseudocode/instructions/Instruction
instanceKlass org/jetbrains/kotlin/cfg/BlockInfo
instanceKlass org/jetbrains/kotlin/cfg/pseudocode/instructions/BlockScope
instanceKlass org/jetbrains/kotlin/cfg/pseudocode/PseudoValueFactoryImpl
instanceKlass org/jetbrains/kotlin/cfg/pseudocode/PseudoValueFactory
instanceKlass org/jetbrains/kotlin/cfg/pseudocode/PseudocodeLabel
instanceKlass org/jetbrains/kotlin/cfg/Label
instanceKlass org/jetbrains/kotlin/com/intellij/util/containers/BidirectionalMap
instanceKlass org/jetbrains/kotlin/cfg/pseudocode/PseudocodeImpl
instanceKlass org/jetbrains/kotlin/cfg/pseudocode/Pseudocode
instanceKlass org/jetbrains/kotlin/cfg/pseudocode/ControlFlowInstructionsGenerator$ControlFlowInstructionsGeneratorWorker
instanceKlass org/jetbrains/kotlin/cfg/ControlFlowBuilderAdapter
instanceKlass org/jetbrains/kotlin/cfg/ControlFlowBuilder
instanceKlass org/jetbrains/kotlin/cfg/ControlFlowProcessor
instanceKlass org/jetbrains/kotlin/cfg/ControlFlowInformationProviderImpl$Companion
instanceKlass org/jetbrains/kotlin/cfg/ControlFlowInformationProviderImpl
instanceKlass org/jetbrains/kotlin/resolve/calls/model/ResolvedCallImpl
instanceKlass org/jetbrains/kotlin/types/expressions/OperatorConventions
instanceKlass org/jetbrains/kotlin/resolve/calls/smartcasts/SmartCastReceiverValue
instanceKlass org/jetbrains/kotlin/resolve/calls/smartcasts/SmartCastUtilKt
instanceKlass kotlin/properties/NotNullVar
instanceKlass org/jetbrains/kotlin/synthetic/JavaSyntheticPropertiesScope$MyPropertyDescriptor$Companion
instanceKlass org/jetbrains/kotlin/synthetic/SyntheticExtensionsUtilsKt
instanceKlass org/jetbrains/kotlin/types/expressions/LocalClassDescriptorHolder$getClassDescriptor$2$declarationProviderFactory$1
instanceKlass org/jetbrains/kotlin/types/expressions/LocalClassDescriptorHolder$getClassDescriptor$2
instanceKlass org/jetbrains/kotlin/platform/PlatformSpecificDiagnosticComponents$Default
instanceKlass org/jetbrains/kotlin/resolve/deprecation/DeprecationSettings$Default
instanceKlass org/jetbrains/kotlin/resolve/lazy/FileScopeProvider$ThrowException
instanceKlass org/jetbrains/kotlin/resolve/lazy/NoTopLevelDescriptorProvider
instanceKlass org/jetbrains/kotlin/types/expressions/LocalClassDescriptorHolder
instanceKlass org/jetbrains/kotlin/context/ModuleContextImpl
instanceKlass org/jetbrains/kotlin/resolve/ObservableBindingTrace$RecordHandler
instanceKlass org/jetbrains/kotlin/resolve/calls/smartcasts/IdentifierInfo$NULL
instanceKlass org/jetbrains/kotlin/resolve/annotations/AnnotationUtilKt
instanceKlass org/jetbrains/kotlin/resolve/deprecation/DeprecatedByAnnotation$Companion
instanceKlass org/jetbrains/kotlin/resolve/calls/inference/components/NewTypeSubstitutorKt$createCompositeSubstitutor$1
instanceKlass org/jetbrains/kotlin/resolve/calls/inference/components/NewTypeSubstitutorKt
instanceKlass javaslang/ValueModule
instanceKlass org/jetbrains/kotlin/resolve/BodyResolver$2
instanceKlass org/jetbrains/kotlin/load/java/typeEnhancement/EnhancedTypeAnnotationDescriptor
instanceKlass org/jetbrains/kotlin/resolve/source/PsiSourceFile
instanceKlass org/jetbrains/kotlin/descriptors/SourceFile
instanceKlass org/jetbrains/kotlin/name/NameUtils
instanceKlass org/jetbrains/kotlin/load/kotlin/PackagePartClassUtils
instanceKlass org/jetbrains/kotlin/fileClasses/JvmSimpleFileClassInfo
instanceKlass org/jetbrains/kotlin/fileClasses/JvmFileClassInfo
instanceKlass org/jetbrains/kotlin/fileClasses/JvmFileClassUtil
instanceKlass org/jetbrains/kotlin/resolve/calls/inference/CallHandle$NONE
instanceKlass org/jetbrains/kotlin/resolve/calls/inference/CallHandle
instanceKlass org/jetbrains/kotlin/resolve/calls/results/FlatSignatureKt
instanceKlass org/jetbrains/kotlin/resolve/OverloadabilitySpecificityCallbacks
instanceKlass org/jetbrains/kotlin/resolve/calls/results/TypeWithConversion
instanceKlass org/jetbrains/kotlin/resolve/calls/results/FlatSignatureUtilsKt
instanceKlass org/jetbrains/kotlin/resolve/calls/results/FlatSignature$Companion
instanceKlass org/jetbrains/kotlin/resolve/calls/results/FlatSignature
instanceKlass org/jetbrains/kotlin/resolve/VarianceCheckerCore$WhenMappings
instanceKlass org/jetbrains/kotlin/types/EnrichedProjectionKind$Companion$WhenMappings
instanceKlass org/jetbrains/kotlin/types/EnrichedProjectionKind$Companion
instanceKlass org/jetbrains/kotlin/resolve/typeBinding/TypeArgumentBindingImpl
instanceKlass org/jetbrains/kotlin/resolve/typeBinding/TypeArgumentBinding
instanceKlass org/jetbrains/kotlin/resolve/typeBinding/ExplicitTypeBinding
instanceKlass org/jetbrains/kotlin/resolve/typeBinding/TypeBinding
instanceKlass org/jetbrains/kotlin/resolve/typeBinding/TypeBindingKt
instanceKlass org/jetbrains/kotlin/resolve/checkers/ConfusingWhenBranchSyntaxChecker
instanceKlass org/jetbrains/kotlin/cfg/WhenOnExpectExhaustivenessChecker
instanceKlass org/jetbrains/kotlin/cfg/WhenOnNullableExhaustivenessChecker
instanceKlass org/jetbrains/kotlin/resolve/calls/NewCommonSuperTypeCalculator
instanceKlass org/jetbrains/kotlin/resolve/calls/inference/components/ResultTypeResolver$sinkIntegerLiteralTypes$$inlined$sortedBy$1
instanceKlass org/jetbrains/kotlin/descriptors/ConstUtil
instanceKlass org/jetbrains/kotlin/diagnostics/DiagnosticWithParameters3Marker
instanceKlass org/jetbrains/kotlin/resolve/calls/tower/ErrorCandidate
instanceKlass org/jetbrains/kotlin/resolve/StatementFilterKt
instanceKlass org/jetbrains/kotlin/types/expressions/ControlStructureTypingUtils$ThrowingOnErrorTracingStrategy
instanceKlass org/jetbrains/kotlin/com/google/common/primitives/IntsMethodsForWeb
instanceKlass org/jetbrains/kotlin/types/expressions/ControlStructureTypingUtils$1
instanceKlass org/jetbrains/kotlin/com/intellij/psi/impl/source/codeStyle/CodeEditUtil
instanceKlass org/jetbrains/kotlin/contracts/model/structure/ValuesKt
instanceKlass org/jetbrains/kotlin/contracts/model/structure/ESEqual
instanceKlass org/jetbrains/kotlin/contracts/model/ESOperator
instanceKlass org/jetbrains/kotlin/contracts/model/AbstractFunctor
instanceKlass org/jetbrains/kotlin/contracts/model/Functor
instanceKlass org/jetbrains/kotlin/resolve/calls/smartcasts/IdentifierInfo$SafeCast
instanceKlass org/jetbrains/kotlin/resolve/calls/smartcasts/Nullability$1
instanceKlass org/jetbrains/kotlin/resolve/calls/smartcasts/IdentifierInfo$EnumEntry
instanceKlass org/jetbrains/kotlin/types/EnumCompatibilityCheckerKt
instanceKlass org/jetbrains/kotlin/types/TypeIntersector
instanceKlass org/jetbrains/kotlin/resolve/calls/tower/PSIErrorCallInfo
instanceKlass org/jetbrains/kotlin/resolve/calls/components/ErrorCallInfo
instanceKlass org/jetbrains/kotlin/diagnostics/AbstractDiagnostic
instanceKlass org/jetbrains/kotlin/diagnostics/DiagnosticWithParameters1Marker
instanceKlass org/jetbrains/kotlin/resolve/calls/tower/ErrorCandidateFactoryKt$WhenMappings
instanceKlass org/jetbrains/kotlin/resolve/calls/tower/ErrorCandidateContext
instanceKlass org/jetbrains/kotlin/resolve/calls/tower/ErrorCandidateFactoryKt
instanceKlass org/jetbrains/kotlin/resolve/calls/tower/PSICallResolver$WhenMappings
instanceKlass kotlin/jvm/internal/EnumCompanionObject
instanceKlass org/jetbrains/kotlin/resolve/calls/smartcasts/ConditionalDataFlowInfo$Companion
instanceKlass org/jetbrains/kotlin/types/expressions/PatternMatchingTypingVisitor$Subject
instanceKlass org/jetbrains/kotlin/psi/psiUtil/ReservedCheckingKt
instanceKlass org/jetbrains/kotlin/cfg/WhenOnClassExhaustivenessChecker
instanceKlass org/jetbrains/kotlin/cfg/WhenOnBooleanExhaustivenessChecker
instanceKlass org/jetbrains/kotlin/cfg/WhenExhaustivenessChecker
instanceKlass org/jetbrains/kotlin/cfg/WhenChecker
instanceKlass org/jetbrains/kotlin/resolve/calls/CallExpressionResolver$elementChain$1$WhenMappings
instanceKlass org/jetbrains/kotlin/contracts/ESDataFlowValue
instanceKlass org/jetbrains/kotlin/types/RangeUtilKt
instanceKlass org/jetbrains/kotlin/load/kotlin/AbstractBinaryClassAnnotationAndConstantLoader$loadAnnotationsAndInitializers$1$MemberAnnotationVisitor
instanceKlass org/jetbrains/kotlin/load/kotlin/KotlinJvmBinaryClass$MethodAnnotationVisitor
instanceKlass org/jetbrains/kotlin/load/kotlin/AbstractBinaryClassAnnotationAndConstantLoader$loadAnnotationsAndInitializers$1
instanceKlass org/jetbrains/kotlin/load/kotlin/KotlinJvmBinaryClass$MemberVisitor
instanceKlass org/jetbrains/kotlin/metadata/jvm/deserialization/JvmMemberSignature
instanceKlass org/jetbrains/kotlin/metadata/jvm/deserialization/ClassMapperLite
instanceKlass org/jetbrains/kotlin/load/kotlin/MemberSignature$Companion
instanceKlass org/jetbrains/kotlin/resolve/calls/results/OverloadResolutionResultsUtil
instanceKlass org/jetbrains/kotlin/contracts/ContextInfoToDataFlowInfoKt
instanceKlass org/jetbrains/kotlin/contracts/model/MutableContextInfo$Companion
instanceKlass org/jetbrains/kotlin/contracts/model/MutableContextInfo
instanceKlass org/jetbrains/kotlin/contracts/model/visitors/InfoCollector
instanceKlass org/jetbrains/kotlin/contracts/model/structure/UNKNOWN_COMPUTATION
instanceKlass org/jetbrains/kotlin/contracts/description/ContractProviderKey
instanceKlass org/jetbrains/kotlin/contracts/model/structure/CallComputation
instanceKlass org/jetbrains/kotlin/contracts/model/structure/TypesKt
instanceKlass org/jetbrains/kotlin/contracts/model/ESTypeSubstitution$Companion
instanceKlass org/jetbrains/kotlin/contracts/model/ESTypeSubstitution
instanceKlass org/jetbrains/kotlin/contracts/model/visitors/Reducer
instanceKlass org/jetbrains/kotlin/contracts/model/ESExpressionVisitor
instanceKlass org/jetbrains/kotlin/contracts/model/structure/ESType
instanceKlass org/jetbrains/kotlin/contracts/description/expressions/BooleanConstantReference$Companion
instanceKlass org/jetbrains/kotlin/contracts/description/expressions/ConstantReference$Companion
instanceKlass org/jetbrains/kotlin/contracts/description/expressions/ConstantReference
instanceKlass org/jetbrains/kotlin/contracts/description/expressions/ContractDescriptionValue
instanceKlass org/jetbrains/kotlin/contracts/description/BooleanExpression
instanceKlass org/jetbrains/kotlin/contracts/description/ContractDescriptionElement
instanceKlass org/jetbrains/kotlin/contracts/model/structure/AbstractESValue
instanceKlass org/jetbrains/kotlin/contracts/model/ESValue
instanceKlass org/jetbrains/kotlin/contracts/model/ESExpression
instanceKlass org/jetbrains/kotlin/contracts/model/Computation
instanceKlass org/jetbrains/kotlin/contracts/model/structure/ESConstants
instanceKlass org/jetbrains/kotlin/contracts/model/ESEffect
instanceKlass org/jetbrains/kotlin/resolve/calls/tower/InvokeProcessorsKt
instanceKlass org/jetbrains/kotlin/resolve/calls/tower/AbstractInvokeTowerProcessor$VariableInvokeProcessor
instanceKlass org/jetbrains/kotlin/parsing/BindFirstShebangWithWhitespaceOnly
instanceKlass org/jetbrains/kotlin/psi/KtPsiFactory
instanceKlass org/jetbrains/kotlin/resolve/calls/CallTransformer
instanceKlass org/jetbrains/kotlin/resolve/calls/tower/AbstractInvokeTowerProcessor
instanceKlass org/jetbrains/kotlin/resolve/calls/tower/PSICallResolver$FactoryProviderForInvoke
instanceKlass org/jetbrains/kotlin/resolve/calls/tower/CandidateFactoryProviderForInvoke
instanceKlass org/jetbrains/kotlin/resolve/calls/tower/SimpleTypeArgumentImpl
instanceKlass org/jetbrains/kotlin/resolve/calls/model/SimpleTypeArgument
instanceKlass org/jetbrains/kotlin/resolve/calls/model/TypeArgument
instanceKlass org/jetbrains/kotlin/resolve/calls/smartcasts/IdentifierInfo$Qualified
instanceKlass org/jetbrains/kotlin/resolve/calls/DslMarkerUtils$DslMarkersFromReceiver
instanceKlass org/jetbrains/kotlin/resolve/calls/DslMarkerUtilsKt
instanceKlass org/jetbrains/kotlin/resolve/calls/DslMarkerUtils
instanceKlass kotlin/sequences/SequencesKt___SequencesKt$asIterable$$inlined$Iterable$1
instanceKlass org/jetbrains/kotlin/synthetic/JavaSyntheticPropertiesScope$SyntheticPropertyHolder$Companion
instanceKlass org/jetbrains/kotlin/synthetic/JavaSyntheticPropertiesScope$SyntheticPropertyHolder
instanceKlass org/jetbrains/kotlin/resolve/calls/smartcasts/IdentifierInfo$Receiver
instanceKlass org/jetbrains/kotlin/resolve/FunctionDescriptorUtil
instanceKlass org/jetbrains/kotlin/com/google/common/collect/Collections2
instanceKlass org/jetbrains/kotlin/resolve/OverrideResolver$CollectErrorInformationForInheritedMembersStrategy
instanceKlass org/jetbrains/kotlin/resolve/OverrideResolver$CheckInheritedSignaturesReportStrategy
instanceKlass org/jetbrains/kotlin/resolve/OverrideResolver$checkOverrideForMember$1
instanceKlass org/jetbrains/kotlin/resolve/OverrideResolver$CheckOverrideReportForDeclaredMemberStrategy
instanceKlass org/jetbrains/kotlin/resolve/OverrideResolver$CheckOverrideReportStrategy
instanceKlass org/jetbrains/kotlin/com/google/common/collect/AbstractMapBasedMultimap$KeySet$1
instanceKlass org/jetbrains/kotlin/resolve/lazy/data/KtScriptInfo
instanceKlass org/jetbrains/kotlin/com/google/common/collect/AbstractMapBasedMultimap$AsMap$AsMapIterator
instanceKlass org/jetbrains/kotlin/codegen/binding/CodegenBinding
instanceKlass org/jetbrains/kotlin/builtins/jvm/JvmBuiltInsCustomizer$WhenMappings
instanceKlass org/jetbrains/kotlin/types/checker/SubtypePathNode
instanceKlass org/jetbrains/kotlin/types/checker/UtilsKt
instanceKlass org/jetbrains/kotlin/types/checker/TypeCheckerProcedureCallbacksImpl
instanceKlass org/jetbrains/kotlin/types/checker/TypeCheckingProcedureCallbacks
instanceKlass org/jetbrains/kotlin/types/checker/TypeCheckingProcedure
instanceKlass org/jetbrains/kotlin/load/java/ClassicBuiltinSpecialProperties
instanceKlass org/jetbrains/kotlin/resolve/jvm/kotlinSignature/SignaturesPropagationData$VarargCheckResult
instanceKlass org/jetbrains/kotlin/resolve/jvm/kotlinSignature/SignaturesPropagationData$TypeAndName
instanceKlass org/jetbrains/kotlin/codegen/state/InfoForMangling
instanceKlass org/jetbrains/kotlin/resolve/jvm/AsmTypes$1
instanceKlass org/jetbrains/kotlin/resolve/jvm/AsmTypes
instanceKlass org/jetbrains/kotlin/util/Check$DefaultImpls
instanceKlass org/jetbrains/kotlin/builtins/jvm/MappingUtilKt
instanceKlass org/jetbrains/kotlin/load/java/components/JavaResolverCache$1
instanceKlass org/jetbrains/kotlin/descriptors/deserialization/PlatformDependentDeclarationFilter$All
instanceKlass org/jetbrains/kotlin/builtins/jvm/FallbackBuiltIns$Companion
instanceKlass org/jetbrains/kotlin/descriptors/deserialization/PlatformDependentDeclarationFilterKt
instanceKlass org/jetbrains/kotlin/resolve/CompileTimeConstantUtils
instanceKlass org/jetbrains/kotlin/resolve/constants/KClassValue$Value
instanceKlass org/jetbrains/kotlin/resolve/constants/ClassLiteralValue
instanceKlass org/jetbrains/kotlin/resolve/constants/KClassValue$Companion
instanceKlass org/jetbrains/kotlin/types/AbstractTypeApproximator$WhenMappings
instanceKlass kotlin/collections/builders/ListBuilder$Itr
instanceKlass kotlin/jvm/internal/markers/KMutableListIterator
instanceKlass kotlin/collections/MapWithDefault
instanceKlass org/jetbrains/kotlin/resolve/calls/inference/components/VariableFixationFinder$WhenMappings
instanceKlass org/jetbrains/kotlin/types/model/TypeSystemContextHelpersKt
instanceKlass org/jetbrains/kotlin/resolve/calls/inference/model/MutableVariableWithConstraints$WhenMappings
instanceKlass org/jetbrains/kotlin/descriptors/DeclarationDescriptorWithNavigationSubstitute
instanceKlass org/jetbrains/kotlin/resolve/calls/results/OverloadingConflictResolver$filterOutEquivalentCalls$$inlined$sortedBy$1
instanceKlass org/jetbrains/kotlin/resolve/calls/inference/components/VariableFixationFinderKt
instanceKlass org/jetbrains/kotlin/types/model/MarkerExtensionsKt
instanceKlass org/jetbrains/kotlin/resolve/calls/inference/components/ConstraintContext
instanceKlass org/jetbrains/kotlin/types/checker/ClassicTypeSystemContextKt
instanceKlass org/jetbrains/kotlin/resolve/calls/inference/model/MutableVariableWithConstraints
instanceKlass org/jetbrains/kotlin/resolve/calls/inference/model/TypeVariableKt
instanceKlass org/jetbrains/kotlin/resolve/calls/inference/model/TypeVariableTypeConstructor
instanceKlass org/jetbrains/kotlin/resolve/calls/inference/model/NewTypeVariable
instanceKlass org/jetbrains/kotlin/resolve/calls/tower/StubTypesBasedInferenceSession
instanceKlass org/jetbrains/kotlin/types/expressions/DoubleColonExpressionResolverKt
instanceKlass org/jetbrains/kotlin/types/expressions/DoubleColonExpressionResolver$ReservedDoubleColonLHSResolutionResult
instanceKlass org/jetbrains/kotlin/types/expressions/DoubleColonExpressionResolver$LHSResolutionResult
instanceKlass org/jetbrains/kotlin/resolve/ArrayFqNames
instanceKlass org/jetbrains/kotlin/resolve/calls/util/CallMaker$ExpressionValueArgument
instanceKlass org/jetbrains/kotlin/resolve/CollectionLiteralResolver$WhenMappings
instanceKlass org/jetbrains/kotlin/resolve/calls/model/CollectionLiteralKotlinCallArgument
instanceKlass org/jetbrains/kotlin/resolve/scopes/receivers/ImplicitContextReceiver
instanceKlass org/jetbrains/kotlin/resolve/calls/smartcasts/DataFlowValueKindUtilsKt
instanceKlass org/jetbrains/kotlin/resolve/calls/smartcasts/IdentifierInfo$Variable
instanceKlass org/jetbrains/kotlin/descriptors/ConstUtilKt
instanceKlass org/jetbrains/kotlin/resolve/scopes/receivers/TypeParameterQualifier
instanceKlass org/jetbrains/kotlin/resolve/QualifiedExpressionResolveUtilKt
instanceKlass org/jetbrains/kotlin/resolve/TraceEntryFilter
instanceKlass org/jetbrains/kotlin/resolve/calls/smartcasts/IdentifierInfo$PackageOrClass
instanceKlass org/jetbrains/kotlin/resolve/calls/checkers/CoroutineCallCheckerKt
instanceKlass org/jetbrains/kotlin/types/AlternativeTypeSubstitutionKt$substituteAlternativesInPublicType$substitutor$1
instanceKlass org/jetbrains/kotlin/types/AlternativeTypeSubstitutionKt
instanceKlass org/jetbrains/kotlin/types/expressions/PreliminaryDeclarationVisitor$Companion
instanceKlass org/jetbrains/kotlin/resolve/scopes/receivers/SuperCallReceiverValue
instanceKlass org/jetbrains/kotlin/resolve/calls/model/ReceiverExpressionKotlinCallArgument$Companion
instanceKlass org/jetbrains/kotlin/resolve/calls/tower/PrioritizedCompositeScopeTowerProcessor
instanceKlass org/jetbrains/kotlin/resolve/calls/CallExpressionElement
instanceKlass org/jetbrains/kotlin/load/kotlin/KotlinJvmBinaryPackageSourceElement
instanceKlass org/jetbrains/kotlin/resolve/calls/model/SimpleCandidateFactory$WhenMappings
instanceKlass org/jetbrains/kotlin/resolve/calls/tower/CandidateWithBoundDispatchReceiver
instanceKlass org/jetbrains/kotlin/resolve/calls/util/IsFromStdlibJre7Or8Kt
instanceKlass org/jetbrains/kotlin/resolve/calls/tower/TowerLevelsKt
instanceKlass org/jetbrains/kotlin/resolve/scopes/MemberScopeKt
instanceKlass org/jetbrains/kotlin/resolve/scopes/DeprecatedLexicalScope
instanceKlass org/jetbrains/kotlin/resolve/calls/tower/AbstractScopeTowerLevel
instanceKlass org/jetbrains/kotlin/resolve/calls/tower/ScopeTowerLevel
instanceKlass org/jetbrains/kotlin/resolve/calls/tower/TowerResolver$Task
instanceKlass org/jetbrains/kotlin/resolve/calls/tower/AbstractSimpleScopeTowerProcessor
instanceKlass org/jetbrains/kotlin/resolve/calls/tower/SimpleScopeTowerProcessor
instanceKlass org/jetbrains/kotlin/resolve/calls/tower/VariableAndObjectScopeTowerProcessor
instanceKlass org/jetbrains/kotlin/resolve/calls/tower/ScopeTowerProcessorsKt
instanceKlass org/jetbrains/kotlin/resolve/calls/KotlinCallResolver$WhenMappings
instanceKlass org/jetbrains/kotlin/resolve/calls/util/CallMaker$CallImpl
instanceKlass org/jetbrains/kotlin/resolve/calls/context/TemporaryResolutionResultsCache
instanceKlass org/jetbrains/kotlin/resolve/calls/CallExpressionUnrollerKt
instanceKlass org/jetbrains/kotlin/load/java/ErasedOverridabilityCondition$WhenMappings
instanceKlass org/jetbrains/kotlin/load/java/lazy/types/RawSubstitution$Companion
instanceKlass org/jetbrains/kotlin/resolve/jvm/jvmSignature/JvmMethodParameterSignature
instanceKlass org/jetbrains/kotlin/codegen/AsmUtil
instanceKlass org/jetbrains/kotlin/load/kotlin/TypeMappingMode$WhenMappings
instanceKlass org/jetbrains/kotlin/load/java/components/JavaAnnotationTargetMapper
instanceKlass org/jetbrains/kotlin/builtins/KotlinBuiltIns$Primitives
instanceKlass org/jetbrains/kotlin/resolve/jvm/jvmSignature/KotlinToJvmSignatureMapperKt
instanceKlass org/jetbrains/kotlin/resolve/jvm/InlineClassManglingRulesKt
instanceKlass org/jetbrains/kotlin/resolve/jvm/jvmSignature/JvmMethodSignature
instanceKlass org/jetbrains/org/objectweb/asm/commons/Method
instanceKlass org/jetbrains/kotlin/codegen/state/InlineClassManglingUtilsKt
instanceKlass org/jetbrains/kotlin/descriptors/ScriptDescriptor
instanceKlass org/jetbrains/kotlin/load/java/SpecialBuiltinMembers
instanceKlass org/jetbrains/kotlin/codegen/AccessorForCallableDescriptor
instanceKlass org/jetbrains/kotlin/codegen/state/KotlinTypeMapper$WhenMappings
instanceKlass org/jetbrains/kotlin/codegen/signature/AsmTypeFactory
instanceKlass org/jetbrains/kotlin/load/kotlin/JvmDescriptorTypeWriter
instanceKlass org/jetbrains/kotlin/codegen/JvmCodegenUtil
instanceKlass org/jetbrains/kotlin/codegen/coroutines/CoroutineCodegenUtilKt$INITIAL_SUSPEND_DESCRIPTOR_FOR_INVOKE_SUSPEND$1
instanceKlass org/jetbrains/kotlin/codegen/coroutines/CoroutineCodegenUtilKt$INITIAL_DESCRIPTOR_FOR_SUSPEND_FUNCTION$1
instanceKlass org/jetbrains/kotlin/codegen/CodegenUtilKt
instanceKlass org/jetbrains/kotlin/codegen/coroutines/CoroutineCodegenUtilKt
instanceKlass org/jetbrains/kotlin/resolve/ImportedFromObjectCallableDescriptor
instanceKlass org/jetbrains/kotlin/codegen/OwnerKind$Companion
instanceKlass org/jetbrains/kotlin/resolve/scopes/DescriptorKindExclude
instanceKlass org/jetbrains/kotlin/resolve/calls/model/VarargValueArgument
instanceKlass org/jetbrains/kotlin/builtins/functions/FunctionClassDescriptor$Companion
instanceKlass org/jetbrains/kotlin/builtins/FunctionInterfacePackageFragment
instanceKlass org/jetbrains/kotlin/builtins/functions/FunctionClassKind$Companion$KindWithArity
instanceKlass org/jetbrains/kotlin/descriptors/annotations/BuiltInAnnotationDescriptor
instanceKlass org/jetbrains/kotlin/types/TypeAliasExpansionReportStrategy$DO_NOTHING
instanceKlass org/jetbrains/kotlin/types/TypeAliasExpander$Companion
instanceKlass org/jetbrains/kotlin/types/TypeAliasExpander
instanceKlass org/jetbrains/kotlin/types/TypeAliasExpansion$Companion
instanceKlass org/jetbrains/kotlin/types/TypeAliasExpansion
instanceKlass org/jetbrains/kotlin/resolve/TypeResolver$TracingTypeAliasExpansionReportStrategy
instanceKlass org/jetbrains/kotlin/types/TypeAliasExpansionReportStrategy
instanceKlass org/jetbrains/kotlin/descriptors/impl/TypeAliasConstructorDescriptorImpl$Companion
instanceKlass org/jetbrains/kotlin/descriptors/impl/AbstractTypeAliasDescriptor$typeConstructor$1
instanceKlass org/jetbrains/kotlin/descriptors/annotations/AnnotationsImpl
instanceKlass org/jetbrains/kotlin/serialization/deserialization/AnnotationDeserializer$WhenMappings
instanceKlass org/jetbrains/kotlin/load/java/lazy/descriptors/JavaDescriptorUtilKt
instanceKlass org/jetbrains/kotlin/descriptors/impl/PropertyDescriptorImpl$CopyConfiguration
instanceKlass org/jetbrains/kotlin/resolve/scopes/ScopeUtils
instanceKlass org/jetbrains/kotlin/resolve/VariableAsPropertyInfo$Companion
instanceKlass org/jetbrains/kotlin/resolve/VariableAsPropertyInfo
instanceKlass org/jetbrains/kotlin/resolve/lazy/descriptors/ClassResolutionScopesSupportKt
instanceKlass org/jetbrains/kotlin/com/intellij/psi/ExternallyDefinedPsiElement
instanceKlass org/jetbrains/kotlin/com/intellij/psi/impl/compiled/ClsJavaCodeReferenceElementImpl$Resolver
instanceKlass org/jetbrains/kotlin/resolve/constants/CompileTimeConstantChecker
instanceKlass org/jetbrains/kotlin/resolve/constants/UnsignedErrorValueTypeConstant
instanceKlass org/jetbrains/kotlin/parsing/ParseUtilsKt
instanceKlass org/jetbrains/kotlin/resolve/constants/IntegerValueTypeConstant
instanceKlass org/jetbrains/kotlin/resolve/jvm/RuntimeAssertionsDataFlowExtras
instanceKlass org/jetbrains/kotlin/resolve/jvm/RuntimeAssertionInfo$DataFlowExtras
instanceKlass org/jetbrains/kotlin/resolve/jvm/RuntimeAssertionInfo$Companion
instanceKlass org/jetbrains/kotlin/resolve/jvm/RuntimeAssertionInfo
instanceKlass org/jetbrains/kotlin/resolve/ImplicitIntegerCoercionKt
instanceKlass org/jetbrains/kotlin/resolve/ImplicitIntegerCoercion
instanceKlass org/jetbrains/kotlin/resolve/calls/tower/NewAbstractResolvedCall$getDataFlowInfoForArguments$1
instanceKlass org/jetbrains/kotlin/resolve/calls/model/ArgumentMatchImpl
instanceKlass org/jetbrains/kotlin/resolve/calls/model/ArgumentMatch
instanceKlass org/jetbrains/kotlin/resolve/calls/model/ArgumentMapping
instanceKlass org/jetbrains/kotlin/resolve/calls/tower/EmptyLabeledReturn
instanceKlass org/jetbrains/kotlin/resolve/calls/model/QualifierReceiverKotlinCallArgument
instanceKlass org/jetbrains/kotlin/resolve/calls/model/ReceiverExpressionKotlinCallArgument
instanceKlass org/jetbrains/kotlin/resolve/calls/model/TransformableToWarning
instanceKlass org/jetbrains/kotlin/resolve/descriptorUtil/AnnotationsForResolveKt
instanceKlass org/jetbrains/kotlin/resolve/descriptorUtil/AnnotationsForResolveUtilsKt
instanceKlass org/jetbrains/kotlin/resolve/calls/inference/BuilderInferenceUtilKt
instanceKlass org/jetbrains/kotlin/resolve/calls/inference/model/InitialConstraint
instanceKlass org/jetbrains/kotlin/resolve/calls/inference/ConstraintSystemBuilderKt$addConstraintIfCompatible$1$WhenMappings
instanceKlass org/jetbrains/kotlin/resolve/calls/inference/ConstraintSystemBuilderKt
instanceKlass org/jetbrains/kotlin/resolve/calls/components/SimpleArgumentsChecksKt
instanceKlass org/jetbrains/kotlin/resolve/calls/components/PostponeArgumentsChecksKt
instanceKlass org/jetbrains/kotlin/builtins/UnsignedTypes
instanceKlass org/jetbrains/kotlin/resolve/calls/components/UnitTypeConversions
instanceKlass org/jetbrains/kotlin/resolve/calls/components/SuspendTypeConversions
instanceKlass org/jetbrains/kotlin/resolve/calls/components/TypeConversions$ConversionData
instanceKlass org/jetbrains/kotlin/resolve/calls/components/SamTypeConversions
instanceKlass org/jetbrains/kotlin/resolve/calls/components/ParameterTypeConversion
instanceKlass org/jetbrains/kotlin/resolve/calls/components/TypeConversions
instanceKlass org/jetbrains/kotlin/resolve/calls/components/ResolutionPartsKt
instanceKlass org/jetbrains/kotlin/resolve/calls/components/ReceiverInfo$Companion
instanceKlass org/jetbrains/kotlin/resolve/calls/components/ReceiverInfo
instanceKlass org/jetbrains/kotlin/resolve/calls/model/KotlinCallDiagnostic
instanceKlass org/jetbrains/kotlin/resolve/calls/model/SubKotlinCallArgument
instanceKlass org/jetbrains/kotlin/resolve/calls/model/LambdaKotlinCallArgument
instanceKlass org/jetbrains/kotlin/resolve/calls/model/ExpressionKotlinCallArgument
instanceKlass org/jetbrains/kotlin/resolve/scopes/receivers/QualifierReceiverKt
instanceKlass javaslang/Tuple2
instanceKlass javaslang/Tuple
instanceKlass javaslang/collection/IteratorModule$EmptyIterator
instanceKlass javaslang/collection/AbstractIterator
instanceKlass javaslang/collection/List$Nil
instanceKlass javaslang/collection/List
instanceKlass javaslang/collection/Stack
instanceKlass javaslang/collection/Queue
instanceKlass javaslang/collection/LinearSeq
instanceKlass javaslang/collection/LinkedHashMap
instanceKlass javaslang/collection/LinkedHashSet
instanceKlass org/jetbrains/kotlin/resolve/calls/smartcasts/DataFlowValueKt
instanceKlass org/jetbrains/kotlin/resolve/calls/smartcasts/IdentifierInfo$Expression
instanceKlass org/jetbrains/kotlin/resolve/calls/smartcasts/IdentifierInfo$ERROR
instanceKlass org/jetbrains/kotlin/resolve/calls/smartcasts/DataFlowValue$Companion
instanceKlass org/jetbrains/kotlin/resolve/calls/smartcasts/IdentifierInfo$NO
instanceKlass org/jetbrains/kotlin/resolve/calls/smartcasts/IdentifierInfo
instanceKlass org/jetbrains/kotlin/resolve/calls/smartcasts/IdentifierInfoKt
instanceKlass org/jetbrains/kotlin/resolve/scopes/receivers/ExpressionReceiver$Companion
instanceKlass org/jetbrains/kotlin/resolve/calls/util/PsiUtilsKt
instanceKlass org/jetbrains/kotlin/util/IncrementalTrackerUtilKt
instanceKlass org/jetbrains/kotlin/resolve/constants/CompileTimeConstant$DefaultImpls
instanceKlass org/jetbrains/kotlin/resolve/constants/TypedCompileTimeConstant
instanceKlass org/jetbrains/kotlin/resolve/constants/CompileTimeConstant$Parameters
instanceKlass org/jetbrains/kotlin/types/expressions/typeInfoFactory/TypeInfoFactoryKt
instanceKlass org/jetbrains/kotlin/resolve/calls/tower/NewCallArgumentsKt
instanceKlass org/jetbrains/kotlin/psi/KtPsiUtil$KtExpressionWrapper
instanceKlass java/util/RegularEnumSet$EnumSetIterator
instanceKlass java/util/stream/AbstractSpinedBuffer
instanceKlass java/util/stream/Node$Builder
instanceKlass java/util/stream/Node$OfDouble
instanceKlass java/util/stream/Node$OfLong
instanceKlass java/util/stream/Node$OfInt
instanceKlass java/util/stream/Node$OfPrimitive
instanceKlass java/util/stream/Nodes$EmptyNode
instanceKlass java/util/stream/Node
instanceKlass java/util/stream/Nodes
instanceKlass org/jetbrains/kotlin/one/util/streamex/StreamContext
instanceKlass java/util/HashMap$HashMapSpliterator
instanceKlass java/util/stream/DoubleStream
instanceKlass java/util/stream/LongStream
instanceKlass org/jetbrains/kotlin/one/util/streamex/Internals$CloneableSpliterator
instanceKlass org/jetbrains/kotlin/one/util/streamex/BaseStreamEx
instanceKlass org/jetbrains/kotlin/com/intellij/psi/impl/compiled/FirstPassData$InnerClassEntry
instanceKlass org/jetbrains/kotlin/com/intellij/psi/PsiClassObjectAccessExpression
instanceKlass org/jetbrains/kotlin/com/intellij/psi/PsiPrefixExpression
instanceKlass org/jetbrains/kotlin/com/intellij/psi/PsiUnaryExpression
instanceKlass org/jetbrains/kotlin/com/intellij/psi/impl/source/tree/java/PsiReferenceExpressionImpl$TypeEvaluator
instanceKlass org/jetbrains/kotlin/com/intellij/psi/impl/source/DummyHolder$DummyHolderTreeLock
instanceKlass org/jetbrains/kotlin/com/intellij/psi/PsiNameHelper
instanceKlass org/jetbrains/kotlin/com/intellij/codeInsight/AnnotationTargetUtil
instanceKlass org/jetbrains/kotlin/com/intellij/psi/search/PsiSearchScopeUtil
instanceKlass org/jetbrains/kotlin/com/intellij/psi/impl/compiled/SignatureParsing$TypeParameterDeclaration
instanceKlass org/jetbrains/kotlin/com/intellij/codeInsight/completion/scope/JavaCompletionHints
instanceKlass org/jetbrains/kotlin/com/intellij/psi/scope/DelegatingScopeProcessor
instanceKlass org/jetbrains/kotlin/com/intellij/psi/util/PsiSuperMethodUtil
instanceKlass org/jetbrains/kotlin/com/intellij/util/containers/TreeTraversal$2$1WrappedTree
instanceKlass org/jetbrains/kotlin/com/intellij/util/containers/TreeTraversal$TraversalArgs
instanceKlass org/jetbrains/kotlin/com/intellij/util/containers/TreeTraversal$2
instanceKlass org/jetbrains/kotlin/com/intellij/psi/impl/PsiClassImplUtil$MemberCache
instanceKlass org/jetbrains/kotlin/com/intellij/psi/scope/PsiScopeProcessor$Event$1
instanceKlass org/jetbrains/kotlin/com/intellij/psi/PsiTypeCodeFragment
instanceKlass org/jetbrains/kotlin/resolve/calls/model/DefaultValueArgument
instanceKlass org/jetbrains/kotlin/coroutines/CoroutineUtilKt
instanceKlass org/jetbrains/kotlin/resolve/calls/model/ResolvedCallArgument
instanceKlass org/jetbrains/kotlin/resolve/calls/components/ArgumentsUtilsKt
instanceKlass org/jetbrains/kotlin/resolve/calls/components/ArgumentsToParametersMapper$CallArgumentProcessor
instanceKlass org/jetbrains/kotlin/utils/SmartSet$ArrayIterator
instanceKlass kotlin/sequences/DropSequence$iterator$1
instanceKlass kotlin/sequences/TakeWhileSequence$iterator$1
instanceKlass kotlin/sequences/TakeWhileSequence
instanceKlass kotlin/sequences/DropSequence
instanceKlass org/jetbrains/kotlin/resolve/calls/results/SingleOverloadResolutionResult$WhenMappings
instanceKlass org/jetbrains/kotlin/resolve/calls/results/AbstractOverloadResolutionResults
instanceKlass org/jetbrains/kotlin/resolve/calls/tower/CallInfo
instanceKlass org/jetbrains/kotlin/resolve/calls/components/CompletedCallInfo
instanceKlass org/jetbrains/kotlin/resolve/calls/DiagnosticReporterByTrackingStrategy
instanceKlass org/jetbrains/kotlin/resolve/calls/model/DiagnosticReporter
instanceKlass org/jetbrains/kotlin/resolve/calls/model/ResolvedCallAtomsKt
instanceKlass org/jetbrains/kotlin/resolve/calls/tower/TrackingBindingTrace
instanceKlass org/jetbrains/kotlin/resolve/inline/InlineUtil
instanceKlass org/jetbrains/kotlin/resolve/sam/SamConstructorDescriptor
instanceKlass org/jetbrains/kotlin/descriptors/synthetic/FunctionInterfaceConstructorDescriptor
instanceKlass org/jetbrains/kotlin/descriptors/synthetic/SyntheticMemberDescriptor
instanceKlass org/jetbrains/kotlin/synthetic/SyntheticJavaPropertyDescriptor
instanceKlass org/jetbrains/kotlin/descriptors/SyntheticPropertyDescriptor
instanceKlass org/jetbrains/kotlin/resolve/calls/model/ArgumentMappingKt
instanceKlass org/jetbrains/kotlin/resolve/checkers/MissingDependencySupertypeChecker
instanceKlass org/jetbrains/kotlin/contracts/parsing/ContractsDslNames
instanceKlass org/jetbrains/kotlin/contracts/parsing/PsiContractsUtilsKt
instanceKlass org/jetbrains/kotlin/resolve/calls/model/ExpressionValueArgument
instanceKlass org/jetbrains/kotlin/resolve/calls/util/ResolvedCallUtilKt$WhenMappings
instanceKlass org/jetbrains/kotlin/resolve/calls/util/ResolvedCallUtilKt
instanceKlass org/jetbrains/kotlin/resolve/calls/checkers/ConstructorHeaderCallCheckerKt
instanceKlass org/jetbrains/kotlin/resolve/calls/tasks/DynamicCallsKt
instanceKlass org/jetbrains/kotlin/resolve/calls/checkers/CallCheckerKt
instanceKlass org/jetbrains/kotlin/resolve/calls/model/VariableAsFunctionResolvedCall
instanceKlass org/jetbrains/kotlin/resolve/calls/tower/PSIKotlinCallsKt
instanceKlass org/jetbrains/kotlin/resolve/calls/tower/ResolvedAtomCompleter
instanceKlass org/jetbrains/kotlin/resolve/calls/model/KotlinCallDiagnosticsKt
instanceKlass org/jetbrains/kotlin/resolve/calls/model/PostponedCallableReferenceMarker
instanceKlass org/jetbrains/kotlin/resolve/calls/model/LambdaWithTypeVariableAsExpectedTypeMarker
instanceKlass org/jetbrains/kotlin/resolve/calls/model/ResolutionAtomsKt
instanceKlass org/jetbrains/kotlin/resolve/calls/components/KotlinCallCompleter$WhenMappings
instanceKlass org/jetbrains/kotlin/resolve/calls/components/KotlinCallCompleterKt
instanceKlass org/jetbrains/kotlin/resolve/calls/components/CompletionModeCalculator$Companion
instanceKlass org/jetbrains/kotlin/resolve/calls/components/CompletionModeCalculator
instanceKlass org/jetbrains/kotlin/resolve/KtDescriptorUtilKt
instanceKlass org/jetbrains/kotlin/resolve/calls/inference/components/NewTypeSubstitutorByConstructorMap
instanceKlass org/jetbrains/kotlin/resolve/calls/inference/InferenceUtilsKt
instanceKlass org/jetbrains/kotlin/resolve/RecursiveContractHelperKt
instanceKlass org/jetbrains/kotlin/resolve/calls/tower/CandidateApplicabilityKt
instanceKlass org/jetbrains/kotlin/resolve/calls/tower/KnownResultProcessor
instanceKlass org/jetbrains/kotlin/resolve/calls/tower/ImplicitScopeTowerKt
instanceKlass org/jetbrains/kotlin/resolve/calls/components/CheckExplicitReceiverKindConsistency$WhenMappings
instanceKlass org/jetbrains/kotlin/resolve/calls/inference/components/EmptySubstitutor
instanceKlass org/jetbrains/kotlin/resolve/calls/inference/components/FreshVariableNewTypeSubstitutor$Companion
instanceKlass org/jetbrains/kotlin/resolve/calls/inference/components/FreshVariableNewTypeSubstitutor
instanceKlass org/jetbrains/kotlin/resolve/calls/tower/TowerUtilsKt
instanceKlass org/jetbrains/kotlin/resolve/deprecation/DescriptorBasedDeprecationInfoKt$DEPRECATED_FUNCTION_KEY$1
instanceKlass org/jetbrains/kotlin/resolve/deprecation/DescriptorBasedDeprecationInfoKt
instanceKlass org/jetbrains/kotlin/resolve/calls/checkers/OperatorCallCheckerKt
instanceKlass org/jetbrains/kotlin/resolve/calls/tower/NewResolutionOldInferenceKt
instanceKlass org/jetbrains/kotlin/resolve/calls/inference/model/ConstraintStorage$Empty
instanceKlass org/jetbrains/kotlin/resolve/calls/inference/DescriptorRelatedInferenceUtilsKt
instanceKlass org/jetbrains/kotlin/resolve/calls/inference/model/MutableConstraintStorage
instanceKlass org/jetbrains/kotlin/resolve/calls/inference/NewConstraintSystem
instanceKlass org/jetbrains/kotlin/resolve/calls/components/ClassicTypeSystemContextForCSKt
instanceKlass org/jetbrains/kotlin/resolve/calls/model/SimpleCandidateFactory
instanceKlass org/jetbrains/kotlin/resolve/calls/model/KotlinCallKt$WhenMappings
instanceKlass org/jetbrains/kotlin/resolve/calls/model/KotlinCallKt
instanceKlass org/jetbrains/kotlin/resolve/calls/model/GivenCandidate
instanceKlass org/jetbrains/kotlin/psi/KtPsiFactoryKt
instanceKlass org/jetbrains/kotlin/resolve/calls/tower/PSICallResolver$ASTScopeTower
instanceKlass org/jetbrains/kotlin/resolve/calls/tower/PSIKotlinCall
instanceKlass org/jetbrains/kotlin/resolve/calls/util/DelegatingCall
instanceKlass org/jetbrains/kotlin/resolve/calls/util/CallUtilKt
instanceKlass org/jetbrains/kotlin/resolve/calls/model/ResolutionPart
instanceKlass org/jetbrains/kotlin/resolve/calls/GenericCandidateResolverKt
instanceKlass org/jetbrains/kotlin/resolve/calls/CallResolver$ResolutionTask
instanceKlass org/jetbrains/kotlin/resolve/calls/tasks/TracingStrategy$1
instanceKlass org/jetbrains/kotlin/resolve/calls/tasks/AbstractTracingStrategy
instanceKlass org/jetbrains/kotlin/resolve/scopes/SyntheticScopesKt
instanceKlass org/jetbrains/kotlin/resolve/calls/util/CallResolverUtilKt
instanceKlass org/jetbrains/kotlin/resolve/calls/context/ResolutionResultsCacheImpl
instanceKlass org/jetbrains/kotlin/resolve/calls/context/ResolutionResultsCache
instanceKlass org/jetbrains/kotlin/resolve/calls/components/InferenceSession$Companion$default$1
instanceKlass org/jetbrains/kotlin/resolve/calls/components/InferenceSession$Companion
instanceKlass org/jetbrains/kotlin/resolve/calls/util/CallMaker$3
instanceKlass org/jetbrains/kotlin/resolve/calls/util/CallMaker
instanceKlass org/jetbrains/kotlin/resolve/scopes/receivers/ClassValueReceiver
instanceKlass org/jetbrains/kotlin/resolve/descriptorUtil/DescriptorUtilsKt$WhenMappings
instanceKlass org/jetbrains/kotlin/resolve/scopes/receivers/ClassQualifier
instanceKlass org/jetbrains/kotlin/resolve/scopes/receivers/ClassifierQualifier
instanceKlass org/jetbrains/kotlin/resolve/DescriptorEquivalenceForOverrides
instanceKlass org/jetbrains/kotlin/resolve/OverridingUtil$2
instanceKlass org/jetbrains/kotlin/resolve/OverridingUtil$7
instanceKlass org/jetbrains/kotlin/resolve/OverridingUtil$6
instanceKlass org/jetbrains/kotlin/resolve/VisibilityUtilKt
instanceKlass org/jetbrains/kotlin/resolve/OverridingUtil$3
instanceKlass org/jetbrains/kotlin/resolve/deprecation/DeprecationResolver$DeprecationInfo$Companion
instanceKlass org/jetbrains/kotlin/resolve/deprecation/DeprecationResolver$DeprecationInfo
instanceKlass org/jetbrains/kotlin/metadata/deserialization/VersionRequirement$Companion
instanceKlass org/jetbrains/kotlin/metadata/deserialization/VersionRequirement
instanceKlass org/jetbrains/kotlin/resolve/SinceKotlinAccessibility
instanceKlass org/jetbrains/kotlin/resolve/calls/util/FakeCallableDescriptorForObject
instanceKlass org/jetbrains/kotlin/resolve/SinceKotlinUtilKt
instanceKlass org/jetbrains/kotlin/resolve/AllUnderImportScope$Companion
instanceKlass kotlin/collections/ArraysKt___ArraysKt$asIterable$$inlined$Iterable$1
instanceKlass org/jetbrains/kotlin/load/kotlin/JvmTypeFactoryImpl$WhenMappings
instanceKlass org/jetbrains/kotlin/resolve/jvm/diagnostics/ErrorsJvm$1
instanceKlass org/jetbrains/kotlin/resolve/jvm/diagnostics/ErrorsJvm
instanceKlass org/jetbrains/kotlin/load/java/structure/JavaTypesKt
instanceKlass org/jetbrains/kotlin/load/java/lazy/types/JavaTypeResolverKt
instanceKlass javaslang/control/Option$None
instanceKlass org/jetbrains/kotlin/descriptors/impl/FunctionDescriptorImpl$1
instanceKlass org/jetbrains/kotlin/resolve/scopes/receivers/AbstractReceiverValue
instanceKlass org/jetbrains/kotlin/types/typesApproximation/CapturedTypeApproximationKt
instanceKlass org/jetbrains/kotlin/descriptors/annotations/FilteredAnnotations
instanceKlass org/jetbrains/kotlin/types/TypeCapabilitiesKt
instanceKlass org/jetbrains/kotlin/types/TypeSubstitutor$2
instanceKlass org/jetbrains/kotlin/load/java/descriptors/UtilKt
instanceKlass org/jetbrains/kotlin/load/java/typeEnhancement/TypeEnhancementKt$WhenMappings
instanceKlass org/jetbrains/kotlin/com/intellij/psi/impl/source/PsiImmediateClassType$1
instanceKlass org/jetbrains/kotlin/com/intellij/psi/impl/compiled/SignatureParsing
instanceKlass kotlin/collections/builders/MapBuilder$Itr
instanceKlass org/jetbrains/kotlin/types/StarProjectionImplKt
instanceKlass kotlin/jvm/internal/markers/KMutableSet
instanceKlass org/jetbrains/kotlin/load/java/components/DescriptorResolverUtils$1$1
instanceKlass org/jetbrains/kotlin/load/java/BuiltinSpecialPropertiesKt
instanceKlass org/jetbrains/kotlin/load/java/BuiltinSpecialProperties
instanceKlass org/jetbrains/kotlin/descriptors/DeserializedDeclarationsFromSupertypeConflictDataKey
instanceKlass org/jetbrains/kotlin/utils/SmartSet$SingletonIterator
instanceKlass org/jetbrains/kotlin/resolve/OverridingUtil$OverrideCompatibilityInfo
instanceKlass org/jetbrains/kotlin/resolve/OverridingUtilTypeSystemContext
instanceKlass org/jetbrains/kotlin/types/AbstractStrictEqualityTypeChecker
instanceKlass org/jetbrains/kotlin/types/checker/StrictEqualityTypeChecker
instanceKlass org/jetbrains/kotlin/load/java/typeEnhancement/PredefinedFunctionEnhancementInfo
instanceKlass org/jetbrains/kotlin/load/java/typeEnhancement/TypeEnhancementInfo
instanceKlass org/jetbrains/kotlin/load/java/typeEnhancement/SignatureEnhancementBuilder$ClassEnhancementBuilder$FunctionEnhancementBuilder
instanceKlass org/jetbrains/kotlin/load/java/typeEnhancement/SignatureEnhancementBuilder$ClassEnhancementBuilder
instanceKlass org/jetbrains/kotlin/load/java/typeEnhancement/SignatureEnhancementBuilder
instanceKlass org/jetbrains/kotlin/load/java/typeEnhancement/PredefinedEnhancementInfoKt
instanceKlass org/jetbrains/kotlin/load/kotlin/MethodSignatureBuildingUtilsKt
instanceKlass org/jetbrains/kotlin/types/checker/NewTypeVariableConstructor
instanceKlass org/jetbrains/kotlin/load/kotlin/JvmType$Companion
instanceKlass org/jetbrains/kotlin/load/kotlin/JvmType
instanceKlass org/jetbrains/kotlin/load/kotlin/TypeSignatureMappingKt
instanceKlass org/jetbrains/kotlin/builtins/FunctionTypesKt
instanceKlass org/jetbrains/kotlin/load/kotlin/DescriptorBasedTypeSignatureMappingKt
instanceKlass org/jetbrains/kotlin/load/kotlin/TypeMappingConfigurationImpl
instanceKlass org/jetbrains/kotlin/load/kotlin/TypeMappingMode$Companion
instanceKlass org/jetbrains/kotlin/load/kotlin/TypeMappingMode
instanceKlass org/jetbrains/kotlin/load/kotlin/JvmTypeFactoryImpl
instanceKlass org/jetbrains/kotlin/load/kotlin/JvmTypeFactory
instanceKlass org/jetbrains/kotlin/load/kotlin/MethodSignatureMappingKt
instanceKlass org/jetbrains/kotlin/load/java/SpecialGenericSignatures$Companion$NameAndSignature
instanceKlass org/jetbrains/kotlin/load/java/SpecialGenericSignatures$Companion
instanceKlass org/jetbrains/kotlin/load/java/SpecialGenericSignatures
instanceKlass org/jetbrains/kotlin/load/java/JvmAbi
instanceKlass org/jetbrains/kotlin/load/java/PropertiesConventionUtilKt
instanceKlass org/jetbrains/kotlin/load/java/lazy/descriptors/LazyJavaScope$MethodSignatureData
instanceKlass org/jetbrains/kotlin/resolve/jvm/kotlinSignature/SignaturesPropagationData$ValueParameters
instanceKlass org/jetbrains/kotlin/resolve/jvm/kotlinSignature/SignaturePropagationUtilKt
instanceKlass org/jetbrains/kotlin/util/CheckResult
instanceKlass org/jetbrains/kotlin/util/ReturnsCheck
instanceKlass org/jetbrains/kotlin/util/IsKPropertyCheck
instanceKlass org/jetbrains/kotlin/util/NoDefaultAndVarargsCheck
instanceKlass org/jetbrains/kotlin/util/ValueParameterCountCheck
instanceKlass org/jetbrains/kotlin/util/MemberKindCheck
instanceKlass org/jetbrains/kotlin/util/Check
instanceKlass org/jetbrains/kotlin/util/Checks
instanceKlass org/jetbrains/kotlin/util/AbstractModifierChecks
instanceKlass org/jetbrains/kotlin/codegen/state/KotlinTypeMapper$typeMappingConfiguration$1
instanceKlass org/jetbrains/kotlin/load/kotlin/TypeMappingConfiguration
instanceKlass org/jetbrains/kotlin/codegen/ClassBuilderMode
instanceKlass org/jetbrains/kotlin/resolve/InlineClassDescriptorResolver
instanceKlass org/jetbrains/kotlin/codegen/state/KotlinTypeMapper$Companion
instanceKlass org/jetbrains/kotlin/codegen/state/KotlinTypeMapperBase
instanceKlass org/jetbrains/kotlin/codegen/signature/KotlinToJvmSignatureMapperImpl
instanceKlass org/jetbrains/kotlin/resolve/jvm/jvmSignature/KotlinToJvmSignatureMapper
instanceKlass org/jetbrains/kotlin/resolve/jvm/kotlinSignature/SignaturesPropagationData
instanceKlass org/jetbrains/kotlin/load/java/lazy/descriptors/LazyJavaScope$ResolvedValueParameters
instanceKlass org/jetbrains/kotlin/load/java/descriptors/JavaMethodDescriptor$2
instanceKlass org/jetbrains/kotlin/load/java/descriptors/JavaMethodDescriptor$1
instanceKlass org/jetbrains/kotlin/descriptors/CallableDescriptor$UserDataKey
instanceKlass org/jetbrains/kotlin/load/java/descriptors/JavaCallableMemberDescriptor
instanceKlass org/jetbrains/kotlin/com/intellij/psi/impl/source/tree/AstBufferUtil
instanceKlass org/jetbrains/kotlin/resolve/lazy/ForceResolveUtil
instanceKlass org/jetbrains/kotlin/resolve/InlineClassesUtilsKt
instanceKlass org/jetbrains/kotlin/resolve/BindingContextUtils
instanceKlass kotlin/sequences/DropWhileSequence$iterator$1
instanceKlass kotlin/sequences/DropWhileSequence
instanceKlass org/jetbrains/kotlin/psi/typeRefHelpers/TypeRefHelpersKt
instanceKlass org/jetbrains/kotlin/descriptors/annotations/AnnotationsKt
instanceKlass org/jetbrains/kotlin/resolve/TypeResolver$Companion$WhenMappings
instanceKlass org/jetbrains/kotlin/resolve/jvm/KotlinJavaPsiFacade$3
instanceKlass org/jetbrains/kotlin/resolve/AnnotationTargetList
instanceKlass org/jetbrains/kotlin/resolve/AnnotationTargetLists$TargetListBuilder
instanceKlass org/jetbrains/kotlin/descriptors/annotations/KotlinTarget$Companion
instanceKlass org/jetbrains/kotlin/resolve/AnnotationTargetLists
instanceKlass org/jetbrains/kotlin/resolve/ModifierCheckerCore
instanceKlass org/jetbrains/kotlin/load/java/typeEnhancement/EnhancedTypeAnnotations
instanceKlass org/jetbrains/kotlin/load/java/typeEnhancement/TypeEnhancementKt
instanceKlass org/jetbrains/kotlin/types/FlexibleTypesKt
instanceKlass org/jetbrains/kotlin/types/checker/NewCapturedTypeConstructor
instanceKlass org/jetbrains/kotlin/types/NotNullTypeParameter
instanceKlass org/jetbrains/kotlin/types/AbstractTypeChecker$WhenMappings
instanceKlass org/jetbrains/kotlin/types/model/TypeSystemContextKt$WhenMappings
instanceKlass org/jetbrains/kotlin/types/model/TypeSystemContextKt
instanceKlass org/jetbrains/kotlin/types/checker/NewCapturedTypeKt
instanceKlass org/jetbrains/kotlin/descriptors/ModalityUtilsKt
instanceKlass org/jetbrains/kotlin/resolve/constants/IntegerLiteralTypeConstructor
instanceKlass org/jetbrains/kotlin/types/AbstractNullabilityChecker
instanceKlass org/jetbrains/kotlin/resolve/constants/IntegerValueTypeConstructor
instanceKlass org/jetbrains/kotlin/types/AbstractTypeChecker
instanceKlass org/jetbrains/kotlin/types/checker/ClassicTypeCheckerStateKt
instanceKlass org/jetbrains/kotlin/types/TypeWithEnhancement
instanceKlass org/jetbrains/kotlin/types/TypeWithEnhancementKt
instanceKlass org/jetbrains/kotlin/types/TypeSubstitutionKt
instanceKlass org/jetbrains/kotlin/types/TypeParameterUpperBoundEraser$DataToEraseUpperBound
instanceKlass org/jetbrains/kotlin/load/java/lazy/types/RawProjectionComputer$WhenMappings
instanceKlass org/jetbrains/kotlin/descriptors/impl/AbstractTypeParameterDescriptor$2$1
instanceKlass org/jetbrains/kotlin/storage/LockBasedStorageManager$RecursionDetectedResult
instanceKlass org/jetbrains/kotlin/types/RawType
instanceKlass org/jetbrains/kotlin/types/FlexibleTypeImpl$Companion
instanceKlass org/jetbrains/kotlin/com/intellij/psi/impl/source/tree/JavaSharedImplUtil$FilteringTypeAnnotationProvider
instanceKlass org/jetbrains/kotlin/com/intellij/util/PairFunction
instanceKlass org/jetbrains/kotlin/com/intellij/psi/impl/source/PsiTypeElementImpl$1
instanceKlass org/jetbrains/kotlin/com/intellij/util/containers/SingletonIteratorBase
instanceKlass org/jetbrains/kotlin/com/intellij/util/containers/TreeTraversal$P$1
instanceKlass org/jetbrains/kotlin/com/intellij/util/containers/TreeTraversal$P
instanceKlass org/jetbrains/kotlin/com/intellij/util/Functions$2
instanceKlass org/jetbrains/kotlin/com/intellij/openapi/util/Conditions$8
instanceKlass org/jetbrains/kotlin/com/intellij/openapi/util/Conditions$1
instanceKlass org/jetbrains/kotlin/com/intellij/util/Function$2
instanceKlass org/jetbrains/kotlin/com/intellij/util/NullableFunction$1
instanceKlass org/jetbrains/kotlin/com/intellij/util/Function$1
instanceKlass org/jetbrains/kotlin/com/intellij/util/Functions$6
instanceKlass org/jetbrains/kotlin/com/intellij/util/Functions$5
instanceKlass org/jetbrains/kotlin/com/intellij/util/Functions$4
instanceKlass org/jetbrains/kotlin/com/intellij/util/Functions
instanceKlass org/jetbrains/kotlin/com/intellij/util/containers/FilteredTraverserBase$Cond
instanceKlass org/jetbrains/kotlin/com/intellij/util/NotNullizer
instanceKlass org/jetbrains/kotlin/com/intellij/util/containers/TreeTraversal$TraversalInterceptor
instanceKlass org/jetbrains/kotlin/com/intellij/util/containers/TreeTraversal$GuidedIt$Guide
instanceKlass org/jetbrains/kotlin/com/intellij/util/containers/FilteredTraverserBase$Meta
instanceKlass org/jetbrains/kotlin/com/intellij/psi/SyntaxTraverser$ApiEx$1
instanceKlass org/jetbrains/kotlin/com/intellij/psi/SyntaxTraverser$Api$3
instanceKlass org/jetbrains/kotlin/com/intellij/psi/SyntaxTraverser$Api$2
instanceKlass org/jetbrains/kotlin/com/intellij/psi/SyntaxTraverser$Api$1
instanceKlass org/jetbrains/kotlin/com/intellij/psi/SyntaxTraverser$Api
instanceKlass org/jetbrains/kotlin/com/intellij/util/containers/TreeTraversal
instanceKlass org/jetbrains/kotlin/com/intellij/util/containers/FilteredTraverserBase
instanceKlass org/jetbrains/kotlin/com/intellij/psi/impl/source/tree/JavaSharedImplUtil
instanceKlass org/jetbrains/kotlin/com/intellij/psi/impl/source/resolve/JavaResolveCache$ConstValueComputer
instanceKlass org/jetbrains/kotlin/com/intellij/util/containers/EmptyIterator
instanceKlass org/jetbrains/kotlin/descriptors/annotations/AnnotationDescriptorImpl
instanceKlass org/jetbrains/kotlin/resolve/constants/ConstantValueFactory
instanceKlass org/jetbrains/kotlin/resolve/calls/inference/CapturedTypeConstructorImpl
instanceKlass org/jetbrains/kotlin/resolve/calls/inference/CapturedTypeConstructor
instanceKlass org/jetbrains/kotlin/resolve/calls/inference/CapturedTypeConstructorKt
instanceKlass org/jetbrains/kotlin/resolve/scopes/SubstitutingScope
instanceKlass org/jetbrains/kotlin/load/java/components/DescriptorResolverUtils
instanceKlass org/jetbrains/kotlin/load/kotlin/BinaryClassAnnotationAndConstantLoaderImpl$AbstractAnnotationArgumentVisitor$visitArray$1
instanceKlass org/jetbrains/kotlin/load/kotlin/BinaryClassAnnotationAndConstantLoaderImpl$AbstractAnnotationArgumentVisitor
instanceKlass org/jetbrains/kotlin/SpecialJvmAnnotations
instanceKlass org/jetbrains/kotlin/load/kotlin/AbstractBinaryClassAnnotationLoader$loadClassAnnotations$1
instanceKlass org/jetbrains/kotlin/load/java/components/JavaAnnotationDescriptor
instanceKlass org/jetbrains/kotlin/load/java/JavaDefaultQualifiers
instanceKlass org/jetbrains/kotlin/load/java/JvmAnnotationNamesKt
instanceKlass org/jetbrains/kotlin/load/java/AnnotationQualifiersFqNamesKt
instanceKlass org/jetbrains/kotlin/load/java/lazy/descriptors/LazyJavaAnnotationDescriptor
instanceKlass org/jetbrains/kotlin/load/java/descriptors/PossiblyExternalAnnotationDescriptor
instanceKlass org/jetbrains/kotlin/com/intellij/psi/stub/JavaStubImplUtil
instanceKlass org/jetbrains/kotlin/load/java/structure/impl/JavaClassifierTypeImpl$ResolutionResult
instanceKlass org/jetbrains/kotlin/com/intellij/psi/PsiClassType$ClassResolveResult$1
instanceKlass org/jetbrains/kotlin/com/intellij/psi/impl/source/PsiClassReferenceType$DelegatingClassResolveResult
instanceKlass org/jetbrains/kotlin/it/unimi/dsi/fastutil/objects/Object2IntOpenHashMap$MapIterator
instanceKlass org/jetbrains/kotlin/it/unimi/dsi/fastutil/objects/Object2IntMap$FastEntrySet
instanceKlass org/jetbrains/kotlin/it/unimi/dsi/fastutil/objects/AbstractObject2IntFunction
instanceKlass org/jetbrains/kotlin/it/unimi/dsi/fastutil/objects/Object2IntMap
instanceKlass org/jetbrains/kotlin/it/unimi/dsi/fastutil/objects/Object2IntFunction
instanceKlass java/util/function/ToIntFunction
instanceKlass org/jetbrains/kotlin/com/intellij/psi/impl/cache/ModifierFlags
instanceKlass org/jetbrains/kotlin/com/intellij/psi/ServerPageFile
instanceKlass org/jetbrains/kotlin/com/intellij/psi/FileResolveScopeProvider
instanceKlass org/jetbrains/kotlin/com/intellij/psi/PsiMethodCallExpression
instanceKlass org/jetbrains/kotlin/com/intellij/util/containers/JBIterator$2
instanceKlass org/jetbrains/kotlin/com/intellij/util/Function$Mono
instanceKlass org/jetbrains/kotlin/com/intellij/util/containers/JBIterator$Op
instanceKlass org/jetbrains/kotlin/com/intellij/util/containers/JBIterator
instanceKlass org/jetbrains/kotlin/com/intellij/util/containers/JBIterable$Stateful
instanceKlass org/jetbrains/kotlin/com/intellij/util/containers/JBIterable
instanceKlass org/jetbrains/kotlin/com/intellij/psi/impl/source/resolve/SymbolCollectingProcessor$ResultWithContext
instanceKlass org/jetbrains/kotlin/com/intellij/psi/PsiExpressionList
instanceKlass org/jetbrains/kotlin/com/intellij/psi/impl/source/resolve/JavaResolveUtil
instanceKlass org/jetbrains/kotlin/com/intellij/psi/infos/CandidateInfo
instanceKlass org/jetbrains/kotlin/com/intellij/psi/stubs/StubSpine
instanceKlass org/jetbrains/kotlin/com/intellij/psi/stubs/MaterialStubList$1
instanceKlass gnu/trove/TIntIntProcedure
instanceKlass org/jetbrains/kotlin/com/intellij/psi/stubs/StubList$2
instanceKlass org/jetbrains/kotlin/com/intellij/psi/impl/compiled/StubBuildingVisitor$MethodInfo
instanceKlass org/jetbrains/kotlin/com/intellij/psi/impl/cache/TypeAnnotationContainer
instanceKlass org/jetbrains/kotlin/com/intellij/codeInsight/AnnotationUtil
instanceKlass org/jetbrains/kotlin/com/intellij/util/Consumer
instanceKlass org/jetbrains/kotlin/com/intellij/psi/impl/cache/TypeAnnotationContainer$Builder
instanceKlass gnu/trove/TObjectIntProcedure
instanceKlass org/jetbrains/kotlin/com/intellij/psi/impl/cache/TypeInfo
instanceKlass org/jetbrains/kotlin/com/intellij/psi/impl/compiled/SignatureParsing$TypeParametersDeclaration
instanceKlass org/jetbrains/kotlin/com/intellij/psi/impl/compiled/StubBuildingVisitor$ClassInfo
instanceKlass org/jetbrains/kotlin/com/intellij/psi/impl/compiled/FirstPassData
instanceKlass org/jetbrains/org/objectweb/asm/RecordComponentVisitor
instanceKlass org/jetbrains/kotlin/com/intellij/psi/PsiEnumConstant
instanceKlass org/jetbrains/kotlin/com/intellij/psi/PsiConstructorCall
instanceKlass org/jetbrains/kotlin/com/intellij/lang/jvm/JvmEnumField
instanceKlass org/jetbrains/kotlin/com/intellij/psi/impl/compiled/ClsModifierListOwner
instanceKlass org/jetbrains/kotlin/com/intellij/psi/impl/PsiVariableEx
instanceKlass org/jetbrains/kotlin/com/intellij/util/containers/UnsignedShortArrayList
instanceKlass org/jetbrains/kotlin/com/intellij/psi/stubs/MostlyUShortIntList
instanceKlass org/jetbrains/kotlin/com/intellij/psi/stubs/StubList$TempState
instanceKlass org/jetbrains/kotlin/com/intellij/psi/impl/java/stubs/StubPsiFactory
instanceKlass org/jetbrains/kotlin/com/intellij/psi/PsiArrayInitializerMemberValue
instanceKlass org/jetbrains/kotlin/com/intellij/psi/impl/compiled/ClsParsingUtil
instanceKlass org/jetbrains/kotlin/com/intellij/psi/stubs/StubBuilderType
instanceKlass org/jetbrains/kotlin/com/intellij/psi/stubs/StubTreeBuilder
instanceKlass org/jetbrains/kotlin/com/intellij/openapi/util/NotNullComputable
instanceKlass org/jetbrains/kotlin/com/intellij/util/indexing/PsiDependentFileContent
instanceKlass org/jetbrains/kotlin/com/intellij/util/indexing/FileContent
instanceKlass org/jetbrains/kotlin/com/intellij/util/indexing/IndexedFile
instanceKlass org/jetbrains/kotlin/com/intellij/psi/impl/compiled/ClsFileImpl$1
instanceKlass org/jetbrains/kotlin/com/intellij/psi/impl/compiled/InnerClassSourceStrategy
instanceKlass org/jetbrains/kotlin/com/intellij/psi/PsiCompiledFile
instanceKlass org/jetbrains/kotlin/com/intellij/psi/PsiCompiledElement
instanceKlass org/jetbrains/kotlin/com/intellij/psi/PsiClassOwnerEx
instanceKlass org/jetbrains/kotlin/com/intellij/openapi/extensions/impl/ExtensionPointImpl$1
instanceKlass org/jetbrains/kotlin/resolve/source/PsiSourceElementKt
instanceKlass org/jetbrains/kotlin/resolve/DescriptorToSourceUtils
instanceKlass org/jetbrains/kotlin/resolve/lazy/ResolveSessionUtils
instanceKlass org/jetbrains/kotlin/com/intellij/psi/impl/source/PsiJavaFileBaseImpl$MyResolveCacheProcessor
instanceKlass org/jetbrains/kotlin/com/intellij/psi/PsiImportStaticStatement
instanceKlass org/jetbrains/kotlin/com/intellij/psi/PsiImportStatement
instanceKlass org/jetbrains/kotlin/com/intellij/util/CachedValueLeakChecker
instanceKlass org/jetbrains/kotlin/com/intellij/psi/util/CachedValuesManager$1
instanceKlass org/jetbrains/kotlin/com/intellij/psi/impl/ScopedClassHierarchy$1
instanceKlass org/jetbrains/kotlin/com/intellij/psi/impl/ScopedClassHierarchy
instanceKlass org/jetbrains/kotlin/com/intellij/psi/impl/PsiClassImplUtil$1
instanceKlass org/jetbrains/kotlin/com/intellij/psi/EmptySubstitutor$Holder
instanceKlass org/jetbrains/kotlin/com/intellij/psi/EmptySubstitutor
instanceKlass org/jetbrains/kotlin/com/intellij/psi/scope/JavaScopeProcessorEvent
instanceKlass org/jetbrains/kotlin/com/intellij/psi/ResolveState
instanceKlass org/jetbrains/kotlin/com/intellij/psi/PsiCallExpression
instanceKlass org/jetbrains/kotlin/com/intellij/psi/PsiCall
instanceKlass org/jetbrains/kotlin/com/intellij/psi/scope/util/PsiScopesUtil
instanceKlass org/jetbrains/kotlin/com/intellij/psi/PsiResolveHelper$SERVICE
instanceKlass org/jetbrains/kotlin/com/intellij/psi/JavaResolveResult$1
instanceKlass org/jetbrains/kotlin/com/intellij/psi/impl/source/resolve/ClassResolverProcessor
instanceKlass org/jetbrains/kotlin/com/intellij/psi/impl/source/PsiJavaCodeReferenceElementImpl$1
instanceKlass org/jetbrains/kotlin/com/intellij/psi/impl/source/PsiJavaCodeReferenceElementImpl$OurGenericsResolver
instanceKlass org/jetbrains/kotlin/com/intellij/psi/PsiTypeVisitor
instanceKlass org/jetbrains/kotlin/load/java/structure/impl/JavaTypeImpl
instanceKlass org/jetbrains/kotlin/com/intellij/psi/impl/source/ClassReferencePointer$1
instanceKlass org/jetbrains/kotlin/com/intellij/psi/PsiClassType$ClassResolveResult
instanceKlass org/jetbrains/kotlin/com/intellij/lang/jvm/types/JvmTypeResolveResult
instanceKlass org/jetbrains/kotlin/com/intellij/psi/PsiAnonymousClass
instanceKlass org/jetbrains/kotlin/com/intellij/psi/impl/PsiClassImplUtil$ClassIconRequest
instanceKlass org/jetbrains/kotlin/com/intellij/psi/impl/PsiClassImplUtil
instanceKlass org/jetbrains/kotlin/com/intellij/psi/PsiClassLevelDeclarationStatement
instanceKlass java/util/ComparableTimSort
instanceKlass org/jetbrains/kotlin/com/intellij/psi/impl/source/PsiModifierListImpl$ModifierCache
instanceKlass org/jetbrains/kotlin/load/java/structure/impl/JavaElementUtil
instanceKlass org/jetbrains/kotlin/com/intellij/psi/impl/PsiImplUtil
instanceKlass org/jetbrains/kotlin/com/intellij/psi/impl/source/tree/RecursiveTreeElementWalkingVisitor$ASTTreeGuide
instanceKlass org/jetbrains/kotlin/com/intellij/util/WalkingState
instanceKlass org/jetbrains/kotlin/com/intellij/psi/impl/source/tree/JavaSourceUtil
instanceKlass org/jetbrains/kotlin/com/intellij/psi/impl/source/tree/ChildRole
instanceKlass org/jetbrains/kotlin/asJava/KtLightClassMarker
instanceKlass org/jetbrains/kotlin/load/java/structure/impl/JavaClassImpl$Companion
instanceKlass org/jetbrains/kotlin/com/intellij/psi/impl/source/ClassInnerStuffCache
instanceKlass org/jetbrains/kotlin/com/intellij/psi/impl/source/PsiExtensibleClass
instanceKlass org/jetbrains/kotlin/com/intellij/psi/PsiCodeBlock
instanceKlass org/jetbrains/kotlin/com/intellij/psi/impl/source/ClassReferencePointer
instanceKlass org/jetbrains/kotlin/com/intellij/lang/jvm/types/JvmArrayType
instanceKlass org/jetbrains/kotlin/com/intellij/psi/PsiReferenceParameterList
instanceKlass org/jetbrains/kotlin/com/intellij/psi/impl/source/resolve/ResolveCache$PolyVariantContextResolver
instanceKlass org/jetbrains/kotlin/com/intellij/psi/filters/ElementFilter
instanceKlass org/jetbrains/kotlin/com/intellij/psi/impl/source/SourceJavaCodeReference
instanceKlass org/jetbrains/kotlin/com/intellij/psi/PsiAnnotatedJavaCodeReferenceElement
instanceKlass org/jetbrains/kotlin/com/intellij/psi/PsiPackageStatement
instanceKlass org/jetbrains/kotlin/com/intellij/psi/javadoc/PsiDocTag
instanceKlass org/jetbrains/kotlin/com/intellij/psi/javadoc/PsiDocComment
instanceKlass org/jetbrains/kotlin/com/intellij/lang/java/parser/ExpressionParser$1
instanceKlass org/jetbrains/kotlin/com/intellij/lang/java/parser/ReferenceParser$TypeInfo
instanceKlass org/jetbrains/kotlin/com/intellij/lang/PsiBuilderUtil
instanceKlass org/jetbrains/kotlin/com/intellij/lang/java/parser/ReferenceParser
instanceKlass org/jetbrains/kotlin/com/intellij/lang/java/parser/ExpressionParser
instanceKlass org/jetbrains/kotlin/com/intellij/lang/java/parser/StatementParser
instanceKlass org/jetbrains/kotlin/com/intellij/lang/java/parser/DeclarationParser
instanceKlass org/jetbrains/kotlin/com/intellij/lang/java/parser/ModuleParser
instanceKlass org/jetbrains/kotlin/com/intellij/lang/java/parser/FileParser
instanceKlass org/jetbrains/kotlin/com/intellij/lang/java/parser/JavaParser
instanceKlass org/jetbrains/kotlin/com/intellij/psi/impl/source/resolve/FileContextUtil
instanceKlass org/jetbrains/kotlin/com/intellij/openapi/vfs/VirtualFileVisitor
instanceKlass org/jetbrains/kotlin/com/intellij/openapi/vfs/VfsUtilCore
instanceKlass org/jetbrains/kotlin/com/intellij/lang/jvm/types/JvmWildcardType
instanceKlass org/jetbrains/kotlin/com/intellij/psi/JavaResolveResult
instanceKlass org/jetbrains/kotlin/com/intellij/util/indexing/IndexingDataKeys
instanceKlass org/jetbrains/kotlin/com/intellij/lang/java/parser/JavaParserUtil$TrailingWhitespacesAndCommentsBinder
instanceKlass org/jetbrains/kotlin/com/intellij/lang/java/parser/JavaParserUtil$PrecedingWhitespacesAndCommentsBinder
instanceKlass org/jetbrains/kotlin/com/intellij/lang/java/parser/JavaParserUtil
instanceKlass org/jetbrains/kotlin/com/intellij/psi/impl/source/tree/JavaElementType$TypeTextElementType$1
instanceKlass org/jetbrains/kotlin/com/intellij/psi/impl/java/stubs/PsiImportStatementStub
instanceKlass org/jetbrains/kotlin/com/intellij/psi/impl/java/stubs/PsiClassReferenceListStub
instanceKlass org/jetbrains/kotlin/com/intellij/psi/PsiReferenceList
instanceKlass org/jetbrains/kotlin/com/intellij/psi/impl/java/stubs/PsiFieldStub
instanceKlass org/jetbrains/kotlin/com/intellij/psi/impl/java/stubs/PsiMethodStub
instanceKlass org/jetbrains/kotlin/com/intellij/psi/impl/java/stubs/PsiClassStub
instanceKlass org/jetbrains/kotlin/com/intellij/psi/impl/java/stubs/PsiPackageAccessibilityStatementStub
instanceKlass org/jetbrains/kotlin/com/intellij/psi/PsiPackageAccessibilityStatement
instanceKlass org/jetbrains/kotlin/com/intellij/psi/impl/java/stubs/PsiRecordHeaderStub
instanceKlass org/jetbrains/kotlin/com/intellij/psi/PsiRecordHeader
instanceKlass org/jetbrains/kotlin/com/intellij/psi/impl/java/stubs/PsiRecordComponentStub
instanceKlass org/jetbrains/kotlin/com/intellij/psi/impl/java/stubs/PsiMemberStub
instanceKlass org/jetbrains/kotlin/com/intellij/psi/PsiRecordComponent
instanceKlass org/jetbrains/kotlin/com/intellij/psi/impl/java/stubs/PsiProvidesStatementStub
instanceKlass org/jetbrains/kotlin/com/intellij/psi/PsiProvidesStatement
instanceKlass org/jetbrains/kotlin/com/intellij/psi/impl/java/stubs/PsiUsesStatementStub
instanceKlass org/jetbrains/kotlin/com/intellij/psi/PsiUsesStatement
instanceKlass org/jetbrains/kotlin/com/intellij/psi/impl/java/stubs/PsiRequiresStatementStub
instanceKlass org/jetbrains/kotlin/com/intellij/psi/PsiRequiresStatement
instanceKlass org/jetbrains/kotlin/com/intellij/psi/PsiStatement
instanceKlass org/jetbrains/kotlin/com/intellij/psi/impl/java/stubs/PsiJavaModuleStub
instanceKlass org/jetbrains/kotlin/com/intellij/psi/PsiJavaModule
instanceKlass org/jetbrains/kotlin/com/intellij/psi/impl/java/stubs/PsiImportListStub
instanceKlass org/jetbrains/kotlin/com/intellij/psi/PsiImportList
instanceKlass org/jetbrains/kotlin/com/intellij/psi/impl/java/stubs/PsiClassInitializerStub
instanceKlass org/jetbrains/kotlin/com/intellij/psi/PsiClassInitializer
instanceKlass org/jetbrains/kotlin/com/intellij/psi/impl/java/stubs/PsiTypeParameterListStub
instanceKlass org/jetbrains/kotlin/com/intellij/psi/PsiTypeParameterList
instanceKlass org/jetbrains/kotlin/com/intellij/psi/impl/java/stubs/PsiTypeParameterStub
instanceKlass org/jetbrains/kotlin/com/intellij/psi/PsiTypeParameter
instanceKlass org/jetbrains/kotlin/com/intellij/psi/impl/java/stubs/PsiParameterStub
instanceKlass org/jetbrains/kotlin/com/intellij/psi/impl/java/stubs/PsiParameterListStub
instanceKlass org/jetbrains/kotlin/com/intellij/psi/PsiParameterList
instanceKlass org/jetbrains/kotlin/com/intellij/psi/PsiMethodReferenceExpression
instanceKlass org/jetbrains/kotlin/com/intellij/psi/PsiLambdaExpression
instanceKlass org/jetbrains/kotlin/com/intellij/psi/PsiFunctionalExpression
instanceKlass org/jetbrains/kotlin/com/intellij/psi/PsiLiteralExpression
instanceKlass org/jetbrains/kotlin/com/intellij/psi/PsiLiteral
instanceKlass org/jetbrains/kotlin/com/intellij/psi/PsiLiteralValue
instanceKlass org/jetbrains/kotlin/com/intellij/psi/impl/java/stubs/PsiNameValuePairStub
instanceKlass org/jetbrains/kotlin/com/intellij/psi/PsiNameValuePair
instanceKlass org/jetbrains/kotlin/com/intellij/lang/jvm/annotation/JvmAnnotationAttribute
instanceKlass org/jetbrains/kotlin/com/intellij/psi/impl/java/stubs/PsiAnnotationParameterListStub
instanceKlass org/jetbrains/kotlin/com/intellij/psi/PsiAnnotationParameterList
instanceKlass org/jetbrains/kotlin/com/intellij/psi/impl/java/stubs/PsiAnnotationStub
instanceKlass org/jetbrains/kotlin/com/intellij/psi/impl/java/stubs/PsiModifierListStub
instanceKlass org/jetbrains/kotlin/com/intellij/psi/impl/java/stubs/JavaStubElementTypes
instanceKlass org/jetbrains/kotlin/com/intellij/psi/tree/ILightLazyParseableElementType
instanceKlass org/jetbrains/kotlin/com/intellij/psi/impl/source/Constants
instanceKlass org/jetbrains/kotlin/com/intellij/psi/impl/source/PsiJavaFileBaseImpl$MyCacheBuilder
instanceKlass org/jetbrains/kotlin/com/intellij/psi/scope/PsiScopeProcessor$Event
instanceKlass org/jetbrains/kotlin/com/intellij/psi/PsiJavaFile
instanceKlass org/jetbrains/kotlin/descriptors/Visibilities
instanceKlass org/jetbrains/kotlin/types/TypeProjectionBase
instanceKlass org/jetbrains/kotlin/types/DisjointKeysUnionTypeSubstitution$Companion
instanceKlass org/jetbrains/kotlin/types/DescriptorSubstitutor
instanceKlass org/jetbrains/kotlin/descriptors/impl/FunctionDescriptorImpl$CopyConfiguration
instanceKlass org/jetbrains/kotlin/resolve/OverridingUtil$4
instanceKlass org/jetbrains/kotlin/resolve/OverridingUtil$8
instanceKlass org/jetbrains/kotlin/resolve/OverridingUtil$5
instanceKlass org/jetbrains/kotlin/descriptors/impl/ModuleAwareClassDescriptorKt
instanceKlass org/jetbrains/kotlin/serialization/deserialization/descriptors/DeserializedCallableMemberDescriptor
instanceKlass org/jetbrains/kotlin/serialization/deserialization/descriptors/DeserializedMemberDescriptor
instanceKlass org/jetbrains/kotlin/serialization/deserialization/descriptors/DescriptorWithContainerSource
instanceKlass org/jetbrains/kotlin/name/CallableId$Companion
instanceKlass org/jetbrains/kotlin/name/CallableId
instanceKlass org/jetbrains/kotlin/serialization/deserialization/SuspendFunctionTypeUtilKt
instanceKlass org/jetbrains/kotlin/resolve/MemberComparator$NameAndTypeMemberComparator
instanceKlass org/jetbrains/kotlin/utils/FunctionsKt
instanceKlass org/jetbrains/kotlin/descriptors/annotations/TargetedAnnotations
instanceKlass org/jetbrains/kotlin/resolve/ResolutionAnchorProviderKt
instanceKlass org/jetbrains/kotlin/descriptors/FindClassInModuleKt
instanceKlass org/jetbrains/kotlin/load/kotlin/KotlinJvmBinarySourceElement
instanceKlass org/jetbrains/kotlin/load/java/structure/JavaClassObjectAnnotationArgument
instanceKlass org/jetbrains/kotlin/resolve/OverridingStrategy
instanceKlass org/jetbrains/kotlin/resolve/DelegationResolver$Companion
instanceKlass org/jetbrains/kotlin/resolve/DelegationResolver
instanceKlass org/jetbrains/kotlin/resolve/lazy/descriptors/LazyClassMemberScope$generateDelegatingDescriptors$lazyMemberExtractor$1
instanceKlass org/jetbrains/kotlin/resolve/DelegationResolver$MemberExtractor
instanceKlass org/jetbrains/kotlin/resolve/lazy/descriptors/LazyClassMemberScope$generateDelegatingDescriptors$lazyTypeResolver$1
instanceKlass org/jetbrains/kotlin/resolve/DelegationResolver$TypeResolver
instanceKlass org/jetbrains/kotlin/load/java/structure/JavaLoadingKt
instanceKlass org/jetbrains/kotlin/load/java/lazy/descriptors/ClassDeclaredMemberIndex
instanceKlass org/jetbrains/kotlin/load/java/lazy/descriptors/DeclaredMemberIndex
instanceKlass org/jetbrains/kotlin/resolve/DescriptorFactory
instanceKlass org/jetbrains/kotlin/resolve/scopes/receivers/ImplicitClassReceiver
instanceKlass org/jetbrains/kotlin/resolve/scopes/receivers/ThisClassReceiver
instanceKlass org/jetbrains/kotlin/resolve/scopes/receivers/ImplicitReceiver
instanceKlass org/jetbrains/kotlin/descriptors/annotations/AnnotationSplitter$LazySplitAnnotations
instanceKlass org/jetbrains/kotlin/descriptors/annotations/CompositeAnnotations
instanceKlass org/jetbrains/kotlin/descriptors/annotations/AnnotationSplitter$Companion
instanceKlass org/jetbrains/kotlin/descriptors/annotations/AnnotationSplitter
instanceKlass org/jetbrains/kotlin/util/Box
instanceKlass java/util/stream/ReduceOps$AccumulatingSink
instanceKlass java/util/stream/ReduceOps$Box
instanceKlass java/util/stream/ReduceOps$ReduceOp
instanceKlass java/util/stream/ReduceOps
instanceKlass java/util/function/BinaryOperator
instanceKlass java/util/function/BiConsumer
instanceKlass java/util/stream/Collectors$CollectorImpl
instanceKlass java/util/stream/Collector
instanceKlass java/util/stream/Collectors
instanceKlass java/util/AbstractList$RandomAccessSpliterator
instanceKlass org/jetbrains/kotlin/com/intellij/openapi/project/ProjectCoreUtil
instanceKlass org/jetbrains/kotlin/resolve/scopes/LexicalScopeStorage$IntList
instanceKlass org/jetbrains/kotlin/resolve/scopes/utils/LexicalScopeWrapper
instanceKlass org/jetbrains/kotlin/types/expressions/ExpressionTypingUtils
instanceKlass org/jetbrains/kotlin/descriptors/impl/ValueParameterDescriptorImpl$Companion
instanceKlass org/jetbrains/kotlin/resolve/calls/util/UnderscoreUtilKt
instanceKlass org/jetbrains/kotlin/resolve/scopes/LexicalWritableScope$Snapshot
instanceKlass org/jetbrains/kotlin/resolve/scopes/MemberScope$DefaultImpls
instanceKlass org/jetbrains/kotlin/resolve/scopes/AbstractLocalRedeclarationChecker
instanceKlass org/jetbrains/kotlin/resolve/scopes/LexicalChainedScope$Companion
instanceKlass org/jetbrains/kotlin/resolve/scopes/LexicalChainedScope
instanceKlass org/jetbrains/kotlin/utils/SmartList$SingletonIteratorBase
instanceKlass org/jetbrains/kotlin/load/kotlin/SignatureBuildingComponents
instanceKlass org/jetbrains/kotlin/builtins/jvm/JvmBuiltInsSignatures
instanceKlass org/jetbrains/kotlin/metadata/deserialization/ProtoTypeTableUtilKt
instanceKlass gnu/trove/THashMap$MapBackedView
instanceKlass org/jetbrains/kotlin/metadata/ProtoBuf$TypeAliasOrBuilder
instanceKlass org/jetbrains/kotlin/metadata/jvm/deserialization/JvmNameResolverBase$WhenMappings
instanceKlass org/jetbrains/kotlin/metadata/deserialization/ProtoBufUtilKt
instanceKlass org/jetbrains/kotlin/load/kotlin/JvmPackagePartSource
instanceKlass org/jetbrains/kotlin/serialization/deserialization/descriptors/DeserializedContainerSource
instanceKlass org/jetbrains/kotlin/load/kotlin/FacadeClassSource
instanceKlass org/jetbrains/kotlin/metadata/ProtoBuf$VersionRequirement$VersionKind$1
instanceKlass org/jetbrains/kotlin/metadata/ProtoBuf$VersionRequirement$Level$1
instanceKlass org/jetbrains/kotlin/metadata/ProtoBuf$VersionRequirementOrBuilder
instanceKlass org/jetbrains/kotlin/metadata/ProtoBuf$Effect$InvocationKind$1
instanceKlass org/jetbrains/kotlin/metadata/ProtoBuf$Expression$ConstantValue$1
instanceKlass org/jetbrains/kotlin/metadata/ProtoBuf$ExpressionOrBuilder
instanceKlass org/jetbrains/kotlin/metadata/ProtoBuf$Effect$EffectType$1
instanceKlass org/jetbrains/kotlin/metadata/ProtoBuf$EffectOrBuilder
instanceKlass org/jetbrains/kotlin/metadata/jvm/deserialization/JvmNameResolverKt
instanceKlass org/jetbrains/kotlin/metadata/jvm/JvmProtoBuf$StringTableTypes$Record$Operation$1
instanceKlass org/jetbrains/kotlin/metadata/jvm/JvmProtoBuf$StringTableTypes$RecordOrBuilder
instanceKlass org/jetbrains/kotlin/metadata/jvm/JvmProtoBuf$StringTableTypesOrBuilder
instanceKlass org/jetbrains/kotlin/metadata/jvm/deserialization/JvmNameResolverBase$Companion
instanceKlass org/jetbrains/kotlin/metadata/jvm/deserialization/JvmNameResolverBase
instanceKlass org/jetbrains/kotlin/metadata/jvm/deserialization/UtfEncodingKt
instanceKlass org/jetbrains/kotlin/metadata/jvm/deserialization/BitEncoding
instanceKlass org/jetbrains/kotlin/load/kotlin/header/KotlinClassHeader
instanceKlass org/jetbrains/kotlin/load/kotlin/header/ReadKotlinClassHeaderAnnotationVisitor$CollectStringArrayAnnotationVisitor
instanceKlass org/jetbrains/kotlin/load/kotlin/KotlinJvmBinaryClass$AnnotationArrayArgumentVisitor
instanceKlass org/jetbrains/kotlin/load/kotlin/header/ReadKotlinClassHeaderAnnotationVisitor$KotlinMetadataArgumentVisitor
instanceKlass org/jetbrains/kotlin/load/kotlin/KotlinClassFinderKt
instanceKlass org/jetbrains/kotlin/descriptors/DescriptorUtilKt
instanceKlass org/jetbrains/kotlin/load/java/structure/JavaWildcardType
instanceKlass org/jetbrains/kotlin/load/java/structure/impl/classFiles/BinaryJavaTypeParameter
instanceKlass org/jetbrains/kotlin/load/java/structure/JavaTypeParameter
instanceKlass org/jetbrains/kotlin/load/java/typeEnhancement/JavaTypeEnhancement$Result
instanceKlass org/jetbrains/kotlin/load/java/typeEnhancement/JavaTypeEnhancement$SimpleResult
instanceKlass org/jetbrains/kotlin/load/java/typeEnhancement/TypeComponentPositionKt
instanceKlass org/jetbrains/kotlin/load/java/typeEnhancement/TypeEnhancementUtilsKt
instanceKlass org/jetbrains/kotlin/load/java/typeEnhancement/JavaTypeQualifiers$Companion
instanceKlass org/jetbrains/kotlin/load/java/typeEnhancement/JavaTypeQualifiers
instanceKlass org/jetbrains/kotlin/types/checker/ClassicTypeSystemContext$DefaultImpls
instanceKlass org/jetbrains/kotlin/util/AbstractArrayMapOwner$AbstractArrayMapAccessor
instanceKlass org/jetbrains/kotlin/types/TypeAttribute
instanceKlass org/jetbrains/kotlin/types/AnnotationsTypeAttributeKt
instanceKlass org/jetbrains/kotlin/com/intellij/util/IdempotenceChecker
instanceKlass org/jetbrains/kotlin/load/java/structure/impl/JavaElementCollectionFromPsiArrayUtil
instanceKlass org/jetbrains/kotlin/com/intellij/lang/jvm/JvmTypeParameter
instanceKlass org/jetbrains/kotlin/name/FqNamesUtilKt$WhenMappings
instanceKlass org/jetbrains/kotlin/com/intellij/openapi/roots/ProjectRootModificationTracker
instanceKlass org/jetbrains/kotlin/com/intellij/psi/util/CachedValueProfiler
instanceKlass org/jetbrains/kotlin/com/intellij/openapi/application/BaseActionRunnable
instanceKlass org/jetbrains/kotlin/com/intellij/openapi/application/ReadActionProcessor
instanceKlass org/jetbrains/kotlin/com/intellij/util/CollectionQuery
instanceKlass org/jetbrains/kotlin/com/intellij/util/CommonProcessors$CollectProcessor
instanceKlass org/jetbrains/kotlin/com/intellij/util/Processors
instanceKlass org/jetbrains/kotlin/com/intellij/openapi/util/RecursionManager$StackFrame
instanceKlass org/jetbrains/kotlin/com/intellij/openapi/util/RecursionManager$MyKey
instanceKlass org/jetbrains/kotlin/com/intellij/openapi/util/ThrowableComputable
instanceKlass org/jetbrains/kotlin/com/intellij/psi/impl/file/PsiPackageImpl$PackageAnnotationValueProvider
instanceKlass org/jetbrains/kotlin/load/java/typeEnhancement/AbstractSignatureParts$TypeAndDefaultQualifiers
instanceKlass org/jetbrains/kotlin/load/java/typeEnhancement/AbstractSignatureParts
instanceKlass org/jetbrains/kotlin/types/TypeAttributeTranslator$DefaultImpls
instanceKlass org/jetbrains/kotlin/types/TypeAttributesKt
instanceKlass org/jetbrains/kotlin/load/java/structure/JavaAnnotationAsAnnotationArgument
instanceKlass org/jetbrains/kotlin/load/java/structure/impl/classFiles/BinaryJavaClass$WhenMappings
instanceKlass org/jetbrains/kotlin/load/java/structure/impl/classFiles/ClassifierResolutionContext$Result
instanceKlass org/jetbrains/kotlin/types/ErasureTypeAttributes
instanceKlass org/jetbrains/kotlin/load/java/lazy/types/JavaTypeAttributesKt
instanceKlass org/jetbrains/kotlin/load/java/FakePureImplementationsProvider
instanceKlass org/jetbrains/kotlin/load/java/components/JavaAnnotationMapper
instanceKlass org/jetbrains/kotlin/utils/DFS
instanceKlass org/jetbrains/kotlin/utils/DFS$AbstractNodeHandler
instanceKlass org/jetbrains/kotlin/utils/DFS$NodeHandler
instanceKlass org/jetbrains/kotlin/utils/DFS$VisitedWithSet
instanceKlass org/jetbrains/kotlin/utils/DFS$Visited
instanceKlass org/jetbrains/kotlin/resolve/FindLoopsInSupertypes
instanceKlass org/jetbrains/kotlin/utils/DFS$Neighbors
instanceKlass org/jetbrains/kotlin/storage/SingleThreadValue
instanceKlass org/jetbrains/kotlin/types/TypeConstructorSubstitution$Companion
instanceKlass org/jetbrains/kotlin/types/TypeSubstitution$Companion
instanceKlass org/jetbrains/kotlin/types/TypeSubstitution
instanceKlass org/jetbrains/kotlin/types/IntersectionTypeConstructor
instanceKlass org/jetbrains/kotlin/types/model/IntersectionTypeConstructorMarker
instanceKlass org/jetbrains/kotlin/types/CustomTypeParameter
instanceKlass org/jetbrains/kotlin/utils/SmartSet$Companion
instanceKlass org/jetbrains/kotlin/resolve/jvm/JvmClassName
instanceKlass org/jetbrains/kotlin/load/java/JvmAnnotationNames
instanceKlass org/jetbrains/kotlin/descriptors/annotations/AnnotationDescriptor$DefaultImpls
instanceKlass org/jetbrains/kotlin/resolve/lazy/descriptors/LazyAnnotationDescriptor$FileDescriptorForVisibilityChecks
instanceKlass org/jetbrains/kotlin/resolve/lazy/descriptors/LazyAnnotationDescriptor
instanceKlass org/jetbrains/kotlin/descriptors/annotations/Annotations$DefaultImpls
instanceKlass org/jetbrains/kotlin/resolve/jvm/annotations/JvmAnnotationUtilKt
instanceKlass org/jetbrains/kotlin/types/SpecialTypesKt
instanceKlass org/jetbrains/kotlin/types/KotlinTypeKt
instanceKlass org/jetbrains/kotlin/types/DynamicTypesKt
instanceKlass org/jetbrains/kotlin/types/typeUtil/TypeUtilsKt
instanceKlass org/jetbrains/kotlin/util/EmptyArrayMap$iterator$1
instanceKlass kotlin/collections/AbstractList$IteratorImpl
instanceKlass kotlin/collections/AbstractList$Companion
instanceKlass kotlin/collections/AbstractCollection
instanceKlass org/jetbrains/kotlin/resolve/checkers/TrailingCommaChecker
instanceKlass org/jetbrains/kotlin/builtins/CompanionObjectMapping
instanceKlass org/jetbrains/kotlin/builtins/jvm/JavaToKotlinClassMap$PlatformMutabilityMapping
instanceKlass org/jetbrains/kotlin/name/StandardClassIdsKt
instanceKlass org/jetbrains/kotlin/name/StandardClassIds
instanceKlass org/jetbrains/kotlin/builtins/jvm/JavaToKotlinClassMap
instanceKlass org/jetbrains/kotlin/resolve/PlatformClassesMappedToKotlinChecker
instanceKlass org/jetbrains/kotlin/descriptors/impl/TypeAliasConstructorDescriptor
instanceKlass org/jetbrains/kotlin/descriptors/impl/DescriptorDerivedFromTypeAlias
instanceKlass org/jetbrains/kotlin/descriptors/DescriptorVisibilityUtils
instanceKlass org/jetbrains/kotlin/load/java/JavaDescriptorVisibilities
instanceKlass org/jetbrains/kotlin/load/java/UtilsKt
instanceKlass org/jetbrains/kotlin/resolve/QualifiedExpressionResolverKt
instanceKlass org/jetbrains/kotlin/descriptors/DescriptorWithDeprecation$Companion
instanceKlass org/jetbrains/kotlin/descriptors/DescriptorWithDeprecation
instanceKlass org/jetbrains/kotlin/load/java/structure/impl/JavaModifierListOwnerImpl
instanceKlass org/jetbrains/kotlin/load/java/structure/impl/JavaAnnotationOwnerImpl
instanceKlass org/jetbrains/kotlin/load/java/lazy/LazyJavaTypeParameterResolver
instanceKlass org/jetbrains/kotlin/load/java/components/JavaSourceElementImpl
instanceKlass org/jetbrains/kotlin/load/java/lazy/descriptors/LazyJavaClassDescriptor$Companion
instanceKlass org/jetbrains/kotlin/load/java/structure/JavaLiteralAnnotationArgument
instanceKlass org/jetbrains/kotlin/load/java/structure/JavaEnumValueAnnotationArgument
instanceKlass org/jetbrains/kotlin/load/java/structure/impl/classFiles/PlainJavaAnnotationArgument
instanceKlass org/jetbrains/kotlin/load/java/structure/JavaArrayAnnotationArgument
instanceKlass org/jetbrains/kotlin/load/java/structure/JavaAnnotationArgument
instanceKlass org/jetbrains/kotlin/load/java/structure/impl/classFiles/BinaryJavaAnnotation$Companion
instanceKlass org/jetbrains/kotlin/load/java/structure/impl/classFiles/BinaryJavaAnnotation
instanceKlass org/jetbrains/kotlin/load/java/structure/JavaAnnotation
instanceKlass org/jetbrains/org/objectweb/asm/MethodVisitor
instanceKlass org/jetbrains/kotlin/load/java/structure/JavaConstructor
instanceKlass org/jetbrains/kotlin/load/java/structure/impl/classFiles/BinaryJavaValueParameter
instanceKlass org/jetbrains/kotlin/load/java/structure/JavaValueParameter
instanceKlass org/jetbrains/kotlin/load/java/structure/impl/classFiles/BinaryJavaMethodBase$Companion$MethodInfo
instanceKlass org/jetbrains/org/objectweb/asm/Type
instanceKlass org/jetbrains/kotlin/load/java/structure/impl/classFiles/BinaryJavaMethodBase$Companion
instanceKlass org/jetbrains/kotlin/load/java/structure/impl/classFiles/BinaryJavaMethodBase
instanceKlass org/jetbrains/kotlin/load/java/structure/JavaArrayType
instanceKlass org/jetbrains/org/objectweb/asm/FieldVisitor
instanceKlass org/jetbrains/kotlin/load/java/structure/impl/classFiles/BinaryJavaField
instanceKlass org/jetbrains/kotlin/load/java/structure/JavaPrimitiveType
instanceKlass org/jetbrains/kotlin/utils/addToStdlib/AddToStdlibKt
instanceKlass java/text/StringCharacterIterator
instanceKlass java/text/CharacterIterator
instanceKlass javaslang/control/Option$Some
instanceKlass javaslang/control/Option
instanceKlass org/jetbrains/kotlin/util/javaslang/JavaslangAdaptersKt
instanceKlass org/jetbrains/kotlin/load/java/structure/impl/classFiles/ClassifierResolutionContext$InnerClassInfo
instanceKlass org/jetbrains/kotlin/load/java/structure/impl/classFiles/CommonMixinsKt
instanceKlass org/jetbrains/kotlin/load/java/structure/impl/classFiles/JavaPlainType
instanceKlass org/jetbrains/kotlin/load/java/structure/JavaClassifierType
instanceKlass org/jetbrains/kotlin/load/java/structure/JavaType
instanceKlass org/jetbrains/kotlin/load/java/structure/ListBasedJavaAnnotationOwner
instanceKlass org/jetbrains/kotlin/load/java/structure/impl/classFiles/BinaryJavaModifierListOwner
instanceKlass org/jetbrains/kotlin/load/java/structure/impl/VirtualFileBoundJavaClass
instanceKlass org/jetbrains/kotlin/load/java/structure/MutableJavaAnnotationOwner
instanceKlass org/jetbrains/kotlin/load/java/structure/impl/classFiles/ClassifierResolutionContext
instanceKlass org/jetbrains/kotlin/load/kotlin/FileBasedKotlinClass$OuterAndInnerName
instanceKlass org/jetbrains/org/objectweb/asm/Context
instanceKlass org/jetbrains/org/objectweb/asm/Attribute
instanceKlass org/jetbrains/org/objectweb/asm/Label
instanceKlass org/jetbrains/org/objectweb/asm/ClassReader
instanceKlass org/jetbrains/kotlin/load/kotlin/FileBasedKotlinClass$InnerClassesInfo
instanceKlass org/jetbrains/kotlin/load/kotlin/KotlinJvmBinaryClass$AnnotationArgumentVisitor
instanceKlass org/jetbrains/kotlin/load/kotlin/header/ReadKotlinClassHeaderAnnotationVisitor
instanceKlass org/jetbrains/kotlin/load/kotlin/KotlinJvmBinaryClass$AnnotationVisitor
instanceKlass org/jetbrains/kotlin/load/kotlin/VirtualFileKotlinClass$Factory
instanceKlass org/jetbrains/org/objectweb/asm/AnnotationVisitor
instanceKlass org/jetbrains/org/objectweb/asm/ClassVisitor
instanceKlass org/jetbrains/kotlin/load/kotlin/FileBasedKotlinClass
instanceKlass org/jetbrains/kotlin/com/intellij/openapi/util/Computable
instanceKlass org/jetbrains/kotlin/load/kotlin/KotlinBinaryClassCache$RequestCache
instanceKlass org/jetbrains/kotlin/cli/jvm/compiler/KotlinCliJavaFileManagerImpl$WhenMappings
instanceKlass org/jetbrains/kotlin/load/java/lazy/descriptors/LazyJavaPackageScope$KotlinClassLookupResult
instanceKlass org/jetbrains/kotlin/load/java/lazy/descriptors/LazyJavaPackageScope$FindClassRequest
instanceKlass org/jetbrains/kotlin/com/intellij/lang/java/lexer/_JavaLexer
instanceKlass org/jetbrains/kotlin/com/intellij/psi/impl/source/tree/ElementType
instanceKlass org/jetbrains/kotlin/com/intellij/psi/impl/source/tree/JavaElementType
instanceKlass org/jetbrains/kotlin/com/intellij/psi/impl/source/tree/JavaDocElementType
instanceKlass org/jetbrains/kotlin/com/intellij/psi/JavaTokenType
instanceKlass org/jetbrains/kotlin/com/intellij/psi/JavaDocTokenType
instanceKlass org/jetbrains/kotlin/cli/jvm/index/SingleJavaFileRootsIndex$JavaSourceClassIdReader$Companion
instanceKlass org/jetbrains/kotlin/cli/jvm/index/SingleJavaFileRootsIndex$JavaSourceClassIdReader
instanceKlass org/jetbrains/kotlin/resolve/jvm/multiplatform/OptionalAnnotationClassDataFinder
instanceKlass org/jetbrains/kotlin/cli/jvm/index/JvmDependenciesIndexImpl$SearchResult
instanceKlass org/jetbrains/kotlin/load/java/lazy/LazyJavaAnnotations
instanceKlass org/jetbrains/kotlin/load/java/lazy/LazyJavaAnnotationsKt
instanceKlass org/jetbrains/kotlin/load/java/lazy/descriptors/JvmPackageScope
instanceKlass org/jetbrains/kotlin/load/java/lazy/ContextKt
instanceKlass org/jetbrains/kotlin/utils/CallOnceFunction
instanceKlass org/jetbrains/kotlin/load/java/structure/JavaElementsKt
instanceKlass org/jetbrains/kotlin/load/java/structure/impl/JavaElementImpl
instanceKlass org/jetbrains/kotlin/load/java/structure/MapBasedJavaAnnotationOwner
instanceKlass org/jetbrains/kotlin/cli/jvm/index/JvmDependenciesIndexImpl$FindClassRequest
instanceKlass org/jetbrains/kotlin/cli/jvm/index/JvmDependenciesIndexImpl$WhenMappings
instanceKlass org/jetbrains/kotlin/com/intellij/util/containers/IntArrayList
instanceKlass org/jetbrains/kotlin/cli/jvm/index/JvmDependenciesIndexImpl$Cache
instanceKlass org/jetbrains/kotlin/cli/jvm/index/JvmDependenciesIndexImpl$TraverseRequest
instanceKlass org/jetbrains/kotlin/cli/jvm/index/JvmDependenciesIndexImpl$SearchRequest
instanceKlass org/jetbrains/kotlin/cli/jvm/compiler/KotlinCliJavaFileManagerImplKt
instanceKlass kotlin/jvm/internal/Ref$BooleanRef
instanceKlass org/jetbrains/kotlin/resolve/jvm/KotlinSafeClassFinder
instanceKlass org/jetbrains/kotlin/com/intellij/util/containers/ImmutableList$Itr
instanceKlass org/jetbrains/kotlin/resolve/jvm/KotlinJavaPsiFacade$CliFinder
instanceKlass org/jetbrains/kotlin/com/intellij/util/containers/ContainerUtil$12
instanceKlass org/jetbrains/kotlin/com/intellij/util/containers/SequenceIterator
instanceKlass org/jetbrains/kotlin/com/intellij/util/UnmodifiableIterator
instanceKlass gnu/trove/TIterator
instanceKlass org/jetbrains/kotlin/resolve/jvm/KotlinJavaPsiFacade$PackageCache
instanceKlass java/util/AbstractList$SubList$1
instanceKlass org/jetbrains/kotlin/resolve/PackageFragmentWithCustomSource
instanceKlass kotlin/jvm/internal/markers/KMutableList
instanceKlass kotlin/jvm/internal/markers/KMutableCollection
instanceKlass kotlin/jvm/internal/markers/KMutableIterable
instanceKlass org/jetbrains/kotlin/com/google/common/collect/PeekingIterator
instanceKlass org/jetbrains/kotlin/com/google/common/collect/Iterators
instanceKlass org/jetbrains/kotlin/com/google/common/collect/ObjectArrays
instanceKlass org/jetbrains/kotlin/com/google/common/collect/ImmutableMultimap$Builder
instanceKlass org/jetbrains/kotlin/resolve/scopes/ImportingScope$DefaultImpls
instanceKlass org/jetbrains/kotlin/resolve/lazy/FileScopeFactory$currentPackageScope$1
instanceKlass org/jetbrains/kotlin/resolve/lazy/LazyImportScope
instanceKlass org/jetbrains/kotlin/resolve/DelegatingBindingTrace$MyBindingContext
instanceKlass org/jetbrains/kotlin/resolve/AnalyzingUtils
instanceKlass org/jetbrains/kotlin/resolve/extensions/ExtraImportsProviderExtension$Companion$CompoundExtraImportsProviderExtension
instanceKlass org/jetbrains/kotlin/resolve/scopes/ResolutionScope$DefaultImpls
instanceKlass org/jetbrains/kotlin/resolve/scopes/HierarchicalScope$DefaultImpls
instanceKlass org/jetbrains/kotlin/resolve/scopes/LexicalScope$DefaultImpls
instanceKlass org/jetbrains/kotlin/psi/KtCodeFragmentBase
instanceKlass org/jetbrains/kotlin/com/intellij/psi/JavaCodeFragment
instanceKlass org/jetbrains/kotlin/com/intellij/psi/PsiCodeFragment
instanceKlass org/jetbrains/kotlin/psi/codeFragmentUtil/CodeFragmentUtilKt
instanceKlass org/jetbrains/kotlin/com/google/common/collect/Lists
instanceKlass org/jetbrains/kotlin/resolve/scopes/LexicalScopeImpl$InitializeHandler
instanceKlass org/jetbrains/kotlin/resolve/scopes/LocalRedeclarationChecker$DO_NOTHING
instanceKlass org/jetbrains/kotlin/resolve/scopes/utils/ScopeUtilsKt
instanceKlass org/jetbrains/kotlin/resolve/bindingContextUtil/BindingContextUtilsKt
instanceKlass org/jetbrains/kotlin/resolve/lazy/FileScopeFactory$FilesScopesBuilder$importResolver$1
instanceKlass org/jetbrains/kotlin/resolve/scopes/BaseHierarchicalScope
instanceKlass org/jetbrains/kotlin/resolve/lazy/FileScopeFactory$FilesScopesBuilder$lazyImportingScope$1
instanceKlass org/jetbrains/kotlin/resolve/lazy/FileScopeFactoryKt
instanceKlass org/jetbrains/kotlin/resolve/lazy/LazyImportResolver
instanceKlass org/jetbrains/kotlin/resolve/lazy/IndexedImports
instanceKlass org/jetbrains/kotlin/resolve/lazy/FileScopeFactory$FilesScopesBuilder
instanceKlass org/jetbrains/kotlin/resolve/lazy/FileScopeProviderKt
instanceKlass org/jetbrains/kotlin/types/AbstractTypeConstructor$Supertypes
instanceKlass org/jetbrains/kotlin/resolve/lazy/descriptors/LazyClassMemberScope$Companion$EXTRACT_PROPERTIES$1
instanceKlass org/jetbrains/kotlin/resolve/lazy/descriptors/LazyClassMemberScope$Companion$EXTRACT_FUNCTIONS$1
instanceKlass org/jetbrains/kotlin/resolve/lazy/descriptors/LazyClassMemberScope$MemberExtractor
instanceKlass org/jetbrains/kotlin/resolve/lazy/descriptors/LazyClassMemberScope$Companion
instanceKlass org/jetbrains/kotlin/resolve/scopes/receivers/QualifierKt
instanceKlass org/jetbrains/kotlin/resolve/scopes/receivers/PackageQualifier
instanceKlass org/jetbrains/kotlin/psi/KtNamedDeclarationUtil
instanceKlass org/jetbrains/kotlin/resolve/lazy/descriptors/ClassResolutionScopesSupport$Companion
instanceKlass org/jetbrains/kotlin/resolve/lazy/descriptors/ClassResolutionScopesSupport
instanceKlass org/jetbrains/kotlin/resolve/source/KotlinSourceElement
instanceKlass org/jetbrains/kotlin/resolve/source/PsiSourceElement
instanceKlass org/jetbrains/kotlin/resolve/source/KotlinSourceElementKt
instanceKlass org/jetbrains/kotlin/descriptors/ValueClassRepresentation
instanceKlass org/jetbrains/kotlin/resolve/lazy/data/KtClassOrObjectInfo
instanceKlass org/jetbrains/kotlin/resolve/lazy/data/KtClassInfoUtil
instanceKlass org/jetbrains/kotlin/com/google/common/collect/LinkedHashMultimap$ValueSet$1
instanceKlass org/jetbrains/kotlin/com/google/common/collect/AbstractMapBasedMultimap$WrappedCollection$WrappedIterator
instanceKlass org/jetbrains/kotlin/com/google/common/collect/ListMultimap
instanceKlass org/jetbrains/kotlin/resolve/lazy/declarations/AbstractPsiBasedDeclarationProvider$Index
instanceKlass org/jetbrains/kotlin/storage/LockBasedStorageManager$KeyWithComputation
instanceKlass org/jetbrains/kotlin/resolve/lazy/declarations/AbstractPsiBasedDeclarationProvider
instanceKlass org/jetbrains/kotlin/parsing/DoNotBindAnything
instanceKlass org/jetbrains/kotlin/kdoc/psi/api/KDoc
instanceKlass org/jetbrains/kotlin/kdoc/psi/api/KDocElement
instanceKlass org/jetbrains/kotlin/com/intellij/psi/PsiDocCommentBase
instanceKlass org/jetbrains/kotlin/parsing/KotlinParsing$4
instanceKlass org/jetbrains/kotlin/psi/psiUtil/KtPsiUtilKt
instanceKlass org/jetbrains/kotlin/com/intellij/psi/search/PsiElementProcessor$FindElement
instanceKlass org/jetbrains/kotlin/com/intellij/psi/search/PsiElementProcessor$CollectElements
instanceKlass org/jetbrains/kotlin/com/intellij/psi/search/PsiElementProcessor
instanceKlass org/jetbrains/kotlin/com/intellij/psi/util/PsiTreeUtil
instanceKlass org/jetbrains/kotlin/util/slicedMap/OpenAddressLinearProbingHashTableKt
instanceKlass org/jetbrains/kotlin/util/slicedMap/OpenAddressLinearProbingHashTable$Companion
instanceKlass org/jetbrains/kotlin/com/google/common/collect/Sets
instanceKlass org/jetbrains/kotlin/resolve/FilePreprocessorKt
instanceKlass org/jetbrains/kotlin/psi/KtPsiUtil
instanceKlass org/jetbrains/kotlin/psi/KtSimpleNameExpressionImpl$Companion
instanceKlass org/jetbrains/kotlin/psi/KtExpressionImpl$Companion
instanceKlass org/jetbrains/kotlin/psi/KtNameReferenceExpression$Companion
instanceKlass org/jetbrains/kotlin/com/intellij/psi/impl/source/SourceTreeToPsiMap
instanceKlass org/jetbrains/kotlin/psi/psiUtil/PsiUtilsKt$siblings$1$iterator$1
instanceKlass org/jetbrains/kotlin/psi/psiUtil/PsiUtilsKt$siblings$1
instanceKlass org/jetbrains/kotlin/psi/psiUtil/PsiUtilsKt
instanceKlass org/jetbrains/kotlin/psi/KtDotQualifiedExpression$Companion
instanceKlass org/jetbrains/kotlin/psi/KtStubbedPsiUtil
instanceKlass org/jetbrains/kotlin/com/intellij/openapi/progress/WrappedProgressIndicator
instanceKlass org/jetbrains/kotlin/com/intellij/openapi/progress/impl/NonCancelableIndicator
instanceKlass org/jetbrains/kotlin/com/intellij/openapi/progress/StandardProgressIndicator
instanceKlass org/jetbrains/kotlin/com/intellij/openapi/progress/NonCancelableSection
instanceKlass org/jetbrains/kotlin/com/intellij/psi/tree/ILeafElementType
instanceKlass org/jetbrains/kotlin/com/intellij/psi/tree/ICustomParsingType
instanceKlass org/jetbrains/kotlin/com/intellij/lang/WhitespacesAndCommentsBinder$RecursiveBinder
instanceKlass org/jetbrains/kotlin/com/intellij/lang/impl/PsiBuilderImpl$RelativeTokenTextView
instanceKlass org/jetbrains/kotlin/it/unimi/dsi/fastutil/ints/IntArrays$ArrayHashStrategy
instanceKlass org/jetbrains/kotlin/it/unimi/dsi/fastutil/ints/IntArrays$Segment
instanceKlass org/jetbrains/kotlin/it/unimi/dsi/fastutil/ints/IntArrays
instanceKlass java/util/function/IntUnaryOperator
instanceKlass org/jetbrains/kotlin/parsing/PrecedingCommentsBinder
instanceKlass org/jetbrains/kotlin/parsing/KotlinParsing$PropertyComponentKind$Collector
instanceKlass org/jetbrains/kotlin/parsing/AbstractKotlinParsing$OptionalMarker
instanceKlass org/jetbrains/kotlin/parsing/PrecedingDocCommentsBinder
instanceKlass org/jetbrains/kotlin/parsing/KotlinParsing$ModifierDetector
instanceKlass org/jetbrains/kotlin/com/intellij/lang/WhitespacesBinders$2
instanceKlass org/jetbrains/kotlin/com/intellij/lang/WhitespacesBinders$1
instanceKlass org/jetbrains/kotlin/com/intellij/lang/WhitespacesBinders
instanceKlass org/jetbrains/kotlin/parsing/TrailingCommentsBinder
instanceKlass org/jetbrains/kotlin/com/intellij/util/text/CharSequenceSubSequence
instanceKlass org/jetbrains/kotlin/it/unimi/dsi/fastutil/Arrays
instanceKlass org/jetbrains/kotlin/com/google/common/collect/ImmutableCollection$Builder
instanceKlass java/util/AbstractMap$SimpleImmutableEntry
instanceKlass org/jetbrains/kotlin/com/google/common/collect/ImmutableMap$Builder
instanceKlass org/jetbrains/kotlin/parsing/AbstractTokenStreamPredicate
instanceKlass org/jetbrains/kotlin/parsing/AbstractTokenStreamPattern
instanceKlass org/jetbrains/kotlin/parsing/TokenStreamPattern
instanceKlass org/jetbrains/kotlin/parsing/Consumer
instanceKlass org/jetbrains/kotlin/parsing/TokenStreamPredicate
instanceKlass org/jetbrains/kotlin/com/intellij/lang/WhitespacesAndCommentsBinder
instanceKlass org/jetbrains/kotlin/parsing/AbstractKotlinParsing
instanceKlass org/jetbrains/kotlin/com/intellij/lang/impl/PsiBuilderAdapter
instanceKlass org/jetbrains/kotlin/parsing/SemanticWhitespaceAwarePsiBuilder
instanceKlass org/jetbrains/kotlin/parsing/KotlinParser
instanceKlass org/jetbrains/kotlin/lexer/_JetLexer$State
instanceKlass org/jetbrains/kotlin/com/intellij/util/text/ImmutableText$InnerLeaf
instanceKlass org/jetbrains/kotlin/com/intellij/lang/impl/TokenSequence$Builder
instanceKlass org/jetbrains/kotlin/com/intellij/lang/impl/TokenSequence
instanceKlass org/jetbrains/kotlin/com/intellij/lexer/TokenList
instanceKlass org/jetbrains/kotlin/com/intellij/lang/impl/PsiBuilderImpl$Token
instanceKlass org/jetbrains/kotlin/com/intellij/lang/LighterLazyParseableNode
instanceKlass org/jetbrains/kotlin/it/unimi/dsi/fastutil/ints/IntListIterator
instanceKlass org/jetbrains/kotlin/it/unimi/dsi/fastutil/ints/IntBidirectionalIterator
instanceKlass org/jetbrains/kotlin/it/unimi/dsi/fastutil/ints/IntStack
instanceKlass org/jetbrains/kotlin/it/unimi/dsi/fastutil/ints/IntList
instanceKlass org/jetbrains/kotlin/it/unimi/dsi/fastutil/ints/IntIterator
instanceKlass java/util/PrimitiveIterator$OfInt
instanceKlass java/util/PrimitiveIterator
instanceKlass java/util/BitSet
instanceKlass org/jetbrains/kotlin/com/intellij/util/containers/IntStack
instanceKlass org/jetbrains/kotlin/it/unimi/dsi/fastutil/objects/ObjectArrays$ArrayHashStrategy
instanceKlass org/jetbrains/kotlin/it/unimi/dsi/fastutil/objects/ObjectArrays
instanceKlass org/jetbrains/kotlin/it/unimi/dsi/fastutil/objects/ObjectListIterator
instanceKlass org/jetbrains/kotlin/it/unimi/dsi/fastutil/objects/ObjectBidirectionalIterator
instanceKlass org/jetbrains/kotlin/it/unimi/dsi/fastutil/BidirectionalIterator
instanceKlass org/jetbrains/kotlin/it/unimi/dsi/fastutil/objects/ObjectList
instanceKlass org/jetbrains/kotlin/it/unimi/dsi/fastutil/ints/Int2ObjectMap$FastEntrySet
instanceKlass org/jetbrains/kotlin/it/unimi/dsi/fastutil/ints/IntSet
instanceKlass org/jetbrains/kotlin/it/unimi/dsi/fastutil/ints/IntCollection
instanceKlass org/jetbrains/kotlin/it/unimi/dsi/fastutil/ints/IntIterable
instanceKlass org/jetbrains/kotlin/it/unimi/dsi/fastutil/ints/AbstractInt2ObjectFunction
instanceKlass org/jetbrains/kotlin/com/intellij/psi/text/BlockSupport
instanceKlass org/jetbrains/kotlin/com/intellij/psi/impl/source/tree/SharedImplUtil
instanceKlass org/jetbrains/kotlin/lexer/_JetLexer
instanceKlass org/jetbrains/kotlin/com/intellij/lexer/FlexLexer
instanceKlass org/jetbrains/kotlin/com/intellij/lexer/LexerPosition
instanceKlass org/jetbrains/kotlin/com/intellij/lang/WhitespacesAndCommentsBinder$TokenTextGetter
instanceKlass org/jetbrains/kotlin/com/intellij/lang/PsiBuilder$Marker
instanceKlass org/jetbrains/kotlin/com/intellij/lang/SyntaxTreeBuilder$Marker
instanceKlass org/jetbrains/kotlin/com/intellij/lang/impl/PsiBuilderImpl$ProductionMarker
instanceKlass org/jetbrains/kotlin/com/intellij/lang/impl/PsiBuilderImpl$Node
instanceKlass org/jetbrains/kotlin/com/intellij/lang/LighterASTNode
instanceKlass org/jetbrains/kotlin/com/intellij/util/diff/ShallowNodeComparator
instanceKlass org/jetbrains/kotlin/com/intellij/util/diff/DiffTreeChangeBuilder
instanceKlass org/jetbrains/kotlin/it/unimi/dsi/fastutil/ints/Int2ObjectMap
instanceKlass org/jetbrains/kotlin/it/unimi/dsi/fastutil/ints/Int2ObjectFunction
instanceKlass org/jetbrains/kotlin/com/intellij/openapi/util/UnprotectedUserDataHolder
instanceKlass org/jetbrains/kotlin/com/intellij/util/ThrowableRunnable
instanceKlass org/jetbrains/kotlin/com/intellij/psi/impl/source/tree/TreeUtil
instanceKlass org/jetbrains/kotlin/com/intellij/psi/impl/DebugUtil
instanceKlass org/jetbrains/kotlin/com/intellij/lang/LighterAST
instanceKlass org/jetbrains/kotlin/com/intellij/util/exception/FrequentErrorLogger
instanceKlass org/jetbrains/kotlin/com/intellij/util/AstLoadingFilter
instanceKlass org/jetbrains/kotlin/util/slicedMap/Slices$SliceBuilder
instanceKlass org/jetbrains/kotlin/util/slicedMap/SetSlice$Companion
instanceKlass org/jetbrains/kotlin/util/slicedMap/RewritePolicy$1
instanceKlass org/jetbrains/kotlin/resolve/BindingContext$1
instanceKlass kotlin/jvm/internal/Ref$ObjectRef
instanceKlass javaslang/collection/HashArrayMappedTrieModule$AbstractNode
instanceKlass javaslang/collection/HashArrayMappedTrie
instanceKlass javaslang/collection/Set
instanceKlass javaslang/collection/Seq
instanceKlass javaslang/collection/Iterator
instanceKlass javaslang/collection/HashMap
instanceKlass javaslang/collection/Map
instanceKlass javaslang/collection/Traversable
instanceKlass javaslang/collection/Foldable
instanceKlass javaslang/Value
instanceKlass javaslang/Function1
instanceKlass javaslang/\u03bb
instanceKlass org/jetbrains/kotlin/resolve/calls/smartcasts/DataFlowInfoImpl$Companion
instanceKlass org/jetbrains/kotlin/resolve/calls/smartcasts/DataFlowInfoImpl
instanceKlass org/jetbrains/kotlin/resolve/calls/smartcasts/DataFlowInfoFactory
instanceKlass org/jetbrains/kotlin/resolve/calls/smartcasts/DataFlowInfo$Companion
instanceKlass org/jetbrains/kotlin/serialization/konan/impl/KlibResolvedModuleDescriptorsFactoryImpl$Companion
instanceKlass org/jetbrains/kotlin/serialization/konan/impl/KlibResolvedModuleDescriptorsFactoryImpl
instanceKlass org/jetbrains/kotlin/serialization/konan/KlibResolvedModuleDescriptorsFactory
instanceKlass org/jetbrains/kotlin/serialization/konan/impl/KlibMetadataModuleDescriptorFactoryImpl
instanceKlass org/jetbrains/kotlin/backend/common/serialization/metadata/KlibMetadataModuleDescriptorFactory
instanceKlass org/jetbrains/kotlin/backend/common/serialization/metadata/impl/KlibMetadataDeserializedPackageFragmentsFactoryImpl
instanceKlass org/jetbrains/kotlin/backend/common/serialization/metadata/KlibMetadataDeserializedPackageFragmentsFactory
instanceKlass org/jetbrains/kotlin/descriptors/konan/impl/KlibModuleDescriptorFactoryImpl
instanceKlass org/jetbrains/kotlin/descriptors/konan/KlibModuleDescriptorFactory
instanceKlass org/jetbrains/kotlin/library/metadata/NullFlexibleTypeDeserializer
instanceKlass org/jetbrains/kotlin/konan/util/KlibMetadataFactories
instanceKlass org/jetbrains/kotlin/cli/jvm/compiler/TopDownAnalyzerFacadeForJVMKt
instanceKlass org/jetbrains/kotlin/load/kotlin/incremental/IncrementalPackagePartProvider
instanceKlass org/jetbrains/kotlin/cli/jvm/config/ClassicFrontendSpecificJvmConfigurationKeys
instanceKlass org/jetbrains/kotlin/resolve/CodeAnalyzerInitializer$Companion
instanceKlass org/jetbrains/kotlin/resolve/calls/inference/ConstraintSystemBuilderImpl$Companion
instanceKlass org/jetbrains/kotlin/resolve/calls/inference/ConstraintSystemBuilderImpl
instanceKlass org/jetbrains/kotlin/resolve/calls/results/FlatSignatureForResolvedCallKt
instanceKlass org/jetbrains/kotlin/resolve/calls/CallExpressionResolver$Companion
instanceKlass org/jetbrains/kotlin/builtins/jvm/JvmBuiltInsPackageFragmentProvider$Companion
instanceKlass org/jetbrains/kotlin/resolve/jvm/TopPackageNamesProvider
instanceKlass org/jetbrains/kotlin/metadata/jvm/JvmProtoBuf$JvmFieldSignatureOrBuilder
instanceKlass org/jetbrains/kotlin/metadata/jvm/JvmProtoBuf$JvmPropertySignatureOrBuilder
instanceKlass org/jetbrains/kotlin/metadata/jvm/JvmProtoBuf$JvmMethodSignatureOrBuilder
instanceKlass org/jetbrains/kotlin/metadata/jvm/JvmProtoBuf
instanceKlass org/jetbrains/kotlin/metadata/jvm/deserialization/JvmProtoBufUtil
instanceKlass org/jetbrains/kotlin/load/kotlin/JavaFlexibleTypeDeserializer
instanceKlass org/jetbrains/kotlin/load/kotlin/DeserializationComponentsForJava$Companion
instanceKlass org/jetbrains/kotlin/types/TypeParameterErasureOptions
instanceKlass org/jetbrains/kotlin/types/TypeParameterUpperBoundEraser$Companion
instanceKlass org/jetbrains/kotlin/types/TypeParameterUpperBoundEraser
instanceKlass org/jetbrains/kotlin/types/ErasureProjectionComputer
instanceKlass org/jetbrains/kotlin/load/java/lazy/types/JavaTypeResolver
instanceKlass org/jetbrains/kotlin/load/java/lazy/TypeParameterResolver$EMPTY
instanceKlass org/jetbrains/kotlin/load/java/lazy/TypeParameterResolver
instanceKlass org/jetbrains/kotlin/load/java/components/TraceBasedErrorReporter$Companion
instanceKlass org/jetbrains/kotlin/load/kotlin/header/KotlinClassHeader$Kind$Companion
instanceKlass org/jetbrains/kotlin/load/kotlin/DeserializedDescriptorResolver$Companion
instanceKlass org/jetbrains/kotlin/util/slicedMap/Slices$2
instanceKlass org/jetbrains/kotlin/util/slicedMap/Slices$1
instanceKlass org/jetbrains/kotlin/util/slicedMap/RewritePolicy
instanceKlass org/jetbrains/kotlin/util/slicedMap/Slices
instanceKlass org/jetbrains/kotlin/load/java/components/FilesByFacadeFqNameIndexer$Companion
instanceKlass org/jetbrains/kotlin/com/intellij/util/SmartFMap
instanceKlass org/jetbrains/kotlin/resolve/ObservableBindingTrace
instanceKlass org/jetbrains/kotlin/resolve/ShadowedExtensionChecker
instanceKlass org/jetbrains/kotlin/descriptors/EffectiveVisibility
instanceKlass org/jetbrains/kotlin/resolve/ExposedVisibilityChecker
instanceKlass org/jetbrains/kotlin/resolve/DeclarationsChecker$Companion
instanceKlass org/jetbrains/kotlin/resolve/VarianceCheckerCore$Companion
instanceKlass org/jetbrains/kotlin/resolve/VarianceCheckerCore
instanceKlass org/jetbrains/kotlin/idea/MainFunctionDetector$Companion
instanceKlass org/jetbrains/kotlin/resolve/OverrideResolver$Companion
instanceKlass org/jetbrains/kotlin/load/java/AbstractAnnotationTypeQualifierResolver$Companion
instanceKlass org/jetbrains/kotlin/resolve/VariableTypeAndInitializerResolver$Companion
instanceKlass org/jetbrains/kotlin/resolve/checkers/ResolutionWithStubTypesChecker
instanceKlass org/jetbrains/kotlin/types/checker/SimpleClassicTypeSystemContext
instanceKlass org/jetbrains/kotlin/resolve/checkers/PassingProgressionAsCollectionCallChecker
instanceKlass org/jetbrains/kotlin/resolve/calls/checkers/CallCheckerWithAdditionalResolve
instanceKlass org/jetbrains/kotlin/resolve/calls/components/NewOverloadingConflictResolver$Companion
instanceKlass org/jetbrains/kotlin/resolve/calls/inference/components/KotlinConstraintSystemCompleter$Companion
instanceKlass org/jetbrains/kotlin/resolve/calls/inference/components/PostponedArgumentInputTypesResolver$Companion
instanceKlass org/jetbrains/kotlin/resolve/calls/tower/KotlinToResolvedCallTransformer$Companion
instanceKlass org/jetbrains/kotlin/resolve/calls/results/OverloadingConflictResolver$SpecificityComparisonWithNumerics$1
instanceKlass org/jetbrains/kotlin/resolve/calls/results/SpecificityComparisonCallbacks
instanceKlass org/jetbrains/kotlin/resolve/calls/results/OverloadingConflictResolver$resolvedCallHashingStrategy$1
instanceKlass org/jetbrains/kotlin/resolve/calls/components/CallableReferenceOverloadConflictResolver$Companion
instanceKlass org/jetbrains/kotlin/resolve/calls/inference/components/TrivialConstraintTypeInferenceOracle$Companion
instanceKlass org/jetbrains/kotlin/types/AbstractTypeApproximator$Companion
instanceKlass org/jetbrains/kotlin/types/expressions/DoubleColonExpressionResolver$Companion
instanceKlass org/jetbrains/kotlin/resolve/calls/smartcasts/SmartCastManager$Companion
instanceKlass org/jetbrains/kotlin/resolve/StatementFilter$Companion
instanceKlass org/jetbrains/kotlin/resolve/AnnotationChecker$Companion
instanceKlass org/jetbrains/kotlin/resolve/TypeResolver$Companion
instanceKlass org/jetbrains/kotlin/resolve/constants/evaluate/ConstantExpressionEvaluator$Companion$ExperimentalityDiagnostic1
instanceKlass org/jetbrains/kotlin/resolve/constants/evaluate/ConstantExpressionEvaluator$Companion
instanceKlass org/jetbrains/kotlin/util/CounterWithExclude$Companion
instanceKlass org/jetbrains/kotlin/util/ReenterableCounter$Companion
instanceKlass org/jetbrains/kotlin/resolve/lazy/FileScopeFactory$DefaultImportImpl
instanceKlass org/jetbrains/kotlin/util/collectionUtils/ScopeUtilsKt
instanceKlass org/jetbrains/kotlin/builtins/jvm/CloneableClassScope$Companion
instanceKlass org/jetbrains/kotlin/descriptors/TypeParameterUtilsKt
instanceKlass org/jetbrains/kotlin/incremental/UtilsKt
instanceKlass org/jetbrains/kotlin/serialization/deserialization/descriptors/DeserializedClassDescriptor$EnumEntryClassDescriptors
instanceKlass org/jetbrains/kotlin/builtins/functions/FunctionClassKind$Companion
instanceKlass org/jetbrains/kotlin/serialization/deserialization/descriptors/DeserializedAnnotations
instanceKlass org/jetbrains/kotlin/descriptors/impl/AbstractTypeParameterDescriptor$2
instanceKlass org/jetbrains/kotlin/descriptors/impl/AbstractTypeParameterDescriptor$1
instanceKlass org/jetbrains/kotlin/descriptors/SupertypeLoopChecker$EMPTY
instanceKlass org/jetbrains/kotlin/descriptors/ScopesHolderForClass$Companion
instanceKlass org/jetbrains/kotlin/descriptors/ScopesHolderForClass
instanceKlass org/jetbrains/kotlin/serialization/deserialization/ProtoEnumFlagsUtilsKt$WhenMappings
instanceKlass org/jetbrains/kotlin/serialization/deserialization/ProtoEnumFlagsUtilsKt
instanceKlass org/jetbrains/kotlin/serialization/deserialization/ProtoEnumFlags$WhenMappings
instanceKlass org/jetbrains/kotlin/metadata/ProtoBuf$MemberKind$1
instanceKlass org/jetbrains/kotlin/metadata/ProtoBuf$Class$Kind$1
instanceKlass org/jetbrains/kotlin/metadata/ProtoBuf$Modality$1
instanceKlass org/jetbrains/kotlin/metadata/ProtoBuf$Visibility$1
instanceKlass org/jetbrains/kotlin/metadata/deserialization/Flags$FlagField
instanceKlass org/jetbrains/kotlin/metadata/deserialization/Flags
instanceKlass org/jetbrains/kotlin/serialization/deserialization/ProtoEnumFlags
instanceKlass org/jetbrains/kotlin/descriptors/DeserializedDescriptor
instanceKlass org/jetbrains/kotlin/serialization/deserialization/ClassDeserializer$ClassKey
instanceKlass org/jetbrains/kotlin/resolve/scopes/ChainedMemberScope$Companion
instanceKlass org/jetbrains/kotlin/resolve/scopes/ChainedMemberScope
instanceKlass org/jetbrains/kotlin/descriptors/PackageFragmentProviderKt
instanceKlass org/jetbrains/kotlin/descriptors/impl/CompositePackageFragmentProvider
instanceKlass org/jetbrains/kotlin/resolve/scopes/MemberScope$Companion
instanceKlass org/jetbrains/kotlin/resolve/scopes/DescriptorKindFilter$Companion$MaskToName
instanceKlass org/jetbrains/kotlin/resolve/scopes/DescriptorKindFilter$Companion
instanceKlass org/jetbrains/kotlin/resolve/scopes/DescriptorKindFilter
instanceKlass org/jetbrains/kotlin/resolve/scopes/AbstractScopeAdapter
instanceKlass org/jetbrains/kotlin/resolve/PlatformDependentAnalyzerServices$DefaultImportsKey
instanceKlass org/jetbrains/kotlin/resolve/QualifiedExpressionResolver$Companion
instanceKlass org/jetbrains/kotlin/container/MethodBinding
instanceKlass org/jetbrains/kotlin/resolve/extensions/SyntheticResolveExtension$Companion$getInstance$1
instanceKlass org/jetbrains/kotlin/resolve/lazy/descriptors/LazyAnnotations
instanceKlass org/jetbrains/kotlin/resolve/lazy/ResolveSession$1
instanceKlass org/jetbrains/kotlin/storage/LockBasedLazyResolveStorageManager$LockProtectedContext
instanceKlass org/jetbrains/kotlin/storage/LockBasedLazyResolveStorageManager$LockProtectedTrace
instanceKlass org/jetbrains/kotlin/storage/LockBasedLazyResolveStorageManager
instanceKlass org/jetbrains/kotlin/resolve/checkers/OptInNames
instanceKlass org/jetbrains/kotlin/diagnostics/rendering/DiagnosticFactoryToRendererMap
instanceKlass org/jetbrains/kotlin/diagnostics/rendering/DefaultErrorMessages$Extension
instanceKlass org/jetbrains/kotlin/diagnostics/Errors$Initializer
instanceKlass org/jetbrains/kotlin/com/google/common/collect/Hashing
instanceKlass org/jetbrains/kotlin/com/google/common/math/IntMath$1
instanceKlass org/jetbrains/kotlin/com/google/common/math/MathPreconditions
instanceKlass org/jetbrains/kotlin/com/google/common/math/IntMath
instanceKlass org/jetbrains/kotlin/com/google/common/collect/ImmutableSet$SetBuilderImpl
instanceKlass org/jetbrains/kotlin/diagnostics/DiagnosticFactoryForDeprecation4$Companion
instanceKlass org/jetbrains/kotlin/diagnostics/ClassicPositioningStrategies
instanceKlass org/jetbrains/kotlin/diagnostics/DiagnosticFactoryForDeprecation2$Companion
instanceKlass org/jetbrains/kotlin/diagnostics/DiagnosticFactoryForDeprecation0$Companion
instanceKlass org/jetbrains/kotlin/diagnostics/DiagnosticFactoryForDeprecation1$Companion
instanceKlass org/jetbrains/kotlin/diagnostics/DiagnosticFactoryForDeprecation3$Companion
instanceKlass org/jetbrains/kotlin/diagnostics/DiagnosticFactoryForDeprecation
instanceKlass org/jetbrains/kotlin/diagnostics/ParametrizedDiagnostic
instanceKlass org/jetbrains/kotlin/diagnostics/Errors
instanceKlass org/jetbrains/kotlin/resolve/checkers/OptInUsageChecker$OptInFactoryBasedReporter
instanceKlass org/jetbrains/kotlin/resolve/checkers/OptInUsageChecker$OptInDiagnosticReporter
instanceKlass org/jetbrains/kotlin/resolve/checkers/OptInUsageChecker$Companion
instanceKlass org/jetbrains/kotlin/resolve/checkers/ExpectedActualDeclarationChecker$Companion
instanceKlass org/jetbrains/kotlin/resolve/jvm/checkers/InlinePlatformCompatibilityChecker$Companion
instanceKlass org/jetbrains/kotlin/resolve/LanguageVersionSettingsProvider$Companion
instanceKlass org/jetbrains/kotlin/resolve/LanguageVersionSettingsProvider
instanceKlass org/jetbrains/kotlin/synthetic/SyntheticScopeProviderExtension
instanceKlass org/jetbrains/kotlin/resolve/scopes/SyntheticScope$Default
instanceKlass org/jetbrains/kotlin/resolve/scopes/SyntheticScope
instanceKlass org/jetbrains/kotlin/resolve/deprecation/DeprecationResolver$Companion
instanceKlass org/jetbrains/kotlin/container/IterableDescriptor
instanceKlass org/jetbrains/kotlin/builtins/ReflectionTypes$ClassLookup
instanceKlass org/jetbrains/kotlin/builtins/ReflectionTypes$Companion
instanceKlass org/jetbrains/kotlin/resolve/jvm/checkers/JavaNullabilityChecker$Companion
instanceKlass org/jetbrains/kotlin/container/ConstructorBinding
instanceKlass org/jetbrains/kotlin/container/ResolveKt
instanceKlass org/jetbrains/kotlin/container/SingletonDescriptor$WhenMappings
instanceKlass org/jetbrains/kotlin/load/kotlin/MemberSignature
instanceKlass org/jetbrains/kotlin/serialization/deserialization/ProtoContainer
instanceKlass org/jetbrains/kotlin/load/kotlin/AbstractBinaryClassAnnotationLoader$AnnotationsContainer
instanceKlass org/jetbrains/kotlin/load/java/typeEnhancement/JavaTypeEnhancement
instanceKlass org/jetbrains/kotlin/load/java/JavaTypeQualifiersByElementType
instanceKlass org/jetbrains/kotlin/load/java/typeEnhancement/NullabilityQualifierWithMigrationStatus
instanceKlass org/jetbrains/kotlin/serialization/deserialization/ClassData
instanceKlass org/jetbrains/kotlin/load/kotlin/KotlinJvmBinaryClass
instanceKlass org/jetbrains/kotlin/load/java/typeEnhancement/SignatureEnhancement
instanceKlass org/jetbrains/kotlin/load/kotlin/DeserializedDescriptorResolver
instanceKlass org/jetbrains/kotlin/load/java/lazy/JavaResolverComponents
instanceKlass org/jetbrains/kotlin/resolve/inline/ReasonableInlineRule
instanceKlass org/jetbrains/kotlin/resolve/AnalyzerExtensions
instanceKlass org/jetbrains/kotlin/resolve/ControlFlowAnalyzer
instanceKlass org/jetbrains/kotlin/com/intellij/psi/PsiErrorElement
instanceKlass org/jetbrains/kotlin/com/intellij/psi/PsiPlainTextFile
instanceKlass org/jetbrains/kotlin/com/intellij/psi/templateLanguages/OuterLanguageElement
instanceKlass org/jetbrains/kotlin/resolve/calls/context/CallPosition
instanceKlass org/jetbrains/kotlin/resolve/DeclarationsChecker
instanceKlass org/jetbrains/kotlin/resolve/ModifiersChecker$ModifiersCheckingProcedure
instanceKlass org/jetbrains/kotlin/types/expressions/FakeCallResolver$RealExpression
instanceKlass org/jetbrains/kotlin/resolve/calls/results/ResolutionResultsHandler
instanceKlass org/jetbrains/kotlin/resolve/calls/tower/ImplicitsExtensionsResolutionFilter$Default
instanceKlass org/jetbrains/kotlin/resolve/calls/inference/components/TypeVariableDependencyInformationProvider
instanceKlass org/jetbrains/kotlin/resolve/calls/inference/components/VariableFixationFinder$VariableForFixation
instanceKlass org/jetbrains/kotlin/resolve/calls/inference/model/VariableWithConstraints
instanceKlass org/jetbrains/kotlin/resolve/calls/inference/components/ConstraintSystemCompletionContext
instanceKlass org/jetbrains/kotlin/resolve/calls/inference/components/VariableFixationFinder$Context
instanceKlass org/jetbrains/kotlin/resolve/calls/inference/components/ResultTypeResolver$Context
instanceKlass org/jetbrains/kotlin/resolve/calls/inference/components/PostponedArgumentInputTypesResolver
instanceKlass org/jetbrains/kotlin/resolve/calls/inference/components/VariableFixationFinder
instanceKlass org/jetbrains/kotlin/resolve/calls/components/PostponedArgumentsAnalyzer$SubstitutorAndStubsForLambdaAnalysis
instanceKlass org/jetbrains/kotlin/resolve/calls/components/ReturnArgumentsAnalysisResult
instanceKlass org/jetbrains/kotlin/resolve/calls/components/PostponedArgumentsAnalyzerContext
instanceKlass org/jetbrains/kotlin/resolve/calls/model/KotlinDiagnosticsHolder$SimpleHolder
instanceKlass org/jetbrains/kotlin/resolve/calls/tower/CandidateFactory
instanceKlass org/jetbrains/kotlin/resolve/calls/tower/TowerData
instanceKlass org/jetbrains/kotlin/resolve/calls/tower/TowerResolver$ResultCollector
instanceKlass org/jetbrains/kotlin/resolve/calls/tower/ScopeTowerProcessor
instanceKlass org/jetbrains/kotlin/resolve/calls/inference/model/ConstraintStorage
instanceKlass org/jetbrains/kotlin/resolve/calls/components/KotlinCallCompleter
instanceKlass org/jetbrains/kotlin/resolve/calls/tower/TowerResolver
instanceKlass org/jetbrains/kotlin/resolve/scopes/receivers/ReceiverValueWithSmartCastInfo
instanceKlass org/jetbrains/kotlin/resolve/calls/inference/components/NewTypeSubstitutor
instanceKlass org/jetbrains/kotlin/resolve/calls/tower/NewAbstractResolvedCall
instanceKlass org/jetbrains/kotlin/resolve/calls/components/AdditionalDiagnosticReporter
instanceKlass org/jetbrains/kotlin/resolve/calls/model/ResolvedCallableReferenceAtom
instanceKlass org/jetbrains/kotlin/resolve/calls/inference/ConstraintSystemBuilder
instanceKlass org/jetbrains/kotlin/resolve/calls/inference/ConstraintSystemOperation
instanceKlass org/jetbrains/kotlin/resolve/calls/results/OverloadingConflictResolver
instanceKlass org/jetbrains/kotlin/types/TypeApproximatorConfiguration
instanceKlass org/jetbrains/kotlin/resolve/calls/inference/model/Constraint
instanceKlass org/jetbrains/kotlin/resolve/calls/inference/components/ConstraintIncorporator$Context
instanceKlass org/jetbrains/kotlin/resolve/calls/inference/components/TrivialConstraintTypeInferenceOracle
instanceKlass org/jetbrains/kotlin/resolve/calls/inference/components/ConstraintInjector$Context
instanceKlass org/jetbrains/kotlin/resolve/calls/inference/components/ConstraintIncorporator
instanceKlass org/jetbrains/kotlin/resolve/calls/components/TypeArgumentsToParametersMapper$TypeArgumentsMapping
instanceKlass org/jetbrains/kotlin/resolve/calls/components/ArgumentsToParametersMapper$ArgumentMapping
instanceKlass org/jetbrains/kotlin/resolve/calls/components/CallableReferenceArgumentResolver
instanceKlass org/jetbrains/kotlin/resolve/calls/components/TypeArgumentsToParametersMapper
instanceKlass org/jetbrains/kotlin/resolve/calls/components/ArgumentsToParametersMapper
instanceKlass org/jetbrains/kotlin/resolve/calls/tower/PSIKotlinCallArgument
instanceKlass org/jetbrains/kotlin/resolve/calls/model/ResolvedAtom
instanceKlass org/jetbrains/kotlin/resolve/calls/tower/KotlinResolutionCallbacksImpl
instanceKlass org/jetbrains/kotlin/resolve/calls/inference/components/ResultTypeResolver
instanceKlass org/jetbrains/kotlin/resolve/calls/inference/components/KotlinConstraintSystemCompleter
instanceKlass org/jetbrains/kotlin/resolve/calls/components/PostponedArgumentsAnalyzer
instanceKlass org/jetbrains/kotlin/resolve/calls/tower/ImplicitsExtensionsResolutionFilter
instanceKlass org/jetbrains/kotlin/resolve/calls/KotlinCallResolver
instanceKlass org/jetbrains/kotlin/resolve/calls/tower/KotlinToResolvedCallTransformer
instanceKlass org/jetbrains/kotlin/resolve/calls/model/KotlinCallComponents
instanceKlass org/jetbrains/kotlin/resolve/calls/inference/BuilderInferenceSupport
instanceKlass org/jetbrains/kotlin/resolve/calls/CandidateResolver$ValueArgumentsCheckingResult
instanceKlass org/jetbrains/kotlin/types/expressions/ClassLiteralChecker
instanceKlass org/jetbrains/kotlin/resolve/calls/smartcasts/SmartCastResult
instanceKlass org/jetbrains/kotlin/com/intellij/openapi/util/Ref
instanceKlass org/jetbrains/kotlin/resolve/calls/smartcasts/SmartCastManager
instanceKlass org/jetbrains/kotlin/types/expressions/DoubleColonExpressionResolver$ResolutionResultsAndTraceCommitCallback
instanceKlass org/jetbrains/kotlin/types/expressions/DoubleColonLHS
instanceKlass org/jetbrains/kotlin/resolve/constants/CompileTimeConstant
instanceKlass org/jetbrains/kotlin/types/FunctionPlaceholders
instanceKlass org/jetbrains/kotlin/resolve/calls/model/MutableResolvedCall
instanceKlass org/jetbrains/kotlin/resolve/calls/inference/ConstraintSystem$Builder
instanceKlass org/jetbrains/kotlin/resolve/calls/results/OverloadResolutionResultsImpl
instanceKlass org/jetbrains/kotlin/resolve/calls/CandidateResolver
instanceKlass org/jetbrains/kotlin/resolve/calls/GenericCandidateResolver
instanceKlass org/jetbrains/kotlin/resolve/calls/tower/NewResolutionOldInference
instanceKlass org/jetbrains/kotlin/resolve/calls/model/MutableDataFlowInfoForArguments
instanceKlass org/jetbrains/kotlin/resolve/calls/model/DataFlowInfoForArguments
instanceKlass org/jetbrains/kotlin/resolve/calls/tasks/OldResolutionCandidate
instanceKlass org/jetbrains/kotlin/resolve/scopes/receivers/ExpressionReceiver
instanceKlass org/jetbrains/kotlin/resolve/calls/tower/PSICallResolver
instanceKlass org/jetbrains/kotlin/resolve/calls/CallCompleter
instanceKlass org/jetbrains/kotlin/resolve/DelegatingBindingTrace
instanceKlass org/jetbrains/kotlin/resolve/calls/tasks/TracingStrategy
instanceKlass org/jetbrains/kotlin/resolve/calls/tower/NewResolutionOldInference$ResolutionKind
instanceKlass org/jetbrains/kotlin/resolve/calls/context/TemporaryTraceAndCache
instanceKlass org/jetbrains/kotlin/resolve/calls/ArgumentTypeResolver
instanceKlass org/jetbrains/kotlin/resolve/calls/smartcasts/ConditionalDataFlowInfo
instanceKlass org/jetbrains/kotlin/resolve/calls/checkers/RttiExpressionChecker
instanceKlass org/jetbrains/kotlin/types/expressions/LocalClassifierAnalyzer
instanceKlass org/jetbrains/kotlin/types/expressions/ControlStructureTypingUtils
instanceKlass org/jetbrains/kotlin/resolve/DeclarationsCheckerBuilder
instanceKlass org/jetbrains/kotlin/resolve/LocalVariableResolver
instanceKlass org/jetbrains/kotlin/contracts/parsing/ContractParsingServices
instanceKlass org/jetbrains/kotlin/types/expressions/ValueParameterResolver
instanceKlass org/jetbrains/kotlin/resolve/MissingSupertypesResolver
instanceKlass org/jetbrains/kotlin/types/expressions/ForLoopConventionsChecker
instanceKlass org/jetbrains/kotlin/resolve/CollectionLiteralResolver
instanceKlass org/jetbrains/kotlin/types/expressions/DataFlowAnalyzer
instanceKlass org/jetbrains/kotlin/types/expressions/DoubleColonExpressionResolver
instanceKlass org/jetbrains/kotlin/types/expressions/FakeCallResolver
instanceKlass org/jetbrains/kotlin/resolve/calls/CallExpressionResolver
instanceKlass org/jetbrains/kotlin/contracts/EffectSystem
instanceKlass org/jetbrains/kotlin/types/expressions/KotlinTypeInfo
instanceKlass org/jetbrains/kotlin/resolve/calls/tower/KotlinResolutionCallbacksImpl$LambdaInfo
instanceKlass org/jetbrains/kotlin/resolve/StatementFilter
instanceKlass org/jetbrains/kotlin/resolve/AnnotationChecker
instanceKlass org/jetbrains/kotlin/types/expressions/ExpressionTypingComponents
instanceKlass org/jetbrains/kotlin/types/expressions/ExpressionTypingInternals
instanceKlass org/jetbrains/kotlin/types/expressions/ExpressionTypingFacade
instanceKlass org/jetbrains/kotlin/resolve/DelegatedPropertyResolver
instanceKlass org/jetbrains/kotlin/types/SubtypingRepresentatives
instanceKlass org/jetbrains/kotlin/resolve/PossiblyBareType
instanceKlass org/jetbrains/kotlin/resolve/TypeResolutionContext
instanceKlass org/jetbrains/kotlin/resolve/calls/tasks/DynamicCallableDescriptors
instanceKlass org/jetbrains/kotlin/resolve/scopes/LexicalScopeStorage
instanceKlass org/jetbrains/kotlin/resolve/DeclarationSignatureAnonymousTypeTransformer
instanceKlass org/jetbrains/kotlin/types/AbstractTypeApproximator
instanceKlass org/jetbrains/kotlin/resolve/ModifiersChecker
instanceKlass org/jetbrains/kotlin/types/expressions/DestructuringDeclarationResolver
instanceKlass org/jetbrains/kotlin/resolve/OverloadChecker
instanceKlass org/jetbrains/kotlin/types/expressions/ExpressionTypingServices
instanceKlass org/jetbrains/kotlin/resolve/VariableTypeAndInitializerResolver
instanceKlass org/jetbrains/kotlin/descriptors/TypeAliasDescriptor
instanceKlass org/jetbrains/kotlin/resolve/scopes/LocalRedeclarationChecker
instanceKlass org/jetbrains/kotlin/resolve/checkers/PlatformDiagnosticSuppressor$Default
instanceKlass org/jetbrains/kotlin/resolve/QualifiedExpressionResolver$QualifiedExpressionResolveResult
instanceKlass org/jetbrains/kotlin/incremental/KotlinLookupLocation
instanceKlass org/jetbrains/kotlin/resolve/scopes/receivers/Qualifier
instanceKlass org/jetbrains/kotlin/resolve/scopes/receivers/QualifierReceiver
instanceKlass org/jetbrains/kotlin/resolve/scopes/receivers/DetailedReceiver
instanceKlass org/jetbrains/kotlin/resolve/QualifiedExpressionResolver$TypeQualifierResolutionResult
instanceKlass org/jetbrains/kotlin/resolve/QualifiedExpressionResolver$QualifierPart
instanceKlass org/jetbrains/kotlin/resolve/lazy/FileScopeFactory$DefaultImportResolvers
instanceKlass org/jetbrains/kotlin/resolve/lazy/FileScopeFactory$DummyContainerDescriptor
instanceKlass org/jetbrains/kotlin/resolve/scopes/ImportingScope
instanceKlass org/jetbrains/kotlin/resolve/lazy/ImportResolutionComponents
instanceKlass org/jetbrains/kotlin/resolve/lazy/FileScopeFactory
instanceKlass org/jetbrains/kotlin/resolve/lazy/FileScopeProviderImpl
instanceKlass org/jetbrains/kotlin/resolve/lazy/FileScopes
instanceKlass org/jetbrains/kotlin/resolve/lazy/ImportForceResolver
instanceKlass org/jetbrains/kotlin/resolve/ModuleStructureOracle$SingleModule
instanceKlass org/jetbrains/kotlin/resolve/sam/SamWithReceiverResolver
instanceKlass org/jetbrains/kotlin/resolve/deprecation/DeprecationInfo
instanceKlass org/jetbrains/kotlin/psi/Call
instanceKlass org/jetbrains/kotlin/cfg/ControlFlowInformationProvider
instanceKlass org/jetbrains/kotlin/idea/MainFunctionDetector
instanceKlass org/jetbrains/kotlin/load/java/AbstractAnnotationTypeQualifierResolver
instanceKlass org/jetbrains/kotlin/resolve/jvm/modules/JavaModuleResolver$AccessError
instanceKlass org/jetbrains/kotlin/resolve/jvm/modules/JavaModule$Explicit
instanceKlass org/jetbrains/kotlin/resolve/jvm/modules/JavaModule
instanceKlass org/jetbrains/kotlin/load/java/descriptors/JavaClassDescriptor
instanceKlass org/jetbrains/kotlin/builtins/jvm/JvmBuiltIns$Settings
instanceKlass org/jetbrains/kotlin/load/java/sources/JavaSourceElement
instanceKlass org/jetbrains/kotlin/descriptors/SimpleFunctionDescriptor
instanceKlass org/jetbrains/kotlin/load/java/structure/JavaPackage
instanceKlass org/jetbrains/kotlin/load/java/JavaClassFinder$Request
instanceKlass org/jetbrains/kotlin/load/java/lazy/LazyJavaResolverContext
instanceKlass org/jetbrains/kotlin/load/java/components/SignaturePropagator$PropagatedSignature
instanceKlass org/jetbrains/kotlin/load/java/structure/JavaMethod
instanceKlass org/jetbrains/kotlin/load/java/structure/JavaField
instanceKlass org/jetbrains/kotlin/load/java/structure/JavaMember
instanceKlass org/jetbrains/kotlin/load/kotlin/AbstractBinaryClassAnnotationLoader
instanceKlass org/jetbrains/kotlin/load/kotlin/JavaClassDataFinder
instanceKlass org/jetbrains/kotlin/load/java/lazy/LazyJavaPackageFragmentProvider
instanceKlass org/jetbrains/kotlin/load/kotlin/KotlinClassFinder$Result
instanceKlass org/jetbrains/kotlin/resolve/lazy/data/KtClassLikeInfo
instanceKlass org/jetbrains/kotlin/com/intellij/openapi/module/Module
instanceKlass org/jetbrains/kotlin/resolve/calls/model/ResolvedValueArgument
instanceKlass org/jetbrains/kotlin/resolve/calls/results/OverloadResolutionResults
instanceKlass org/jetbrains/kotlin/resolve/scopes/LexicalScope
instanceKlass org/jetbrains/kotlin/resolve/scopes/HierarchicalScope
instanceKlass org/jetbrains/kotlin/resolve/constants/evaluate/ConstantExpressionEvaluator
instanceKlass org/jetbrains/kotlin/resolve/calls/CallResolver
instanceKlass org/jetbrains/kotlin/resolve/TopDownAnalysisContext
instanceKlass org/jetbrains/kotlin/resolve/BodiesResolveContext
instanceKlass org/jetbrains/kotlin/resolve/calls/smartcasts/DataFlowInfo
instanceKlass org/jetbrains/kotlin/resolve/FilePreprocessor
instanceKlass org/jetbrains/kotlin/resolve/QualifiedExpressionResolver
instanceKlass org/jetbrains/kotlin/resolve/BodyResolver
instanceKlass org/jetbrains/kotlin/resolve/VarianceChecker
instanceKlass org/jetbrains/kotlin/resolve/OverloadResolver
instanceKlass org/jetbrains/kotlin/resolve/OverrideResolver
instanceKlass org/jetbrains/kotlin/resolve/DeclarationResolver
instanceKlass org/jetbrains/kotlin/container/SetterInfo
instanceKlass org/jetbrains/kotlin/javax/inject/Inject
instanceKlass org/jetbrains/kotlin/resolve/calls/components/InferenceSession
instanceKlass org/jetbrains/kotlin/descriptors/ClassDescriptorWithResolutionScopes
instanceKlass org/jetbrains/kotlin/resolve/lazy/LazyDeclarationResolver
instanceKlass org/jetbrains/kotlin/resolve/FunctionDescriptorResolver
instanceKlass org/jetbrains/kotlin/resolve/DescriptorResolver
instanceKlass org/jetbrains/kotlin/resolve/checkers/PlatformDiagnosticSuppressor
instanceKlass org/jetbrains/kotlin/resolve/lazy/DeclarationScopeProviderImpl
instanceKlass org/jetbrains/kotlin/resolve/lazy/FileScopeProvider
instanceKlass org/jetbrains/kotlin/resolve/lazy/LazyEntity
instanceKlass org/jetbrains/kotlin/resolve/TypeResolver
instanceKlass org/jetbrains/kotlin/resolve/lazy/descriptors/LazyAnnotationsContext
instanceKlass org/jetbrains/kotlin/resolve/lazy/DeclarationScopeProvider
instanceKlass org/jetbrains/kotlin/storage/LazyResolveStorageManager
instanceKlass org/jetbrains/kotlin/incremental/components/Position
instanceKlass org/jetbrains/kotlin/resolve/calls/inference/model/OnlyInputTypeConstraintPosition
instanceKlass org/jetbrains/kotlin/resolve/calls/inference/model/ConstraintPosition
instanceKlass org/jetbrains/kotlin/resolve/calls/model/PostponedAtomWithRevisableExpectedType
instanceKlass org/jetbrains/kotlin/resolve/calls/model/PostponedResolvedAtomMarker
instanceKlass org/jetbrains/kotlin/types/model/ObsoleteTypeKind
instanceKlass org/jetbrains/kotlin/resolve/checkers/EmptyIntersectionTypeInfo
instanceKlass org/jetbrains/kotlin/types/model/RawTypeMarker
instanceKlass org/jetbrains/kotlin/types/model/DynamicTypeMarker
instanceKlass org/jetbrains/kotlin/types/TypeCheckerState$SupertypesPolicy
instanceKlass org/jetbrains/kotlin/types/model/TypeVariableTypeConstructorMarker
instanceKlass org/jetbrains/kotlin/types/model/StubTypeMarker
instanceKlass org/jetbrains/kotlin/types/model/CapturedTypeConstructorMarker
instanceKlass org/jetbrains/kotlin/types/model/TypeVariableMarker
instanceKlass org/jetbrains/kotlin/types/model/CapturedTypeMarker
instanceKlass org/jetbrains/kotlin/types/model/FlexibleTypeMarker
instanceKlass org/jetbrains/kotlin/types/model/DefinitelyNotNullTypeMarker
instanceKlass org/jetbrains/kotlin/resolve/checkers/OptInUsageChecker$OptInReporterMultiplexer
instanceKlass org/jetbrains/kotlin/resolve/calls/model/SimpleKotlinCallArgument
instanceKlass org/jetbrains/kotlin/resolve/calls/model/ReceiverKotlinCallArgument
instanceKlass org/jetbrains/kotlin/resolve/calls/components/KotlinResolutionCallbacks
instanceKlass org/jetbrains/kotlin/resolve/calls/components/candidate/ResolutionCandidate
instanceKlass org/jetbrains/kotlin/resolve/calls/tower/Candidate
instanceKlass org/jetbrains/kotlin/resolve/calls/model/KotlinDiagnosticsHolder
instanceKlass org/jetbrains/kotlin/resolve/calls/tower/ImplicitScopeTower
instanceKlass org/jetbrains/kotlin/resolve/calls/model/CallableReferenceKotlinCallArgument
instanceKlass org/jetbrains/kotlin/resolve/calls/model/PostponableKotlinCallArgument
instanceKlass org/jetbrains/kotlin/resolve/calls/model/KotlinCallArgument
instanceKlass org/jetbrains/kotlin/resolve/calls/model/CallableReferenceResolutionAtom
instanceKlass org/jetbrains/kotlin/resolve/calls/results/SimpleConstraintSystem
instanceKlass org/jetbrains/kotlin/resolve/calls/inference/components/ConstraintInjector
instanceKlass org/jetbrains/kotlin/resolve/calls/model/KotlinCall
instanceKlass org/jetbrains/kotlin/resolve/calls/model/ResolutionAtom
instanceKlass org/jetbrains/kotlin/types/TypeCheckerState
instanceKlass org/jetbrains/kotlin/resolve/multiplatform/ExpectActualCompatibility
instanceKlass org/jetbrains/kotlin/resolve/ModuleStructureOracle
instanceKlass org/jetbrains/kotlin/descriptors/ValueParameterDescriptor
instanceKlass org/jetbrains/kotlin/resolve/deprecation/DeprecationResolver
instanceKlass org/jetbrains/kotlin/builtins/ReflectionTypes
instanceKlass org/jetbrains/kotlin/resolve/calls/smartcasts/DataFlowValue
instanceKlass org/jetbrains/kotlin/resolve/UpperBoundViolatedReporter
instanceKlass org/jetbrains/kotlin/types/TypeSubstitutor
instanceKlass org/jetbrains/kotlin/types/model/TypeSubstitutorMarker
instanceKlass org/jetbrains/kotlin/descriptors/TypeParameterDescriptor
instanceKlass org/jetbrains/kotlin/types/model/TypeParameterMarker
instanceKlass java/util/function/IntFunction
instanceKlass java/lang/reflect/WildcardType
instanceKlass sun/reflect/generics/tree/MethodTypeSignature
instanceKlass sun/reflect/generics/tree/VoidDescriptor
instanceKlass sun/reflect/generics/tree/Wildcard
instanceKlass sun/reflect/generics/tree/BottomSignature
instanceKlass org/jetbrains/kotlin/diagnostics/DiagnosticSink$DiagnosticsCallback
instanceKlass org/jetbrains/kotlin/com/intellij/util/messages/ListenerDescriptor
instanceKlass kotlin/ReplaceWith
instanceKlass kotlin/Deprecated
instanceKlass org/jetbrains/kotlin/cfg/ControlFlowInformationProviderImpl$Factory
instanceKlass org/jetbrains/kotlin/cfg/ControlFlowInformationProvider$Factory
instanceKlass org/jetbrains/kotlin/idea/MainFunctionDetector$Factory$Ordinary
instanceKlass org/jetbrains/kotlin/idea/MainFunctionDetector$Factory
instanceKlass org/jetbrains/kotlin/resolve/lazy/BasicAbsentDescriptorHandler
instanceKlass org/jetbrains/kotlin/resolve/lazy/AbsentDescriptorHandler
instanceKlass org/jetbrains/kotlin/resolve/lazy/CompilerLocalDescriptorResolver
instanceKlass org/jetbrains/kotlin/resolve/lazy/LocalDescriptorResolver
instanceKlass org/jetbrains/kotlin/resolve/BodyResolveCache$ThrowException
instanceKlass org/jetbrains/kotlin/resolve/BodyResolveCache
instanceKlass org/jetbrains/kotlin/resolve/jvm/JvmDiagnosticComponents
instanceKlass org/jetbrains/kotlin/platform/PlatformSpecificDiagnosticComponents
instanceKlass org/jetbrains/kotlin/load/java/components/FilesByFacadeFqNameIndexer
instanceKlass org/jetbrains/kotlin/resolve/FilePreprocessorExtension
instanceKlass org/jetbrains/kotlin/resolve/jvm/modules/JavaModuleResolver$SERVICE
instanceKlass org/jetbrains/kotlin/load/java/lazy/JavaResolverSettings$Companion$create$1
instanceKlass org/jetbrains/kotlin/load/java/lazy/JavaResolverSettings$Companion
instanceKlass org/jetbrains/kotlin/load/java/lazy/JavaResolverSettings
instanceKlass org/jetbrains/kotlin/load/java/JavaClassesTracker$Default
instanceKlass org/jetbrains/kotlin/load/java/JavaClassesTracker
instanceKlass org/jetbrains/kotlin/resolve/jvm/multiplatform/OptionalAnnotationPackageFragmentProvider
instanceKlass org/jetbrains/kotlin/serialization/deserialization/AbstractDeserializedPackageFragmentProvider
instanceKlass org/jetbrains/kotlin/load/java/components/JavaSourceElementFactoryImpl
instanceKlass org/jetbrains/kotlin/load/java/sources/JavaSourceElementFactory
instanceKlass org/jetbrains/kotlin/load/java/components/AbstractJavaResolverCache
instanceKlass org/jetbrains/kotlin/load/java/components/JavaResolverCache
instanceKlass org/jetbrains/kotlin/load/java/AbstractJavaClassFinder
instanceKlass org/jetbrains/kotlin/load/java/JavaClassFinder
instanceKlass org/jetbrains/kotlin/resolve/jvm/CompositeSyntheticJavaPartsProvider
instanceKlass org/jetbrains/kotlin/resolve/jvm/SyntheticJavaPartsProvider$Companion
instanceKlass org/jetbrains/kotlin/resolve/jvm/SyntheticJavaPartsProvider
instanceKlass org/jetbrains/kotlin/load/java/components/JavaDeprecationSettings
instanceKlass org/jetbrains/kotlin/resolve/deprecation/DeprecationSettings
instanceKlass org/jetbrains/kotlin/resolve/TypeResolver$TypeTransformerForTests
instanceKlass org/jetbrains/kotlin/load/java/components/TraceBasedErrorReporter
instanceKlass org/jetbrains/kotlin/load/java/components/SignaturePropagatorImpl
instanceKlass org/jetbrains/kotlin/load/java/components/SignaturePropagator
instanceKlass org/jetbrains/kotlin/load/java/components/JavaPropertyInitializerEvaluatorImpl
instanceKlass org/jetbrains/kotlin/load/java/components/JavaPropertyInitializerEvaluator
instanceKlass org/jetbrains/kotlin/load/kotlin/DeserializationComponentsForJava
instanceKlass org/jetbrains/kotlin/resolve/jvm/JavaDescriptorResolver
instanceKlass org/jetbrains/kotlin/load/kotlin/VirtualFileFinder$SERVICE
instanceKlass org/jetbrains/kotlin/load/kotlin/VirtualFileFinder
instanceKlass org/jetbrains/kotlin/load/kotlin/KotlinClassFinder
instanceKlass org/jetbrains/kotlin/serialization/deserialization/KotlinMetadataFinder
instanceKlass org/jetbrains/kotlin/load/kotlin/VirtualFileFinderFactory$SERVICE
instanceKlass org/jetbrains/kotlin/resolve/AnnotationResolver
instanceKlass org/jetbrains/kotlin/resolve/LazyTopDownAnalyzer
instanceKlass org/jetbrains/kotlin/resolve/lazy/ResolveSession
instanceKlass org/jetbrains/kotlin/resolve/lazy/LazyClassContext
instanceKlass org/jetbrains/kotlin/resolve/lazy/KotlinCodeAnalyzer
instanceKlass org/jetbrains/kotlin/resolve/lazy/TopLevelDescriptorProvider
instanceKlass org/jetbrains/kotlin/util/ProgressManagerBasedCancellationChecker
instanceKlass org/jetbrains/kotlin/util/CancellationChecker
instanceKlass org/jetbrains/kotlin/resolve/calls/inference/components/ClassicConstraintSystemUtilContext
instanceKlass org/jetbrains/kotlin/resolve/calls/inference/components/ConstraintSystemUtilContext
instanceKlass org/jetbrains/kotlin/resolve/calls/components/ClassicTypeSystemContextForCS
instanceKlass org/jetbrains/kotlin/types/model/TypeSystemInferenceExtensionContextDelegate
instanceKlass org/jetbrains/kotlin/types/checker/ClassicTypeSystemContext
instanceKlass org/jetbrains/kotlin/types/model/TypeSystemInferenceExtensionContext
instanceKlass org/jetbrains/kotlin/types/model/TypeSystemCommonSuperTypesContext
instanceKlass org/jetbrains/kotlin/types/model/TypeSystemTypeFactoryContext
instanceKlass org/jetbrains/kotlin/types/model/TypeCheckerProviderContext
instanceKlass org/jetbrains/kotlin/types/model/TypeSystemBuiltInsContext
instanceKlass org/jetbrains/kotlin/types/TypeSystemCommonBackendContext
instanceKlass org/jetbrains/kotlin/types/model/TypeSystemContext
instanceKlass org/jetbrains/kotlin/types/model/TypeSystemOptimizationContext
instanceKlass org/jetbrains/kotlin/resolve/calls/components/BuiltInsProvider
instanceKlass org/jetbrains/kotlin/contracts/ContractDeserializerImpl
instanceKlass org/jetbrains/kotlin/resolve/checkers/OptInUsageChecker$ClassifierUsage
instanceKlass org/jetbrains/kotlin/resolve/checkers/OptInUsageChecker$Overrides
instanceKlass org/jetbrains/kotlin/resolve/checkers/OptInUsageChecker
instanceKlass org/jetbrains/kotlin/resolve/calls/smartcasts/DataFlowValueFactoryImpl
instanceKlass org/jetbrains/kotlin/resolve/calls/smartcasts/DataFlowValueFactory
instanceKlass org/jetbrains/kotlin/resolve/calls/tower/KotlinResolutionStatelessCallbacksImpl
instanceKlass org/jetbrains/kotlin/resolve/calls/components/KotlinResolutionStatelessCallbacks
instanceKlass org/jetbrains/kotlin/resolve/SupertypeLoopCheckerImpl
instanceKlass org/jetbrains/kotlin/resolve/jvm/checkers/RepeatableAnnotationChecker
instanceKlass org/jetbrains/kotlin/resolve/checkers/ExpectedActualDeclarationChecker
instanceKlass org/jetbrains/kotlin/resolve/checkers/OptInMarkerDeclarationAnnotationChecker
instanceKlass org/jetbrains/kotlin/resolve/jvm/checkers/JvmSerializableLambdaAnnotationChecker
instanceKlass org/jetbrains/kotlin/resolve/jvm/multiplatform/JavaActualAnnotationArgumentExtractor
instanceKlass org/jetbrains/kotlin/resolve/checkers/ExpectedActualDeclarationChecker$ActualAnnotationArgumentExtractor
instanceKlass org/jetbrains/kotlin/types/expressions/GenericArrayClassLiteralSupport$Enabled
instanceKlass org/jetbrains/kotlin/types/expressions/GenericArrayClassLiteralSupport
instanceKlass org/jetbrains/kotlin/types/expressions/FunctionWithBigAritySupport$LanguageVersionDependent
instanceKlass org/jetbrains/kotlin/types/expressions/FunctionWithBigAritySupport
instanceKlass org/jetbrains/kotlin/resolve/jvm/JvmPlatformAnnotationFeaturesSupport
instanceKlass org/jetbrains/kotlin/resolve/PlatformAnnotationFeaturesSupport
instanceKlass org/jetbrains/kotlin/resolve/jvm/checkers/JvmRecordApplicabilityChecker
instanceKlass org/jetbrains/kotlin/resolve/jvm/JvmAdditionalClassPartsProvider
instanceKlass org/jetbrains/kotlin/resolve/AdditionalClassPartsProvider
instanceKlass org/jetbrains/kotlin/load/java/sam/JvmSamConversionOracle
instanceKlass org/jetbrains/kotlin/resolve/sam/SamConversionOracle
instanceKlass org/jetbrains/kotlin/resolve/jvm/JvmPlatformOverloadsSpecificityComparator
instanceKlass org/jetbrains/kotlin/resolve/calls/results/PlatformOverloadsSpecificityComparator
instanceKlass org/jetbrains/kotlin/resolve/jvm/JvmTypeSpecificityComparator
instanceKlass org/jetbrains/kotlin/resolve/jvm/checkers/JvmModuleAccessibilityChecker$ClassifierUsage
instanceKlass org/jetbrains/kotlin/resolve/jvm/checkers/JvmModuleAccessibilityChecker
instanceKlass org/jetbrains/kotlin/resolve/jvm/checkers/InlinePlatformCompatibilityChecker
instanceKlass org/jetbrains/kotlin/resolve/jvm/checkers/JvmDefaultChecker
instanceKlass org/jetbrains/kotlin/resolve/jvm/checkers/InterfaceDefaultMethodCallChecker
instanceKlass org/jetbrains/kotlin/synthetic/JavaSyntheticScopes
instanceKlass org/jetbrains/kotlin/resolve/scopes/SyntheticScopes
instanceKlass org/jetbrains/kotlin/resolve/calls/checkers/AbstractReflectionApiCallChecker
instanceKlass org/jetbrains/kotlin/resolve/jvm/checkers/JvmStaticChecker
instanceKlass org/jetbrains/kotlin/resolve/jvm/checkers/JavaNullabilityChecker
instanceKlass org/jetbrains/kotlin/container/SingletonDescriptor
instanceKlass org/jetbrains/kotlin/resolve/UpperBoundChecker
instanceKlass org/jetbrains/kotlin/frontend/di/InjectionKt
instanceKlass org/jetbrains/kotlin/types/WrappedTypeFactory
instanceKlass sun/reflect/generics/reflectiveObjects/ParameterizedTypeImpl
instanceKlass org/jetbrains/kotlin/resolve/checkers/ClassifierUsageCheckerContext
instanceKlass org/jetbrains/kotlin/resolve/calls/context/ResolutionContext
instanceKlass kotlin/jvm/JvmStatic
instanceKlass org/jetbrains/kotlin/resolve/calls/checkers/CallCheckerContext
instanceKlass org/jetbrains/kotlin/resolve/calls/model/ResolvedCall
instanceKlass org/jetbrains/kotlin/descriptors/annotations/AnnotationDescriptor
instanceKlass org/jetbrains/kotlin/types/model/AnnotationMarker
instanceKlass org/jetbrains/kotlin/container/DefaultImplementation
instanceKlass jdk/internal/vm/annotation/IntrinsicCandidate
instanceKlass org/jetbrains/kotlin/resolve/checkers/DeclarationCheckerContext
instanceKlass org/jetbrains/kotlin/resolve/checkers/CheckerContext
instanceKlass org/jetbrains/kotlin/container/ConstructorInfo
instanceKlass org/jetbrains/kotlin/container/ClassInfo
instanceKlass org/jetbrains/kotlin/container/ClassTraversalCache
instanceKlass org/jetbrains/kotlin/container/CacheKt
instanceKlass org/jetbrains/kotlin/container/DynamicComponentDescriptor
instanceKlass org/jetbrains/kotlin/container/ComponentResolveContext
instanceKlass org/jetbrains/kotlin/container/ValueResolveContext
instanceKlass org/jetbrains/kotlin/container/InstanceComponentDescriptor
instanceKlass org/jetbrains/kotlin/container/ComponentDescriptor
instanceKlass org/jetbrains/kotlin/container/ValueDescriptor
instanceKlass org/jetbrains/kotlin/container/ContainerKt
instanceKlass org/jetbrains/kotlin/types/DynamicTypesSettings
instanceKlass org/jetbrains/kotlin/resolve/calls/results/TypeSpecificityComparator$NONE
instanceKlass org/jetbrains/kotlin/resolve/calls/results/TypeSpecificityComparator
instanceKlass org/jetbrains/kotlin/resolve/checkers/OptionalExpectationUsageChecker
instanceKlass org/jetbrains/kotlin/resolve/checkers/MissingDependencyClassChecker$ClassifierUsage
instanceKlass org/jetbrains/kotlin/resolve/checkers/ApiVersionClassifierUsageChecker
instanceKlass org/jetbrains/kotlin/resolve/checkers/DeprecatedClassifierUsageChecker
instanceKlass org/jetbrains/kotlin/resolve/calls/checkers/BuilderInferenceAssignmentChecker
instanceKlass org/jetbrains/kotlin/resolve/calls/checkers/UnsupportedUntilOperatorChecker
instanceKlass org/jetbrains/kotlin/resolve/calls/checkers/EqualityCallChecker
instanceKlass org/jetbrains/kotlin/resolve/calls/checkers/ResolutionToPrivateConstructorOfSealedClassChecker
instanceKlass org/jetbrains/kotlin/resolve/calls/checkers/CompanionInParenthesesLHSCallChecker
instanceKlass org/jetbrains/kotlin/resolve/calls/checkers/EnumEntryVsCompanionPriorityCallChecker
instanceKlass org/jetbrains/kotlin/utils/StringsKt
instanceKlass org/jetbrains/kotlin/resolve/calls/checkers/NewSchemeOfIntegerOperatorResolutionChecker
instanceKlass org/jetbrains/kotlin/resolve/calls/checkers/SelfCallInNestedObjectConstructorChecker
instanceKlass org/jetbrains/kotlin/resolve/calls/checkers/VarargWrongExecutionOrderChecker
instanceKlass org/jetbrains/kotlin/resolve/calls/checkers/ReferencingToUnderscoreNamedParameterOfCatchBlockChecker
instanceKlass org/jetbrains/kotlin/resolve/checkers/NullableExtensionOperatorWithSafeCallChecker
instanceKlass org/jetbrains/kotlin/resolve/calls/checkers/FunInterfaceConstructorReferenceChecker
instanceKlass org/jetbrains/kotlin/resolve/calls/checkers/UnitConversionCallChecker
instanceKlass org/jetbrains/kotlin/resolve/calls/checkers/SuspendConversionCallChecker
instanceKlass org/jetbrains/kotlin/resolve/calls/checkers/AbstractClassInstantiationChecker
instanceKlass org/jetbrains/kotlin/resolve/checkers/MissingDependencySupertypeChecker$ForCalls
instanceKlass org/jetbrains/kotlin/diagnostics/Diagnostic
instanceKlass org/jetbrains/kotlin/resolve/calls/checkers/ReifiedTypeParameterSubstitutionChecker
instanceKlass org/jetbrains/kotlin/resolve/calls/checkers/ContractNotAllowedCallChecker
instanceKlass org/jetbrains/kotlin/resolve/calls/checkers/NamedFunAsExpressionChecker
instanceKlass org/jetbrains/kotlin/resolve/calls/checkers/NullableVarargArgumentCallChecker
instanceKlass org/jetbrains/kotlin/resolve/calls/checkers/ResultTypeWithNullableOperatorsChecker
instanceKlass org/jetbrains/kotlin/resolve/calls/checkers/UselessElvisCallChecker
instanceKlass org/jetbrains/kotlin/resolve/calls/checkers/LambdaWithSuspendModifierCallChecker
instanceKlass org/jetbrains/kotlin/resolve/checkers/PrimitiveNumericComparisonCallChecker
instanceKlass org/jetbrains/kotlin/resolve/calls/checkers/ImplicitNothingAsTypeParameterCallChecker
instanceKlass org/jetbrains/kotlin/resolve/calls/checkers/AssigningNamedArgumentToVarargChecker
instanceKlass org/jetbrains/kotlin/resolve/calls/checkers/UnderscoreUsageChecker
instanceKlass org/jetbrains/kotlin/resolve/calls/checkers/LateinitIntrinsicApplicabilityChecker
instanceKlass org/jetbrains/kotlin/resolve/calls/checkers/CallableReferenceCompatibilityChecker
instanceKlass org/jetbrains/kotlin/resolve/checkers/MissingDependencyClassChecker
instanceKlass org/jetbrains/kotlin/resolve/calls/checkers/DslScopeViolationCallChecker
instanceKlass org/jetbrains/kotlin/resolve/calls/checkers/BuilderFunctionsCallChecker
instanceKlass org/jetbrains/kotlin/resolve/calls/checkers/CoroutineSuspendCallChecker
instanceKlass org/jetbrains/kotlin/resolve/calls/checkers/ApiVersionCallChecker
instanceKlass org/jetbrains/kotlin/resolve/calls/checkers/ProtectedConstructorCallChecker
instanceKlass org/jetbrains/kotlin/resolve/calls/checkers/ConstructorHeaderCallChecker
instanceKlass org/jetbrains/kotlin/resolve/calls/checkers/OperatorCallChecker$Companion
instanceKlass org/jetbrains/kotlin/resolve/calls/checkers/OperatorCallChecker
instanceKlass org/jetbrains/kotlin/resolve/calls/checkers/InfixCallChecker
instanceKlass org/jetbrains/kotlin/resolve/calls/checkers/CallReturnsArrayOfNothingChecker
instanceKlass org/jetbrains/kotlin/resolve/calls/checkers/DeprecatedCallChecker
instanceKlass org/jetbrains/kotlin/resolve/checkers/TrailingCommaCallChecker
instanceKlass org/jetbrains/kotlin/resolve/calls/checkers/SafeCallChecker
instanceKlass org/jetbrains/kotlin/resolve/calls/checkers/SynchronizedByValueChecker
instanceKlass org/jetbrains/kotlin/resolve/calls/checkers/InlineCheckerWrapper
instanceKlass org/jetbrains/kotlin/resolve/calls/checkers/CapturingInClosureChecker
instanceKlass org/jetbrains/kotlin/resolve/checkers/DataObjectContentChecker
instanceKlass org/jetbrains/kotlin/resolve/calls/checkers/UnsupportedUntilRangeDeclarationChecker
instanceKlass org/jetbrains/kotlin/resolve/checkers/CyclicAnnotationsChecker
instanceKlass org/jetbrains/kotlin/resolve/checkers/ValueParameterUsageInDefaultArgumentChecker
instanceKlass org/jetbrains/kotlin/resolve/checkers/SubtypingBetweenContextReceiversChecker
instanceKlass org/jetbrains/kotlin/resolve/checkers/ContextualDeclarationChecker
instanceKlass org/jetbrains/kotlin/resolve/checkers/EnumCompanionInEnumConstructorCallChecker
instanceKlass org/jetbrains/kotlin/resolve/checkers/SuspendFunctionAsSupertypeChecker
instanceKlass org/jetbrains/kotlin/resolve/checkers/SealedInterfaceAllowedChecker
instanceKlass org/jetbrains/kotlin/resolve/checkers/SealedInheritorInSameModuleChecker
instanceKlass org/jetbrains/kotlin/resolve/checkers/SealedInheritorInSamePackageChecker
instanceKlass org/jetbrains/kotlin/resolve/checkers/PrivateInlineFunctionsReturningAnonymousObjectsChecker
instanceKlass org/jetbrains/kotlin/resolve/checkers/ContractDescriptionBlockChecker
instanceKlass org/jetbrains/kotlin/resolve/checkers/DeprecatedSinceKotlinAnnotationChecker
instanceKlass org/jetbrains/kotlin/resolve/checkers/DeprecationInheritanceChecker
instanceKlass org/jetbrains/kotlin/resolve/checkers/FunInterfaceDeclarationChecker
instanceKlass org/jetbrains/kotlin/resolve/checkers/MissingDependencySupertypeChecker$ForDeclarations
instanceKlass org/jetbrains/kotlin/resolve/checkers/TrailingCommaDeclarationChecker
instanceKlass org/jetbrains/kotlin/resolve/checkers/TailrecFunctionChecker
instanceKlass org/jetbrains/kotlin/resolve/checkers/ExplicitApiDeclarationChecker$Companion
instanceKlass org/jetbrains/kotlin/resolve/checkers/ExplicitApiDeclarationChecker
instanceKlass org/jetbrains/kotlin/resolve/checkers/LocalVariableTypeParametersChecker
instanceKlass org/jetbrains/kotlin/resolve/checkers/ResultClassInReturnTypeChecker
instanceKlass org/jetbrains/kotlin/resolve/checkers/ReservedMembersAndConstructsForInlineClass$Companion
instanceKlass org/jetbrains/kotlin/resolve/checkers/ReservedMembersAndConstructsForInlineClass
instanceKlass org/jetbrains/kotlin/resolve/checkers/AnnotationClassTargetAndRetentionChecker
instanceKlass org/jetbrains/kotlin/resolve/checkers/InnerClassInsideInlineClass
instanceKlass org/jetbrains/kotlin/resolve/checkers/PropertiesWithBackingFieldsInsideInlineClass
instanceKlass org/jetbrains/kotlin/resolve/checkers/InlineClassDeclarationChecker
instanceKlass org/jetbrains/kotlin/util/OperatorNameConventions
instanceKlass org/jetbrains/kotlin/resolve/checkers/SuspendLimitationsChecker
instanceKlass org/jetbrains/kotlin/resolve/checkers/KClassWithIncorrectTypeArgumentChecker
instanceKlass org/jetbrains/kotlin/resolve/checkers/DelegationChecker
instanceKlass org/jetbrains/kotlin/resolve/checkers/DynamicReceiverChecker
instanceKlass org/jetbrains/kotlin/resolve/checkers/ReifiedTypeParameterAnnotationChecker
instanceKlass org/jetbrains/kotlin/resolve/RequireKotlinConstants
instanceKlass org/jetbrains/kotlin/resolve/AnnotationsKt
instanceKlass org/jetbrains/kotlin/resolve/checkers/KotlinVersionStringAnnotationValueChecker
instanceKlass org/jetbrains/kotlin/resolve/checkers/InfixModifierChecker
instanceKlass org/jetbrains/kotlin/resolve/checkers/InlineParameterChecker
instanceKlass org/jetbrains/kotlin/resolve/checkers/UnderscoreChecker
instanceKlass org/jetbrains/kotlin/resolve/checkers/ConstModifierChecker
instanceKlass org/jetbrains/kotlin/resolve/checkers/DataClassDeclarationChecker
instanceKlass org/jetbrains/kotlin/resolve/PlatformConfiguratorBaseKt
instanceKlass org/jetbrains/kotlin/container/ComponentRegistry
instanceKlass org/jetbrains/kotlin/com/intellij/util/containers/MultiMap
instanceKlass org/jetbrains/kotlin/container/ComponentStorage
instanceKlass org/jetbrains/kotlin/container/ValueResolver
instanceKlass org/jetbrains/kotlin/container/StorageComponentContainer
instanceKlass org/jetbrains/kotlin/container/ComponentProvider
instanceKlass org/jetbrains/kotlin/container/ComponentContainer
instanceKlass org/jetbrains/kotlin/container/DslKt
instanceKlass org/jetbrains/kotlin/resolve/jvm/JvmDeclarationReturnTypeSanitizer
instanceKlass org/jetbrains/kotlin/resolve/DeclarationReturnTypeSanitizer
instanceKlass org/jetbrains/kotlin/resolve/jvm/JvmOverridesBackwardCompatibilityHelper
instanceKlass org/jetbrains/kotlin/resolve/OverridesBackwardCompatibilityHelper
instanceKlass org/jetbrains/kotlin/resolve/jvm/JvmDelegationFilter
instanceKlass org/jetbrains/kotlin/resolve/lazy/DelegationFilter
instanceKlass org/jetbrains/kotlin/resolve/jvm/JvmOverloadFilter
instanceKlass org/jetbrains/kotlin/resolve/OverloadFilter
instanceKlass org/jetbrains/kotlin/resolve/jvm/checkers/JvmSimpleNameBacktickChecker
instanceKlass org/jetbrains/kotlin/resolve/IdentifierChecker
instanceKlass org/jetbrains/kotlin/resolve/sam/SamConversionResolver$Empty
instanceKlass org/jetbrains/kotlin/container/PlatformExtensionsClashResolver
instanceKlass org/jetbrains/kotlin/resolve/jvm/checkers/SynchronizedAnnotationOnLambdaChecker
instanceKlass org/jetbrains/kotlin/resolve/jvm/checkers/ExplicitMetadataChecker
instanceKlass org/jetbrains/kotlin/name/JvmNames
instanceKlass org/jetbrains/kotlin/resolve/jvm/checkers/FileClassAnnotationsChecker
instanceKlass org/jetbrains/kotlin/resolve/AdditionalAnnotationChecker
instanceKlass org/jetbrains/kotlin/resolve/jvm/checkers/MissingBuiltInDeclarationChecker$ClassifierUsage
instanceKlass org/jetbrains/kotlin/resolve/checkers/BigFunctionTypeAvailabilityChecker
instanceKlass org/jetbrains/kotlin/resolve/checkers/ClassifierUsageChecker
instanceKlass org/jetbrains/kotlin/resolve/jvm/checkers/JvmArrayVariableInLoopAssignmentChecker
instanceKlass org/jetbrains/kotlin/resolve/jvm/checkers/JavaTypeAccessibilityChecker
instanceKlass org/jetbrains/kotlin/resolve/jvm/platform/JavaGenericVarianceViolationTypeChecker
instanceKlass org/jetbrains/kotlin/resolve/jvm/RuntimeAssertionsTypeChecker
instanceKlass org/jetbrains/kotlin/resolve/calls/checkers/AdditionalTypeChecker
instanceKlass org/jetbrains/kotlin/resolve/jvm/checkers/UpperBoundViolatedInTypealiasConstructorChecker
instanceKlass org/jetbrains/kotlin/resolve/jvm/checkers/EnumDeclaringClassDeprecationChecker
instanceKlass org/jetbrains/kotlin/resolve/jvm/checkers/SamInterfaceConstructorReferenceCallChecker
instanceKlass org/jetbrains/kotlin/resolve/jvm/checkers/PolymorphicSignatureCallChecker
instanceKlass org/jetbrains/kotlin/resolve/jvm/checkers/InconsistentOperatorFromJavaCallChecker
instanceKlass org/jetbrains/kotlin/resolve/jvm/checkers/ApiVersionIsAtLeastArgumentsChecker
instanceKlass org/jetbrains/kotlin/resolve/jvm/RuntimeAssertionsOnExtensionReceiverCallChecker
instanceKlass org/jetbrains/kotlin/resolve/jvm/checkers/ProtectedSyntheticExtensionCallChecker
instanceKlass org/jetbrains/kotlin/resolve/jvm/checkers/SuperCallWithDefaultArgumentsChecker
instanceKlass org/jetbrains/kotlin/resolve/jvm/checkers/UnsupportedSyntheticCallableReferenceChecker
instanceKlass org/jetbrains/kotlin/resolve/jvm/checkers/ProtectedInSuperClassCompanionCallChecker
instanceKlass org/jetbrains/kotlin/resolve/jvm/checkers/JavaClassOnCompanionChecker
instanceKlass org/jetbrains/kotlin/resolve/jvm/checkers/SuspensionPointInsideMutexLockChecker
instanceKlass org/jetbrains/kotlin/resolve/jvm/checkers/JavaAnnotationCallChecker$Companion
instanceKlass org/jetbrains/kotlin/resolve/jvm/checkers/JavaAnnotationCallChecker
instanceKlass org/jetbrains/kotlin/resolve/jvm/checkers/MissingBuiltInDeclarationChecker
instanceKlass org/jetbrains/kotlin/resolve/calls/checkers/CallChecker
instanceKlass org/jetbrains/kotlin/resolve/jvm/checkers/JavaOverrideWithWrongNullabilityOverrideChecker
instanceKlass org/jetbrains/kotlin/resolve/jvm/checkers/ClassInheritsJavaSealedClassChecker
instanceKlass org/jetbrains/kotlin/resolve/jvm/checkers/FunctionDelegateMemberNameClashChecker
instanceKlass org/jetbrains/kotlin/resolve/jvm/checkers/DefaultCheckerInTailrec
instanceKlass org/jetbrains/kotlin/resolve/jvm/checkers/JvmMultifileClassStateChecker
instanceKlass org/jetbrains/kotlin/resolve/jvm/checkers/BadInheritedJavaSignaturesChecker
instanceKlass org/jetbrains/kotlin/resolve/jvm/checkers/SuspendInFunInterfaceChecker
instanceKlass org/jetbrains/kotlin/resolve/jvm/checkers/JvmAnnotationsTargetNonExistentAccessorChecker$Companion
instanceKlass org/jetbrains/kotlin/resolve/jvm/checkers/JvmAnnotationsTargetNonExistentAccessorChecker
instanceKlass org/jetbrains/kotlin/resolve/jvm/checkers/StrictfpApplicabilityChecker
instanceKlass org/jetbrains/kotlin/resolve/jvm/checkers/JvmInlineApplicabilityChecker
instanceKlass org/jetbrains/kotlin/resolve/jvm/checkers/JvmSyntheticApplicabilityChecker
instanceKlass org/jetbrains/kotlin/resolve/jvm/checkers/TypeParameterBoundIsNotArrayChecker
instanceKlass org/jetbrains/kotlin/resolve/jvm/checkers/JvmFieldApplicabilityChecker
instanceKlass org/jetbrains/kotlin/resolve/jvm/checkers/OverloadsAnnotationChecker
instanceKlass org/jetbrains/kotlin/resolve/jvm/checkers/ExternalFunChecker
instanceKlass org/jetbrains/kotlin/resolve/jvm/checkers/LocalFunInlineChecker
instanceKlass org/jetbrains/kotlin/resolve/jvm/checkers/SynchronizedAnnotationChecker
instanceKlass org/jetbrains/kotlin/resolve/jvm/checkers/VolatileAnnotationChecker
instanceKlass org/jetbrains/kotlin/resolve/jvm/checkers/JvmNameAnnotationChecker
instanceKlass org/jetbrains/kotlin/resolve/checkers/DeclarationChecker
instanceKlass org/jetbrains/kotlin/resolve/PlatformConfiguratorBase
instanceKlass org/jetbrains/kotlin/resolve/PlatformConfigurator
instanceKlass org/jetbrains/kotlin/resolve/ImportPath$Companion
instanceKlass org/jetbrains/kotlin/resolve/ImportPath
instanceKlass org/jetbrains/kotlin/resolve/PlatformDependentAnalyzerServices
instanceKlass org/jetbrains/kotlin/resolve/SealedClassInheritorsProvider
instanceKlass org/jetbrains/kotlin/resolve/ModuleAnnotationsResolver$Companion
instanceKlass kotlin/jvm/internal/TypeIntrinsics
instanceKlass org/jetbrains/kotlin/metadata/jvm/deserialization/ModuleMappingKt
instanceKlass org/jetbrains/kotlin/protobuf/UnmodifiableLazyStringList$2
instanceKlass org/jetbrains/kotlin/metadata/jvm/deserialization/PackageParts
instanceKlass org/jetbrains/kotlin/metadata/jvm/JvmModuleProtoBuf$PackagePartsOrBuilder
instanceKlass org/jetbrains/kotlin/load/kotlin/JvmPackagePartProviderBase$ModuleMappingInfo
instanceKlass org/jetbrains/kotlin/metadata/jvm/JvmModuleProtoBuf$ModuleOrBuilder
instanceKlass org/jetbrains/kotlin/metadata/deserialization/VersionSpecificBehaviorKt
instanceKlass org/jetbrains/kotlin/load/kotlin/ModuleMappingUtilKt
instanceKlass org/jetbrains/kotlin/metadata/jvm/deserialization/BinaryModuleData
instanceKlass org/jetbrains/kotlin/metadata/jvm/deserialization/JvmMetadataVersion$Companion
instanceKlass org/jetbrains/kotlin/metadata/jvm/deserialization/ModuleMapping$Companion
instanceKlass org/jetbrains/kotlin/metadata/jvm/deserialization/ModuleMapping
instanceKlass org/jetbrains/kotlin/cli/jvm/compiler/JvmPackagePartProviderKt
instanceKlass org/jetbrains/kotlin/resolve/CompilerDeserializationConfiguration
instanceKlass org/jetbrains/kotlin/load/kotlin/JvmPackagePartProviderBase$Companion
instanceKlass org/jetbrains/kotlin/load/kotlin/JvmPackagePartProviderBase
instanceKlass org/jetbrains/kotlin/serialization/deserialization/MetadataPartProvider
instanceKlass org/jetbrains/kotlin/load/kotlin/PackagePartProvider
instanceKlass org/jetbrains/kotlin/resolve/lazy/declarations/FileBasedDeclarationProviderFactory$Index
instanceKlass org/jetbrains/kotlin/resolve/lazy/declarations/ClassMemberDeclarationProvider
instanceKlass org/jetbrains/kotlin/resolve/lazy/declarations/PackageMemberDeclarationProvider
instanceKlass org/jetbrains/kotlin/resolve/lazy/declarations/DeclarationProvider
instanceKlass org/jetbrains/kotlin/resolve/lazy/declarations/AbstractDeclarationProviderFactory
instanceKlass org/jetbrains/kotlin/resolve/lazy/declarations/DeclarationProviderFactory
instanceKlass org/jetbrains/kotlin/frontend/java/di/InjectionKt
instanceKlass org/jetbrains/kotlin/types/KotlinTypeFactory
instanceKlass org/jetbrains/kotlin/util/ArrayMap
instanceKlass org/jetbrains/kotlin/util/TypeRegistry
instanceKlass org/jetbrains/kotlin/util/AbstractArrayMapOwner
instanceKlass org/jetbrains/kotlin/descriptors/FieldDescriptor
instanceKlass org/jetbrains/kotlin/descriptors/PropertySetterDescriptor
instanceKlass org/jetbrains/kotlin/descriptors/PropertyGetterDescriptor
instanceKlass org/jetbrains/kotlin/types/error/ErrorPropertyDescriptor
instanceKlass org/jetbrains/kotlin/descriptors/PropertyDescriptor
instanceKlass org/jetbrains/kotlin/descriptors/VariableDescriptorWithAccessors
instanceKlass org/jetbrains/kotlin/descriptors/VariableDescriptor
instanceKlass kotlin/jvm/internal/StringCompanionObject
instanceKlass org/jetbrains/kotlin/types/error/ErrorTypeConstructor
instanceKlass org/jetbrains/kotlin/types/error/ErrorScope
instanceKlass org/jetbrains/kotlin/cli/common/ModuleVisibilityHelperImpl
instanceKlass org/jetbrains/kotlin/descriptors/DescriptorVisibilities$12
instanceKlass org/jetbrains/kotlin/descriptors/DescriptorVisibilities$11
instanceKlass org/jetbrains/kotlin/descriptors/DescriptorVisibilities$10
instanceKlass org/jetbrains/kotlin/util/ModuleVisibilityHelper
instanceKlass org/jetbrains/kotlin/descriptors/DescriptorVisibility
instanceKlass org/jetbrains/kotlin/descriptors/Visibility
instanceKlass org/jetbrains/kotlin/descriptors/DescriptorVisibilities
instanceKlass org/jetbrains/kotlin/name/SpecialNames
instanceKlass org/jetbrains/kotlin/resolve/scopes/receivers/ReceiverValue
instanceKlass org/jetbrains/kotlin/resolve/scopes/receivers/Receiver
instanceKlass org/jetbrains/kotlin/descriptors/FunctionDescriptor$CopyBuilder
instanceKlass org/jetbrains/kotlin/descriptors/CallableMemberDescriptor$CopyBuilder
instanceKlass org/jetbrains/kotlin/descriptors/ClassConstructorDescriptor
instanceKlass org/jetbrains/kotlin/descriptors/ConstructorDescriptor
instanceKlass java/util/Formattable
instanceKlass java/util/Formatter$Flags
instanceKlass java/util/Formatter$FormatSpecifier
instanceKlass java/util/Formatter$Conversion
instanceKlass java/util/Formatter$FixedString
instanceKlass java/util/Formatter$FormatString
instanceKlass java/util/Formatter
instanceKlass org/jetbrains/kotlin/descriptors/impl/ModuleDependenciesImpl
instanceKlass org/jetbrains/kotlin/descriptors/impl/ModuleDependencies
instanceKlass org/jetbrains/kotlin/protobuf/SmallSortedMap$EntryIterator
instanceKlass org/jetbrains/kotlin/protobuf/GeneratedMessageLite$ExtendableMessage$ExtensionWriter
instanceKlass org/jetbrains/kotlin/serialization/deserialization/descriptors/DeserializedMemberScope$OptimizedImplementation
instanceKlass org/jetbrains/kotlin/serialization/deserialization/descriptors/DeserializedMemberScope$Implementation
instanceKlass org/jetbrains/kotlin/serialization/deserialization/MemberDeserializer
instanceKlass org/jetbrains/kotlin/serialization/deserialization/TypeDeserializer
instanceKlass org/jetbrains/kotlin/serialization/deserialization/DeserializationContext
instanceKlass org/jetbrains/kotlin/metadata/deserialization/VersionRequirementTable$Companion
instanceKlass org/jetbrains/kotlin/metadata/deserialization/VersionRequirementTable
instanceKlass org/jetbrains/kotlin/metadata/deserialization/TypeTable
instanceKlass org/jetbrains/kotlin/serialization/deserialization/ClassDeserializer$Companion
instanceKlass org/jetbrains/kotlin/serialization/deserialization/ClassDeserializer
instanceKlass org/jetbrains/kotlin/descriptors/deserialization/PlatformDependentTypeTransformer$None
instanceKlass org/jetbrains/kotlin/descriptors/deserialization/PlatformDependentTypeTransformer
instanceKlass org/jetbrains/kotlin/resolve/OverridingUtil$1
instanceKlass org/jetbrains/kotlin/load/java/JavaIncompatibilityRulesOverridabilityCondition$Companion
instanceKlass org/jetbrains/kotlin/load/java/JavaIncompatibilityRulesOverridabilityCondition
instanceKlass org/jetbrains/kotlin/load/java/ErasedOverridabilityCondition
instanceKlass org/jetbrains/kotlin/load/java/FieldOverridabilityCondition
instanceKlass org/jetbrains/kotlin/resolve/ExternalOverridabilityCondition
instanceKlass org/jetbrains/kotlin/descriptors/PropertyAccessorDescriptor
instanceKlass org/jetbrains/kotlin/descriptors/VariableAccessorDescriptor
instanceKlass org/jetbrains/kotlin/types/checker/KotlinTypeChecker$TypeConstructorEquality
instanceKlass org/jetbrains/kotlin/resolve/OverridingUtil
instanceKlass org/jetbrains/kotlin/types/AbstractTypePreparator
instanceKlass org/jetbrains/kotlin/types/checker/NewKotlinTypeCheckerImpl
instanceKlass org/jetbrains/kotlin/types/checker/NewKotlinTypeChecker$Companion
instanceKlass org/jetbrains/kotlin/types/checker/NewKotlinTypeChecker
instanceKlass org/jetbrains/kotlin/types/checker/KotlinTypeChecker
instanceKlass org/jetbrains/kotlin/storage/LockBasedStorageManager$CacheWithNullableValuesBasedOnMemoizedFunction$1
instanceKlass org/jetbrains/kotlin/resolve/sam/SamConversionResolverImpl
instanceKlass org/jetbrains/kotlin/resolve/sam/SamConversionResolver
instanceKlass org/jetbrains/kotlin/container/PlatformSpecificExtension
instanceKlass org/jetbrains/kotlin/serialization/deserialization/ContractDeserializer$Companion$DEFAULT$1
instanceKlass org/jetbrains/kotlin/serialization/deserialization/ContractDeserializer$Companion
instanceKlass org/jetbrains/kotlin/serialization/deserialization/ContractDeserializer
instanceKlass org/jetbrains/kotlin/serialization/deserialization/FlexibleTypeDeserializer$ThrowException
instanceKlass org/jetbrains/kotlin/serialization/deserialization/FlexibleTypeDeserializer
instanceKlass org/jetbrains/kotlin/serialization/deserialization/ErrorReporter$1
instanceKlass org/jetbrains/kotlin/serialization/deserialization/ErrorReporter
instanceKlass org/jetbrains/kotlin/serialization/deserialization/LocalClassifierTypeSettings$Default
instanceKlass org/jetbrains/kotlin/serialization/deserialization/LocalClassifierTypeSettings
instanceKlass org/jetbrains/kotlin/resolve/constants/ConstantValue
instanceKlass org/jetbrains/kotlin/serialization/deserialization/AnnotationDeserializer
instanceKlass org/jetbrains/kotlin/serialization/deserialization/AnnotationAndConstantLoaderImpl
instanceKlass org/jetbrains/kotlin/serialization/deserialization/AnnotationAndConstantLoader
instanceKlass org/jetbrains/kotlin/serialization/deserialization/AnnotationLoader
instanceKlass org/jetbrains/kotlin/serialization/deserialization/DeserializedClassDataFinder
instanceKlass org/jetbrains/kotlin/serialization/deserialization/DeserializationConfiguration$Default
instanceKlass org/jetbrains/kotlin/serialization/deserialization/DeserializationConfiguration
instanceKlass org/jetbrains/kotlin/serialization/deserialization/DeserializationComponents
instanceKlass org/jetbrains/kotlin/descriptors/NotFoundClasses
instanceKlass org/jetbrains/kotlin/descriptors/PackageFragmentProviderImpl
instanceKlass org/jetbrains/kotlin/descriptors/PackageFragmentProviderOptimized
instanceKlass org/jetbrains/kotlin/descriptors/PackageFragmentProvider
instanceKlass org/jetbrains/kotlin/metadata/deserialization/NameResolverImpl$WhenMappings
instanceKlass org/jetbrains/kotlin/protobuf/Utf8
instanceKlass org/jetbrains/kotlin/serialization/deserialization/NameResolverUtilKt
instanceKlass org/jetbrains/kotlin/serialization/deserialization/ProtoBasedClassDataFinder
instanceKlass org/jetbrains/kotlin/serialization/deserialization/ClassDataFinder
instanceKlass org/jetbrains/kotlin/metadata/deserialization/NameResolverImpl
instanceKlass org/jetbrains/kotlin/metadata/deserialization/NameResolver
instanceKlass org/jetbrains/kotlin/metadata/ProtoBuf$Type$Argument$Projection$1
instanceKlass org/jetbrains/kotlin/metadata/ProtoBuf$Type$ArgumentOrBuilder
instanceKlass org/jetbrains/kotlin/metadata/ProtoBuf$Annotation$ArgumentOrBuilder
instanceKlass org/jetbrains/kotlin/protobuf/SmallSortedMap$Entry
instanceKlass org/jetbrains/kotlin/protobuf/FieldSet$1
instanceKlass org/jetbrains/kotlin/protobuf/AbstractMessageLite$Builder
instanceKlass org/jetbrains/kotlin/protobuf/GeneratedMessageLite$1
instanceKlass org/jetbrains/kotlin/metadata/ProtoBuf$QualifiedNameTable$QualifiedName$Kind$1
instanceKlass org/jetbrains/kotlin/metadata/ProtoBuf$QualifiedNameTable$QualifiedNameOrBuilder
instanceKlass org/jetbrains/kotlin/protobuf/WireFormat
instanceKlass org/jetbrains/kotlin/protobuf/CodedOutputStream
instanceKlass org/jetbrains/kotlin/protobuf/CodedInputStream
instanceKlass org/jetbrains/kotlin/metadata/ProtoBuf$QualifiedNameTableOrBuilder
instanceKlass org/jetbrains/kotlin/protobuf/LazyStringList
instanceKlass org/jetbrains/kotlin/protobuf/ProtocolStringList
instanceKlass org/jetbrains/kotlin/metadata/ProtoBuf$StringTableOrBuilder
instanceKlass org/jetbrains/kotlin/metadata/ProtoBuf$PackageFragmentOrBuilder
instanceKlass org/jetbrains/kotlin/metadata/builtins/BuiltInsBinaryVersion$Companion
instanceKlass org/jetbrains/kotlin/metadata/deserialization/BinaryVersion$Companion
instanceKlass org/jetbrains/kotlin/metadata/deserialization/BinaryVersion
instanceKlass org/jetbrains/kotlin/metadata/builtins/ReadPackageFragmentKt
instanceKlass org/jetbrains/kotlin/serialization/deserialization/builtins/BuiltInsPackageFragmentImpl$Companion
instanceKlass org/jetbrains/kotlin/builtins/BuiltInsPackageFragment
instanceKlass org/jetbrains/kotlin/protobuf/ExtensionRegistryLite$ObjectIntPair
instanceKlass org/jetbrains/kotlin/metadata/ProtoBuf$TypeParameter$Variance$1
instanceKlass org/jetbrains/kotlin/metadata/ProtoBuf$TypeParameterOrBuilder
instanceKlass org/jetbrains/kotlin/metadata/ProtoBuf$EnumEntryOrBuilder
instanceKlass org/jetbrains/kotlin/metadata/ProtoBuf$Annotation$Argument$Value$Type$1
instanceKlass org/jetbrains/kotlin/protobuf/Internal$EnumLiteMap
instanceKlass org/jetbrains/kotlin/metadata/ProtoBuf$Annotation$Argument$ValueOrBuilder
instanceKlass org/jetbrains/kotlin/metadata/ProtoBuf$ValueParameterOrBuilder
instanceKlass org/jetbrains/kotlin/metadata/ProtoBuf$PropertyOrBuilder
instanceKlass org/jetbrains/kotlin/metadata/ProtoBuf$ContractOrBuilder
instanceKlass org/jetbrains/kotlin/metadata/ProtoBuf$FunctionOrBuilder
instanceKlass org/jetbrains/kotlin/metadata/ProtoBuf$ConstructorOrBuilder
instanceKlass org/jetbrains/kotlin/metadata/ProtoBuf$AnnotationOrBuilder
instanceKlass org/jetbrains/kotlin/metadata/ProtoBuf$TypeOrBuilder
instanceKlass org/jetbrains/kotlin/metadata/ProtoBuf$ClassOrBuilder
instanceKlass org/jetbrains/kotlin/protobuf/Internal$EnumLite
instanceKlass org/jetbrains/kotlin/protobuf/GeneratedMessageLite$ExtensionDescriptor
instanceKlass org/jetbrains/kotlin/protobuf/GeneratedMessageLite$GeneratedExtension
instanceKlass org/jetbrains/kotlin/metadata/ProtoBuf$VersionRequirementTableOrBuilder
instanceKlass org/jetbrains/kotlin/metadata/ProtoBuf$TypeTableOrBuilder
instanceKlass org/jetbrains/kotlin/protobuf/ByteString$ByteIterator
instanceKlass org/jetbrains/kotlin/protobuf/ByteString
instanceKlass org/jetbrains/kotlin/protobuf/SmallSortedMap$EmptySet$2
instanceKlass org/jetbrains/kotlin/protobuf/SmallSortedMap$EmptySet$1
instanceKlass org/jetbrains/kotlin/protobuf/SmallSortedMap$EmptySet
instanceKlass org/jetbrains/kotlin/protobuf/LazyFieldLite
instanceKlass org/jetbrains/kotlin/protobuf/FieldSet
instanceKlass org/jetbrains/kotlin/protobuf/AbstractParser
instanceKlass org/jetbrains/kotlin/protobuf/MessageLite$Builder
instanceKlass org/jetbrains/kotlin/protobuf/Parser
instanceKlass org/jetbrains/kotlin/protobuf/FieldSet$FieldDescriptorLite
instanceKlass org/jetbrains/kotlin/protobuf/AbstractMessageLite
instanceKlass org/jetbrains/kotlin/metadata/ProtoBuf$PackageOrBuilder
instanceKlass org/jetbrains/kotlin/protobuf/GeneratedMessageLite$ExtendableMessageOrBuilder
instanceKlass org/jetbrains/kotlin/protobuf/MessageLite
instanceKlass org/jetbrains/kotlin/protobuf/MessageLiteOrBuilder
instanceKlass org/jetbrains/kotlin/metadata/builtins/BuiltInsProtoBuf
instanceKlass org/jetbrains/kotlin/protobuf/ExtensionRegistryLite
instanceKlass org/jetbrains/kotlin/serialization/SerializerExtensionProtocol
instanceKlass org/jetbrains/kotlin/descriptors/deserialization/AdditionalClassPartsProvider$None
instanceKlass org/jetbrains/kotlin/descriptors/deserialization/PlatformDependentDeclarationFilter$NoPlatformDependent
instanceKlass org/jetbrains/kotlin/builtins/DefaultBuiltIns$Companion
instanceKlass org/jetbrains/kotlin/types/error/ErrorModuleDescriptor
instanceKlass org/jetbrains/kotlin/types/error/ErrorUtils
instanceKlass org/jetbrains/kotlin/types/TypeProjection
instanceKlass org/jetbrains/kotlin/types/model/TypeArgumentMarker
instanceKlass org/jetbrains/kotlin/types/TypeUtils
instanceKlass org/jetbrains/kotlin/descriptors/impl/AbstractClassDescriptor$1$1
instanceKlass org/jetbrains/kotlin/types/AbstractTypeRefiner
instanceKlass org/jetbrains/kotlin/types/checker/KotlinTypeRefinerKt
instanceKlass org/jetbrains/kotlin/resolve/descriptorUtil/DescriptorUtilsKt
instanceKlass org/jetbrains/kotlin/descriptors/FunctionDescriptor
instanceKlass org/jetbrains/kotlin/descriptors/CallableMemberDescriptor
instanceKlass org/jetbrains/kotlin/resolve/DescriptorUtils
instanceKlass org/jetbrains/kotlin/resolve/scopes/MemberScopeImpl
instanceKlass org/jetbrains/kotlin/descriptors/SupertypeLoopChecker
instanceKlass org/jetbrains/kotlin/types/ClassifierBasedTypeConstructor
instanceKlass org/jetbrains/kotlin/descriptors/ReceiverParameterDescriptor
instanceKlass org/jetbrains/kotlin/descriptors/ParameterDescriptor
instanceKlass org/jetbrains/kotlin/descriptors/ValueDescriptor
instanceKlass org/jetbrains/kotlin/descriptors/CallableDescriptor
instanceKlass org/jetbrains/kotlin/descriptors/impl/AbstractClassDescriptor$3
instanceKlass org/jetbrains/kotlin/descriptors/impl/AbstractClassDescriptor$2
instanceKlass org/jetbrains/kotlin/descriptors/impl/AbstractClassDescriptor$1
instanceKlass org/jetbrains/kotlin/descriptors/Modality$Companion
instanceKlass org/jetbrains/kotlin/descriptors/impl/ModuleAwareClassDescriptor$Companion
instanceKlass org/jetbrains/kotlin/types/TypeConstructor
instanceKlass org/jetbrains/kotlin/types/model/TypeConstructorMarker
instanceKlass org/jetbrains/kotlin/resolve/scopes/MemberScope
instanceKlass org/jetbrains/kotlin/resolve/scopes/ResolutionScope
instanceKlass org/jetbrains/kotlin/descriptors/impl/ModuleAwareClassDescriptor
instanceKlass org/jetbrains/kotlin/descriptors/ClassDescriptor
instanceKlass org/jetbrains/kotlin/descriptors/ClassifierDescriptorWithTypeParameters
instanceKlass org/jetbrains/kotlin/descriptors/Substitutable
instanceKlass org/jetbrains/kotlin/descriptors/MemberDescriptor
instanceKlass org/jetbrains/kotlin/descriptors/DeclarationDescriptorWithVisibility
instanceKlass org/jetbrains/kotlin/descriptors/PackageViewDescriptor
instanceKlass org/jetbrains/kotlin/renderer/KeywordStringsGenerated
instanceKlass org/jetbrains/kotlin/renderer/RenderingUtilsKt
instanceKlass org/jetbrains/kotlin/descriptors/ModuleDescriptor$DefaultImpls
instanceKlass org/jetbrains/kotlin/renderer/DescriptorRendererImpl$RenderDeclarationDescriptorVisitor
instanceKlass org/jetbrains/kotlin/descriptors/DeclarationDescriptorVisitor
instanceKlass org/jetbrains/kotlin/renderer/ClassifierNamePolicy$FULLY_QUALIFIED
instanceKlass org/jetbrains/kotlin/renderer/ClassifierNamePolicy$SHORT
instanceKlass org/jetbrains/kotlin/renderer/ExcludedTypeAnnotations
instanceKlass org/jetbrains/kotlin/renderer/DescriptorRenderer$ValueParametersHandler$DEFAULT
instanceKlass org/jetbrains/kotlin/renderer/DescriptorRenderer$ValueParametersHandler
instanceKlass org/jetbrains/kotlin/renderer/DescriptorRendererModifier$Companion
instanceKlass org/jetbrains/kotlin/renderer/ClassifierNamePolicy$SOURCE_CODE_QUALIFIED
instanceKlass org/jetbrains/kotlin/renderer/ClassifierNamePolicy
instanceKlass org/jetbrains/kotlin/renderer/DescriptorRendererOptionsImpl
instanceKlass org/jetbrains/kotlin/renderer/DescriptorRendererOptions
instanceKlass org/jetbrains/kotlin/renderer/DescriptorRenderer$Companion
instanceKlass org/jetbrains/kotlin/renderer/DescriptorRenderer
instanceKlass org/jetbrains/kotlin/descriptors/SourceElement$1
instanceKlass org/jetbrains/kotlin/descriptors/SourceElement
instanceKlass org/jetbrains/kotlin/descriptors/PackageFragmentDescriptor
instanceKlass org/jetbrains/kotlin/descriptors/ClassOrPackageFragmentDescriptor
instanceKlass org/jetbrains/kotlin/builtins/jvm/JavaToKotlinClassMapper
instanceKlass org/jetbrains/kotlin/builtins/PlatformToKotlinClassMapper
instanceKlass org/jetbrains/kotlin/builtins/jvm/JvmBuiltInsCustomizer
instanceKlass org/jetbrains/kotlin/storage/StorageKt
instanceKlass org/jetbrains/kotlin/utils/CollectionsKt
instanceKlass org/jetbrains/kotlin/builtins/StandardNames$FqNames
instanceKlass org/jetbrains/kotlin/builtins/StandardNames
instanceKlass org/jetbrains/kotlin/builtins/jvm/JvmBuiltInClassDescriptorFactory$Companion
instanceKlass org/jetbrains/kotlin/builtins/jvm/JvmBuiltInClassDescriptorFactory
instanceKlass org/jetbrains/kotlin/builtins/functions/BuiltInFictitiousFunctionClassFactory
instanceKlass org/jetbrains/kotlin/descriptors/deserialization/ClassDescriptorFactory
instanceKlass org/jetbrains/kotlin/serialization/deserialization/builtins/BuiltInsResourceLoader
instanceKlass org/jetbrains/kotlin/serialization/deserialization/builtins/BuiltInsLoaderImpl
instanceKlass org/jetbrains/kotlin/builtins/BuiltInsLoader$Companion
instanceKlass org/jetbrains/kotlin/builtins/BuiltInsLoader
instanceKlass org/jetbrains/kotlin/cli/jvm/compiler/TopDownAnalyzerFacadeForJVM$SourceOrBinaryModuleClassResolver
instanceKlass org/jetbrains/kotlin/load/java/lazy/ModuleClassResolver
instanceKlass org/jetbrains/kotlin/modules/TargetId
instanceKlass org/jetbrains/kotlin/modules/TargetIdKt
instanceKlass org/jetbrains/kotlin/incremental/components/EnumWhenTracker$DoNothing
instanceKlass org/jetbrains/kotlin/incremental/components/EnumWhenTracker
instanceKlass org/jetbrains/kotlin/incremental/components/InlineConstTracker$DoNothing
instanceKlass org/jetbrains/kotlin/incremental/components/InlineConstTracker
instanceKlass org/jetbrains/kotlin/incremental/components/ExpectActualTracker$DoNothing
instanceKlass org/jetbrains/kotlin/incremental/components/ExpectActualTracker
instanceKlass org/jetbrains/kotlin/incremental/components/LookupTracker$DO_NOTHING
instanceKlass org/jetbrains/kotlin/incremental/components/LookupTracker
instanceKlass org/jetbrains/kotlin/builtins/KotlinBuiltIns$4
instanceKlass org/jetbrains/kotlin/context/MutableModuleContextImpl
instanceKlass org/jetbrains/kotlin/context/MutableModuleContext
instanceKlass org/jetbrains/kotlin/context/ModuleContext
instanceKlass org/jetbrains/kotlin/descriptors/impl/PackageViewDescriptorFactory$Default
instanceKlass org/jetbrains/kotlin/descriptors/ModuleCapability
instanceKlass org/jetbrains/kotlin/descriptors/impl/PackageViewDescriptorFactory$Companion
instanceKlass org/jetbrains/kotlin/descriptors/impl/PackageViewDescriptorFactory
instanceKlass org/jetbrains/kotlin/descriptors/annotations/Annotations$Companion$EMPTY$1
instanceKlass org/jetbrains/kotlin/descriptors/annotations/Annotations$Companion
instanceKlass org/jetbrains/kotlin/descriptors/annotations/Annotations
instanceKlass org/jetbrains/kotlin/descriptors/annotations/AnnotatedImpl
instanceKlass org/jetbrains/kotlin/builtins/jvm/JvmBuiltIns$WhenMappings
instanceKlass org/jetbrains/kotlin/builtins/KotlinBuiltIns$3
instanceKlass org/jetbrains/kotlin/builtins/KotlinBuiltIns$2
instanceKlass org/jetbrains/kotlin/storage/LockBasedStorageManager$LockBasedLazyValue
instanceKlass org/jetbrains/kotlin/builtins/KotlinBuiltIns$1
instanceKlass org/jetbrains/kotlin/incremental/components/LookupLocation
instanceKlass org/jetbrains/kotlin/descriptors/ModuleDescriptor
instanceKlass org/jetbrains/kotlin/types/model/TypeArgumentListMarker
instanceKlass org/jetbrains/kotlin/types/model/SimpleTypeMarker
instanceKlass org/jetbrains/kotlin/types/KotlinType
instanceKlass org/jetbrains/kotlin/types/model/KotlinTypeMarker
instanceKlass org/jetbrains/kotlin/descriptors/deserialization/AdditionalClassPartsProvider
instanceKlass org/jetbrains/kotlin/descriptors/deserialization/PlatformDependentDeclarationFilter
instanceKlass org/jetbrains/kotlin/descriptors/ClassifierDescriptor
instanceKlass org/jetbrains/kotlin/descriptors/DeclarationDescriptorNonRoot
instanceKlass org/jetbrains/kotlin/descriptors/DeclarationDescriptorWithSource
instanceKlass org/jetbrains/kotlin/descriptors/DeclarationDescriptor
instanceKlass org/jetbrains/kotlin/descriptors/annotations/Annotated
instanceKlass org/jetbrains/kotlin/descriptors/Named
instanceKlass org/jetbrains/kotlin/builtins/KotlinBuiltIns
instanceKlass org/jetbrains/kotlin/context/SimpleGlobalContext
instanceKlass org/jetbrains/kotlin/storage/ExceptionTracker
instanceKlass org/jetbrains/kotlin/context/ProjectContextImpl
instanceKlass org/jetbrains/kotlin/context/ProjectContext
instanceKlass org/jetbrains/kotlin/context/GlobalContext
instanceKlass org/jetbrains/kotlin/context/ContextKt
instanceKlass org/jetbrains/kotlin/platform/TargetPlatform
instanceKlass org/jetbrains/kotlin/platform/TargetPlatformKt
instanceKlass org/jetbrains/kotlin/platform/TargetPlatformVersion$NoVersion
instanceKlass org/jetbrains/kotlin/platform/SimplePlatform
instanceKlass org/jetbrains/kotlin/platform/jvm/JvmPlatforms
instanceKlass org/jetbrains/kotlin/resolve/TargetEnvironment$Companion
instanceKlass org/jetbrains/kotlin/resolve/TargetEnvironment
instanceKlass org/jetbrains/kotlin/com/intellij/psi/util/CachedValueProvider$Result
instanceKlass org/jetbrains/kotlin/com/intellij/util/CachedValueBase$Data
instanceKlass org/jetbrains/kotlin/com/intellij/util/CachedValueBase
instanceKlass org/jetbrains/kotlin/resolve/diagnostics/DiagnosticSuppressor$Companion
instanceKlass org/jetbrains/kotlin/resolve/diagnostics/DiagnosticSuppressor
instanceKlass org/jetbrains/kotlin/util/ExtensionProvider$Companion
instanceKlass org/jetbrains/kotlin/util/MappedExtensionProvider
instanceKlass org/jetbrains/kotlin/resolve/diagnostics/KotlinSuppressCache$Companion
instanceKlass org/jetbrains/kotlin/diagnostics/AbstractKotlinSuppressCache$Companion
instanceKlass org/jetbrains/kotlin/resolve/diagnostics/Diagnostics$Companion$EMPTY$1
instanceKlass org/jetbrains/kotlin/resolve/diagnostics/Diagnostics$Companion
instanceKlass org/jetbrains/kotlin/resolve/diagnostics/MutableDiagnosticsWithSuppression
instanceKlass org/jetbrains/kotlin/resolve/diagnostics/Diagnostics
instanceKlass org/jetbrains/kotlin/diagnostics/GenericDiagnostics
instanceKlass org/jetbrains/kotlin/util/slicedMap/WritableSlice
instanceKlass org/jetbrains/kotlin/resolve/BindingTraceContext$1
instanceKlass org/jetbrains/kotlin/resolve/CleanableBindingContext
instanceKlass org/jetbrains/kotlin/util/slicedMap/SlicedMapImpl
instanceKlass org/jetbrains/kotlin/resolve/BindingTraceFilter$Companion
instanceKlass org/jetbrains/kotlin/resolve/BindingTraceFilter
instanceKlass org/jetbrains/kotlin/diagnostics/DiagnosticSink$2
instanceKlass org/jetbrains/kotlin/diagnostics/DiagnosticSink$1
instanceKlass org/jetbrains/kotlin/util/slicedMap/ReadOnlySlice
instanceKlass org/jetbrains/kotlin/util/slicedMap/MutableSlicedMap
instanceKlass org/jetbrains/kotlin/util/slicedMap/SlicedMap
instanceKlass org/jetbrains/kotlin/diagnostics/AbstractKotlinSuppressCache
instanceKlass org/jetbrains/kotlin/resolve/BindingContext
instanceKlass org/jetbrains/kotlin/resolve/BindingTraceContext
instanceKlass org/jetbrains/kotlin/resolve/BindingTrace
instanceKlass org/jetbrains/kotlin/diagnostics/DiagnosticSink
instanceKlass org/jetbrains/kotlin/com/intellij/openapi/vfs/VirtualFileWithId
instanceKlass gnu/trove/TObjectProcedure
instanceKlass org/jetbrains/kotlin/cli/jvm/compiler/TopDownAnalyzerFacadeForJVM
instanceKlass org/jetbrains/kotlin/psi/KtOperationExpression
instanceKlass org/jetbrains/kotlin/BlockExpressionElementType$Companion
instanceKlass org/jetbrains/kotlin/com/intellij/psi/tree/IReparseableElementTypeBase
instanceKlass org/jetbrains/kotlin/com/intellij/psi/tree/ICompositeElementType
instanceKlass org/jetbrains/kotlin/KtNodeTypes
instanceKlass org/jetbrains/kotlin/com/intellij/lang/PsiParser
instanceKlass org/jetbrains/kotlin/kdoc/lexer/KDocTokens
instanceKlass org/jetbrains/kotlin/lexer/KtTokens
instanceKlass org/jetbrains/kotlin/diagnostics/PositioningStrategy
instanceKlass org/jetbrains/kotlin/diagnostics/PositioningStrategies
instanceKlass org/jetbrains/kotlin/diagnostics/DiagnosticFactory$Companion
instanceKlass org/jetbrains/kotlin/diagnostics/DiagnosticMarker
instanceKlass org/jetbrains/kotlin/diagnostics/UnboundDiagnostic
instanceKlass org/jetbrains/kotlin/diagnostics/DiagnosticFactory
instanceKlass org/jetbrains/kotlin/cli/common/messages/AnalyzerWithCompilerReport$Companion
instanceKlass org/jetbrains/kotlin/cli/common/messages/AnalyzerWithCompilerReport
instanceKlass org/jetbrains/kotlin/analyzer/AbstractAnalyzerWithCompilerReport
instanceKlass org/jetbrains/kotlin/load/kotlin/ModuleVisibilityManager$SERVICE
instanceKlass org/jetbrains/kotlin/cli/jvm/compiler/KotlinToJVMBytecodeCompiler
instanceKlass org/jetbrains/kotlin/com/intellij/util/text/StringFactory
instanceKlass org/jetbrains/kotlin/com/intellij/injected/editor/DocumentWindow
instanceKlass org/jetbrains/kotlin/com/intellij/openapi/editor/impl/FrozenDocument
instanceKlass org/jetbrains/kotlin/com/intellij/util/text/ImmutableText$Node
instanceKlass org/jetbrains/kotlin/com/intellij/openapi/editor/impl/DocumentImpl$1
instanceKlass java/beans/PropertyChangeListener
instanceKlass java/beans/ChangeListenerMap
instanceKlass java/beans/PropertyChangeSupport
instanceKlass org/jetbrains/kotlin/com/intellij/openapi/editor/impl/IntervalTreeImpl$IntervalTreeGuide
instanceKlass org/jetbrains/kotlin/com/intellij/util/WalkingState$TreeGuide
instanceKlass org/jetbrains/kotlin/it/unimi/dsi/fastutil/longs/LongSet
instanceKlass org/jetbrains/kotlin/it/unimi/dsi/fastutil/longs/LongCollection
instanceKlass org/jetbrains/kotlin/it/unimi/dsi/fastutil/longs/LongIterable
instanceKlass org/jetbrains/kotlin/com/intellij/openapi/editor/impl/RedBlackTree$Node
instanceKlass org/jetbrains/kotlin/com/intellij/openapi/editor/ex/PrioritizedDocumentListener$1
instanceKlass org/jetbrains/kotlin/com/intellij/openapi/editor/ex/PrioritizedDocumentListener
instanceKlass org/jetbrains/kotlin/com/intellij/openapi/editor/impl/LockFreeCOWSortedArray
instanceKlass org/jetbrains/kotlin/com/intellij/openapi/editor/ex/DocumentEx$1
instanceKlass org/jetbrains/kotlin/com/intellij/openapi/fileEditor/impl/LoadTextUtil$ConvertResult
instanceKlass sun/nio/cs/ThreadLocalCoders$Cache
instanceKlass sun/nio/cs/ThreadLocalCoders
instanceKlass org/jetbrains/kotlin/com/intellij/openapi/fileEditor/impl/LoadTextUtil$DetectResult
instanceKlass org/jetbrains/kotlin/com/intellij/openapi/fileEditor/impl/LoadTextUtil
instanceKlass org/jetbrains/kotlin/cli/jvm/compiler/JavaLanguageLevelKt
instanceKlass org/jetbrains/kotlin/com/intellij/util/keyFMap/ArrayBackedFMap
instanceKlass org/jetbrains/kotlin/config/AppendJavaSourceRootsHandlerKeyKt
instanceKlass org/jetbrains/kotlin/cli/jvm/compiler/CliVirtualFileFinderFactory
instanceKlass org/jetbrains/kotlin/load/kotlin/VirtualFileFinderFactory
instanceKlass org/jetbrains/kotlin/load/kotlin/MetadataFinderFactory
instanceKlass org/jetbrains/kotlin/cli/jvm/modules/CliJavaModuleResolver$Companion
instanceKlass org/jetbrains/kotlin/cli/jvm/modules/CliJavaModuleResolver
instanceKlass org/jetbrains/kotlin/resolve/jvm/modules/JavaModuleResolver
instanceKlass org/jetbrains/kotlin/load/java/JavaModuleAnnotationsProvider
instanceKlass org/jetbrains/kotlin/cli/jvm/index/SingleJavaFileRootsIndex
instanceKlass org/jetbrains/kotlin/cli/jvm/index/JvmDependenciesIndexImpl
instanceKlass org/jetbrains/kotlin/cli/jvm/index/JvmDependenciesDynamicCompoundIndex
instanceKlass org/jetbrains/kotlin/cli/jvm/index/JvmDependenciesIndex
instanceKlass org/jetbrains/kotlin/cli/jvm/compiler/ClasspathRootsResolver$RootsAndModules
instanceKlass org/jetbrains/kotlin/cli/jvm/index/JavaRoot$RootTypes
instanceKlass org/jetbrains/kotlin/cli/jvm/index/JavaRoot
instanceKlass java/io/RandomAccessFile$1
instanceKlass org/jetbrains/kotlin/com/intellij/util/containers/FactoryMap
instanceKlass org/jetbrains/kotlin/com/intellij/util/text/ByteArrayCharSequence
instanceKlass org/jetbrains/kotlin/com/intellij/util/text/CharArrayExternalizable
instanceKlass org/jetbrains/kotlin/com/intellij/util/text/ImmutableCharSequence
instanceKlass org/jetbrains/kotlin/com/intellij/util/text/CharArrayUtil
instanceKlass org/jetbrains/kotlin/com/intellij/openapi/util/Trinity
instanceKlass java/util/zip/ZipFile$ZipEntryIterator
instanceKlass org/jetbrains/kotlin/com/intellij/openapi/vfs/impl/ArchiveHandler$EntryInfo
instanceKlass org/jetbrains/kotlin/com/intellij/util/containers/ShareableKey
instanceKlass org/jetbrains/kotlin/com/intellij/openapi/util/io/FileAttributes
instanceKlass java/nio/file/attribute/DosFileAttributeView
instanceKlass org/jetbrains/kotlin/com/intellij/openapi/util/io/FileSystemUtil$Nio2MediatorImpl
instanceKlass org/jetbrains/kotlin/com/intellij/openapi/util/io/FileSystemUtil$Mediator
instanceKlass org/jetbrains/kotlin/com/intellij/openapi/util/io/FileSystemUtil
instanceKlass org/jetbrains/kotlin/com/intellij/util/containers/hash/LinkedHashMap$Entry
instanceKlass java/util/DualPivotQuicksort
instanceKlass org/jetbrains/kotlin/com/intellij/util/containers/hash/HashUtil
instanceKlass org/jetbrains/kotlin/com/intellij/util/containers/SLRUMap
instanceKlass org/jetbrains/kotlin/com/intellij/util/SystemProperties
instanceKlass org/jetbrains/kotlin/com/intellij/util/io/ResourceHandle
instanceKlass org/jetbrains/kotlin/com/intellij/util/io/FileAccessorCache
instanceKlass org/jetbrains/kotlin/com/intellij/util/containers/hash/EqualityPolicy
instanceKlass org/jetbrains/kotlin/com/intellij/openapi/vfs/impl/AddonlyKeylessHash$KeyValueMapper
instanceKlass org/jetbrains/kotlin/com/intellij/openapi/util/Pair
instanceKlass org/jetbrains/kotlin/cli/jvm/compiler/ClasspathRootsResolver$RootWithPrefix
instanceKlass org/jetbrains/kotlin/cli/jvm/config/JvmModulePathRoot
instanceKlass org/jetbrains/kotlin/cli/jvm/modules/JavaModuleGraph
instanceKlass org/jetbrains/kotlin/cli/jvm/compiler/ClasspathRootsResolver$Companion
instanceKlass org/jetbrains/kotlin/cli/jvm/compiler/ClasspathRootsResolver
instanceKlass org/jetbrains/kotlin/cli/jvm/modules/CliJavaModuleFinder
instanceKlass org/jetbrains/kotlin/resolve/jvm/modules/JavaModuleFinder
instanceKlass kotlin/comparisons/ComparisonsKt__ComparisonsKt
instanceKlass org/jetbrains/kotlin/com/intellij/openapi/util/io/FileUtil$2
instanceKlass org/jetbrains/kotlin/com/intellij/openapi/util/io/FileUtil$1
instanceKlass org/jetbrains/kotlin/com/intellij/util/text/CharSequenceHashingStrategy
instanceKlass org/jetbrains/kotlin/com/intellij/util/text/CaseInsensitiveStringHashingStrategy
instanceKlass org/jetbrains/kotlin/com/intellij/util/text/FilePathHashingStrategy
instanceKlass org/jetbrains/kotlin/com/intellij/openapi/util/SystemInfo
instanceKlass org/jetbrains/kotlin/com/intellij/openapi/util/io/FileUtilRt$SymlinkResolver
instanceKlass org/jetbrains/kotlin/cli/jvm/compiler/KotlinCoreEnvironment$$special$$inlined$sortBy$1
instanceKlass org/jetbrains/kotlin/psi/UserDataProperty
instanceKlass org/jetbrains/kotlin/resolve/multiplatform/IsCommonSourceKt
instanceKlass org/jetbrains/kotlin/com/intellij/psi/util/PsiUtilCore$NullPsiElement
instanceKlass org/jetbrains/kotlin/com/intellij/psi/util/PsiUtilCore
instanceKlass org/jetbrains/kotlin/com/intellij/psi/tree/IReparseableLeafElementType
instanceKlass org/jetbrains/kotlin/com/intellij/psi/TokenType
instanceKlass org/jetbrains/kotlin/psi/stubs/KotlinScriptStub
instanceKlass org/jetbrains/kotlin/psi/stubs/KotlinPlaceHolderWithTextStub
instanceKlass org/jetbrains/kotlin/com/intellij/psi/LiteralTextEscaper
instanceKlass org/jetbrains/kotlin/com/intellij/psi/ContributedReferenceHost
instanceKlass org/jetbrains/kotlin/psi/stubs/KotlinConstantExpressionStub
instanceKlass org/jetbrains/kotlin/psi/stubs/elements/KtConstantExpressionElementType$Companion
instanceKlass org/jetbrains/kotlin/psi/LambdaArgument
instanceKlass org/jetbrains/kotlin/psi/stubs/KotlinContractEffectStub
instanceKlass org/jetbrains/kotlin/psi/ValueArgumentName
instanceKlass org/jetbrains/kotlin/psi/stubs/KotlinValueArgumentStub
instanceKlass org/jetbrains/kotlin/psi/ValueArgument
instanceKlass org/jetbrains/kotlin/psi/stubs/KotlinEnumEntrySuperclassReferenceExpressionStub
instanceKlass org/jetbrains/kotlin/psi/KtQualifiedExpression
instanceKlass org/jetbrains/kotlin/psi/stubs/KotlinNameReferenceExpressionStub
instanceKlass org/jetbrains/kotlin/psi/stubs/KotlinTypeProjectionStub
instanceKlass org/jetbrains/kotlin/psi/KtSimpleNameExpression
instanceKlass org/jetbrains/kotlin/psi/KtReferenceExpression
instanceKlass org/jetbrains/kotlin/psi/stubs/KotlinUserTypeStub
instanceKlass org/jetbrains/kotlin/psi/KtTypeElement
instanceKlass org/jetbrains/kotlin/psi/stubs/KotlinModifierListStub
instanceKlass org/jetbrains/kotlin/psi/stubs/KotlinImportAliasStub
instanceKlass org/jetbrains/kotlin/psi/KtImportInfo$ImportContent
instanceKlass org/jetbrains/kotlin/psi/KtImportInfo
instanceKlass org/jetbrains/kotlin/psi/stubs/KotlinImportDirectiveStub
instanceKlass org/jetbrains/kotlin/psi/KtAnnotationsContainer
instanceKlass org/jetbrains/kotlin/psi/stubs/KotlinAnnotationUseSiteTargetStub
instanceKlass org/jetbrains/kotlin/psi/KtCallElement
instanceKlass org/jetbrains/kotlin/psi/stubs/KotlinAnnotationEntryStub
instanceKlass org/jetbrains/kotlin/psi/stubs/KotlinTypeParameterStub
instanceKlass org/jetbrains/kotlin/psi/stubs/KotlinParameterStub
instanceKlass org/jetbrains/kotlin/psi/KtAnonymousInitializer
instanceKlass org/jetbrains/kotlin/psi/stubs/KotlinPlaceHolderStub
instanceKlass org/jetbrains/kotlin/psi/stubs/KotlinObjectStub
instanceKlass org/jetbrains/kotlin/psi/stubs/KotlinTypeAliasStub
instanceKlass org/jetbrains/kotlin/psi/stubs/KotlinBackingFieldStub
instanceKlass org/jetbrains/kotlin/psi/stubs/KotlinPropertyAccessorStub
instanceKlass org/jetbrains/kotlin/psi/KtVariableDeclaration
instanceKlass org/jetbrains/kotlin/psi/KtValVarKeywordOwner
instanceKlass org/jetbrains/kotlin/psi/stubs/KotlinPropertyStub
instanceKlass org/jetbrains/kotlin/psi/KtFunction
instanceKlass org/jetbrains/kotlin/psi/KtDeclarationWithBody
instanceKlass org/jetbrains/kotlin/psi/KtCallableDeclaration
instanceKlass org/jetbrains/kotlin/psi/KtDeclarationWithInitializer
instanceKlass org/jetbrains/kotlin/psi/stubs/KotlinFunctionStub
instanceKlass org/jetbrains/kotlin/psi/stubs/KotlinCallableStubBase
instanceKlass org/jetbrains/kotlin/com/intellij/psi/impl/source/SubstrateRef
instanceKlass org/jetbrains/kotlin/psi/stubs/KotlinClassStub
instanceKlass org/jetbrains/kotlin/psi/stubs/KotlinClassOrObjectStub
instanceKlass org/jetbrains/kotlin/psi/stubs/KotlinStubWithFqName
instanceKlass org/jetbrains/kotlin/com/intellij/psi/stubs/NamedStub
instanceKlass org/jetbrains/kotlin/psi/stubs/KotlinClassifierStub
instanceKlass org/jetbrains/kotlin/psi/KtTypeParameterListOwner
instanceKlass org/jetbrains/kotlin/psi/KtPureClassOrObject
instanceKlass org/jetbrains/kotlin/psi/KtClassLikeDeclaration
instanceKlass org/jetbrains/kotlin/psi/KtNamedDeclaration
instanceKlass org/jetbrains/kotlin/psi/KtStatementExpression
instanceKlass org/jetbrains/kotlin/psi/KtNamed
instanceKlass org/jetbrains/kotlin/psi/KtDeclaration
instanceKlass org/jetbrains/kotlin/psi/KtExpression
instanceKlass org/jetbrains/kotlin/psi/stubs/elements/KtStubElementTypes
instanceKlass org/jetbrains/kotlin/psi/stubs/elements/KtTokenSets
instanceKlass org/jetbrains/kotlin/com/intellij/psi/tree/TokenSet
instanceKlass org/jetbrains/kotlin/psi/KtFile$Companion
instanceKlass org/jetbrains/kotlin/com/intellij/psi/impl/source/FileTrees
instanceKlass org/jetbrains/kotlin/com/intellij/psi/impl/source/StubbedSpine
instanceKlass java/util/function/UnaryOperator
instanceKlass org/jetbrains/kotlin/com/intellij/psi/AbstractFileViewProvider$VirtualFileContent
instanceKlass org/jetbrains/kotlin/com/intellij/psi/PsiLock
instanceKlass org/jetbrains/kotlin/com/intellij/psi/PsiLargeBinaryFile
instanceKlass org/jetbrains/kotlin/com/intellij/psi/PsiLargeFile
instanceKlass org/jetbrains/kotlin/com/intellij/psi/PsiBinaryFile
instanceKlass org/jetbrains/kotlin/com/intellij/psi/AbstractFileViewProvider$Content
instanceKlass org/jetbrains/kotlin/com/intellij/util/containers/ContainerUtilRt
instanceKlass org/jetbrains/kotlin/com/intellij/model/ModelBranch
instanceKlass org/jetbrains/kotlin/com/intellij/injected/editor/VirtualFileWindow
instanceKlass kotlin/collections/AbstractIterator$WhenMappings
instanceKlass kotlin/io/FileTreeWalk$WalkState
instanceKlass kotlin/collections/AbstractIterator
instanceKlass kotlin/io/FileTreeWalk
instanceKlass kotlin/io/FilePathComponents
instanceKlass kotlin/io/FilesKt__FilePathComponentsKt
instanceKlass org/jetbrains/kotlin/extensions/PreprocessedFileCreator
instanceKlass java/util/AbstractList$Itr
instanceKlass org/jetbrains/kotlin/com/intellij/openapi/util/KeyedExtensionCollector$MyExtensionPointListener
instanceKlass org/jetbrains/kotlin/com/intellij/openapi/extensions/ExtensionPointPriorityListener
instanceKlass org/jetbrains/kotlin/cli/jvm/compiler/CoreEnvironmentUtilsKt
instanceKlass org/jetbrains/kotlin/resolve/lazy/declarations/DeclarationProviderFactoryService$Companion
instanceKlass org/jetbrains/kotlin/resolve/lazy/declarations/DeclarationProviderFactoryService
instanceKlass org/jetbrains/kotlin/com/intellij/diagnostic/Activity
instanceKlass org/jetbrains/kotlin/com/intellij/diagnostic/StartUpMeasurer
instanceKlass org/jetbrains/kotlin/cli/jvm/compiler/CliModuleAnnotationsResolver
instanceKlass org/jetbrains/kotlin/resolve/ModuleAnnotationsResolver
instanceKlass org/jetbrains/kotlin/resolve/jvm/KotlinJavaPsiFacade$2
instanceKlass org/jetbrains/kotlin/resolve/jvm/KotlinJavaPsiFacade$1
instanceKlass org/jetbrains/kotlin/com/intellij/psi/PsiModifierList
instanceKlass org/jetbrains/kotlin/resolve/jvm/NotFoundPackagesCachingStrategy$Default
instanceKlass sun/invoke/util/VerifyAccess$1
instanceKlass org/jetbrains/kotlin/com/intellij/psi/impl/ElementBase$ElementIconRequest
instanceKlass javax/swing/Icon
instanceKlass org/jetbrains/kotlin/load/java/structure/JavaClass
instanceKlass org/jetbrains/kotlin/load/java/structure/JavaTypeParameterListOwner
instanceKlass org/jetbrains/kotlin/load/java/structure/JavaModifierListOwner
instanceKlass org/jetbrains/kotlin/load/java/structure/JavaClassifier
instanceKlass org/jetbrains/kotlin/load/java/structure/JavaNamedElement
instanceKlass org/jetbrains/kotlin/load/java/structure/JavaAnnotationOwner
instanceKlass org/jetbrains/kotlin/load/java/structure/JavaElement
instanceKlass org/jetbrains/kotlin/resolve/jvm/KotlinJavaPsiFacade$KotlinPsiElementFinderWrapperImpl
instanceKlass org/jetbrains/kotlin/resolve/jvm/KotlinJavaPsiFacade$KotlinPsiElementFinderWrapper
instanceKlass org/jetbrains/kotlin/resolve/jvm/NotFoundPackagesCachingStrategy
instanceKlass org/jetbrains/kotlin/resolve/jvm/KotlinJavaPsiFacade
instanceKlass org/jetbrains/kotlin/cli/common/CliModuleVisibilityManagerImpl
instanceKlass org/jetbrains/kotlin/load/kotlin/ModuleVisibilityManager
instanceKlass org/jetbrains/kotlin/compiler/plugin/CompilerPluginRegistrarKt
instanceKlass org/jetbrains/kotlin/compiler/plugin/CompilerPluginRegistrar$ExtensionStorage
instanceKlass org/jetbrains/kotlin/resolve/extensions/AssignResolutionAltererExtension
instanceKlass org/jetbrains/kotlin/extensions/AnnotationBasedExtension
instanceKlass org/jetbrains/kotlin/types/DefaultTypeAttributeTranslator
instanceKlass org/jetbrains/kotlin/types/extensions/TypeAttributeTranslators
instanceKlass org/jetbrains/kotlin/extensions/TypeAttributeTranslatorExtension
instanceKlass org/jetbrains/kotlin/types/TypeAttributeTranslator
instanceKlass org/jetbrains/kotlin/fir/extensions/FirExtensionRegistrarAdapter
instanceKlass org/jetbrains/kotlin/serialization/DescriptorSerializerPlugin
instanceKlass org/jetbrains/kotlin/extensions/internal/CallResolutionInterceptorExtension
instanceKlass org/jetbrains/kotlin/extensions/internal/CandidateInterceptor
instanceKlass org/jetbrains/kotlin/extensions/internal/TypeResolutionInterceptorExtension
instanceKlass org/jetbrains/kotlin/extensions/internal/TypeResolutionInterceptor
instanceKlass org/jetbrains/kotlin/cli/common/extensions/ShellExtension
instanceKlass org/jetbrains/kotlin/cli/common/extensions/ScriptEvaluationExtension
instanceKlass org/jetbrains/kotlin/backend/common/extensions/IrGenerationExtension
instanceKlass org/jetbrains/kotlin/ir/linkage/IrDeserializer$IrLinkerExtension
instanceKlass org/jetbrains/kotlin/resolve/extensions/ExtraImportsProviderExtension
instanceKlass org/jetbrains/kotlin/extensions/ProcessSourcesBeforeCompilingExtension
instanceKlass org/jetbrains/kotlin/extensions/CollectAdditionalSourcesExtension
instanceKlass org/jetbrains/kotlin/extensions/CompilerConfigurationExtension
instanceKlass org/jetbrains/kotlin/js/translate/extensions/JsSyntheticTranslateExtension
instanceKlass org/jetbrains/kotlin/extensions/PreprocessedVirtualFileFactoryExtension
instanceKlass org/jetbrains/kotlin/extensions/DeclarationAttributeAltererExtension
instanceKlass org/jetbrains/kotlin/extensions/StorageComponentContainerContributor
instanceKlass org/jetbrains/kotlin/resolve/jvm/extensions/PackageFragmentProviderExtension
instanceKlass org/jetbrains/kotlin/resolve/jvm/extensions/AnalysisHandlerExtension
instanceKlass org/jetbrains/kotlin/resolve/extensions/AnalysisHandlerExtension
instanceKlass org/jetbrains/kotlin/codegen/extensions/ClassFileFactoryFinalizerExtension
instanceKlass org/jetbrains/kotlin/codegen/extensions/ClassBuilderInterceptorExtension
instanceKlass org/jetbrains/kotlin/resolve/jvm/extensions/SyntheticJavaResolveExtension
instanceKlass org/jetbrains/kotlin/resolve/extensions/SyntheticResolveExtension
instanceKlass org/jetbrains/kotlin/extensions/ProjectExtensionDescriptor
instanceKlass org/jetbrains/kotlin/codegen/extensions/ExpressionCodegenExtension
instanceKlass java/util/Random
instanceKlass java/util/random/RandomGenerator
instanceKlass org/jetbrains/kotlin/com/intellij/openapi/util/io/FileUtilRt$2
instanceKlass org/jetbrains/kotlin/com/intellij/openapi/util/io/FileUtilRt$1
instanceKlass org/jetbrains/kotlin/com/intellij/openapi/util/io/FileUtilRt$RepeatableIOOperation
instanceKlass java/io/FileFilter
instanceKlass org/jetbrains/kotlin/com/intellij/openapi/util/io/FileUtilRt
instanceKlass org/jetbrains/kotlin/com/intellij/openapi/vfs/PersistentFSConstants
instanceKlass org/jetbrains/kotlin/com/intellij/util/keyFMap/PairElementsFMap
instanceKlass org/jetbrains/kotlin/com/intellij/psi/impl/source/DummyHolderFactory$DefaultFactory
instanceKlass org/jetbrains/kotlin/com/intellij/psi/impl/source/DummyHolderFactory
instanceKlass org/jetbrains/kotlin/com/intellij/psi/PsiImportHolder
instanceKlass org/jetbrains/kotlin/com/intellij/psi/impl/source/JavaDummyHolderFactory
instanceKlass org/jetbrains/kotlin/com/intellij/lang/jvm/facade/JvmFacadeImpl
instanceKlass org/jetbrains/kotlin/com/intellij/lang/jvm/facade/JvmFacade
instanceKlass org/jetbrains/kotlin/com/intellij/psi/impl/source/HolderFactory
instanceKlass org/jetbrains/kotlin/com/intellij/psi/PsiConstantEvaluationHelper
instanceKlass org/jetbrains/kotlin/com/intellij/psi/JavaPsiFacade
instanceKlass org/jetbrains/kotlin/cli/jvm/compiler/MockInferredAnnotationsManager$Companion
instanceKlass org/jetbrains/kotlin/com/intellij/codeInsight/InferredAnnotationsManager
instanceKlass org/jetbrains/kotlin/com/intellij/codeInsight/ExternalAnnotationsListener
instanceKlass org/jetbrains/kotlin/com/intellij/codeInsight/ExternalAnnotationsManager
instanceKlass org/jetbrains/kotlin/com/intellij/util/Processor
instanceKlass org/jetbrains/kotlin/asJava/finder/JavaElementFinder$Companion
instanceKlass org/jetbrains/kotlin/resolve/jvm/KotlinFinderMarker
instanceKlass org/jetbrains/kotlin/asJava/KotlinAsJavaSupport$Companion
instanceKlass org/jetbrains/kotlin/asJava/KotlinAsJavaSupport
instanceKlass org/jetbrains/kotlin/asJava/classes/ImplUtilsKt
instanceKlass org/jetbrains/kotlin/asJava/LightClassGenerationSupport$Companion
instanceKlass org/jetbrains/kotlin/asJava/LightClassGenerationSupport
instanceKlass org/jetbrains/kotlin/resolve/jvm/JvmCodeAnalyzerInitializer
instanceKlass org/jetbrains/kotlin/resolve/CodeAnalyzerInitializer
instanceKlass org/jetbrains/kotlin/com/intellij/psi/impl/JvmPsiConversionHelperImpl
instanceKlass org/jetbrains/kotlin/com/intellij/psi/JvmPsiConversionHelper
instanceKlass org/jetbrains/kotlin/com/intellij/util/containers/Interner
instanceKlass org/jetbrains/kotlin/utils/PlatformUtilsKt
instanceKlass org/jetbrains/kotlin/load/java/structure/impl/classFiles/BinaryClassSignatureParser
instanceKlass org/jetbrains/kotlin/com/intellij/openapi/util/RecursionManager$2
instanceKlass org/jetbrains/kotlin/com/intellij/util/containers/SoftKeySoftValueHashMap
instanceKlass org/jetbrains/kotlin/com/intellij/psi/search/ProjectScope
instanceKlass org/jetbrains/kotlin/cli/jvm/compiler/KotlinCliJavaFileManagerImpl$Companion
instanceKlass org/jetbrains/kotlin/com/intellij/core/CoreJavaFileManager
instanceKlass org/jetbrains/kotlin/resolve/jvm/KotlinCliJavaFileManager
instanceKlass org/jetbrains/kotlin/com/intellij/psi/controlFlow/ControlFlowFactory$1
instanceKlass org/jetbrains/kotlin/com/intellij/util/containers/ConcurrentWeakKeySoftValueHashMap$HardKey
instanceKlass org/jetbrains/kotlin/com/intellij/util/containers/ConcurrentWeakKeySoftValueHashMap$KeyReference
instanceKlass org/jetbrains/kotlin/com/intellij/util/containers/ConcurrentWeakKeySoftValueHashMap
instanceKlass org/jetbrains/kotlin/com/intellij/psi/controlFlow/ControlFlow
instanceKlass org/jetbrains/kotlin/com/intellij/psi/controlFlow/ControlFlowFactory
instanceKlass org/jetbrains/kotlin/com/intellij/psi/codeStyle/SuggestedNameInfo
instanceKlass org/jetbrains/kotlin/com/intellij/psi/codeStyle/JavaCodeStyleManager
instanceKlass org/jetbrains/kotlin/com/intellij/psi/codeStyle/JavaCodeStyleSettingsFacade
instanceKlass org/jetbrains/kotlin/com/intellij/psi/impl/source/resolve/JavaResolveCache$1
instanceKlass org/jetbrains/kotlin/com/intellij/psi/impl/source/resolve/JavaResolveCache
instanceKlass org/jetbrains/kotlin/com/intellij/util/lang/JavaVersion
instanceKlass org/jetbrains/kotlin/com/intellij/AbstractBundle
instanceKlass org/jetbrains/kotlin/com/intellij/openapi/roots/LanguageLevelProjectExtension
instanceKlass org/jetbrains/kotlin/com/intellij/openapi/util/RecursionManager$CalculationStack
instanceKlass org/jetbrains/kotlin/com/intellij/openapi/util/RecursionGuard
instanceKlass org/jetbrains/kotlin/com/intellij/openapi/util/RecursionGuard$StackStamp
instanceKlass org/jetbrains/kotlin/com/intellij/openapi/util/RecursionManager
instanceKlass org/jetbrains/kotlin/com/intellij/psi/PsiInferenceHelper
instanceKlass org/jetbrains/kotlin/com/intellij/psi/scope/processor/FilterScopeProcessor
instanceKlass org/jetbrains/kotlin/com/intellij/psi/scope/PsiScopeProcessor
instanceKlass org/jetbrains/kotlin/com/intellij/psi/scope/NameHint
instanceKlass org/jetbrains/kotlin/com/intellij/psi/scope/ElementClassHint
instanceKlass org/jetbrains/kotlin/com/intellij/psi/impl/source/resolve/PsiResolveHelperImpl
instanceKlass org/jetbrains/kotlin/com/intellij/psi/PsiResolveHelper
instanceKlass org/jetbrains/kotlin/com/intellij/psi/impl/JavaPsiImplementationHelper
instanceKlass org/jetbrains/kotlin/com/intellij/psi/impl/PsiElementFactoryImpl$1
instanceKlass org/jetbrains/kotlin/com/intellij/psi/TypeAnnotationProvider$1
instanceKlass org/jetbrains/kotlin/com/intellij/psi/TypeAnnotationProvider$Static
instanceKlass org/jetbrains/kotlin/com/intellij/psi/TypeAnnotationProvider
instanceKlass org/jetbrains/kotlin/com/intellij/psi/PsiAnnotation
instanceKlass org/jetbrains/kotlin/com/intellij/lang/jvm/types/JvmPrimitiveTypeKind
instanceKlass org/jetbrains/kotlin/com/intellij/lang/jvm/JvmAnnotation
instanceKlass org/jetbrains/kotlin/com/intellij/lang/java/parser/JavaParserUtil$ParserWrapper
instanceKlass org/jetbrains/kotlin/com/intellij/psi/PsiImportStatementBase
instanceKlass org/jetbrains/kotlin/com/intellij/psi/PsiTypeElement
instanceKlass org/jetbrains/kotlin/com/intellij/psi/PsiReferenceExpression
instanceKlass org/jetbrains/kotlin/com/intellij/psi/PsiJavaCodeReferenceElement
instanceKlass org/jetbrains/kotlin/com/intellij/psi/PsiQualifiedReferenceElement
instanceKlass org/jetbrains/kotlin/com/intellij/psi/PsiQualifiedReference
instanceKlass org/jetbrains/kotlin/com/intellij/psi/PsiJavaReference
instanceKlass org/jetbrains/kotlin/com/intellij/psi/PsiPolyVariantReference
instanceKlass org/jetbrains/kotlin/com/intellij/psi/PsiExpression
instanceKlass org/jetbrains/kotlin/com/intellij/psi/PsiAnnotationMemberValue
instanceKlass org/jetbrains/kotlin/com/intellij/lang/jvm/types/JvmReferenceType
instanceKlass org/jetbrains/kotlin/com/intellij/lang/jvm/types/JvmPrimitiveType
instanceKlass org/jetbrains/kotlin/com/intellij/psi/PsiType
instanceKlass org/jetbrains/kotlin/com/intellij/psi/PsiAnnotationOwner
instanceKlass org/jetbrains/kotlin/com/intellij/lang/jvm/types/JvmType
instanceKlass org/jetbrains/kotlin/com/intellij/psi/impl/PsiJavaParserFacadeImpl
instanceKlass org/jetbrains/kotlin/com/intellij/psi/PsiElementFactory
instanceKlass org/jetbrains/kotlin/com/intellij/psi/PsiJavaParserFacade
instanceKlass org/jetbrains/kotlin/com/intellij/psi/JVMElementFactory
instanceKlass org/jetbrains/kotlin/com/intellij/lang/injection/InjectedLanguageManager
instanceKlass org/jetbrains/kotlin/com/intellij/mock/MockDumbUtil
instanceKlass org/jetbrains/kotlin/com/intellij/openapi/project/DumbUtil
instanceKlass org/jetbrains/kotlin/com/intellij/psi/search/SearchScope
instanceKlass org/jetbrains/kotlin/com/intellij/psi/search/ProjectAwareFileFilter
instanceKlass org/jetbrains/kotlin/com/intellij/psi/PsiDirectory
instanceKlass org/jetbrains/kotlin/com/intellij/psi/impl/file/PsiDirectoryFactory
instanceKlass org/jetbrains/kotlin/com/intellij/psi/util/ParameterizedCachedValue
instanceKlass org/jetbrains/kotlin/com/intellij/psi/util/CachedValue
instanceKlass org/jetbrains/kotlin/com/intellij/psi/impl/PsiCachedValuesFactory
instanceKlass org/jetbrains/kotlin/com/intellij/psi/util/CachedValueProvider
instanceKlass org/jetbrains/kotlin/com/intellij/psi/util/CachedValuesManager
instanceKlass org/jetbrains/kotlin/com/intellij/psi/impl/source/tree/TreeElementVisitor
instanceKlass org/jetbrains/kotlin/com/intellij/psi/PsiFileFactory
instanceKlass org/jetbrains/kotlin/com/intellij/psi/impl/PsiToDocumentSynchronizer
instanceKlass org/jetbrains/kotlin/com/intellij/psi/PsiRecursiveVisitor
instanceKlass org/jetbrains/kotlin/com/intellij/psi/PsiElementVisitor
instanceKlass org/jetbrains/kotlin/com/intellij/openapi/editor/event/DocumentListener
instanceKlass org/jetbrains/kotlin/com/intellij/psi/PsiDocumentManager
instanceKlass org/jetbrains/kotlin/com/intellij/core/MockDocumentCommitProcessor
instanceKlass org/jetbrains/kotlin/com/intellij/psi/impl/DocumentCommitProcessor
instanceKlass org/jetbrains/kotlin/com/intellij/psi/SmartPointerManager
instanceKlass org/jetbrains/kotlin/com/intellij/psi/impl/file/impl/FileManagerImpl$1
instanceKlass org/jetbrains/kotlin/com/intellij/openapi/util/Comparing
instanceKlass org/jetbrains/kotlin/com/intellij/openapi/fileTypes/CharsetUtil
instanceKlass org/jetbrains/kotlin/com/intellij/util/LocalTimeCounter
instanceKlass org/jetbrains/kotlin/com/intellij/openapi/vfs/NonPhysicalFileSystem
instanceKlass org/jetbrains/kotlin/com/intellij/psi/impl/file/impl/FileManagerImpl
instanceKlass org/jetbrains/kotlin/com/intellij/psi/util/PsiModificationTracker$SERVICE
instanceKlass org/jetbrains/kotlin/com/intellij/openapi/util/NotNullFactory
instanceKlass org/jetbrains/kotlin/com/intellij/openapi/util/Factory
instanceKlass org/jetbrains/kotlin/com/intellij/openapi/vfs/VirtualFileFilter$2
instanceKlass org/jetbrains/kotlin/com/intellij/openapi/vfs/VirtualFileFilter$1
instanceKlass org/jetbrains/kotlin/com/intellij/openapi/vfs/VirtualFileFilter
instanceKlass org/jetbrains/kotlin/com/intellij/openapi/util/LowMemoryWatcher
instanceKlass org/jetbrains/kotlin/com/intellij/psi/impl/source/resolve/ResolveCache$1
instanceKlass org/jetbrains/kotlin/com/intellij/psi/impl/AnyPsiChangeListener
instanceKlass org/jetbrains/kotlin/com/intellij/openapi/wm/ex/ProgressIndicatorEx
instanceKlass org/jetbrains/kotlin/com/intellij/psi/impl/file/impl/FileManager
instanceKlass java/util/concurrent/atomic/AtomicReferenceArray
instanceKlass org/jetbrains/kotlin/com/intellij/psi/ResolveResult
instanceKlass org/jetbrains/kotlin/com/intellij/model/SymbolResolveResult
instanceKlass org/jetbrains/kotlin/com/intellij/psi/impl/source/resolve/ResolveCache$StrongValueReference
instanceKlass org/jetbrains/kotlin/com/intellij/util/containers/ConcurrentWeakKeySoftValueHashMap$ValueReference
instanceKlass org/jetbrains/kotlin/com/intellij/psi/impl/source/resolve/ResolveCache$AbstractResolver
instanceKlass org/jetbrains/kotlin/com/intellij/psi/PsiReference
instanceKlass org/jetbrains/kotlin/com/intellij/psi/impl/source/resolve/ResolveCache
instanceKlass org/jetbrains/kotlin/com/intellij/psi/impl/PsiModificationTrackerImpl$1
instanceKlass org/jetbrains/kotlin/com/intellij/openapi/components/ServiceManager
instanceKlass org/jetbrains/kotlin/com/intellij/openapi/project/DumbService$DumbModeListener
instanceKlass org/jetbrains/kotlin/com/intellij/openapi/project/DumbService
instanceKlass org/jetbrains/kotlin/com/intellij/psi/util/PsiModificationTracker$Listener
instanceKlass org/jetbrains/kotlin/com/intellij/psi/impl/PsiModificationTrackerImpl
instanceKlass org/jetbrains/kotlin/com/intellij/psi/util/PsiModificationTracker
instanceKlass org/jetbrains/kotlin/com/intellij/lang/jvm/facade/JvmElementProvider
instanceKlass org/jetbrains/kotlin/com/intellij/psi/PsiElementFinder
instanceKlass org/jetbrains/kotlin/com/intellij/psi/impl/PsiTreeChangePreprocessor
instanceKlass org/jetbrains/kotlin/com/intellij/psi/impl/file/impl/JavaFileManager
instanceKlass org/jetbrains/kotlin/com/intellij/openapi/roots/PackageIndex
instanceKlass org/jetbrains/kotlin/com/intellij/openapi/roots/FileIndexFacade
instanceKlass org/jetbrains/kotlin/com/intellij/psi/impl/ResolveScopeManager
instanceKlass org/jetbrains/kotlin/com/intellij/psi/search/ProjectScopeBuilder
instanceKlass org/jetbrains/kotlin/com/intellij/util/CachedValuesFactory
instanceKlass org/jetbrains/kotlin/com/intellij/openapi/project/Project
instanceKlass org/jetbrains/kotlin/com/intellij/core/CoreProjectEnvironment
instanceKlass org/jetbrains/kotlin/cli/jvm/compiler/KotlinCoreEnvironment$Companion$getOrCreateApplicationEnvironment$1$2
instanceKlass org/jetbrains/kotlin/cli/jvm/compiler/KotlinCoreEnvironment$Companion$getOrCreateApplicationEnvironment$1$1
instanceKlass org/jetbrains/kotlin/com/intellij/openapi/application/TransactionGuard
instanceKlass org/jetbrains/kotlin/com/intellij/psi/util/JavaClassSupers
instanceKlass org/jetbrains/kotlin/load/kotlin/KotlinBinaryClassCache$Companion
instanceKlass org/jetbrains/kotlin/load/kotlin/KotlinBinaryClassCache
instanceKlass org/jetbrains/kotlin/psi/stubs/KotlinFileStub
instanceKlass org/jetbrains/kotlin/parsing/KotlinParserDefinition$Companion
instanceKlass org/jetbrains/kotlin/parsing/KotlinParserDefinition
instanceKlass org/jetbrains/kotlin/com/intellij/openapi/util/NotNullLazyValue
instanceKlass org/jetbrains/kotlin/com/intellij/util/keyFMap/OneElementFMap
instanceKlass org/jetbrains/kotlin/com/intellij/openapi/extensions/impl/ExtensionProcessingHelper
instanceKlass org/jetbrains/kotlin/org/jdom/ContentList$CLIterator
instanceKlass org/jetbrains/kotlin/org/jdom/ContentList$FilterListIterator
instanceKlass org/jetbrains/kotlin/org/jdom/filter2/AbstractFilter
instanceKlass org/jetbrains/kotlin/org/jdom/filter2/Filter
instanceKlass org/jetbrains/kotlin/org/jdom/filter/AbstractFilter
instanceKlass org/jetbrains/kotlin/com/intellij/ide/plugins/XmlReader
instanceKlass org/jetbrains/kotlin/com/intellij/ide/plugins/ContainerDescriptor
instanceKlass org/jetbrains/kotlin/com/intellij/ide/plugins/IdeaPluginDescriptorImpl
instanceKlass org/jetbrains/kotlin/org/jdom/internal/ArrayCopy
instanceKlass org/jetbrains/kotlin/org/jdom/AttributeList$1
instanceKlass org/jetbrains/kotlin/org/jdom/Parent
instanceKlass com/sun/org/apache/xerces/internal/util/XMLChar
instanceKlass org/jetbrains/kotlin/org/jdom/CloneBase
instanceKlass org/jetbrains/kotlin/com/intellij/openapi/util/SafeStAXStreamBuilder
instanceKlass com/sun/xml/internal/stream/util/BufferAllocator
instanceKlass com/sun/xml/internal/stream/util/ThreadLocalBufferAllocator
instanceKlass com/sun/xml/internal/stream/Entity
instanceKlass com/sun/org/apache/xerces/internal/util/XMLSymbols
instanceKlass com/sun/org/apache/xerces/internal/utils/XMLLimitAnalyzer
instanceKlass com/sun/org/apache/xerces/internal/impl/msg/XMLMessageFormatter
instanceKlass com/sun/org/apache/xerces/internal/util/MessageFormatter
instanceKlass com/sun/org/apache/xerces/internal/impl/XMLErrorReporter
instanceKlass com/sun/org/apache/xerces/internal/impl/XMLEntityScanner
instanceKlass com/sun/org/apache/xerces/internal/xni/XMLLocator
instanceKlass com/sun/xml/internal/stream/XMLEntityStorage
instanceKlass com/sun/org/apache/xerces/internal/impl/XMLEntityManager
instanceKlass com/sun/org/apache/xerces/internal/xni/parser/XMLEntityResolver
instanceKlass com/sun/org/apache/xerces/internal/util/NamespaceContextWrapper
instanceKlass javax/xml/namespace/NamespaceContext
instanceKlass com/sun/org/apache/xerces/internal/xni/grammars/XMLDTDDescription
instanceKlass com/sun/org/apache/xerces/internal/xni/grammars/XMLGrammarDescription
instanceKlass com/sun/org/apache/xerces/internal/impl/XMLDocumentScannerImpl$TrailingMiscDriver
instanceKlass com/sun/org/apache/xerces/internal/impl/XMLDocumentScannerImpl$PrologDriver
instanceKlass com/sun/org/apache/xerces/internal/impl/XMLDocumentScannerImpl$XMLDeclDriver
instanceKlass com/sun/org/apache/xerces/internal/util/NamespaceSupport
instanceKlass com/sun/org/apache/xerces/internal/xni/NamespaceContext
instanceKlass com/sun/org/apache/xerces/internal/util/AugmentationsImpl$AugmentationsItemsContainer
instanceKlass com/sun/org/apache/xerces/internal/util/AugmentationsImpl
instanceKlass com/sun/org/apache/xerces/internal/xni/Augmentations
instanceKlass com/sun/org/apache/xerces/internal/util/XMLAttributesImpl$Attribute
instanceKlass com/sun/org/apache/xerces/internal/util/XMLAttributesImpl
instanceKlass com/sun/org/apache/xerces/internal/xni/XMLAttributes
instanceKlass com/sun/org/apache/xerces/internal/impl/XMLDocumentFragmentScannerImpl$FragmentContentDriver
instanceKlass com/sun/org/apache/xerces/internal/impl/XMLDocumentFragmentScannerImpl$Driver
instanceKlass com/sun/org/apache/xerces/internal/impl/XMLDocumentFragmentScannerImpl$ElementStack2
instanceKlass com/sun/org/apache/xerces/internal/xni/QName
instanceKlass com/sun/org/apache/xerces/internal/impl/XMLDocumentFragmentScannerImpl$ElementStack
instanceKlass com/sun/org/apache/xerces/internal/util/XMLResourceIdentifierImpl
instanceKlass com/sun/org/apache/xerces/internal/xni/XMLResourceIdentifier
instanceKlass com/sun/org/apache/xerces/internal/xni/XMLString
instanceKlass com/sun/org/apache/xerces/internal/impl/XMLScanner
instanceKlass com/sun/xml/internal/stream/XMLBufferListener
instanceKlass com/sun/org/apache/xerces/internal/impl/XMLEntityHandler
instanceKlass com/sun/org/apache/xerces/internal/xni/parser/XMLComponent
instanceKlass com/sun/org/apache/xerces/internal/xni/parser/XMLDocumentScanner
instanceKlass com/sun/org/apache/xerces/internal/xni/parser/XMLDocumentSource
instanceKlass com/sun/org/apache/xerces/internal/util/SymbolTable$Entry
instanceKlass com/sun/org/apache/xerces/internal/util/SymbolTable
instanceKlass com/sun/org/apache/xerces/internal/impl/XMLStreamReaderImpl
instanceKlass javax/xml/stream/XMLStreamReader
instanceKlass javax/xml/stream/XMLStreamConstants
instanceKlass com/sun/org/apache/xerces/internal/xni/parser/XMLInputSource
instanceKlass jdk/xml/internal/JdkConstants
instanceKlass javax/xml/parsers/SAXParserFactory
instanceKlass jdk/xml/internal/JdkXmlUtils
instanceKlass com/sun/org/apache/xerces/internal/utils/XMLSecurityPropertyManager
instanceKlass java/lang/invoke/LambdaFormEditor$1
instanceKlass java/lang/invoke/MethodHandles$1
instanceKlass com/sun/org/apache/xerces/internal/utils/XMLSecurityManager
instanceKlass com/sun/org/apache/xerces/internal/impl/PropertyManager
instanceKlass jdk/xml/internal/SecuritySupport
instanceKlass javax/xml/stream/FactoryFinder
instanceKlass javax/xml/stream/XMLInputFactory
instanceKlass org/jetbrains/kotlin/com/intellij/openapi/vfs/CharsetToolkit
instanceKlass java/util/concurrent/TimeUnit$1
instanceKlass java/time/chrono/AbstractChronology
instanceKlass java/time/chrono/Chronology
instanceKlass java/time/zone/ZoneOffsetTransition
instanceKlass java/time/zone/ZoneOffsetTransitionRule
instanceKlass java/time/zone/ZoneRules
instanceKlass java/time/zone/Ser
instanceKlass java/io/Externalizable
instanceKlass java/time/zone/ZoneRulesProvider$1
instanceKlass java/time/zone/ZoneRulesProvider
instanceKlass java/time/ZoneId
instanceKlass java/time/LocalTime
instanceKlass java/time/temporal/ValueRange
instanceKlass java/time/Duration
instanceKlass java/time/temporal/TemporalAmount
instanceKlass java/time/temporal/TemporalUnit
instanceKlass java/time/temporal/TemporalField
instanceKlass java/time/LocalDate
instanceKlass java/time/chrono/ChronoLocalDate
instanceKlass java/time/LocalDateTime
instanceKlass java/time/chrono/ChronoLocalDateTime
instanceKlass java/time/temporal/TemporalAdjuster
instanceKlass java/time/temporal/Temporal
instanceKlass java/time/temporal/TemporalAccessor
instanceKlass jdk/nio/zipfs/ZipUtils
instanceKlass org/jetbrains/kotlin/com/intellij/openapi/util/JDOMUtil$EmptyTextFilter
instanceKlass org/jetbrains/kotlin/org/jdom/filter/Filter
instanceKlass org/jetbrains/kotlin/org/jdom/Verifier
instanceKlass org/jetbrains/kotlin/org/jdom/Namespace
instanceKlass org/jetbrains/kotlin/org/jdom/output/XMLOutputter
instanceKlass org/jetbrains/kotlin/com/intellij/openapi/util/JDOMUtil
instanceKlass jdk/nio/zipfs/ZipFileSystem$END
instanceKlass jdk/internal/misc/ScopedMemoryAccess$Scope
instanceKlass jdk/nio/zipfs/ZipConstants
instanceKlass java/nio/DirectByteBuffer$Deallocator
instanceKlass sun/nio/ch/Util$BufferCache
instanceKlass sun/nio/ch/Util
instanceKlass sun/nio/ch/IOStatus
instanceKlass sun/nio/ch/NativeThread
instanceKlass java/nio/channels/spi/AbstractInterruptibleChannel$1
instanceKlass sun/nio/ch/Interruptible
instanceKlass sun/nio/fs/WindowsChannelFactory$2
instanceKlass sun/nio/fs/WindowsSecurityDescriptor
instanceKlass java/nio/file/attribute/PosixFileAttributeView
instanceKlass jdk/nio/zipfs/ZipFileAttributeView
instanceKlass jdk/nio/zipfs/ZipPath
instanceKlass jdk/nio/zipfs/ZipCoder
instanceKlass sun/nio/fs/WindowsSecurity
instanceKlass sun/nio/fs/AbstractAclFileAttributeView
instanceKlass java/nio/file/attribute/AclFileAttributeView
instanceKlass java/nio/file/attribute/FileOwnerAttributeView
instanceKlass sun/nio/fs/WindowsLinkSupport
instanceKlass sun/nio/ch/FileChannelImpl$Closer
instanceKlass sun/nio/ch/NativeDispatcher
instanceKlass sun/nio/ch/NativeThreadSet
instanceKlass sun/nio/ch/IOUtil
instanceKlass sun/nio/fs/WindowsChannelFactory$Flags
instanceKlass sun/nio/fs/WindowsChannelFactory$1
instanceKlass sun/nio/fs/WindowsChannelFactory
instanceKlass sun/nio/fs/WindowsFileSystemProvider$1
instanceKlass java/util/concurrent/locks/ReentrantReadWriteLock$WriteLock
instanceKlass java/util/concurrent/locks/ReentrantReadWriteLock$ReadLock
instanceKlass java/util/concurrent/locks/ReentrantReadWriteLock
instanceKlass java/nio/file/attribute/PosixFilePermissions
instanceKlass java/nio/file/attribute/PosixFileAttributes
instanceKlass jdk/nio/zipfs/ZipFileAttributes
instanceKlass jdk/nio/zipfs/ZipFileSystem$IndexNode
instanceKlass java/util/concurrent/locks/ReadWriteLock
instanceKlass java/util/AbstractMap$SimpleEntry
instanceKlass jdk/internal/jimage/ImageBufferCache$2
instanceKlass jdk/internal/jimage/ImageBufferCache
instanceKlass java/nio/channels/AsynchronousFileChannel
instanceKlass java/nio/channels/AsynchronousChannel
instanceKlass java/nio/channels/spi/AbstractInterruptibleChannel
instanceKlass java/nio/channels/InterruptibleChannel
instanceKlass java/nio/channels/ScatteringByteChannel
instanceKlass java/nio/channels/GatheringByteChannel
instanceKlass java/nio/file/FileStore
instanceKlass java/nio/file/DirectoryStream
instanceKlass java/nio/file/DirectoryStream$Filter
instanceKlass java/nio/channels/SeekableByteChannel
instanceKlass java/nio/channels/ByteChannel
instanceKlass java/nio/channels/WritableByteChannel
instanceKlass java/nio/channels/ReadableByteChannel
instanceKlass java/nio/channels/Channel
instanceKlass java/nio/file/attribute/FileAttribute
instanceKlass java/nio/file/spi/FileSystemProvider$1
instanceKlass org/jetbrains/kotlin/com/intellij/ide/plugins/PluginDescriptorLoader
instanceKlass org/jetbrains/kotlin/com/intellij/ide/plugins/BasePathResolver
instanceKlass org/jetbrains/kotlin/com/intellij/ide/plugins/PathBasedJdomXIncluder$PathResolver
instanceKlass org/jetbrains/kotlin/com/intellij/ide/plugins/PathBasedJdomXIncluder
instanceKlass org/jetbrains/kotlin/com/intellij/ide/plugins/DescriptorLoadingContext
instanceKlass org/jetbrains/kotlin/it/unimi/dsi/fastutil/objects/ReferenceOpenHashSet$SetIterator
instanceKlass java/util/Date
instanceKlass java/text/DigitList
instanceKlass java/text/FieldPosition
instanceKlass java/lang/StringUTF16$CharsSpliterator
instanceKlass java/util/stream/Sink$ChainedInt
instanceKlass java/util/OptionalInt
instanceKlass java/util/stream/Sink$OfInt
instanceKlass java/util/function/IntConsumer
instanceKlass java/util/function/IntPredicate
instanceKlass java/util/stream/IntStream
instanceKlass java/lang/StringLatin1$CharsSpliterator
instanceKlass java/text/DecimalFormatSymbols
instanceKlass java/text/DateFormatSymbols
instanceKlass sun/util/calendar/CalendarUtils
instanceKlass sun/util/calendar/CalendarDate
instanceKlass sun/util/resources/Bundles$CacheKeyReference
instanceKlass java/util/ResourceBundle$ResourceBundleProviderHelper
instanceKlass sun/util/resources/Bundles$CacheKey
instanceKlass java/util/ResourceBundle$1
instanceKlass jdk/internal/access/JavaUtilResourceBundleAccess
instanceKlass sun/util/resources/Bundles
instanceKlass sun/util/resources/LocaleData$LocaleDataStrategy
instanceKlass sun/util/resources/Bundles$Strategy
instanceKlass sun/util/resources/LocaleData$1
instanceKlass sun/util/resources/LocaleData
instanceKlass sun/util/locale/provider/LocaleResources
instanceKlass java/util/ResourceBundle
instanceKlass java/util/ResourceBundle$Control
instanceKlass sun/util/locale/provider/CalendarDataUtility$CalendarWeekParameterGetter
instanceKlass sun/util/locale/provider/LocaleServiceProviderPool$LocalizedObjectGetter
instanceKlass sun/util/locale/provider/LocaleServiceProviderPool
instanceKlass java/util/Locale$Builder
instanceKlass sun/util/locale/provider/CalendarDataUtility
instanceKlass sun/util/calendar/CalendarSystem$GregorianHolder
instanceKlass sun/util/calendar/CalendarSystem
instanceKlass java/util/Calendar$Builder
instanceKlass java/util/StringTokenizer
instanceKlass sun/util/locale/provider/AvailableLanguageTags
instanceKlass sun/util/resources/cldr/provider/CLDRLocaleDataMetaInfo
instanceKlass jdk/internal/module/ModulePatcher$PatchedModuleReader
instanceKlass sun/util/locale/InternalLocaleBuilder$CaseInsensitiveChar
instanceKlass sun/util/locale/InternalLocaleBuilder
instanceKlass sun/util/locale/StringTokenIterator
instanceKlass sun/util/locale/ParseStatus
instanceKlass sun/util/locale/LanguageTag
instanceKlass sun/util/cldr/CLDRBaseLocaleDataMetaInfo
instanceKlass sun/util/locale/provider/LocaleDataMetaInfo
instanceKlass sun/util/locale/provider/ResourceBundleBasedAdapter
instanceKlass sun/util/locale/provider/LocaleProviderAdapter$1
instanceKlass sun/util/locale/provider/LocaleProviderAdapter
instanceKlass java/util/spi/LocaleServiceProvider
instanceKlass sun/util/calendar/ZoneInfoFile$ZoneOffsetTransitionRule
instanceKlass sun/util/calendar/ZoneInfoFile$1
instanceKlass sun/util/calendar/ZoneInfoFile
instanceKlass java/util/TimeZone
instanceKlass java/util/Calendar
instanceKlass java/text/AttributedCharacterIterator$Attribute
instanceKlass java/text/Format
instanceKlass org/jetbrains/kotlin/com/intellij/openapi/util/SafeJdomFactory$BaseSafeJdomFactory
instanceKlass org/jetbrains/kotlin/com/intellij/openapi/util/SafeJdomFactory
instanceKlass java/util/concurrent/AbstractExecutorService
instanceKlass org/jetbrains/kotlin/com/intellij/util/PlatformUtils
instanceKlass org/jetbrains/kotlin/com/intellij/openapi/util/BuildNumber
instanceKlass org/jetbrains/kotlin/com/intellij/ide/plugins/PluginLoadingResult
instanceKlass org/jetbrains/kotlin/com/intellij/ide/plugins/DescriptorListLoadingContext
instanceKlass org/jetbrains/kotlin/com/intellij/ide/plugins/IdeaPluginDescriptor
instanceKlass org/jetbrains/kotlin/com/intellij/ide/plugins/PluginManagerCore
instanceKlass org/jetbrains/kotlin/com/intellij/psi/JavaModuleSystem
instanceKlass org/jetbrains/kotlin/com/intellij/psi/impl/compiled/ClsCustomNavigationPolicy
instanceKlass org/jetbrains/kotlin/cli/jvm/compiler/IdeaExtensionPoints
instanceKlass org/jetbrains/kotlin/com/intellij/psi/impl/smartPointers/SmartPointerAnchorProvider
instanceKlass org/jetbrains/kotlin/com/intellij/codeInsight/runner/JavaMainMethodProvider
instanceKlass org/jetbrains/kotlin/com/intellij/psi/augment/PsiAugmentProvider
instanceKlass org/jetbrains/kotlin/com/intellij/psi/meta/MetaDataContributor
instanceKlass org/jetbrains/kotlin/com/intellij/psi/FileContextProvider
instanceKlass org/jetbrains/kotlin/com/intellij/psi/FileViewProvider
instanceKlass org/jetbrains/kotlin/com/intellij/psi/compiled/ClsStubBuilder
instanceKlass org/jetbrains/kotlin/com/intellij/psi/compiled/ClassFileDecompilers$Full
instanceKlass org/jetbrains/kotlin/com/intellij/openapi/components/Service
instanceKlass org/jetbrains/kotlin/com/intellij/psi/compiled/ClassFileDecompilers
instanceKlass org/jetbrains/kotlin/com/intellij/psi/compiled/ClassFileDecompilers$Decompiler
instanceKlass org/jetbrains/kotlin/com/intellij/psi/util/MethodSignature
instanceKlass org/jetbrains/kotlin/com/intellij/openapi/application/QueryExecutorBase
instanceKlass org/jetbrains/kotlin/com/intellij/util/QueryExecutor
instanceKlass org/jetbrains/kotlin/com/intellij/openapi/extensions/SmartExtensionPoint
instanceKlass org/jetbrains/kotlin/com/intellij/util/Query
instanceKlass org/jetbrains/kotlin/com/intellij/util/QueryFactory
instanceKlass org/jetbrains/kotlin/com/intellij/openapi/util/registry/RegistryValue
instanceKlass org/jetbrains/kotlin/com/intellij/openapi/util/registry/Registry
instanceKlass org/jetbrains/kotlin/com/intellij/lang/folding/FoldingBuilderEx
instanceKlass org/jetbrains/kotlin/com/intellij/openapi/project/PossiblyDumbAware
instanceKlass org/jetbrains/kotlin/com/intellij/openapi/project/DumbAware
instanceKlass org/jetbrains/kotlin/com/intellij/lang/folding/FoldingBuilder
instanceKlass org/jetbrains/kotlin/com/intellij/codeInsight/folding/JavaCodeFoldingSettings
instanceKlass org/jetbrains/kotlin/com/intellij/psi/PsiParameter
instanceKlass org/jetbrains/kotlin/com/intellij/lang/jvm/JvmParameter
instanceKlass org/jetbrains/kotlin/com/intellij/psi/presentation/java/VariablePresentationProvider
instanceKlass org/jetbrains/kotlin/com/intellij/psi/PsiLocalVariable
instanceKlass org/jetbrains/kotlin/com/intellij/psi/presentation/java/FieldPresentationProvider
instanceKlass org/jetbrains/kotlin/com/intellij/psi/PsiField
instanceKlass org/jetbrains/kotlin/com/intellij/psi/PsiVariable
instanceKlass org/jetbrains/kotlin/com/intellij/lang/jvm/JvmField
instanceKlass org/jetbrains/kotlin/com/intellij/psi/presentation/java/MethodPresentationProvider
instanceKlass org/jetbrains/kotlin/com/intellij/psi/PsiMethod
instanceKlass org/jetbrains/kotlin/com/intellij/psi/PsiParameterListOwner
instanceKlass org/jetbrains/kotlin/com/intellij/lang/jvm/JvmMethod
instanceKlass org/jetbrains/kotlin/com/intellij/psi/presentation/java/ClassPresentationProvider
instanceKlass org/jetbrains/kotlin/com/intellij/psi/PsiClass
instanceKlass org/jetbrains/kotlin/com/intellij/psi/PsiTypeParameterListOwner
instanceKlass org/jetbrains/kotlin/com/intellij/psi/PsiJvmMember
instanceKlass org/jetbrains/kotlin/com/intellij/psi/PsiTarget
instanceKlass org/jetbrains/kotlin/com/intellij/psi/PsiNameIdentifierOwner
instanceKlass org/jetbrains/kotlin/com/intellij/psi/PsiDocCommentOwner
instanceKlass org/jetbrains/kotlin/com/intellij/psi/PsiMember
instanceKlass org/jetbrains/kotlin/com/intellij/psi/PsiJavaDocumentedElement
instanceKlass org/jetbrains/kotlin/com/intellij/pom/PomRenameableTarget
instanceKlass org/jetbrains/kotlin/com/intellij/pom/PomNamedTarget
instanceKlass org/jetbrains/kotlin/com/intellij/pom/PomTarget
instanceKlass org/jetbrains/kotlin/com/intellij/lang/jvm/JvmClass
instanceKlass org/jetbrains/kotlin/com/intellij/lang/jvm/JvmTypeParametersOwner
instanceKlass org/jetbrains/kotlin/com/intellij/lang/jvm/JvmMember
instanceKlass org/jetbrains/kotlin/com/intellij/lang/jvm/JvmTypeDeclaration
instanceKlass org/jetbrains/kotlin/com/intellij/navigation/ItemPresentation
instanceKlass org/jetbrains/kotlin/com/intellij/psi/presentation/java/PackagePresentationProvider
instanceKlass org/jetbrains/kotlin/com/intellij/navigation/ItemPresentationProvider
instanceKlass org/jetbrains/kotlin/com/intellij/psi/PsiPackage
instanceKlass org/jetbrains/kotlin/com/intellij/psi/PsiQualifiedNamedElement
instanceKlass org/jetbrains/kotlin/com/intellij/psi/PsiJvmModifiersOwner
instanceKlass org/jetbrains/kotlin/com/intellij/psi/PsiModifierListOwner
instanceKlass org/jetbrains/kotlin/com/intellij/lang/jvm/JvmModifiersOwner
instanceKlass org/jetbrains/kotlin/com/intellij/psi/PsiDirectoryContainer
instanceKlass org/jetbrains/kotlin/com/intellij/lang/jvm/JvmPackage
instanceKlass org/jetbrains/kotlin/com/intellij/lang/jvm/JvmNamedElement
instanceKlass org/jetbrains/kotlin/com/intellij/lang/jvm/JvmAnnotatedElement
instanceKlass org/jetbrains/kotlin/com/intellij/lang/jvm/JvmElement
instanceKlass org/jetbrains/kotlin/com/intellij/openapi/projectRoots/JavaVersionService
instanceKlass org/jetbrains/kotlin/com/intellij/psi/JavaDirectoryService
instanceKlass org/jetbrains/kotlin/com/intellij/psi/PsiSubstitutor
instanceKlass org/jetbrains/kotlin/com/intellij/psi/PsiSubstitutorFactory
instanceKlass org/jetbrains/kotlin/com/intellij/openapi/util/ModificationTracker$1
instanceKlass org/jetbrains/kotlin/com/intellij/psi/impl/file/PsiPackageImplementationHelper
instanceKlass org/jetbrains/kotlin/com/intellij/util/graph/InboundSemiGraph
instanceKlass org/jetbrains/kotlin/com/intellij/openapi/extensions/LoadingOrder
instanceKlass org/jetbrains/kotlin/com/intellij/codeInsight/JavaContainerProvider
instanceKlass org/jetbrains/kotlin/com/intellij/codeInsight/ContainerProvider
instanceKlass org/jetbrains/kotlin/com/intellij/psi/impl/PsiExpressionEvaluator
instanceKlass org/jetbrains/kotlin/com/intellij/psi/impl/ConstantExpressionEvaluator
instanceKlass org/jetbrains/kotlin/com/intellij/psi/stubs/IndexSink
instanceKlass org/jetbrains/kotlin/com/intellij/util/diff/FlyweightCapableTreeStructure
instanceKlass org/jetbrains/kotlin/com/intellij/psi/impl/java/stubs/PsiJavaFileStub
instanceKlass org/jetbrains/kotlin/com/intellij/psi/stubs/PsiClassHolderFileStub
instanceKlass org/jetbrains/kotlin/com/intellij/psi/stubs/LightStubBuilder
instanceKlass org/jetbrains/kotlin/com/intellij/psi/stubs/PsiFileStub
instanceKlass org/jetbrains/kotlin/com/intellij/psi/stubs/StubElement
instanceKlass org/jetbrains/kotlin/com/intellij/psi/stubs/Stub
instanceKlass org/jetbrains/kotlin/com/intellij/psi/StubBuilder
instanceKlass org/jetbrains/kotlin/com/intellij/openapi/util/ClearableLazyValue
instanceKlass org/jetbrains/kotlin/com/intellij/psi/stubs/StubSerializer
instanceKlass org/jetbrains/kotlin/com/intellij/psi/stubs/ObjectStubSerializer
instanceKlass org/jetbrains/kotlin/com/intellij/lang/java/JavaParserDefinition
instanceKlass org/jetbrains/kotlin/com/intellij/psi/javadoc/PsiDocToken
instanceKlass org/jetbrains/kotlin/com/intellij/psi/PsiKeyword
instanceKlass org/jetbrains/kotlin/com/intellij/psi/PsiIdentifier
instanceKlass org/jetbrains/kotlin/com/intellij/psi/PsiJavaToken
instanceKlass org/jetbrains/kotlin/com/intellij/psi/javadoc/PsiDocTagValue
instanceKlass org/jetbrains/kotlin/com/intellij/psi/impl/compiled/ClassFileStubBuilder
instanceKlass org/jetbrains/kotlin/com/intellij/psi/stubs/BinaryFileStubBuilder$CompositeBinaryFileStubBuilder
instanceKlass org/jetbrains/kotlin/com/intellij/psi/stubs/BinaryFileStubBuilder
instanceKlass org/jetbrains/kotlin/com/intellij/psi/ClassFileViewProviderFactory
instanceKlass org/jetbrains/kotlin/com/intellij/psi/FileViewProviderFactory
instanceKlass org/jetbrains/kotlin/com/intellij/openapi/util/Condition$3
instanceKlass org/jetbrains/kotlin/com/intellij/openapi/util/Condition$2
instanceKlass org/jetbrains/kotlin/com/intellij/openapi/util/Condition$1
instanceKlass org/jetbrains/kotlin/com/intellij/openapi/util/Conditions
instanceKlass org/jetbrains/kotlin/com/intellij/psi/tree/IElementType$Predicate
instanceKlass org/jetbrains/kotlin/com/intellij/lexer/Lexer
instanceKlass org/jetbrains/kotlin/com/intellij/openapi/fileTypes/PlainTextParserDefinition
instanceKlass org/jetbrains/kotlin/com/intellij/lang/LanguageUtil
instanceKlass org/jetbrains/kotlin/com/intellij/psi/PsiPlainText
instanceKlass org/jetbrains/kotlin/com/intellij/lang/ASTFactory$DefaultFactoryHolder
instanceKlass org/jetbrains/kotlin/com/intellij/ide/highlighter/ArchiveFileType
instanceKlass java/util/concurrent/ExecutorService
instanceKlass java/util/concurrent/BlockingQueue
instanceKlass org/jetbrains/kotlin/com/intellij/util/ConcurrencyUtil
instanceKlass org/jetbrains/kotlin/com/intellij/openapi/fileTypes/LanguageFileType
instanceKlass org/jetbrains/kotlin/com/intellij/util/text/CharArrayCharSequence
instanceKlass org/jetbrains/kotlin/com/intellij/util/text/CharSequenceBackedByArray
instanceKlass org/jetbrains/kotlin/com/intellij/openapi/util/text/CharSequenceWithStringHash
instanceKlass org/jetbrains/kotlin/com/intellij/openapi/util/text/Strings
instanceKlass org/jetbrains/kotlin/com/intellij/ide/highlighter/JavaClassFileType
instanceKlass org/jetbrains/kotlin/com/intellij/DynamicBundle$LanguageBundleEP
instanceKlass org/jetbrains/kotlin/com/intellij/util/pico/CachingConstructorInjectionComponentAdapter
instanceKlass org/jetbrains/kotlin/com/intellij/openapi/application/ApplicationInfo
instanceKlass org/jetbrains/kotlin/com/intellij/util/graph/GraphAlgorithms
instanceKlass org/jetbrains/kotlin/com/intellij/openapi/command/impl/CoreCommandProcessor$1
instanceKlass org/jetbrains/kotlin/com/intellij/openapi/command/CommandListener
instanceKlass org/jetbrains/kotlin/com/intellij/openapi/command/CommandToken
instanceKlass org/jetbrains/kotlin/com/intellij/openapi/command/CommandProcessor
instanceKlass org/jetbrains/kotlin/com/intellij/codeInsight/folding/CodeFoldingSettings
instanceKlass org/jetbrains/kotlin/com/intellij/util/ObjectUtils$Sentinel
instanceKlass org/jetbrains/kotlin/com/intellij/util/ObjectUtils
instanceKlass org/jetbrains/kotlin/com/intellij/util/containers/ConcurrentLongObjectHashMap$Node
instanceKlass org/jetbrains/kotlin/com/intellij/util/containers/ConcurrentLongObjectMap$LongEntry
instanceKlass org/jetbrains/kotlin/com/intellij/util/containers/ConcurrentLongObjectHashMap
instanceKlass org/jetbrains/kotlin/com/intellij/openapi/progress/ProgressManagerListener
instanceKlass org/jetbrains/kotlin/com/intellij/openapi/progress/PerformInBackgroundOption
instanceKlass java/util/concurrent/Future
instanceKlass org/jetbrains/kotlin/com/intellij/openapi/progress/ProgressIndicator
instanceKlass org/jetbrains/kotlin/com/intellij/openapi/progress/Task
instanceKlass org/jetbrains/kotlin/com/intellij/openapi/progress/TaskInfo
instanceKlass org/jetbrains/kotlin/com/intellij/openapi/progress/Progressive
instanceKlass org/jetbrains/kotlin/com/intellij/psi/PsiReferenceService
instanceKlass org/jetbrains/kotlin/com/intellij/psi/stubs/ObjectStubTree
instanceKlass org/jetbrains/kotlin/com/intellij/psi/stubs/StubTreeLoader
instanceKlass org/jetbrains/kotlin/com/intellij/patterns/ElementPattern
instanceKlass org/jetbrains/kotlin/com/intellij/patterns/ElementPatternBean
instanceKlass org/jetbrains/kotlin/com/intellij/psi/PsiReferenceContributor
instanceKlass org/jetbrains/kotlin/com/intellij/model/psi/PsiSymbolReference
instanceKlass org/jetbrains/kotlin/com/intellij/model/SymbolReference
instanceKlass org/jetbrains/kotlin/it/unimi/dsi/fastutil/doubles/Double2ObjectMap
instanceKlass org/jetbrains/kotlin/it/unimi/dsi/fastutil/doubles/Double2ObjectFunction
instanceKlass java/util/function/DoubleFunction
instanceKlass org/jetbrains/kotlin/com/intellij/psi/PsiReferenceRegistrar
instanceKlass org/jetbrains/kotlin/com/intellij/psi/PsiReferenceProvider
instanceKlass org/jetbrains/kotlin/com/intellij/psi/impl/source/resolve/reference/ReferenceProvidersRegistry
instanceKlass org/jetbrains/kotlin/com/intellij/lang/PsiBuilder
instanceKlass org/jetbrains/kotlin/com/intellij/openapi/util/UserDataHolderUnprotected
instanceKlass org/jetbrains/kotlin/com/intellij/lang/SyntaxTreeBuilder
instanceKlass org/jetbrains/kotlin/com/intellij/lang/PsiBuilderFactory
instanceKlass org/jetbrains/kotlin/com/intellij/psi/CommonClassNames
instanceKlass gnu/trove/HashFunctions
instanceKlass java/util/regex/ASCII
instanceKlass org/jetbrains/kotlin/com/intellij/util/NotNullFunction
instanceKlass org/jetbrains/kotlin/com/intellij/util/NullableFunction
instanceKlass javax/swing/text/html/HTMLEditorKit$ParserCallback
instanceKlass org/jetbrains/kotlin/com/intellij/openapi/util/text/StringUtilRt
instanceKlass gnu/trove/TIntObjectProcedure
instanceKlass gnu/trove/TIntHashingStrategy
instanceKlass org/jetbrains/kotlin/com/intellij/psi/impl/source/CharTableImpl
instanceKlass org/jetbrains/kotlin/com/intellij/psi/PsiLanguageInjectionHost
instanceKlass org/jetbrains/kotlin/com/intellij/psi/PsiComment
instanceKlass org/jetbrains/kotlin/com/intellij/model/psi/UrlReferenceHost
instanceKlass org/jetbrains/kotlin/com/intellij/model/psi/PsiExternalReferenceHost
instanceKlass org/jetbrains/kotlin/com/intellij/psi/PsiWhiteSpace
instanceKlass org/jetbrains/kotlin/com/intellij/psi/tree/ILazyParseableElementTypeBase
instanceKlass org/jetbrains/kotlin/com/intellij/psi/tree/IElementType
instanceKlass org/jetbrains/kotlin/com/intellij/lang/FileASTNode
instanceKlass org/jetbrains/kotlin/com/intellij/lang/ASTNode
instanceKlass org/jetbrains/kotlin/com/intellij/util/CharTable
instanceKlass org/jetbrains/kotlin/com/intellij/lang/ASTFactory
instanceKlass org/jetbrains/kotlin/com/intellij/lang/DefaultASTFactory
instanceKlass org/jetbrains/kotlin/com/intellij/openapi/vfs/encoding/EncodingRegistry
instanceKlass org/jetbrains/kotlin/com/intellij/openapi/extensions/AbstractExtensionPointBean
instanceKlass org/jetbrains/kotlin/com/intellij/openapi/extensions/PluginAware
instanceKlass org/jetbrains/kotlin/com/intellij/util/KeyedLazyInstance
instanceKlass org/jetbrains/kotlin/com/intellij/openapi/vfs/impl/BulkVirtualFileListenerAdapter
instanceKlass org/jetbrains/kotlin/com/intellij/util/messages/impl/BaseBusConnection
instanceKlass org/jetbrains/kotlin/com/intellij/util/messages/impl/MessageBusImpl$MessageHandlerHolder
instanceKlass org/jetbrains/kotlin/com/intellij/openapi/util/StaticGetter
instanceKlass org/jetbrains/kotlin/com/intellij/openapi/vfs/newvfs/CachingVirtualFileSystem
instanceKlass java/util/concurrent/atomic/AtomicBoolean
instanceKlass java/util/concurrent/atomic/AtomicLongFieldUpdater$CASUpdater$1
instanceKlass java/util/concurrent/atomic/AtomicLongFieldUpdater
instanceKlass org/jetbrains/kotlin/com/intellij/openapi/vfs/newvfs/BulkFileListener
instanceKlass org/jetbrains/kotlin/com/intellij/util/messages/Topic
instanceKlass org/jetbrains/kotlin/com/intellij/openapi/vfs/VirtualFileManager
instanceKlass org/jetbrains/kotlin/com/intellij/openapi/util/EmptyRunnable
instanceKlass org/jetbrains/kotlin/com/intellij/openapi/extensions/ExtensionPointAdapter
instanceKlass org/jetbrains/kotlin/com/intellij/openapi/extensions/ExtensionPointAndAreaListener
instanceKlass org/jetbrains/kotlin/com/intellij/openapi/extensions/ExtensionPointListener
instanceKlass org/jetbrains/kotlin/com/intellij/openapi/extensions/impl/ExtensionComponentAdapter
instanceKlass org/jetbrains/kotlin/com/intellij/openapi/extensions/LoadingOrder$Orderable
instanceKlass org/jetbrains/kotlin/com/intellij/openapi/extensions/PluginId
instanceKlass org/jetbrains/kotlin/com/intellij/openapi/extensions/DefaultPluginDescriptor
instanceKlass org/jetbrains/kotlin/com/intellij/openapi/vfs/VirtualFileManagerListener
instanceKlass org/jetbrains/kotlin/com/intellij/openapi/extensions/BaseExtensionPointName
instanceKlass java/util/EventObject
instanceKlass org/jetbrains/kotlin/com/intellij/openapi/editor/ex/DocumentEx
instanceKlass org/jetbrains/kotlin/com/intellij/openapi/editor/Document
instanceKlass org/jetbrains/kotlin/com/intellij/openapi/fileEditor/FileDocumentManager
instanceKlass org/jetbrains/kotlin/cli/jvm/modules/CoreJrtFileSystem$handlers$1
instanceKlass org/jetbrains/kotlin/com/intellij/util/containers/ConcurrentRefValueHashMap$ValueReference
instanceKlass org/jetbrains/kotlin/com/intellij/util/containers/ConcurrentRefValueHashMap
instanceKlass org/jetbrains/kotlin/cli/jvm/modules/CoreJrtFileSystem$Companion
instanceKlass org/jetbrains/kotlin/com/intellij/util/containers/ConcurrentFactoryMap
instanceKlass org/jetbrains/kotlin/com/intellij/openapi/vfs/impl/ArchiveHandler
instanceKlass org/jetbrains/kotlin/com/intellij/util/Function
instanceKlass org/jetbrains/kotlin/com/intellij/util/EventDispatcher
instanceKlass org/jetbrains/kotlin/com/intellij/openapi/vfs/VirtualFileListener
instanceKlass java/util/EventListener
instanceKlass org/jetbrains/kotlin/com/intellij/openapi/application/CachedSingletonsRegistry
instanceKlass org/jetbrains/kotlin/com/intellij/openapi/application/ApplicationManager$2
instanceKlass org/jetbrains/kotlin/com/intellij/openapi/extensions/Extensions
instanceKlass org/jetbrains/kotlin/com/intellij/openapi/util/ObjectNode
instanceKlass org/jetbrains/kotlin/com/intellij/openapi/extensions/impl/ExtensionPointImpl
instanceKlass org/jetbrains/kotlin/com/intellij/openapi/extensions/PluginDescriptor
instanceKlass org/jetbrains/kotlin/com/intellij/openapi/extensions/ExtensionPoint
instanceKlass org/jetbrains/kotlin/com/intellij/openapi/extensions/impl/ExtensionsAreaImpl
instanceKlass org/jetbrains/kotlin/com/intellij/util/pico/DefaultPicoContainer$InstanceComponentAdapter
instanceKlass org/jetbrains/kotlin/com/intellij/util/pico/DefaultPicoContainer$LinkedHashSetWrapper
instanceKlass org/jetbrains/kotlin/org/picocontainer/ComponentAdapter
instanceKlass org/jetbrains/kotlin/com/intellij/util/containers/LockFreeCopyOnWriteArrayList
instanceKlass org/jetbrains/kotlin/com/intellij/util/ArrayFactory
instanceKlass org/jetbrains/kotlin/com/intellij/util/ArrayUtilRt
instanceKlass org/jetbrains/kotlin/com/intellij/util/ArrayUtil
instanceKlass java/util/concurrent/ConcurrentLinkedQueue$Node
instanceKlass org/jetbrains/kotlin/com/intellij/util/messages/impl/JobQueue
instanceKlass java/util/concurrent/Executor
instanceKlass org/jetbrains/kotlin/com/intellij/util/messages/impl/MessageBusImpl$MessagePublisher
instanceKlass org/jetbrains/kotlin/com/intellij/util/messages/MessageBusConnection
instanceKlass org/jetbrains/kotlin/com/intellij/util/messages/SimpleMessageBusConnection
instanceKlass org/jetbrains/kotlin/com/intellij/util/messages/impl/MessageBusImpl
instanceKlass org/jetbrains/kotlin/com/intellij/util/messages/impl/MessageBusEx
instanceKlass org/jetbrains/kotlin/com/intellij/util/messages/MessageBusFactory
instanceKlass org/jetbrains/kotlin/com/intellij/util/keyFMap/DebugFMap
instanceKlass org/jetbrains/kotlin/com/intellij/util/keyFMap/EmptyFMap
instanceKlass org/jetbrains/kotlin/com/intellij/util/BitUtil
instanceKlass org/jetbrains/kotlin/com/intellij/util/keyFMap/KeyFMap
instanceKlass org/jetbrains/kotlin/com/intellij/openapi/application/ModalityState
instanceKlass org/jetbrains/kotlin/com/intellij/openapi/extensions/ExtensionsArea
instanceKlass org/jetbrains/kotlin/com/intellij/util/pico/DefaultPicoContainer
instanceKlass org/jetbrains/kotlin/org/picocontainer/MutablePicoContainer
instanceKlass org/jetbrains/kotlin/org/picocontainer/PicoContainer
instanceKlass org/jetbrains/kotlin/com/intellij/util/messages/MessageBus
instanceKlass org/jetbrains/kotlin/com/intellij/openapi/fileTypes/UnknownFileType
instanceKlass org/jetbrains/kotlin/com/intellij/util/containers/FastUtilCaseInsensitiveStringHashingStrategy
instanceKlass org/jetbrains/kotlin/com/intellij/util/containers/FastUtilHashingStrategies
instanceKlass org/jetbrains/kotlin/it/unimi/dsi/fastutil/Hash$Strategy
instanceKlass org/jetbrains/kotlin/it/unimi/dsi/fastutil/objects/Object2ObjectMap$FastEntrySet
instanceKlass org/jetbrains/kotlin/it/unimi/dsi/fastutil/objects/AbstractObject2ObjectFunction
instanceKlass org/jetbrains/kotlin/it/unimi/dsi/fastutil/objects/Object2ObjectMap
instanceKlass org/jetbrains/kotlin/it/unimi/dsi/fastutil/objects/Object2ObjectFunction
instanceKlass org/jetbrains/kotlin/com/intellij/openapi/util/SystemInfoRt
instanceKlass org/jetbrains/kotlin/com/intellij/ide/plugins/DisabledPluginsState
instanceKlass org/jetbrains/kotlin/com/intellij/lang/ParserDefinition
instanceKlass org/jetbrains/kotlin/com/intellij/openapi/fileTypes/FileType
instanceKlass org/jetbrains/kotlin/com/intellij/concurrency/JobLauncher
instanceKlass org/jetbrains/kotlin/com/intellij/util/messages/MessageBusOwner
instanceKlass org/jetbrains/kotlin/com/intellij/openapi/application/ex/ApplicationEx
instanceKlass org/jetbrains/kotlin/com/intellij/openapi/util/SimpleModificationTracker
instanceKlass org/jetbrains/kotlin/com/intellij/openapi/progress/ProgressIndicatorProvider
instanceKlass org/jetbrains/kotlin/com/intellij/openapi/vfs/VirtualFileSystem
instanceKlass org/jetbrains/kotlin/com/intellij/openapi/util/KeyedExtensionCollector
instanceKlass org/jetbrains/kotlin/com/intellij/openapi/util/ModificationTracker
instanceKlass org/jetbrains/kotlin/com/intellij/openapi/fileTypes/FileTypeRegistry
instanceKlass org/jetbrains/kotlin/com/intellij/openapi/application/Application
instanceKlass org/jetbrains/kotlin/com/intellij/openapi/components/ComponentManager
instanceKlass org/jetbrains/kotlin/com/intellij/openapi/extensions/AreaInstance
instanceKlass org/jetbrains/kotlin/com/intellij/core/CoreApplicationEnvironment
instanceKlass org/jetbrains/kotlin/cli/jvm/compiler/KotlinCoreEnvironment$Companion
instanceKlass org/jetbrains/kotlin/cli/jvm/compiler/KotlinCoreEnvironment
instanceKlass org/jetbrains/kotlin/cli/jvm/config/JvmClasspathRoot
instanceKlass org/jetbrains/kotlin/cli/jvm/config/JvmClasspathRootBase
instanceKlass org/jetbrains/kotlin/cli/jvm/config/JavaSourceRoot
instanceKlass org/jetbrains/kotlin/cli/jvm/config/JvmContentRoot
instanceKlass org/jetbrains/kotlin/cli/jvm/config/JvmContentRootBase
instanceKlass org/jetbrains/kotlin/cli/jvm/config/JvmContentRootsKt
instanceKlass org/jetbrains/kotlin/cli/common/config/KotlinSourceRoot
instanceKlass org/jetbrains/kotlin/cli/common/config/ContentRoot
instanceKlass org/jetbrains/kotlin/cli/common/config/ContentRootsKt
instanceKlass org/jetbrains/kotlin/cli/jvm/compiler/KotlinToJVMBytecodeCompilerKt
instanceKlass org/jetbrains/kotlin/cli/common/modules/ModuleChunk
instanceKlass org/jetbrains/kotlin/modules/JavaRootPath
instanceKlass org/jetbrains/kotlin/cli/jvm/compiler/CliCompilerUtilsKt
instanceKlass org/jetbrains/kotlin/cli/common/modules/ModuleBuilder
instanceKlass org/jetbrains/kotlin/modules/Module
instanceKlass org/jetbrains/kotlin/cli/jvm/K2JVMCompilerKt
instanceKlass org/jetbrains/kotlin/config/JvmSerializeIrMode$Companion
instanceKlass org/jetbrains/kotlin/config/JvmAbiStability$Companion
instanceKlass org/jetbrains/kotlin/config/LanguageFeature$Companion
instanceKlass org/jetbrains/kotlin/cli/plugins/PluginsOptionsParserKt
instanceKlass org/jetbrains/kotlin/compiler/plugin/CommandLineProcessor
instanceKlass org/jetbrains/kotlin/compiler/plugin/CompilerPluginRegistrar$Companion
instanceKlass org/jetbrains/kotlin/compiler/plugin/CompilerPluginRegistrar
instanceKlass org/jetbrains/kotlin/compiler/plugin/ComponentRegistrar$Companion
instanceKlass org/jetbrains/kotlin/compiler/plugin/ComponentRegistrar
instanceKlass org/jetbrains/kotlin/util/ServiceLoaderLite
instanceKlass org/jetbrains/kotlin/cli/jvm/plugins/PluginCliParser
instanceKlass kotlin/collections/ArrayAsCollection
instanceKlass org/jetbrains/kotlin/backend/common/phaser/PhaseConfig
instanceKlass org/jetbrains/kotlin/backend/common/phaser/PhaseConfigKt
instanceKlass org/jetbrains/kotlin/cli/common/CreatePhaseConfigKt
instanceKlass org/jetbrains/kotlin/backend/jvm/lower/ReflectiveAccessKt
instanceKlass org/jetbrains/kotlin/backend/jvm/lower/FragmentLocalFunctionPatchLoweringKt
instanceKlass org/jetbrains/kotlin/backend/jvm/lower/BytecodeInliningPreparationLoweringKt
instanceKlass org/jetbrains/kotlin/backend/jvm/lower/ResolveInlineCallsKt
instanceKlass org/jetbrains/kotlin/com/intellij/psi/impl/source/PsiFileWithStubSupport
instanceKlass org/jetbrains/kotlin/com/intellij/psi/impl/PsiFileEx
instanceKlass org/jetbrains/kotlin/com/intellij/openapi/ui/Queryable
instanceKlass org/jetbrains/kotlin/psi/KtDeclarationContainer
instanceKlass org/jetbrains/kotlin/com/intellij/psi/PsiModifiableCodeBlock
instanceKlass org/jetbrains/kotlin/com/intellij/psi/PsiClassOwner
instanceKlass org/jetbrains/kotlin/com/intellij/psi/PsiFile
instanceKlass org/jetbrains/kotlin/com/intellij/psi/PsiFileSystemItem
instanceKlass org/jetbrains/kotlin/com/intellij/psi/PsiCheckedRenameElement
instanceKlass org/jetbrains/kotlin/com/intellij/psi/PsiNamedElement
instanceKlass org/jetbrains/kotlin/com/intellij/psi/StubBasedPsiElement
instanceKlass org/jetbrains/kotlin/psi/KtModifierListOwner
instanceKlass org/jetbrains/kotlin/psi/KtAnnotated
instanceKlass org/jetbrains/kotlin/psi/KtElement
instanceKlass org/jetbrains/kotlin/psi/KtPureElement
instanceKlass org/jetbrains/kotlin/com/intellij/psi/NavigatablePsiElement
instanceKlass org/jetbrains/kotlin/com/intellij/navigation/NavigationItem
instanceKlass org/jetbrains/kotlin/com/intellij/pom/Navigatable
instanceKlass org/jetbrains/kotlin/com/intellij/psi/PsiElement
instanceKlass org/jetbrains/kotlin/com/intellij/openapi/util/UserDataHolderBase
instanceKlass org/jetbrains/kotlin/com/intellij/openapi/util/UserDataHolderEx
instanceKlass org/jetbrains/kotlin/com/intellij/openapi/util/UserDataHolder
instanceKlass org/jetbrains/kotlin/com/intellij/openapi/util/Iconable
instanceKlass org/jetbrains/kotlin/backend/jvm/lower/GenerateMultifileFacadesKt
instanceKlass org/jetbrains/kotlin/backend/jvm/lower/FileClassLoweringKt
instanceKlass org/jetbrains/kotlin/backend/jvm/lower/ScriptLoweringKt
instanceKlass org/jetbrains/kotlin/backend/jvm/lower/SerializeIrPhaseKt
instanceKlass org/jetbrains/kotlin/backend/jvm/lower/ConstEvaluationLoweringKt
instanceKlass org/jetbrains/kotlin/backend/jvm/lower/ProcessOptionalAnnotationsKt
instanceKlass org/jetbrains/kotlin/backend/jvm/lower/FragmentSharedVariablesLoweringKt
instanceKlass org/jetbrains/kotlin/backend/jvm/lower/FakeInliningLocalVariablesLoweringKt
instanceKlass org/jetbrains/kotlin/backend/jvm/lower/RenameFieldsLoweringKt
instanceKlass org/jetbrains/kotlin/backend/jvm/lower/MakePropertyDelegateMethodsStaticLoweringKt
instanceKlass org/jetbrains/kotlin/backend/jvm/lower/ReplaceKFunctionInvokeWithFunctionInvokeKt
instanceKlass org/jetbrains/kotlin/backend/jvm/lower/TypeOperatorLoweringKt
instanceKlass org/jetbrains/kotlin/backend/jvm/lower/RecordEnclosingMethodsLoweringKt
instanceKlass org/jetbrains/kotlin/backend/jvm/lower/RepeatedAnnotationLoweringKt
instanceKlass org/jetbrains/kotlin/backend/jvm/lower/AdditionalClassAnnotationLoweringKt
instanceKlass org/jetbrains/kotlin/backend/jvm/lower/JvmOptimizationLoweringKt
instanceKlass org/jetbrains/kotlin/backend/jvm/lower/JvmSafeCallChainFoldingLoweringKt
instanceKlass org/jetbrains/kotlin/backend/jvm/lower/ToArrayLoweringKt
instanceKlass org/jetbrains/kotlin/backend/jvm/lower/JvmArgumentNullabilityAssertionsLoweringKt
instanceKlass org/jetbrains/kotlin/backend/jvm/lower/BridgeLoweringKt
instanceKlass org/jetbrains/kotlin/backend/jvm/lower/FunctionNVarargBridgeLoweringKt
instanceKlass org/jetbrains/kotlin/backend/jvm/lower/ReadResolveForDataObjectsLoweringKt
instanceKlass org/jetbrains/kotlin/backend/jvm/lower/EnumExternalEntriesLoweringKt
instanceKlass org/jetbrains/kotlin/backend/jvm/lower/EnumClassLoweringKt
instanceKlass org/jetbrains/kotlin/backend/jvm/lower/AddContinuationLoweringKt
instanceKlass org/jetbrains/kotlin/backend/jvm/lower/TailCallOptimizationLoweringKt
instanceKlass org/jetbrains/kotlin/backend/jvm/lower/InheritedDefaultMethodsOnClassesLoweringKt
instanceKlass org/jetbrains/kotlin/backend/jvm/lower/JvmStringConcatenationLoweringKt
instanceKlass org/jetbrains/kotlin/backend/common/lower/FlattenStringConcatenationLoweringKt
instanceKlass org/jetbrains/kotlin/backend/jvm/lower/JvmDefaultConstructorLoweringKt
instanceKlass org/jetbrains/kotlin/backend/jvm/lower/StaticCallableReferenceLoweringKt
instanceKlass org/jetbrains/kotlin/backend/jvm/lower/SingletonReferencesLoweringKt
instanceKlass org/jetbrains/kotlin/backend/jvm/lower/MappedEnumWhenLoweringKt
instanceKlass org/jetbrains/kotlin/backend/jvm/lower/JvmInlineClassLoweringKt
instanceKlass org/jetbrains/kotlin/backend/jvm/lower/JvmSingleAbstractMethodLoweringKt
instanceKlass org/jetbrains/kotlin/backend/jvm/lower/CollectionStubMethodLoweringKt
instanceKlass org/jetbrains/kotlin/backend/common/lower/loops/ForLoopsLoweringKt
instanceKlass org/jetbrains/kotlin/backend/common/lower/RangeContainsLoweringKt
instanceKlass org/jetbrains/kotlin/backend/jvm/lower/JvmBuiltInsLoweringKt
instanceKlass org/jetbrains/kotlin/backend/jvm/lower/AnonymousObjectSuperConstructorLoweringKt
instanceKlass org/jetbrains/kotlin/backend/jvm/lower/MoveCompanionObjectFieldsLoweringKt
instanceKlass org/jetbrains/kotlin/backend/jvm/lower/ConstLoweringKt
instanceKlass org/jetbrains/kotlin/backend/jvm/lower/PropertyReferenceLoweringKt
instanceKlass org/jetbrains/kotlin/backend/jvm/lower/SingletonOrConstantDelegationLoweringKt
instanceKlass org/jetbrains/kotlin/backend/jvm/lower/PropertyReferenceDelegationLoweringKt
instanceKlass org/jetbrains/kotlin/backend/jvm/lower/SuspendLambdaLoweringKt
instanceKlass org/jetbrains/kotlin/backend/jvm/lower/JvmLateinitLoweringKt
instanceKlass org/jetbrains/kotlin/util/capitalizeDecapitalize/CapitalizeDecapitalizeKt
instanceKlass org/jetbrains/kotlin/name/ClassId
instanceKlass org/jetbrains/kotlin/builtins/PrimitiveType$Companion
instanceKlass org/jetbrains/kotlin/backend/jvm/lower/VarargLoweringKt
instanceKlass org/jetbrains/kotlin/backend/jvm/lower/PolymorphicSignatureLoweringKt
instanceKlass org/jetbrains/kotlin/backend/jvm/lower/JvmAnnotationImplementationTransformerKt
instanceKlass org/jetbrains/kotlin/backend/jvm/lower/AnnotationLoweringKt
instanceKlass org/jetbrains/kotlin/backend/common/lower/KCallableNamePropertyLoweringKt
instanceKlass org/jetbrains/kotlin/backend/jvm/lower/JvmInventNamesForLocalClassesKt
instanceKlass org/jetbrains/kotlin/backend/jvm/lower/MainMethodGenerationLoweringKt
instanceKlass org/jetbrains/kotlin/backend/jvm/lower/JvmOverloadsAnnotationLoweringKt
instanceKlass org/jetbrains/kotlin/backend/jvm/lower/TypeAliasAnnotationMethodsLoweringKt
instanceKlass org/jetbrains/kotlin/ir/declarations/IrTypeParametersContainer
instanceKlass org/jetbrains/kotlin/ir/declarations/IrReturnTarget
instanceKlass org/jetbrains/kotlin/ir/declarations/IrDeclarationParent
instanceKlass org/jetbrains/kotlin/ir/declarations/IrPossiblyExternalDeclaration
instanceKlass org/jetbrains/kotlin/ir/declarations/IrOverridableDeclaration
instanceKlass org/jetbrains/kotlin/ir/declarations/IrOverridableMember
instanceKlass org/jetbrains/kotlin/ir/declarations/IrDeclarationWithVisibility
instanceKlass org/jetbrains/kotlin/ir/declarations/IrMetadataSourceOwner
instanceKlass org/jetbrains/kotlin/ir/declarations/IrMemberWithContainerSource
instanceKlass org/jetbrains/kotlin/ir/declarations/IrDeclarationWithName
instanceKlass org/jetbrains/kotlin/ir/declarations/IrAttributeContainer
instanceKlass org/jetbrains/kotlin/ir/IrElementBase
instanceKlass org/jetbrains/kotlin/ir/declarations/IrDeclaration
instanceKlass org/jetbrains/kotlin/ir/declarations/IrSymbolOwner
instanceKlass org/jetbrains/kotlin/ir/declarations/IrMutableAnnotationContainer
instanceKlass org/jetbrains/kotlin/ir/declarations/IrAnnotationContainer
instanceKlass org/jetbrains/kotlin/ir/IrStatement
instanceKlass org/jetbrains/kotlin/ir/IrElement
instanceKlass org/jetbrains/kotlin/backend/jvm/lower/JvmStaticAnnotationLoweringKt
instanceKlass org/jetbrains/kotlin/backend/jvm/lower/StaticDefaultFunctionLoweringKt
instanceKlass org/jetbrains/kotlin/backend/jvm/lower/ObjectClassLoweringKt
instanceKlass org/jetbrains/kotlin/backend/jvm/lower/DirectInvokeLoweringKt
instanceKlass org/jetbrains/kotlin/backend/jvm/lower/AssertionLoweringKt
instanceKlass org/jetbrains/kotlin/backend/jvm/lower/InlineCallableReferenceToLambdaKt
instanceKlass org/jetbrains/kotlin/backend/common/lower/SharedVariablesLoweringKt
instanceKlass org/jetbrains/kotlin/backend/jvm/lower/FunctionReferenceLoweringKt
instanceKlass org/jetbrains/kotlin/backend/common/lower/PropertiesLowering$Companion
instanceKlass org/jetbrains/kotlin/backend/common/lower/PropertiesLowering
instanceKlass org/jetbrains/kotlin/backend/common/DeclarationTransformer
instanceKlass org/jetbrains/kotlin/backend/common/FileLoweringPass
instanceKlass org/jetbrains/kotlin/backend/common/phaser/ModuleLoweringPhaseAdapter
instanceKlass org/jetbrains/kotlin/backend/common/phaser/CustomPhaseAdapter
instanceKlass org/jetbrains/kotlin/backend/jvm/JvmLowerKt
instanceKlass org/jetbrains/kotlin/backend/common/phaser/CompositePhase
instanceKlass org/jetbrains/kotlin/backend/common/phaser/PerformByIrFilePhase
instanceKlass org/jetbrains/kotlin/backend/common/phaser/PerformByIrFileKt
instanceKlass org/jetbrains/kotlin/backend/common/phaser/FileLoweringPhaseAdapter
instanceKlass org/jetbrains/kotlin/backend/common/phaser/NamedCompilerPhase
instanceKlass org/jetbrains/kotlin/backend/common/phaser/SameTypeCompilerPhase
instanceKlass org/jetbrains/kotlin/backend/common/phaser/CompilerPhase
instanceKlass org/jetbrains/kotlin/backend/common/phaser/CompilerPhaseKt
instanceKlass org/jetbrains/kotlin/backend/common/phaser/DumperVerifierKt
instanceKlass org/jetbrains/kotlin/backend/common/phaser/PhaseBuildersKt
instanceKlass org/jetbrains/kotlin/backend/jvm/JvmPhasesKt
instanceKlass org/jetbrains/kotlin/cli/common/environment/UtilKt
instanceKlass org/jetbrains/kotlin/com/intellij/openapi/util/Disposer$1
instanceKlass org/jetbrains/kotlin/com/intellij/util/containers/CanonicalHashingStrategy
instanceKlass org/jetbrains/kotlin/com/intellij/util/containers/ConcurrentRefHashMap$2
instanceKlass org/jetbrains/kotlin/com/intellij/util/containers/ConcurrentRefHashMap$HardKey
instanceKlass org/jetbrains/kotlin/com/intellij/util/containers/ConcurrentRefHashMap$KeyReference
instanceKlass gnu/trove/PrimeFinder
instanceKlass org/jetbrains/kotlin/com/intellij/util/containers/RefHashMap$MyMap$1
instanceKlass gnu/trove/TObjectHash$NULL
instanceKlass gnu/trove/TObjectObjectProcedure
instanceKlass gnu/trove/THash
instanceKlass gnu/trove/TObjectHashingStrategy
instanceKlass gnu/trove/Equality
instanceKlass org/jetbrains/kotlin/com/intellij/util/containers/RefHashMap$HardKey
instanceKlass org/jetbrains/kotlin/com/intellij/util/containers/IdentityHashingStrategy
instanceKlass org/jetbrains/kotlin/com/intellij/util/containers/RefHashMap$Key
instanceKlass org/jetbrains/kotlin/com/intellij/util/containers/CollectionFactory
instanceKlass org/jetbrains/kotlin/it/unimi/dsi/fastutil/objects/Reference2ObjectMap$FastEntrySet
instanceKlass org/jetbrains/kotlin/it/unimi/dsi/fastutil/objects/ObjectSet
instanceKlass org/jetbrains/kotlin/it/unimi/dsi/fastutil/objects/ObjectCollection
instanceKlass org/jetbrains/kotlin/it/unimi/dsi/fastutil/objects/AbstractReference2ObjectFunction
instanceKlass org/jetbrains/kotlin/it/unimi/dsi/fastutil/objects/Reference2ObjectMap
instanceKlass org/jetbrains/kotlin/it/unimi/dsi/fastutil/objects/Reference2ObjectFunction
instanceKlass org/jetbrains/kotlin/it/unimi/dsi/fastutil/Function
instanceKlass org/jetbrains/kotlin/it/unimi/dsi/fastutil/HashCommon
instanceKlass org/jetbrains/kotlin/it/unimi/dsi/fastutil/objects/ObjectIterator
instanceKlass org/jetbrains/kotlin/it/unimi/dsi/fastutil/objects/ReferenceSet
instanceKlass org/jetbrains/kotlin/it/unimi/dsi/fastutil/objects/ReferenceCollection
instanceKlass org/jetbrains/kotlin/it/unimi/dsi/fastutil/objects/ObjectIterable
instanceKlass org/jetbrains/kotlin/it/unimi/dsi/fastutil/Hash
instanceKlass org/jetbrains/kotlin/com/intellij/openapi/util/ObjectTree
instanceKlass org/jetbrains/kotlin/com/intellij/openapi/util/Disposer
instanceKlass org/jetbrains/kotlin/progress/ProgressIndicatorAndCompilationCanceledStatus
instanceKlass org/jetbrains/kotlin/progress/CompilationCanceledStatus
instanceKlass org/jetbrains/kotlin/com/google/common/collect/LinkedHashMultimap$1
instanceKlass java/util/stream/MatchOps$BooleanTerminalSink
instanceKlass java/util/stream/MatchOps$MatchOp
instanceKlass java/util/stream/MatchOps
instanceKlass java/util/Spliterators$IteratorSpliterator
instanceKlass org/jetbrains/kotlin/utils/KotlinPathsFromBaseDirectory
instanceKlass org/jetbrains/kotlin/com/intellij/openapi/application/PathManager
instanceKlass java/util/regex/Pattern$BitClass
instanceKlass org/jetbrains/kotlin/utils/PathUtil
instanceKlass org/jetbrains/kotlin/config/JvmTarget$Companion
instanceKlass org/jetbrains/kotlin/platform/TargetPlatformVersion
instanceKlass org/jetbrains/kotlin/config/JVMConfigurationKeys
instanceKlass org/jetbrains/kotlin/cli/jvm/JvmArgumentsKt
instanceKlass org/jetbrains/kotlin/config/CommonConfigurationKeysKt
instanceKlass org/jetbrains/kotlin/utils/WrappedValues$ThrowableWrapper
instanceKlass org/jetbrains/kotlin/config/LanguageVersionSettingsKt
instanceKlass org/jetbrains/kotlin/cli/common/messages/MessageCollector$Companion$NONE$1
instanceKlass org/jetbrains/kotlin/cli/common/messages/MessageCollector$Companion
instanceKlass org/jetbrains/kotlin/cli/common/arguments/JavaTypeEnhancementStateParser$Companion
instanceKlass org/jetbrains/kotlin/cli/common/arguments/JavaTypeEnhancementStateParser
instanceKlass org/jetbrains/kotlin/config/JvmAnalysisFlags$Delegates$JvmDefaultModeDisabledByDefault
instanceKlass org/jetbrains/kotlin/utils/WrappedValues$1
instanceKlass org/jetbrains/kotlin/utils/WrappedValues
instanceKlass org/jetbrains/kotlin/name/FqNamesUtilKt
instanceKlass org/jetbrains/kotlin/load/java/NullabilityAnnotationStates$Companion
instanceKlass org/jetbrains/kotlin/load/java/Jsr305Settings
instanceKlass org/jetbrains/kotlin/storage/LockBasedStorageManager$MapBasedMemoizedFunction
instanceKlass org/jetbrains/kotlin/storage/DefaultSimpleLock
instanceKlass org/jetbrains/kotlin/storage/SimpleLock$Companion
instanceKlass org/jetbrains/kotlin/storage/EmptySimpleLock
instanceKlass org/jetbrains/kotlin/storage/LockBasedStorageManager$ExceptionHandlingStrategy$1
instanceKlass org/jetbrains/kotlin/storage/LockBasedStorageManager$ExceptionHandlingStrategy
instanceKlass org/jetbrains/kotlin/storage/MemoizedFunctionToNotNull
instanceKlass org/jetbrains/kotlin/storage/NotNullLazyValue
instanceKlass org/jetbrains/kotlin/storage/CacheWithNullableValues
instanceKlass org/jetbrains/kotlin/storage/CacheWithNotNullValues
instanceKlass org/jetbrains/kotlin/storage/MemoizedFunctionToNullable
instanceKlass org/jetbrains/kotlin/storage/NullableLazyValue
instanceKlass org/jetbrains/kotlin/storage/SimpleLock
instanceKlass org/jetbrains/kotlin/storage/LockBasedStorageManager
instanceKlass org/jetbrains/kotlin/storage/StorageManager
instanceKlass org/jetbrains/kotlin/load/java/ReportLevel$Companion
instanceKlass org/jetbrains/kotlin/load/java/JavaNullabilityAnnotationsStatus$Companion
instanceKlass org/jetbrains/kotlin/load/java/JavaNullabilityAnnotationsStatus
instanceKlass org/jetbrains/kotlin/load/java/NullabilityAnnotationStatesImpl
instanceKlass org/jetbrains/kotlin/load/java/NullabilityAnnotationStates
instanceKlass org/jetbrains/kotlin/name/FqNameUnsafe$1
instanceKlass org/jetbrains/kotlin/name/Name
instanceKlass org/jetbrains/kotlin/name/FqNameUnsafe
instanceKlass org/jetbrains/kotlin/name/FqName
instanceKlass org/jetbrains/kotlin/load/java/JavaNullabilityAnnotationSettingsKt
instanceKlass org/jetbrains/kotlin/load/java/JavaTypeEnhancementState$Companion
instanceKlass org/jetbrains/kotlin/load/java/JavaTypeEnhancementState
instanceKlass org/jetbrains/kotlin/config/JvmAnalysisFlags$Delegates$JavaTypeEnhancementStateWarnByDefault
instanceKlass org/jetbrains/kotlin/config/JvmAnalysisFlags
instanceKlass org/jetbrains/kotlin/config/AnalysisFlag$Delegates$ApiModeDisabledByDefault
instanceKlass org/jetbrains/kotlin/config/AnalysisFlag$Delegates$ListOfStrings
instanceKlass org/jetbrains/kotlin/config/AnalysisFlag$Delegate
instanceKlass org/jetbrains/kotlin/config/AnalysisFlag$Delegates$Boolean
instanceKlass org/jetbrains/kotlin/config/AnalysisFlags
instanceKlass org/jetbrains/kotlin/config/LanguageVersionSettingsImpl$Companion
instanceKlass org/jetbrains/kotlin/config/LanguageVersionSettings$Companion
instanceKlass org/jetbrains/kotlin/config/LanguageVersionSettingsImpl
instanceKlass java/math/MutableBigInteger
instanceKlass java/lang/StrictMath
instanceKlass org/jetbrains/kotlin/config/MavenComparableVersion$IntegerItem
instanceKlass org/jetbrains/kotlin/config/MavenComparableVersion$Item
instanceKlass org/jetbrains/kotlin/config/MavenComparableVersion
instanceKlass org/jetbrains/kotlin/config/ApiVersion$Companion
instanceKlass org/jetbrains/kotlin/config/LanguageVersion$Companion
instanceKlass org/jetbrains/kotlin/config/IncrementalCompilation
instanceKlass org/jetbrains/kotlin/cli/common/UtilsKt
instanceKlass java/lang/invoke/MethodHandle$1
instanceKlass org/jetbrains/kotlin/config/CommonConfigurationKeys
instanceKlass org/jetbrains/kotlin/cli/common/messages/IrMessageCollector$Companion
instanceKlass org/jetbrains/kotlin/cli/common/messages/IrMessageCollector
instanceKlass org/jetbrains/kotlin/ir/util/IrMessageLogger$Companion
instanceKlass org/jetbrains/kotlin/ir/util/IrMessageLogger
instanceKlass org/jetbrains/kotlin/com/google/common/collect/AbstractMapEntry
instanceKlass org/jetbrains/kotlin/com/google/common/collect/LinkedHashMultimap$ValueSetLink
instanceKlass org/jetbrains/kotlin/com/google/common/collect/CollectPreconditions
instanceKlass org/jetbrains/kotlin/com/google/common/base/Preconditions
instanceKlass org/jetbrains/kotlin/com/google/common/collect/Maps$EntryTransformer
instanceKlass org/jetbrains/kotlin/com/google/common/collect/BiMap
instanceKlass org/jetbrains/kotlin/com/google/common/base/Converter
instanceKlass org/jetbrains/kotlin/com/google/common/collect/ImmutableMap
instanceKlass org/jetbrains/kotlin/com/google/common/collect/UnmodifiableIterator
instanceKlass org/jetbrains/kotlin/com/google/common/base/Function
instanceKlass org/jetbrains/kotlin/com/google/common/collect/SortedMapDifference
instanceKlass org/jetbrains/kotlin/com/google/common/collect/MapDifference
instanceKlass org/jetbrains/kotlin/com/google/common/collect/Maps
instanceKlass jdk/internal/logger/DefaultLoggerFinder$1
instanceKlass java/util/logging/Logger$SystemLoggerHelper$1
instanceKlass java/util/logging/Logger$SystemLoggerHelper
instanceKlass java/util/logging/LogManager$4
instanceKlass jdk/internal/logger/BootstrapLogger$BootstrapExecutors
instanceKlass jdk/internal/logger/BootstrapLogger$RedirectedLoggers
instanceKlass java/util/concurrent/CopyOnWriteArrayList$COWIterator
instanceKlass jdk/internal/logger/BootstrapLogger$DetectBackend$1
instanceKlass jdk/internal/logger/BootstrapLogger$DetectBackend
instanceKlass jdk/internal/logger/BootstrapLogger
instanceKlass sun/util/logging/PlatformLogger$ConfigurableBridge
instanceKlass sun/util/logging/PlatformLogger$Bridge
instanceKlass java/lang/System$Logger
instanceKlass java/util/stream/Streams
instanceKlass java/util/stream/Stream$Builder
instanceKlass java/util/stream/Streams$AbstractStreamBuilderImpl
instanceKlass java/util/stream/Sink$ChainedReference
instanceKlass java/util/stream/FindOps$FindOp
instanceKlass java/util/stream/TerminalOp
instanceKlass java/util/stream/FindOps$FindSink
instanceKlass java/util/stream/TerminalSink
instanceKlass java/util/stream/Sink
instanceKlass java/util/stream/FindOps
instanceKlass java/util/ArrayList$ArrayListSpliterator
instanceKlass java/util/Hashtable$Enumerator
instanceKlass java/util/Collections$SynchronizedCollection
instanceKlass java/util/Properties$EntrySet
instanceKlass java/util/Collections$3
instanceKlass java/util/logging/LogManager$LoggerContext$1
instanceKlass java/util/logging/LogManager$VisitedLoggers
instanceKlass java/util/logging/LogManager$2
instanceKlass java/lang/System$LoggerFinder
instanceKlass java/security/Security$2
instanceKlass jdk/internal/access/JavaSecurityPropertiesAccess
instanceKlass java/util/concurrent/ConcurrentHashMap$MapEntry
instanceKlass java/util/Properties$LineReader
instanceKlass java/security/Security$1
instanceKlass java/security/Security
instanceKlass sun/security/util/SecurityProperties
instanceKlass sun/security/util/FilePermCompat
instanceKlass java/util/logging/LogManager$LoggingProviderAccess
instanceKlass sun/util/logging/internal/LoggingProviderImpl$LogManagerAccess
instanceKlass java/lang/Shutdown$Lock
instanceKlass java/lang/Shutdown
instanceKlass java/lang/ApplicationShutdownHooks$1
instanceKlass java/lang/ApplicationShutdownHooks
instanceKlass java/util/Collections$SynchronizedMap
instanceKlass java/util/logging/LogManager$LogNode
instanceKlass java/util/logging/LogManager$LoggerContext
instanceKlass java/util/logging/LogManager$1
instanceKlass java/util/logging/LogManager
instanceKlass java/util/logging/Logger$ConfigurationData
instanceKlass java/util/logging/Logger$LoggerBundle
instanceKlass java/util/logging/Level
instanceKlass java/util/logging/Handler
instanceKlass java/util/logging/Logger
instanceKlass org/jetbrains/kotlin/com/google/common/collect/Platform
instanceKlass org/jetbrains/kotlin/com/google/common/collect/Multiset
instanceKlass org/jetbrains/kotlin/com/google/common/collect/AbstractMultimap
instanceKlass org/jetbrains/kotlin/com/google/common/collect/SetMultimap
instanceKlass org/jetbrains/kotlin/com/google/common/collect/Multimap
instanceKlass org/jetbrains/kotlin/cli/common/messages/GroupingMessageCollector
instanceKlass org/jetbrains/kotlin/com/intellij/util/containers/ConcurrentIntObjectHashMap$CollectionView
instanceKlass org/jetbrains/kotlin/com/intellij/util/containers/ConcurrentIntObjectHashMap$CounterCell
instanceKlass java/util/function/Predicate
instanceKlass org/jetbrains/kotlin/com/intellij/util/ReflectionUtil
instanceKlass sun/misc/Unsafe
instanceKlass org/jetbrains/kotlin/com/intellij/util/concurrency/AtomicFieldUpdater
instanceKlass org/jetbrains/kotlin/com/intellij/util/containers/ConcurrentIntObjectHashMap$Node
instanceKlass org/jetbrains/kotlin/com/intellij/util/containers/IntObjectMap$Entry
instanceKlass org/jetbrains/kotlin/com/intellij/util/containers/ConcurrentIntObjectHashMap
instanceKlass org/jetbrains/kotlin/com/intellij/util/containers/ConcurrentIntKeyRefValueHashMap$IntReference
instanceKlass org/jetbrains/kotlin/com/intellij/openapi/util/Getter
instanceKlass org/jetbrains/kotlin/com/intellij/util/containers/ConcurrentIntKeyRefValueHashMap
instanceKlass org/jetbrains/kotlin/com/intellij/util/containers/HashingStrategy
instanceKlass org/jetbrains/kotlin/com/intellij/util/containers/ConcurrentLongObjectMap
instanceKlass org/jetbrains/kotlin/com/intellij/util/containers/ConcurrentList
instanceKlass org/jetbrains/kotlin/com/intellij/openapi/util/Condition
instanceKlass org/jetbrains/kotlin/com/intellij/util/containers/ConcurrentIntObjectMap
instanceKlass org/jetbrains/kotlin/com/intellij/util/containers/ContainerUtil
instanceKlass org/jetbrains/kotlin/com/intellij/util/containers/IntObjectMap
instanceKlass org/jetbrains/kotlin/com/intellij/openapi/util/Key
instanceKlass org/jetbrains/kotlin/config/CompilerConfigurationKey
instanceKlass org/jetbrains/kotlin/cli/common/CLIConfigurationKeys
instanceKlass org/jetbrains/kotlin/utils/SmartList$EmptyIterator
instanceKlass org/jetbrains/kotlin/cli/common/ArgumentsKt
instanceKlass org/jetbrains/kotlin/cli/common/messages/PrintingMessageCollector
instanceKlass kotlin/reflect/jvm/internal/calls/CallerKt
instanceKlass kotlin/reflect/jvm/internal/calls/Caller$DefaultImpls
instanceKlass kotlin/reflect/jvm/internal/calls/BoundCaller
instanceKlass kotlin/reflect/jvm/internal/impl/resolve/InlineClassesUtilsKt
instanceKlass kotlin/reflect/jvm/internal/calls/InlineClassAwareCallerKt
instanceKlass kotlin/reflect/jvm/internal/calls/CallerImpl$Companion
instanceKlass kotlin/reflect/jvm/internal/calls/CallerImpl
instanceKlass kotlin/reflect/jvm/internal/calls/Caller
instanceKlass kotlin/reflect/jvm/internal/KPropertyImplKt
instanceKlass kotlin/reflect/KMutableProperty1$Setter
instanceKlass kotlin/reflect/jvm/internal/impl/types/checker/NewTypeVariableConstructor
instanceKlass kotlin/reflect/jvm/internal/KTypeImpl
instanceKlass kotlin/jvm/internal/KTypeBase
instanceKlass kotlin/reflect/jvm/internal/impl/resolve/calls/inference/CapturedTypeConstructorImpl
instanceKlass kotlin/reflect/jvm/internal/impl/resolve/calls/inference/CapturedTypeConstructor
instanceKlass kotlin/reflect/jvm/internal/impl/types/model/CapturedTypeConstructorMarker
instanceKlass kotlin/reflect/jvm/internal/impl/types/model/CapturedTypeMarker
instanceKlass kotlin/reflect/jvm/internal/impl/load/kotlin/BinaryClassAnnotationAndConstantLoaderImpl$loadAnnotation$1$visitArray$1
instanceKlass org/jetbrains/kotlin/utils/IDEAPluginsCompatibilityAPI
instanceKlass org/jetbrains/kotlin/com/intellij/util/xmlb/annotations/Transient
instanceKlass org/jetbrains/kotlin/cli/common/arguments/ParseCommandLineArgumentsKt$parsePreprocessedCommandLineArguments$ArgumentField
instanceKlass kotlin/reflect/jvm/internal/impl/load/kotlin/AbstractBinaryClassAnnotationAndConstantLoader$Storage
instanceKlass org/jetbrains/kotlin/cli/common/arguments/GradleOption
instanceKlass kotlin/reflect/jvm/internal/impl/descriptors/annotations/AnnotationDescriptorImpl
instanceKlass kotlin/reflect/jvm/internal/impl/descriptors/annotations/AnnotationDescriptor
instanceKlass kotlin/reflect/jvm/internal/impl/resolve/constants/ConstantValueFactory
instanceKlass kotlin/reflect/jvm/internal/impl/load/kotlin/BinaryClassAnnotationAndConstantLoaderImpl$loadAnnotation$1
instanceKlass kotlin/annotation/MustBeDocumented
instanceKlass kotlin/reflect/jvm/internal/impl/SpecialJvmAnnotations
instanceKlass org/jetbrains/kotlin/cli/common/arguments/Argument
instanceKlass kotlin/reflect/jvm/internal/impl/load/kotlin/AbstractBinaryClassAnnotationAndConstantLoader$loadAnnotationsAndInitializers$1$MemberAnnotationVisitor
instanceKlass kotlin/reflect/jvm/internal/impl/load/kotlin/KotlinJvmBinaryClass$MethodAnnotationVisitor
instanceKlass kotlin/reflect/jvm/internal/impl/descriptors/runtime/components/SignatureSerializer
instanceKlass kotlin/reflect/jvm/internal/impl/load/kotlin/AbstractBinaryClassAnnotationAndConstantLoader$loadAnnotationsAndInitializers$1
instanceKlass kotlin/reflect/jvm/internal/impl/load/kotlin/KotlinJvmBinaryClass$MemberVisitor
instanceKlass kotlin/reflect/jvm/internal/impl/load/kotlin/MemberSignature$Companion
instanceKlass kotlin/reflect/jvm/internal/impl/load/kotlin/MemberSignature
instanceKlass kotlin/reflect/jvm/internal/impl/metadata/jvm/deserialization/JvmFlags
instanceKlass kotlin/reflect/jvm/internal/UtilKt
instanceKlass kotlin/reflect/jvm/internal/JvmFunctionSignature
instanceKlass kotlin/reflect/jvm/internal/impl/metadata/jvm/deserialization/JvmMemberSignature
instanceKlass kotlin/reflect/jvm/internal/impl/metadata/jvm/deserialization/ClassMapperLite
instanceKlass kotlin/reflect/jvm/internal/FunctionWithAllInvokes
instanceKlass kotlin/reflect/jvm/internal/JvmPropertySignature
instanceKlass kotlin/reflect/jvm/internal/impl/metadata/deserialization/ProtoBufUtilKt
instanceKlass kotlin/reflect/jvm/internal/impl/types/FlexibleTypesKt
instanceKlass kotlin/reflect/jvm/internal/impl/load/java/JavaDescriptorVisibilities
instanceKlass kotlin/reflect/jvm/internal/impl/load/java/UtilsKt
instanceKlass kotlin/reflect/jvm/internal/impl/resolve/OverridingUtil$7
instanceKlass kotlin/reflect/jvm/internal/impl/resolve/OverridingUtil$6
instanceKlass kotlin/reflect/jvm/internal/impl/resolve/VisibilityUtilKt
instanceKlass kotlin/reflect/jvm/internal/impl/resolve/OverridingUtil$3
instanceKlass kotlin/reflect/jvm/internal/impl/load/java/components/DescriptorResolverUtils$1$1
instanceKlass kotlin/reflect/jvm/internal/impl/load/java/components/DescriptorResolverUtils
instanceKlass kotlin/reflect/jvm/internal/impl/load/java/BuiltinSpecialPropertiesKt
instanceKlass kotlin/reflect/jvm/internal/impl/load/java/BuiltinSpecialProperties
instanceKlass kotlin/reflect/jvm/internal/impl/load/java/JvmAbi
instanceKlass kotlin/reflect/jvm/internal/impl/load/java/PropertiesConventionUtilKt
instanceKlass kotlin/reflect/jvm/internal/impl/resolve/scopes/receivers/AbstractReceiverValue
instanceKlass kotlin/reflect/jvm/internal/impl/types/SpecialTypesKt
instanceKlass kotlin/reflect/jvm/internal/impl/descriptors/NotFoundClasses$ClassRequest
instanceKlass kotlin/reflect/jvm/internal/impl/load/java/structure/JavaTypeParameter
instanceKlass sun/reflect/generics/reflectiveObjects/LazyReflectiveObjectGenerator
instanceKlass sun/reflect/generics/tree/TypeVariableSignature
instanceKlass jdk/internal/reflect/ClassDefiner$1
instanceKlass jdk/internal/reflect/ClassDefiner
instanceKlass jdk/internal/reflect/MethodAccessorGenerator$1
instanceKlass jdk/internal/reflect/Label$PatchInfo
instanceKlass jdk/internal/reflect/Label
instanceKlass jdk/internal/reflect/UTF8
instanceKlass jdk/internal/reflect/ClassFileAssembler
instanceKlass jdk/internal/reflect/ByteVectorImpl
instanceKlass jdk/internal/reflect/ByteVector
instanceKlass jdk/internal/reflect/ByteVectorFactory
instanceKlass jdk/internal/reflect/AccessorGenerator
instanceKlass jdk/internal/reflect/ClassFileConstants
instanceKlass kotlin/reflect/jvm/internal/impl/descriptors/impl/FunctionDescriptorImpl$CopyConfiguration
instanceKlass org/jetbrains/kotlin/config/ApiVersion
instanceKlass kotlin/reflect/jvm/internal/impl/load/kotlin/KotlinClassFinderKt
instanceKlass org/jetbrains/kotlin/config/AnalysisFlag
instanceKlass kotlin/reflect/jvm/internal/impl/serialization/deserialization/descriptors/DeserializedClassDescriptor$EnumEntryClassDescriptors
instanceKlass org/jetbrains/kotlin/config/LanguageOrApiVersion
instanceKlass org/jetbrains/kotlin/utils/DescriptionAware
instanceKlass kotlin/reflect/jvm/internal/impl/utils/SmartSet$SingletonIterator
instanceKlass kotlin/jvm/internal/markers/KMutableIterator
instanceKlass kotlin/reflect/jvm/internal/impl/load/java/descriptors/JavaCallableMemberDescriptor
instanceKlass kotlin/reflect/jvm/internal/impl/load/java/SpecialGenericSignatures$Companion$NameAndSignature
instanceKlass kotlin/reflect/jvm/internal/impl/load/java/SpecialGenericSignatures$Companion
instanceKlass kotlin/reflect/jvm/internal/impl/load/java/SpecialGenericSignatures
instanceKlass kotlin/reflect/jvm/internal/impl/resolve/OverridingUtil$OverrideCompatibilityInfo
instanceKlass kotlin/reflect/jvm/internal/impl/types/AbstractTypeChecker
instanceKlass kotlin/reflect/jvm/internal/impl/types/TypeCheckerState
instanceKlass kotlin/reflect/jvm/internal/impl/types/checker/ClassicTypeCheckerStateKt
instanceKlass kotlin/reflect/jvm/internal/impl/resolve/OverridingUtilTypeSystemContext
instanceKlass kotlin/reflect/jvm/internal/impl/types/checker/ClassicTypeSystemContext
instanceKlass kotlin/reflect/jvm/internal/impl/types/model/TypeSystemInferenceExtensionContext
instanceKlass kotlin/reflect/jvm/internal/impl/types/model/TypeSystemCommonSuperTypesContext
instanceKlass kotlin/reflect/jvm/internal/impl/types/TypeSystemCommonBackendContext
instanceKlass kotlin/reflect/jvm/internal/impl/types/model/TypeSystemContext
instanceKlass kotlin/reflect/jvm/internal/impl/types/model/TypeSystemOptimizationContext
instanceKlass kotlin/reflect/jvm/internal/impl/builtins/jvm/CloneableClassScope$Companion
instanceKlass org/jetbrains/kotlin/cli/common/messages/MessageCollector
instanceKlass org/jetbrains/kotlin/config/LanguageVersionSettings
instanceKlass kotlin/reflect/jvm/internal/impl/name/CallableId$Companion
instanceKlass kotlin/reflect/jvm/internal/impl/name/CallableId
instanceKlass kotlin/reflect/jvm/internal/impl/serialization/deserialization/SuspendFunctionTypeUtilKt
instanceKlass kotlin/reflect/jvm/internal/impl/builtins/jvm/JvmBuiltIns$Settings
instanceKlass java/util/TimSort
instanceKlass java/util/Arrays$LegacyMergeSort
instanceKlass kotlin/reflect/jvm/internal/impl/resolve/MemberComparator$NameAndTypeMemberComparator
instanceKlass kotlin/reflect/jvm/internal/impl/metadata/ProtoBuf$VersionRequirement$VersionKind$1
instanceKlass kotlin/reflect/jvm/internal/impl/metadata/ProtoBuf$VersionRequirement$Level$1
instanceKlass kotlin/reflect/jvm/internal/impl/metadata/ProtoBuf$VersionRequirementOrBuilder
instanceKlass org/jetbrains/kotlin/cli/common/arguments/InternalArgument
instanceKlass kotlin/reflect/jvm/internal/impl/resolve/DescriptorFactory
instanceKlass kotlin/collections/builders/ListBuilderKt
instanceKlass kotlin/collections/builders/MapBuilder$Companion
instanceKlass kotlin/collections/builders/MapBuilder
instanceKlass kotlin/jvm/internal/markers/KMutableMap
instanceKlass kotlin/reflect/jvm/internal/impl/descriptors/Visibilities
instanceKlass kotlin/reflect/jvm/internal/impl/types/DisjointKeysUnionTypeSubstitution$Companion
instanceKlass kotlin/reflect/jvm/internal/impl/types/DescriptorSubstitutor
instanceKlass kotlin/reflect/jvm/internal/impl/descriptors/impl/PropertyDescriptorImpl$CopyConfiguration
instanceKlass kotlin/reflect/jvm/internal/impl/resolve/OverridingUtil$4
instanceKlass kotlin/reflect/jvm/internal/impl/resolve/OverridingUtil$8
instanceKlass kotlin/reflect/jvm/internal/impl/descriptors/impl/TypeAliasConstructorDescriptor
instanceKlass kotlin/reflect/jvm/internal/impl/resolve/OverridingUtil$5
instanceKlass kotlin/reflect/jvm/internal/impl/resolve/calls/inference/CapturedTypeConstructorKt
instanceKlass kotlin/reflect/jvm/internal/impl/resolve/scopes/SubstitutingScope
instanceKlass kotlin/reflect/jvm/internal/impl/types/TypeSubstitutor
instanceKlass kotlin/reflect/jvm/internal/impl/types/TypeConstructorSubstitution$Companion
instanceKlass kotlin/reflect/jvm/internal/impl/types/TypeProjectionBase
instanceKlass kotlin/reflect/jvm/internal/impl/descriptors/impl/AbstractTypeParameterDescriptor$2
instanceKlass kotlin/reflect/jvm/internal/impl/descriptors/impl/AbstractTypeParameterDescriptor$1
instanceKlass kotlin/reflect/jvm/internal/impl/resolve/OverridingStrategy
instanceKlass kotlin/reflect/jvm/internal/impl/descriptors/impl/ValueParameterDescriptorImpl$Companion
instanceKlass kotlin/reflect/jvm/internal/impl/descriptors/ValueParameterDescriptor
instanceKlass kotlin/reflect/jvm/internal/impl/resolve/scopes/receivers/ImplicitClassReceiver
instanceKlass kotlin/reflect/jvm/internal/impl/resolve/scopes/receivers/ThisClassReceiver
instanceKlass kotlin/reflect/jvm/internal/impl/resolve/scopes/receivers/ImplicitReceiver
instanceKlass kotlin/reflect/jvm/internal/impl/descriptors/impl/ModuleAwareClassDescriptorKt
instanceKlass kotlin/reflect/jvm/internal/impl/serialization/deserialization/descriptors/DeserializedCallableMemberDescriptor
instanceKlass kotlin/reflect/jvm/internal/impl/serialization/deserialization/descriptors/DeserializedMemberDescriptor
instanceKlass kotlin/reflect/jvm/internal/impl/serialization/deserialization/descriptors/DescriptorWithContainerSource
instanceKlass kotlin/reflect/jvm/internal/impl/load/java/typeEnhancement/SignatureEnhancement$PartEnhancementResult
instanceKlass kotlin/reflect/jvm/internal/impl/load/java/typeEnhancement/JavaTypeEnhancement$Result
instanceKlass kotlin/reflect/jvm/internal/impl/load/java/typeEnhancement/JavaTypeEnhancement$SimpleResult
instanceKlass kotlin/reflect/jvm/internal/impl/load/java/typeEnhancement/TypeComponentPositionKt
instanceKlass kotlin/reflect/jvm/internal/impl/types/KotlinTypeKt
instanceKlass kotlin/reflect/jvm/internal/impl/types/IntersectionTypeConstructor
instanceKlass kotlin/reflect/jvm/internal/impl/types/model/IntersectionTypeConstructorMarker
instanceKlass kotlin/reflect/jvm/internal/impl/types/model/DefinitelyNotNullTypeMarker
instanceKlass kotlin/reflect/jvm/internal/impl/types/CustomTypeVariable
instanceKlass kotlin/reflect/jvm/internal/impl/utils/SmartSet$Companion
instanceKlass kotlin/reflect/jvm/internal/impl/load/java/typeEnhancement/TypeEnhancementUtilsKt
instanceKlass kotlin/reflect/jvm/internal/impl/load/java/JvmAnnotationNamesKt
instanceKlass kotlin/reflect/jvm/internal/impl/load/java/typeEnhancement/JavaTypeQualifiers$Companion
instanceKlass kotlin/reflect/jvm/internal/impl/descriptors/TypeParameterDescriptor
instanceKlass kotlin/reflect/jvm/internal/impl/types/model/TypeParameterMarker
instanceKlass kotlin/reflect/jvm/internal/impl/load/java/typeEnhancement/JavaTypeQualifiers
instanceKlass kotlin/reflect/jvm/internal/impl/types/RawType
instanceKlass kotlin/reflect/jvm/internal/impl/types/model/RawTypeMarker
instanceKlass kotlin/reflect/jvm/internal/impl/types/model/FlexibleTypeMarker
instanceKlass kotlin/reflect/jvm/internal/impl/load/java/typeEnhancement/TypeAndDefaultQualifiers
instanceKlass kotlin/jvm/internal/ArrayIterator
instanceKlass kotlin/jvm/internal/ArrayIteratorKt
instanceKlass kotlin/sequences/FlatteningSequence$iterator$1
instanceKlass kotlin/sequences/FlatteningSequence
instanceKlass kotlin/collections/ArraysKt___ArraysKt$asSequence$$inlined$Sequence$1
instanceKlass kotlin/reflect/jvm/internal/impl/load/java/typeEnhancement/SignatureEnhancement$SignatureParts
instanceKlass java/lang/reflect/ParameterizedType
instanceKlass kotlin/reflect/jvm/internal/impl/descriptors/DescriptorUtilKt
instanceKlass kotlin/reflect/jvm/internal/impl/load/java/structure/JavaPrimitiveType
instanceKlass kotlin/reflect/jvm/internal/impl/load/java/FakePureImplementationsProvider
instanceKlass kotlin/reflect/jvm/internal/impl/load/java/components/JavaAnnotationMapper
instanceKlass kotlin/reflect/jvm/internal/impl/descriptors/runtime/structure/ReflectJavaAnnotationOwnerKt
instanceKlass kotlin/reflect/jvm/internal/impl/descriptors/runtime/structure/ReflectJavaAnnotationOwner$DefaultImpls
instanceKlass kotlin/reflect/jvm/internal/impl/descriptors/runtime/structure/ReflectJavaType$Factory
instanceKlass kotlin/reflect/jvm/internal/impl/descriptors/runtime/structure/ReflectJavaType
instanceKlass kotlin/reflect/jvm/internal/impl/load/java/structure/JavaClassifierType
instanceKlass kotlin/reflect/jvm/internal/impl/load/java/structure/JavaType
instanceKlass kotlin/reflect/jvm/internal/impl/load/java/structure/ListBasedJavaAnnotationOwner
instanceKlass kotlin/jvm/internal/SpreadBuilder
instanceKlass java/lang/Class$EnclosingMethodInfo
instanceKlass kotlin/collections/CollectionsKt___CollectionsKt$asSequence$$inlined$Sequence$1
instanceKlass kotlin/sequences/FilteringSequence$iterator$1
instanceKlass kotlin/sequences/TransformingSequence$iterator$1
instanceKlass kotlin/sequences/TransformingSequence
instanceKlass kotlin/sequences/FilteringSequence
instanceKlass kotlin/sequences/EmptySequence
instanceKlass kotlin/sequences/DropTakeSequence
instanceKlass kotlin/reflect/jvm/internal/impl/load/java/lazy/descriptors/ClassDeclaredMemberIndex
instanceKlass kotlin/reflect/jvm/internal/impl/load/java/lazy/descriptors/DeclaredMemberIndex
instanceKlass kotlin/reflect/jvm/internal/impl/util/collectionUtils/ScopeUtilsKt
instanceKlass java/util/LinkedList$ListItr
instanceKlass kotlin/Triple
instanceKlass java/util/LinkedList$Node
instanceKlass kotlin/reflect/jvm/internal/impl/metadata/deserialization/NameResolverImpl$WhenMappings
instanceKlass kotlin/reflect/jvm/internal/impl/protobuf/Utf8
instanceKlass kotlin/reflect/jvm/internal/impl/serialization/deserialization/ProtoBasedClassDataFinder
instanceKlass kotlin/reflect/jvm/internal/impl/metadata/deserialization/NameResolverImpl
instanceKlass kotlin/reflect/jvm/internal/impl/metadata/ProtoBuf$Annotation$ArgumentOrBuilder
instanceKlass kotlin/reflect/jvm/internal/impl/metadata/ProtoBuf$QualifiedNameTable$QualifiedName$Kind$1
instanceKlass kotlin/reflect/jvm/internal/impl/metadata/ProtoBuf$QualifiedNameTable$QualifiedNameOrBuilder
instanceKlass kotlin/reflect/jvm/internal/impl/metadata/ProtoBuf$QualifiedNameTableOrBuilder
instanceKlass kotlin/reflect/jvm/internal/impl/protobuf/LazyStringList
instanceKlass kotlin/reflect/jvm/internal/impl/protobuf/ProtocolStringList
instanceKlass kotlin/reflect/jvm/internal/impl/metadata/ProtoBuf$StringTableOrBuilder
instanceKlass kotlin/reflect/jvm/internal/impl/metadata/ProtoBuf$PackageFragmentOrBuilder
instanceKlass kotlin/collections/IntIterator
instanceKlass kotlin/reflect/jvm/internal/impl/metadata/builtins/BuiltInsBinaryVersion$Companion
instanceKlass kotlin/reflect/jvm/internal/impl/serialization/deserialization/builtins/BuiltInsPackageFragmentImpl$Companion
instanceKlass kotlin/reflect/jvm/internal/impl/builtins/BuiltInsPackageFragment
instanceKlass kotlin/reflect/jvm/internal/impl/descriptors/runtime/structure/ReflectJavaModifierListOwner$DefaultImpls
instanceKlass java/lang/reflect/AnnotatedType
instanceKlass kotlin/reflect/jvm/internal/impl/descriptors/runtime/structure/Java16SealedRecordLoader$Cache
instanceKlass kotlin/reflect/jvm/internal/impl/descriptors/runtime/structure/Java16SealedRecordLoader
instanceKlass sun/reflect/generics/tree/ClassSignature
instanceKlass sun/reflect/generics/tree/Signature
instanceKlass sun/reflect/generics/tree/FormalTypeParameter
instanceKlass java/lang/reflect/TypeVariable
instanceKlass sun/reflect/generics/repository/AbstractRepository
instanceKlass kotlin/reflect/jvm/internal/impl/load/java/lazy/LazyJavaTypeParameterResolver
instanceKlass kotlin/reflect/jvm/internal/impl/descriptors/runtime/components/RuntimeSourceElementFactory$RuntimeSourceElement
instanceKlass kotlin/reflect/jvm/internal/impl/load/java/sources/JavaSourceElement
instanceKlass kotlin/reflect/jvm/internal/impl/load/java/lazy/descriptors/LazyJavaClassDescriptor$Companion
instanceKlass kotlin/reflect/jvm/internal/impl/load/java/descriptors/JavaClassDescriptor
instanceKlass kotlin/reflect/jvm/internal/impl/load/java/structure/JavaClass
instanceKlass kotlin/reflect/jvm/internal/impl/load/java/structure/JavaTypeParameterListOwner
instanceKlass kotlin/reflect/jvm/internal/impl/load/java/structure/JavaClassifier
instanceKlass kotlin/reflect/jvm/internal/impl/load/java/structure/JavaNamedElement
instanceKlass kotlin/reflect/jvm/internal/impl/descriptors/runtime/structure/ReflectJavaModifierListOwner
instanceKlass kotlin/reflect/jvm/internal/impl/load/java/structure/JavaModifierListOwner
instanceKlass kotlin/reflect/jvm/internal/impl/descriptors/runtime/structure/ReflectJavaAnnotationOwner
instanceKlass kotlin/reflect/jvm/internal/impl/load/java/JavaClassFinder$Request
instanceKlass kotlin/reflect/jvm/internal/impl/storage/SingleThreadValue
instanceKlass kotlin/reflect/jvm/internal/impl/load/kotlin/SignatureBuildingComponents
instanceKlass kotlin/reflect/jvm/internal/impl/builtins/jvm/JvmBuiltInsSignatures
instanceKlass kotlin/reflect/jvm/internal/impl/descriptors/TypeAliasDescriptor
instanceKlass kotlin/reflect/jvm/internal/impl/serialization/deserialization/descriptors/DeserializedAnnotations
instanceKlass kotlin/reflect/jvm/internal/pcollections/ConsPStack$Itr
instanceKlass kotlin/reflect/jvm/internal/impl/metadata/deserialization/ProtoTypeTableUtilKt
instanceKlass kotlin/reflect/jvm/internal/impl/types/AbstractTypeConstructor$Supertypes
instanceKlass kotlin/jvm/internal/CollectionToArray
instanceKlass kotlin/reflect/jvm/internal/impl/resolve/scopes/MemberScope$Companion
instanceKlass kotlin/reflect/jvm/internal/impl/resolve/scopes/DescriptorKindFilter$Companion$MaskToName
instanceKlass jdk/internal/reflect/UnsafeFieldAccessorFactory
instanceKlass kotlin/reflect/jvm/internal/impl/resolve/scopes/DescriptorKindFilter$Companion
instanceKlass kotlin/reflect/jvm/internal/impl/resolve/scopes/DescriptorKindFilter
instanceKlass kotlin/reflect/jvm/internal/impl/resolve/scopes/ResolutionScope$DefaultImpls
instanceKlass kotlin/reflect/jvm/internal/impl/descriptors/impl/DeclarationDescriptorVisitorEmptyBodies
instanceKlass kotlin/reflect/jvm/internal/impl/descriptors/TypeParameterUtilsKt
instanceKlass kotlin/reflect/jvm/internal/impl/protobuf/SmallSortedMap$EntryIterator
instanceKlass kotlin/reflect/jvm/internal/impl/protobuf/GeneratedMessageLite$ExtendableMessage$ExtensionWriter
instanceKlass kotlin/reflect/jvm/internal/impl/serialization/deserialization/descriptors/DeserializedMemberScope$OptimizedImplementation
instanceKlass kotlin/reflect/jvm/internal/impl/serialization/deserialization/descriptors/DeserializedMemberScope$Implementation
instanceKlass java/util/ArrayList$SubList$1
instanceKlass kotlin/reflect/jvm/internal/impl/load/java/lazy/descriptors/LazyJavaPackageScope$KotlinClassLookupResult
instanceKlass kotlin/reflect/jvm/internal/impl/serialization/deserialization/ProtoContainer
instanceKlass kotlin/reflect/jvm/internal/impl/descriptors/ScopesHolderForClass$Companion
instanceKlass kotlin/reflect/jvm/internal/impl/descriptors/ScopesHolderForClass
instanceKlass kotlin/reflect/jvm/internal/impl/metadata/deserialization/VersionSpecificBehaviorKt
instanceKlass kotlin/reflect/jvm/internal/impl/serialization/deserialization/ProtoEnumFlagsUtilsKt$WhenMappings
instanceKlass kotlin/reflect/jvm/internal/impl/serialization/deserialization/ProtoEnumFlagsUtilsKt
instanceKlass kotlin/reflect/jvm/internal/impl/serialization/deserialization/ProtoEnumFlags$WhenMappings
instanceKlass kotlin/reflect/jvm/internal/impl/metadata/ProtoBuf$MemberKind$1
instanceKlass kotlin/reflect/jvm/internal/impl/metadata/ProtoBuf$Class$Kind$1
instanceKlass kotlin/reflect/jvm/internal/impl/metadata/ProtoBuf$Modality$1
instanceKlass kotlin/reflect/jvm/internal/impl/metadata/ProtoBuf$Visibility$1
instanceKlass kotlin/reflect/jvm/internal/impl/metadata/deserialization/Flags$FlagField
instanceKlass kotlin/reflect/jvm/internal/impl/metadata/deserialization/Flags
instanceKlass kotlin/reflect/jvm/internal/impl/serialization/deserialization/ProtoEnumFlags
instanceKlass kotlin/reflect/jvm/internal/impl/metadata/jvm/deserialization/JvmNameResolver$WhenMappings
instanceKlass kotlin/reflect/jvm/internal/impl/serialization/deserialization/NameResolverUtilKt
instanceKlass kotlin/reflect/jvm/internal/impl/descriptors/DeserializedDescriptor
instanceKlass kotlin/reflect/jvm/internal/impl/serialization/deserialization/MemberDeserializer
instanceKlass kotlin/reflect/jvm/internal/impl/serialization/deserialization/TypeDeserializer
instanceKlass kotlin/reflect/jvm/internal/impl/serialization/deserialization/DeserializationContext
instanceKlass kotlin/reflect/jvm/internal/impl/metadata/deserialization/VersionRequirementTable$Companion
instanceKlass kotlin/reflect/jvm/internal/impl/metadata/deserialization/VersionRequirementTable
instanceKlass kotlin/reflect/jvm/internal/impl/metadata/deserialization/TypeTable
instanceKlass kotlin/reflect/jvm/internal/impl/serialization/deserialization/ClassDeserializer$ClassKey
instanceKlass kotlin/reflect/jvm/internal/impl/serialization/deserialization/ClassData
instanceKlass kotlin/reflect/jvm/internal/impl/serialization/deserialization/IncompatibleVersionErrorData
instanceKlass kotlin/reflect/jvm/internal/impl/serialization/deserialization/DeserializationConfiguration$DefaultImpls
instanceKlass kotlin/reflect/jvm/internal/impl/load/kotlin/KotlinJvmBinarySourceElement
instanceKlass kotlin/reflect/jvm/internal/impl/serialization/deserialization/descriptors/DeserializedContainerSource
instanceKlass kotlin/reflect/jvm/internal/impl/metadata/ProtoBuf$Type$Argument$Projection$1
instanceKlass kotlin/reflect/jvm/internal/impl/metadata/ProtoBuf$Type$ArgumentOrBuilder
instanceKlass kotlin/reflect/jvm/internal/impl/protobuf/SmallSortedMap$Entry
instanceKlass kotlin/reflect/jvm/internal/impl/protobuf/FieldSet$1
instanceKlass kotlin/reflect/jvm/internal/impl/protobuf/AbstractMessageLite$Builder
instanceKlass kotlin/reflect/jvm/internal/impl/protobuf/GeneratedMessageLite$1
instanceKlass kotlin/reflect/jvm/internal/impl/metadata/jvm/JvmProtoBuf$StringTableTypes$Record$Operation$1
instanceKlass kotlin/reflect/jvm/internal/impl/metadata/jvm/JvmProtoBuf$StringTableTypes$RecordOrBuilder
instanceKlass kotlin/reflect/jvm/internal/impl/protobuf/WireFormat
instanceKlass kotlin/reflect/jvm/internal/impl/protobuf/CodedOutputStream
instanceKlass kotlin/reflect/jvm/internal/impl/protobuf/CodedInputStream
instanceKlass kotlin/reflect/jvm/internal/impl/metadata/jvm/JvmProtoBuf$StringTableTypesOrBuilder
instanceKlass kotlin/collections/IndexedValue
instanceKlass kotlin/collections/IndexingIterator
instanceKlass kotlin/collections/IndexingIterable
instanceKlass kotlin/reflect/jvm/internal/impl/metadata/jvm/deserialization/JvmNameResolver$Companion
instanceKlass kotlin/reflect/jvm/internal/impl/metadata/jvm/deserialization/JvmNameResolver
instanceKlass kotlin/reflect/jvm/internal/impl/metadata/deserialization/NameResolver
instanceKlass kotlin/reflect/jvm/internal/impl/metadata/jvm/deserialization/UtfEncodingKt
instanceKlass kotlin/reflect/jvm/internal/impl/metadata/jvm/deserialization/BitEncoding
instanceKlass kotlin/reflect/jvm/internal/impl/load/kotlin/KotlinClassFinder$Result
instanceKlass kotlin/reflect/jvm/internal/impl/load/kotlin/header/KotlinClassHeader
instanceKlass kotlin/reflect/jvm/internal/impl/load/kotlin/header/ReadKotlinClassHeaderAnnotationVisitor$CollectStringArrayAnnotationVisitor
instanceKlass kotlin/reflect/jvm/internal/impl/descriptors/runtime/components/ReflectKotlinClassKt
instanceKlass kotlin/reflect/jvm/internal/impl/load/kotlin/KotlinJvmBinaryClass$AnnotationArrayArgumentVisitor
instanceKlass kotlin/reflect/jvm/internal/impl/load/kotlin/header/ReadKotlinClassHeaderAnnotationVisitor$KotlinMetadataArgumentVisitor
instanceKlass java/lang/annotation/Documented
instanceKlass java/lang/Deprecated
instanceKlass kotlin/reflect/jvm/internal/impl/resolve/jvm/JvmClassName
instanceKlass kotlin/reflect/jvm/internal/impl/load/java/JvmAnnotationNames
instanceKlass kotlin/reflect/jvm/internal/impl/descriptors/runtime/components/ReflectAnnotationSource
instanceKlass java/lang/Class$AnnotationData
instanceKlass java/lang/annotation/Target
instanceKlass java/lang/reflect/Proxy$ProxyBuilder$1
instanceKlass jdk/internal/org/objectweb/asm/Edge
instanceKlass java/lang/reflect/ProxyGenerator$PrimitiveTypeInfo
instanceKlass java/util/StringJoiner
instanceKlass java/lang/reflect/ProxyGenerator$ProxyMethod
instanceKlass java/lang/WeakPairMap$Pair$Lookup
instanceKlass java/lang/WeakPairMap$Pair
instanceKlass java/lang/WeakPairMap
instanceKlass java/lang/Module$ReflectionData
instanceKlass jdk/internal/module/Checks
instanceKlass java/lang/module/ModuleDescriptor$Builder
instanceKlass java/lang/PublicMethods
instanceKlass java/lang/reflect/Proxy$ProxyBuilder
instanceKlass java/lang/ClassValue$Version
instanceKlass java/lang/ClassValue$Identity
instanceKlass java/lang/ClassValue
instanceKlass java/lang/reflect/Proxy
instanceKlass sun/reflect/annotation/AnnotationInvocationHandler
instanceKlass java/lang/reflect/InvocationHandler
instanceKlass sun/reflect/annotation/AnnotationParser$1
instanceKlass kotlin/annotation/Target
instanceKlass kotlin/annotation/Retention
instanceKlass java/lang/annotation/Inherited
instanceKlass java/lang/annotation/Retention
instanceKlass sun/reflect/annotation/ExceptionProxy
instanceKlass sun/reflect/annotation/AnnotationType$1
instanceKlass sun/reflect/annotation/AnnotationType
instanceKlass java/lang/reflect/GenericArrayType
instanceKlass kotlin/Metadata
instanceKlass sun/reflect/generics/visitor/Reifier
instanceKlass sun/reflect/generics/visitor/TypeTreeVisitor
instanceKlass sun/reflect/generics/factory/CoreReflectionFactory
instanceKlass sun/reflect/generics/factory/GenericsFactory
instanceKlass sun/reflect/generics/scope/AbstractScope
instanceKlass sun/reflect/generics/scope/Scope
instanceKlass sun/reflect/generics/tree/ClassTypeSignature
instanceKlass sun/reflect/generics/tree/SimpleClassTypeSignature
instanceKlass sun/reflect/generics/tree/FieldTypeSignature
instanceKlass sun/reflect/generics/tree/BaseType
instanceKlass sun/reflect/generics/tree/TypeSignature
instanceKlass sun/reflect/generics/tree/ReturnType
instanceKlass sun/reflect/generics/tree/TypeArgument
instanceKlass sun/reflect/generics/tree/TypeTree
instanceKlass sun/reflect/generics/tree/Tree
instanceKlass sun/reflect/generics/parser/SignatureParser
instanceKlass kotlin/reflect/jvm/internal/impl/descriptors/runtime/components/ReflectClassStructure
instanceKlass kotlin/reflect/jvm/internal/impl/load/kotlin/KotlinJvmBinaryClass$AnnotationArgumentVisitor
instanceKlass kotlin/reflect/jvm/internal/impl/load/kotlin/header/ReadKotlinClassHeaderAnnotationVisitor
instanceKlass kotlin/reflect/jvm/internal/impl/load/kotlin/KotlinJvmBinaryClass$AnnotationVisitor
instanceKlass kotlin/reflect/jvm/internal/impl/descriptors/runtime/components/ReflectKotlinClass$Factory
instanceKlass kotlin/reflect/jvm/internal/impl/descriptors/runtime/components/ReflectKotlinClass
instanceKlass kotlin/reflect/jvm/internal/impl/load/kotlin/KotlinJvmBinaryClass
instanceKlass kotlin/reflect/jvm/internal/impl/descriptors/runtime/components/ReflectJavaClassFinderKt
instanceKlass kotlin/reflect/jvm/internal/impl/descriptors/runtime/components/ReflectKotlinClassFinderKt
instanceKlass kotlin/reflect/jvm/internal/impl/load/java/lazy/descriptors/LazyJavaPackageScope$FindClassRequest
instanceKlass kotlin/reflect/jvm/internal/impl/incremental/UtilsKt
instanceKlass kotlin/reflect/jvm/internal/impl/resolve/scopes/ChainedMemberScope$Companion
instanceKlass kotlin/reflect/jvm/internal/impl/resolve/scopes/ChainedMemberScope
instanceKlass kotlin/reflect/jvm/internal/impl/load/java/lazy/LazyJavaAnnotations
instanceKlass kotlin/reflect/jvm/internal/impl/load/java/lazy/LazyJavaAnnotationsKt
instanceKlass kotlin/reflect/jvm/internal/impl/load/java/lazy/descriptors/JvmPackageScope
instanceKlass kotlin/UnsafeLazyImpl
instanceKlass kotlin/reflect/jvm/internal/impl/load/java/lazy/ContextKt
instanceKlass kotlin/reflect/jvm/internal/impl/storage/LockBasedStorageManager$KeyWithComputation
instanceKlass kotlin/reflect/jvm/internal/impl/descriptors/runtime/structure/ReflectJavaElement
instanceKlass kotlin/reflect/jvm/internal/impl/load/java/structure/JavaPackage
instanceKlass kotlin/reflect/jvm/internal/impl/load/java/structure/JavaAnnotationOwner
instanceKlass kotlin/reflect/jvm/internal/impl/load/java/structure/JavaElement
instanceKlass kotlin/reflect/jvm/internal/impl/descriptors/PackageFragmentProviderKt
instanceKlass java/util/Collections$1
instanceKlass java/util/regex/IntHashSet
instanceKlass java/util/regex/Matcher
instanceKlass java/util/regex/MatchResult
instanceKlass kotlin/reflect/jvm/internal/impl/resolve/scopes/AbstractScopeAdapter
instanceKlass kotlin/reflect/jvm/internal/impl/resolve/ResolutionAnchorProviderKt
instanceKlass kotlin/reflect/jvm/internal/impl/descriptors/FindClassInModuleKt
instanceKlass kotlin/reflect/jvm/internal/impl/descriptors/runtime/components/PackagePartScopeCache
instanceKlass kotlin/reflect/jvm/internal/impl/load/kotlin/DeserializationComponentsForJava$Companion$ModuleData
instanceKlass kotlin/reflect/jvm/internal/impl/descriptors/impl/CompositePackageFragmentProvider
instanceKlass kotlin/reflect/jvm/internal/impl/descriptors/impl/ModuleDependenciesImpl
instanceKlass kotlin/reflect/jvm/internal/impl/descriptors/impl/ModuleDependencies
instanceKlass kotlin/reflect/jvm/internal/impl/builtins/jvm/JvmBuiltInClassDescriptorFactory$Companion
instanceKlass kotlin/reflect/jvm/internal/impl/builtins/jvm/JvmBuiltInClassDescriptorFactory
instanceKlass kotlin/reflect/jvm/internal/impl/builtins/functions/BuiltInFictitiousFunctionClassFactory
instanceKlass kotlin/reflect/jvm/internal/impl/descriptors/deserialization/ClassDescriptorFactory
instanceKlass kotlin/reflect/jvm/internal/impl/serialization/deserialization/FlexibleTypeDeserializer$ThrowException
instanceKlass kotlin/reflect/jvm/internal/impl/serialization/deserialization/ErrorReporter$1
instanceKlass kotlin/reflect/jvm/internal/impl/metadata/ProtoBuf$EnumEntryOrBuilder
instanceKlass kotlin/reflect/jvm/internal/impl/metadata/ProtoBuf$Annotation$Argument$Value$Type$1
instanceKlass kotlin/reflect/jvm/internal/impl/metadata/ProtoBuf$Annotation$Argument$ValueOrBuilder
instanceKlass kotlin/reflect/jvm/internal/impl/metadata/builtins/BuiltInsProtoBuf
instanceKlass kotlin/reflect/jvm/internal/impl/serialization/SerializerExtensionProtocol
instanceKlass kotlin/reflect/jvm/internal/impl/serialization/deserialization/AnnotationAndConstantLoaderImpl
instanceKlass kotlin/reflect/jvm/internal/impl/serialization/deserialization/DeserializedClassDataFinder
instanceKlass kotlin/reflect/jvm/internal/impl/builtins/jvm/JvmBuiltInsPackageFragmentProvider$Companion
instanceKlass kotlin/reflect/jvm/internal/impl/serialization/deserialization/AbstractDeserializedPackageFragmentProvider
instanceKlass kotlin/reflect/jvm/internal/impl/resolve/jvm/JavaDescriptorResolver
instanceKlass kotlin/reflect/jvm/internal/impl/serialization/deserialization/ClassDeserializer$Companion
instanceKlass kotlin/reflect/jvm/internal/impl/serialization/deserialization/ClassDeserializer
instanceKlass kotlin/reflect/jvm/internal/impl/descriptors/deserialization/PlatformDependentTypeTransformer$None
instanceKlass kotlin/reflect/jvm/internal/impl/descriptors/deserialization/PlatformDependentTypeTransformer
instanceKlass kotlin/reflect/jvm/internal/impl/protobuf/ExtensionRegistryLite$ObjectIntPair
instanceKlass kotlin/reflect/jvm/internal/impl/metadata/ProtoBuf$PackageOrBuilder
instanceKlass kotlin/reflect/jvm/internal/impl/metadata/ProtoBuf$VersionRequirementTableOrBuilder
instanceKlass kotlin/reflect/jvm/internal/impl/metadata/ProtoBuf$ClassOrBuilder
instanceKlass kotlin/reflect/jvm/internal/impl/metadata/ProtoBuf$TypeParameter$Variance$1
instanceKlass kotlin/reflect/jvm/internal/impl/protobuf/Internal$EnumLiteMap
instanceKlass kotlin/reflect/jvm/internal/impl/metadata/ProtoBuf$TypeParameterOrBuilder
instanceKlass kotlin/reflect/jvm/internal/impl/metadata/ProtoBuf$AnnotationOrBuilder
instanceKlass kotlin/reflect/jvm/internal/impl/metadata/jvm/JvmProtoBuf$JvmFieldSignatureOrBuilder
instanceKlass kotlin/reflect/jvm/internal/impl/metadata/jvm/JvmProtoBuf$JvmPropertySignatureOrBuilder
instanceKlass kotlin/reflect/jvm/internal/impl/metadata/ProtoBuf$ValueParameterOrBuilder
instanceKlass kotlin/reflect/jvm/internal/impl/metadata/ProtoBuf$PropertyOrBuilder
instanceKlass kotlin/reflect/jvm/internal/impl/metadata/ProtoBuf$ContractOrBuilder
instanceKlass kotlin/reflect/jvm/internal/impl/metadata/ProtoBuf$TypeTableOrBuilder
instanceKlass kotlin/reflect/jvm/internal/impl/metadata/ProtoBuf$TypeOrBuilder
instanceKlass kotlin/reflect/jvm/internal/impl/metadata/ProtoBuf$FunctionOrBuilder
instanceKlass kotlin/reflect/jvm/internal/impl/protobuf/Internal$EnumLite
instanceKlass kotlin/reflect/jvm/internal/impl/protobuf/GeneratedMessageLite$ExtensionDescriptor
instanceKlass kotlin/reflect/jvm/internal/impl/protobuf/GeneratedMessageLite$GeneratedExtension
instanceKlass java/lang/Long$LongCache
instanceKlass kotlin/reflect/jvm/internal/impl/metadata/jvm/JvmProtoBuf$JvmMethodSignatureOrBuilder
instanceKlass kotlin/reflect/jvm/internal/impl/protobuf/ByteString$ByteIterator
instanceKlass kotlin/reflect/jvm/internal/impl/protobuf/ByteString
instanceKlass kotlin/reflect/jvm/internal/impl/protobuf/SmallSortedMap$EmptySet$2
instanceKlass kotlin/reflect/jvm/internal/impl/protobuf/SmallSortedMap$EmptySet$1
instanceKlass kotlin/reflect/jvm/internal/impl/protobuf/SmallSortedMap$EmptySet
instanceKlass kotlin/reflect/jvm/internal/impl/protobuf/LazyFieldLite
instanceKlass kotlin/reflect/jvm/internal/impl/protobuf/FieldSet
instanceKlass kotlin/reflect/jvm/internal/impl/protobuf/AbstractParser
instanceKlass kotlin/reflect/jvm/internal/impl/protobuf/MessageLite$Builder
instanceKlass kotlin/reflect/jvm/internal/impl/protobuf/Parser
instanceKlass kotlin/reflect/jvm/internal/impl/protobuf/FieldSet$FieldDescriptorLite
instanceKlass kotlin/reflect/jvm/internal/impl/protobuf/AbstractMessageLite
instanceKlass kotlin/reflect/jvm/internal/impl/metadata/ProtoBuf$ConstructorOrBuilder
instanceKlass kotlin/reflect/jvm/internal/impl/protobuf/GeneratedMessageLite$ExtendableMessageOrBuilder
instanceKlass kotlin/reflect/jvm/internal/impl/protobuf/MessageLite
instanceKlass kotlin/reflect/jvm/internal/impl/protobuf/MessageLiteOrBuilder
instanceKlass kotlin/reflect/jvm/internal/impl/metadata/jvm/JvmProtoBuf
instanceKlass kotlin/reflect/jvm/internal/impl/protobuf/ExtensionRegistryLite
instanceKlass kotlin/reflect/jvm/internal/impl/metadata/jvm/deserialization/JvmProtoBufUtil
instanceKlass kotlin/reflect/jvm/internal/impl/utils/WrappedValues$ThrowableWrapper
instanceKlass kotlin/reflect/jvm/internal/impl/types/KotlinTypeFactory
instanceKlass java/util/Collections$UnmodifiableCollection$1
instanceKlass kotlin/reflect/jvm/internal/impl/descriptors/FieldDescriptor
instanceKlass kotlin/reflect/jvm/internal/impl/descriptors/PropertySetterDescriptor
instanceKlass kotlin/reflect/jvm/internal/impl/descriptors/PropertyGetterDescriptor
instanceKlass kotlin/reflect/jvm/internal/impl/types/ErrorUtils$2
instanceKlass kotlin/reflect/jvm/internal/impl/types/ErrorUtils$ErrorScope
instanceKlass kotlin/reflect/jvm/internal/impl/util/ModuleVisibilityHelper$EMPTY
instanceKlass kotlin/reflect/jvm/internal/impl/descriptors/DescriptorVisibilities$12
instanceKlass kotlin/reflect/jvm/internal/impl/descriptors/DescriptorVisibilities$11
instanceKlass kotlin/reflect/jvm/internal/impl/descriptors/DescriptorVisibilities$10
instanceKlass kotlin/reflect/jvm/internal/impl/util/ModuleVisibilityHelper
instanceKlass kotlin/reflect/jvm/internal/impl/descriptors/DescriptorVisibility
instanceKlass kotlin/reflect/jvm/internal/impl/descriptors/Visibility
instanceKlass kotlin/reflect/jvm/internal/impl/descriptors/DescriptorVisibilities
instanceKlass kotlin/reflect/jvm/internal/impl/resolve/scopes/receivers/ReceiverValue
instanceKlass kotlin/reflect/jvm/internal/impl/descriptors/FunctionDescriptor$CopyBuilder
instanceKlass kotlin/reflect/jvm/internal/impl/descriptors/ClassConstructorDescriptor
instanceKlass kotlin/reflect/jvm/internal/impl/descriptors/ConstructorDescriptor
instanceKlass kotlin/reflect/jvm/internal/impl/types/ErrorUtils$1
instanceKlass kotlin/reflect/jvm/internal/impl/descriptors/SimpleFunctionDescriptor
instanceKlass kotlin/reflect/jvm/internal/impl/descriptors/PropertyDescriptor
instanceKlass kotlin/reflect/jvm/internal/impl/descriptors/VariableDescriptorWithAccessors
instanceKlass kotlin/reflect/jvm/internal/impl/descriptors/VariableDescriptor
instanceKlass kotlin/reflect/jvm/internal/impl/types/ErrorUtils
instanceKlass kotlin/reflect/jvm/internal/impl/types/TypeProjection
instanceKlass kotlin/reflect/jvm/internal/impl/types/model/TypeArgumentMarker
instanceKlass kotlin/reflect/jvm/internal/impl/types/TypeUtils
instanceKlass kotlin/reflect/jvm/internal/impl/descriptors/impl/AbstractClassDescriptor$1$1
instanceKlass kotlin/reflect/jvm/internal/impl/types/checker/KotlinTypeRefinerKt
instanceKlass kotlin/reflect/jvm/internal/impl/resolve/descriptorUtil/DescriptorUtilsKt
instanceKlass kotlin/reflect/jvm/internal/impl/resolve/DescriptorUtils
instanceKlass kotlin/reflect/jvm/internal/impl/resolve/scopes/MemberScopeImpl
instanceKlass kotlin/reflect/jvm/internal/impl/types/ClassifierBasedTypeConstructor
instanceKlass kotlin/reflect/jvm/internal/impl/descriptors/ReceiverParameterDescriptor
instanceKlass kotlin/reflect/jvm/internal/impl/descriptors/ParameterDescriptor
instanceKlass kotlin/reflect/jvm/internal/impl/descriptors/ValueDescriptor
instanceKlass kotlin/reflect/jvm/internal/impl/descriptors/impl/AbstractClassDescriptor$3
instanceKlass kotlin/reflect/jvm/internal/impl/descriptors/impl/AbstractClassDescriptor$2
instanceKlass kotlin/reflect/jvm/internal/impl/descriptors/impl/AbstractClassDescriptor$1
instanceKlass kotlin/reflect/jvm/internal/impl/descriptors/Modality$Companion
instanceKlass kotlin/reflect/jvm/internal/impl/descriptors/impl/ModuleAwareClassDescriptor$Companion
instanceKlass kotlin/reflect/jvm/internal/impl/types/TypeConstructor
instanceKlass kotlin/reflect/jvm/internal/impl/types/model/TypeConstructorMarker
instanceKlass kotlin/reflect/jvm/internal/impl/resolve/scopes/MemberScope
instanceKlass kotlin/reflect/jvm/internal/impl/resolve/scopes/ResolutionScope
instanceKlass kotlin/reflect/jvm/internal/impl/descriptors/impl/ModuleAwareClassDescriptor
instanceKlass kotlin/reflect/jvm/internal/impl/descriptors/ClassDescriptor
instanceKlass kotlin/reflect/jvm/internal/impl/descriptors/ClassifierDescriptorWithTypeParameters
instanceKlass kotlin/reflect/jvm/internal/impl/descriptors/PackageViewDescriptor
instanceKlass kotlin/reflect/jvm/internal/impl/renderer/RenderingUtilsKt
instanceKlass kotlin/reflect/jvm/internal/impl/descriptors/ModuleDescriptor$DefaultImpls
instanceKlass kotlin/reflect/jvm/internal/impl/renderer/DescriptorRendererImpl$RenderDeclarationDescriptorVisitor
instanceKlass kotlin/reflect/jvm/internal/impl/descriptors/DeclarationDescriptorVisitor
instanceKlass kotlin/reflect/jvm/internal/impl/renderer/ClassifierNamePolicy$FULLY_QUALIFIED
instanceKlass kotlin/reflect/jvm/internal/impl/renderer/ClassifierNamePolicy$SHORT
instanceKlass kotlin/reflect/jvm/internal/impl/renderer/ExcludedTypeAnnotations
instanceKlass kotlin/reflect/jvm/internal/impl/renderer/DescriptorRenderer$ValueParametersHandler$DEFAULT
instanceKlass kotlin/reflect/jvm/internal/impl/renderer/DescriptorRenderer$ValueParametersHandler
instanceKlass kotlin/reflect/jvm/internal/impl/renderer/DescriptorRendererModifier$Companion
instanceKlass kotlin/properties/ObservableProperty
instanceKlass kotlin/properties/Delegates
instanceKlass kotlin/reflect/jvm/internal/impl/renderer/ClassifierNamePolicy$SOURCE_CODE_QUALIFIED
instanceKlass kotlin/reflect/jvm/internal/impl/renderer/ClassifierNamePolicy
instanceKlass kotlin/reflect/jvm/internal/impl/renderer/DescriptorRendererOptionsImpl
instanceKlass kotlin/reflect/jvm/internal/impl/renderer/DescriptorRendererOptions
instanceKlass kotlin/reflect/jvm/internal/impl/renderer/DescriptorRenderer$Companion
instanceKlass kotlin/reflect/jvm/internal/impl/renderer/DescriptorRenderer
instanceKlass kotlin/reflect/jvm/internal/impl/descriptors/SourceElement$1
instanceKlass kotlin/reflect/jvm/internal/impl/descriptors/SourceElement
instanceKlass kotlin/reflect/jvm/internal/impl/descriptors/PackageFragmentDescriptor
instanceKlass kotlin/reflect/jvm/internal/impl/descriptors/ClassOrPackageFragmentDescriptor
instanceKlass kotlin/reflect/jvm/internal/impl/builtins/jvm/JavaToKotlinClassMapper
instanceKlass kotlin/reflect/jvm/internal/impl/builtins/jvm/JvmBuiltInsCustomizer
instanceKlass kotlin/reflect/jvm/internal/impl/storage/StorageKt
instanceKlass kotlin/reflect/jvm/internal/impl/load/kotlin/JavaFlexibleTypeDeserializer
instanceKlass kotlin/reflect/jvm/internal/impl/serialization/deserialization/FlexibleTypeDeserializer
instanceKlass kotlin/reflect/jvm/internal/impl/serialization/deserialization/LocalClassifierTypeSettings$Default
instanceKlass kotlin/reflect/jvm/internal/impl/serialization/deserialization/LocalClassifierTypeSettings
instanceKlass kotlin/reflect/jvm/internal/impl/serialization/deserialization/DeserializationComponents
instanceKlass kotlin/reflect/jvm/internal/impl/serialization/deserialization/ContractDeserializer$Companion$DEFAULT$1
instanceKlass kotlin/reflect/jvm/internal/impl/serialization/deserialization/ContractDeserializer$Companion
instanceKlass kotlin/reflect/jvm/internal/impl/serialization/deserialization/ContractDeserializer
instanceKlass kotlin/reflect/jvm/internal/impl/serialization/deserialization/DeserializationConfiguration$Default
instanceKlass kotlin/reflect/jvm/internal/impl/serialization/deserialization/DeserializationConfiguration
instanceKlass kotlin/reflect/jvm/internal/impl/resolve/constants/ConstantValue
instanceKlass kotlin/reflect/jvm/internal/impl/serialization/deserialization/AnnotationDeserializer
instanceKlass kotlin/reflect/jvm/internal/impl/load/kotlin/AbstractBinaryClassAnnotationAndConstantLoader
instanceKlass kotlin/reflect/jvm/internal/impl/serialization/deserialization/AnnotationAndConstantLoader
instanceKlass kotlin/reflect/jvm/internal/impl/load/kotlin/JavaClassDataFinder
instanceKlass kotlin/reflect/jvm/internal/impl/serialization/deserialization/ClassDataFinder
instanceKlass kotlin/reflect/jvm/internal/impl/load/java/lazy/types/JavaTypeAttributes
instanceKlass kotlin/reflect/jvm/internal/impl/load/java/lazy/types/JavaTypeResolverKt
instanceKlass kotlin/reflect/jvm/internal/impl/load/java/lazy/types/RawSubstitution$Companion
instanceKlass kotlin/reflect/jvm/internal/impl/types/TypeSubstitution$Companion
instanceKlass kotlin/reflect/jvm/internal/impl/types/TypeSubstitution
instanceKlass kotlin/reflect/jvm/internal/impl/load/java/lazy/types/TypeParameterUpperBoundEraser
instanceKlass kotlin/reflect/jvm/internal/impl/load/java/lazy/types/JavaTypeResolver
instanceKlass kotlin/InitializedLazyImpl
instanceKlass kotlin/reflect/jvm/internal/impl/load/java/lazy/TypeParameterResolver$EMPTY
instanceKlass kotlin/reflect/jvm/internal/impl/load/java/lazy/TypeParameterResolver
instanceKlass kotlin/reflect/jvm/internal/impl/load/java/lazy/LazyJavaResolverContext
instanceKlass kotlin/reflect/jvm/internal/impl/load/java/lazy/LazyJavaPackageFragmentProvider
instanceKlass kotlin/reflect/jvm/internal/impl/descriptors/PackageFragmentProviderOptimized
instanceKlass kotlin/reflect/jvm/internal/impl/descriptors/PackageFragmentProvider
instanceKlass kotlin/reflect/jvm/internal/impl/resolve/jvm/CompositeSyntheticJavaPartsProvider
instanceKlass kotlin/reflect/jvm/internal/impl/resolve/jvm/SyntheticJavaPartsProvider$Companion
instanceKlass kotlin/reflect/jvm/internal/impl/resolve/jvm/SyntheticJavaPartsProvider
instanceKlass kotlin/reflect/jvm/internal/impl/load/kotlin/DeserializationComponentsForJavaKt$makeLazyJavaPackageFragmentProvider$javaResolverComponents$1
instanceKlass kotlin/reflect/jvm/internal/impl/load/java/lazy/JavaModuleAnnotationsProvider
instanceKlass kotlin/reflect/jvm/internal/impl/resolve/OverridingUtil$1
instanceKlass kotlin/reflect/jvm/internal/impl/load/java/JavaIncompatibilityRulesOverridabilityCondition$Companion
instanceKlass kotlin/reflect/jvm/internal/impl/load/java/JavaIncompatibilityRulesOverridabilityCondition
instanceKlass kotlin/reflect/jvm/internal/impl/load/java/ErasedOverridabilityCondition
instanceKlass java/util/ServiceLoader$ProviderImpl
instanceKlass java/util/ServiceLoader$Provider
instanceKlass java/util/ServiceLoader$1
instanceKlass kotlin/reflect/jvm/internal/impl/load/java/FieldOverridabilityCondition
instanceKlass sun/net/www/MessageHeader
instanceKlass sun/net/www/protocol/jar/JarFileFactory
instanceKlass sun/net/www/protocol/jar/URLJarFile$URLJarFileCloseController
instanceKlass java/net/URLConnection
instanceKlass jdk/internal/loader/URLClassPath$1
instanceKlass java/lang/CompoundEnumeration
instanceKlass jdk/internal/loader/BuiltinClassLoader$1
instanceKlass java/util/Collections$EmptyEnumeration
instanceKlass java/util/Collections$EmptyIterator
instanceKlass java/util/ServiceLoader$3
instanceKlass java/util/ServiceLoader$2
instanceKlass java/util/ServiceLoader$LazyClassPathLookupIterator
instanceKlass java/util/Spliterators$1Adapter
instanceKlass java/util/function/Consumer
instanceKlass sun/reflect/annotation/AnnotationParser
instanceKlass java/util/stream/StreamOpFlag$MaskBuilder
instanceKlass java/util/stream/Stream
instanceKlass java/util/stream/BaseStream
instanceKlass java/util/stream/PipelineHelper
instanceKlass java/util/stream/StreamSupport
instanceKlass java/util/Spliterators$ArraySpliterator
instanceKlass java/util/Spliterator$OfDouble
instanceKlass java/util/Spliterator$OfLong
instanceKlass java/util/Spliterator$OfInt
instanceKlass java/util/Spliterator$OfPrimitive
instanceKlass java/util/Spliterator
instanceKlass java/util/Spliterators$EmptySpliterator
instanceKlass java/util/Spliterators
instanceKlass java/util/ServiceLoader$ModuleServicesLookupIterator
instanceKlass java/util/ServiceLoader
instanceKlass kotlin/reflect/jvm/internal/impl/resolve/ExternalOverridabilityCondition
instanceKlass kotlin/reflect/jvm/internal/impl/descriptors/PropertyAccessorDescriptor
instanceKlass kotlin/reflect/jvm/internal/impl/descriptors/VariableAccessorDescriptor
instanceKlass kotlin/reflect/jvm/internal/impl/descriptors/FunctionDescriptor
instanceKlass kotlin/reflect/jvm/internal/impl/descriptors/CallableMemberDescriptor
instanceKlass kotlin/reflect/jvm/internal/impl/descriptors/MemberDescriptor
instanceKlass kotlin/reflect/jvm/internal/impl/descriptors/CallableDescriptor
instanceKlass kotlin/reflect/jvm/internal/impl/descriptors/Substitutable
instanceKlass kotlin/reflect/jvm/internal/impl/descriptors/DeclarationDescriptorWithVisibility
instanceKlass kotlin/reflect/jvm/internal/impl/types/checker/KotlinTypeChecker$TypeConstructorEquality
instanceKlass kotlin/reflect/jvm/internal/impl/resolve/OverridingUtil
instanceKlass kotlin/reflect/jvm/internal/impl/types/AbstractTypePreparator
instanceKlass kotlin/reflect/jvm/internal/impl/types/AbstractTypeRefiner
instanceKlass kotlin/reflect/jvm/internal/impl/types/checker/NewKotlinTypeCheckerImpl
instanceKlass kotlin/reflect/jvm/internal/impl/types/checker/NewKotlinTypeChecker$Companion
instanceKlass kotlin/reflect/jvm/internal/impl/types/checker/NewKotlinTypeChecker
instanceKlass kotlin/reflect/jvm/internal/impl/types/checker/KotlinTypeChecker
instanceKlass kotlin/reflect/jvm/internal/impl/load/java/JavaClassesTracker$Default
instanceKlass kotlin/reflect/jvm/internal/impl/load/java/JavaClassesTracker
instanceKlass kotlin/reflect/jvm/internal/impl/load/java/lazy/JavaResolverSettings$Default
instanceKlass kotlin/reflect/jvm/internal/impl/load/java/lazy/JavaResolverSettings
instanceKlass kotlin/reflect/jvm/internal/impl/load/java/typeEnhancement/JavaTypeEnhancement
instanceKlass kotlin/reflect/jvm/internal/impl/load/java/typeEnhancement/SignatureEnhancement
instanceKlass kotlin/reflect/jvm/internal/impl/builtins/ReflectionTypes$ClassLookup
instanceKlass kotlin/reflect/jvm/internal/impl/builtins/ReflectionTypes$Companion
instanceKlass kotlin/reflect/jvm/internal/impl/builtins/ReflectionTypes
instanceKlass kotlin/reflect/jvm/internal/impl/incremental/components/LookupTracker$DO_NOTHING
instanceKlass kotlin/reflect/jvm/internal/impl/incremental/components/LookupTracker
instanceKlass kotlin/reflect/jvm/internal/impl/descriptors/SupertypeLoopChecker$EMPTY
instanceKlass kotlin/reflect/jvm/internal/impl/descriptors/SupertypeLoopChecker
instanceKlass kotlin/reflect/jvm/internal/impl/storage/LockBasedStorageManager$CacheWithNullableValuesBasedOnMemoizedFunction$1
instanceKlass kotlin/reflect/jvm/internal/impl/resolve/sam/SamConversionResolverImpl
instanceKlass kotlin/reflect/jvm/internal/impl/resolve/sam/SamConversionResolver
instanceKlass kotlin/reflect/jvm/internal/impl/load/java/components/JavaPropertyInitializerEvaluator$DoNothing
instanceKlass kotlin/reflect/jvm/internal/impl/load/java/components/JavaPropertyInitializerEvaluator
instanceKlass kotlin/reflect/jvm/internal/impl/load/java/components/JavaResolverCache$1
instanceKlass kotlin/reflect/jvm/internal/impl/load/java/components/JavaResolverCache
instanceKlass kotlin/reflect/jvm/internal/impl/load/java/components/SignaturePropagator$1
instanceKlass kotlin/reflect/jvm/internal/impl/load/java/components/SignaturePropagator
instanceKlass kotlin/reflect/jvm/internal/impl/load/java/lazy/JavaResolverComponents
instanceKlass kotlin/reflect/jvm/internal/impl/utils/WrappedValues$1
instanceKlass kotlin/reflect/jvm/internal/impl/utils/WrappedValues
instanceKlass kotlin/collections/EmptyIterator
instanceKlass kotlin/collections/EmptySet
instanceKlass kotlin/reflect/jvm/internal/impl/load/java/NullabilityAnnotationStates$Companion
instanceKlass kotlin/reflect/jvm/internal/impl/load/java/Jsr305Settings
instanceKlass kotlin/internal/ProgressionUtilKt
instanceKlass kotlin/ranges/IntRange$Companion
instanceKlass kotlin/ranges/IntProgression$Companion
instanceKlass kotlin/ranges/IntProgression
instanceKlass kotlin/ranges/OpenEndRange
instanceKlass kotlin/ranges/ClosedRange
instanceKlass kotlin/KotlinVersionCurrentValue
instanceKlass kotlin/KotlinVersion$Companion
instanceKlass kotlin/KotlinVersion
instanceKlass kotlin/reflect/jvm/internal/impl/load/java/ReportLevel$Companion
instanceKlass kotlin/reflect/jvm/internal/impl/load/java/JavaNullabilityAnnotationsStatus$Companion
instanceKlass kotlin/reflect/jvm/internal/impl/load/java/JavaNullabilityAnnotationsStatus
instanceKlass kotlin/reflect/jvm/internal/impl/load/java/NullabilityAnnotationStatesImpl
instanceKlass kotlin/reflect/jvm/internal/impl/load/java/NullabilityAnnotationStates
instanceKlass kotlin/reflect/jvm/internal/impl/load/java/JavaNullabilityAnnotationSettingsKt
instanceKlass kotlin/reflect/jvm/internal/impl/load/java/JavaTypeEnhancementState$Companion
instanceKlass kotlin/reflect/jvm/internal/impl/load/java/JavaTypeEnhancementState
instanceKlass kotlin/reflect/jvm/internal/impl/load/java/AnnotationTypeQualifierResolver
instanceKlass kotlin/reflect/jvm/internal/impl/load/kotlin/PackagePartProvider$Empty
instanceKlass kotlin/reflect/jvm/internal/impl/load/kotlin/PackagePartProvider
instanceKlass kotlin/reflect/jvm/internal/impl/load/kotlin/DeserializationComponentsForJavaKt
instanceKlass kotlin/reflect/jvm/internal/impl/descriptors/NotFoundClasses
instanceKlass kotlin/reflect/jvm/internal/impl/load/java/lazy/SingleModuleClassResolver
instanceKlass kotlin/reflect/jvm/internal/impl/load/java/lazy/ModuleClassResolver
instanceKlass kotlin/reflect/jvm/internal/impl/metadata/jvm/deserialization/JvmMetadataVersion$Companion
instanceKlass kotlin/reflect/jvm/internal/impl/metadata/deserialization/BinaryVersion$Companion
instanceKlass kotlin/reflect/jvm/internal/impl/metadata/deserialization/BinaryVersion
instanceKlass kotlin/ranges/RangesKt__RangesKt
instanceKlass kotlin/reflect/jvm/internal/impl/load/kotlin/header/KotlinClassHeader$Kind$Companion
instanceKlass kotlin/reflect/jvm/internal/impl/load/kotlin/DeserializedDescriptorResolver$Companion
instanceKlass kotlin/reflect/jvm/internal/impl/load/kotlin/DeserializedDescriptorResolver
instanceKlass kotlin/reflect/jvm/internal/impl/builtins/KotlinBuiltIns$4
instanceKlass kotlin/SynchronizedLazyImpl
instanceKlass kotlin/reflect/jvm/internal/impl/descriptors/impl/PackageViewDescriptorFactory$Default
instanceKlass kotlin/reflect/jvm/internal/impl/descriptors/ModuleCapability
instanceKlass kotlin/reflect/jvm/internal/impl/descriptors/impl/PackageViewDescriptorFactory$Companion
instanceKlass kotlin/reflect/jvm/internal/impl/descriptors/impl/PackageViewDescriptorFactory
instanceKlass kotlin/reflect/jvm/internal/impl/descriptors/annotations/Annotations$Companion$EMPTY$1
instanceKlass kotlin/reflect/jvm/internal/impl/descriptors/annotations/Annotations$Companion
instanceKlass kotlin/reflect/jvm/internal/impl/descriptors/annotations/Annotations
instanceKlass kotlin/collections/EmptyMap
instanceKlass kotlin/reflect/jvm/internal/impl/descriptors/annotations/AnnotatedImpl
instanceKlass kotlin/reflect/jvm/internal/impl/builtins/jvm/JvmBuiltIns$WhenMappings
instanceKlass kotlin/reflect/jvm/internal/impl/storage/LockBasedStorageManager$MapBasedMemoizedFunction
instanceKlass kotlin/reflect/jvm/internal/impl/builtins/KotlinBuiltIns$3
instanceKlass kotlin/reflect/jvm/internal/impl/builtins/KotlinBuiltIns$2
instanceKlass kotlin/reflect/jvm/internal/impl/storage/LockBasedStorageManager$LockBasedLazyValue
instanceKlass kotlin/reflect/jvm/internal/impl/builtins/KotlinBuiltIns$1
instanceKlass kotlin/reflect/jvm/internal/impl/incremental/components/LookupLocation
instanceKlass kotlin/reflect/jvm/internal/impl/descriptors/ClassifierDescriptor
instanceKlass kotlin/reflect/jvm/internal/impl/descriptors/DeclarationDescriptorNonRoot
instanceKlass kotlin/reflect/jvm/internal/impl/descriptors/DeclarationDescriptorWithSource
instanceKlass kotlin/reflect/jvm/internal/impl/descriptors/ModuleDescriptor
instanceKlass kotlin/reflect/jvm/internal/impl/types/model/TypeArgumentListMarker
instanceKlass kotlin/reflect/jvm/internal/impl/types/model/SimpleTypeMarker
instanceKlass kotlin/reflect/jvm/internal/impl/types/KotlinType
instanceKlass kotlin/reflect/jvm/internal/impl/types/model/KotlinTypeMarker
instanceKlass kotlin/reflect/jvm/internal/impl/descriptors/deserialization/AdditionalClassPartsProvider
instanceKlass kotlin/reflect/jvm/internal/impl/descriptors/deserialization/PlatformDependentDeclarationFilter
instanceKlass kotlin/reflect/jvm/internal/impl/descriptors/DeclarationDescriptor
instanceKlass kotlin/reflect/jvm/internal/impl/descriptors/annotations/Annotated
instanceKlass kotlin/reflect/jvm/internal/impl/descriptors/Named
instanceKlass kotlin/reflect/jvm/internal/impl/builtins/KotlinBuiltIns
instanceKlass kotlin/reflect/jvm/internal/impl/storage/DefaultSimpleLock
instanceKlass kotlin/reflect/jvm/internal/impl/storage/SimpleLock$Companion
instanceKlass kotlin/reflect/jvm/internal/impl/storage/EmptySimpleLock
instanceKlass kotlin/reflect/jvm/internal/impl/storage/LockBasedStorageManager$ExceptionHandlingStrategy$1
instanceKlass kotlin/reflect/jvm/internal/impl/storage/LockBasedStorageManager$ExceptionHandlingStrategy
instanceKlass kotlin/reflect/jvm/internal/impl/storage/NullableLazyValue
instanceKlass kotlin/reflect/jvm/internal/impl/storage/MemoizedFunctionToNotNull
instanceKlass kotlin/reflect/jvm/internal/impl/storage/NotNullLazyValue
instanceKlass kotlin/reflect/jvm/internal/impl/storage/CacheWithNullableValues
instanceKlass kotlin/reflect/jvm/internal/impl/storage/CacheWithNotNullValues
instanceKlass kotlin/reflect/jvm/internal/impl/storage/MemoizedFunctionToNullable
instanceKlass kotlin/reflect/jvm/internal/impl/storage/SimpleLock
instanceKlass kotlin/reflect/jvm/internal/impl/storage/LockBasedStorageManager
instanceKlass kotlin/reflect/jvm/internal/impl/storage/StorageManager
instanceKlass kotlin/reflect/jvm/internal/impl/descriptors/runtime/components/RuntimeSourceElementFactory
instanceKlass kotlin/reflect/jvm/internal/impl/load/java/sources/JavaSourceElementFactory
instanceKlass kotlin/reflect/jvm/internal/impl/descriptors/runtime/components/RuntimeErrorReporter
instanceKlass kotlin/reflect/jvm/internal/impl/serialization/deserialization/ErrorReporter
instanceKlass kotlin/reflect/jvm/internal/impl/descriptors/runtime/components/ReflectJavaClassFinder
instanceKlass kotlin/reflect/jvm/internal/impl/load/java/JavaClassFinder
instanceKlass kotlin/Unit
instanceKlass kotlin/reflect/jvm/internal/impl/load/kotlin/DeserializationComponentsForJava$Companion
instanceKlass kotlin/reflect/jvm/internal/impl/load/kotlin/DeserializationComponentsForJava
instanceKlass kotlin/reflect/jvm/internal/impl/serialization/deserialization/builtins/BuiltInsResourceLoader
instanceKlass kotlin/reflect/jvm/internal/impl/descriptors/runtime/components/ReflectKotlinClassFinder
instanceKlass kotlin/reflect/jvm/internal/impl/load/kotlin/KotlinClassFinder
instanceKlass kotlin/reflect/jvm/internal/impl/serialization/deserialization/KotlinMetadataFinder
instanceKlass kotlin/reflect/jvm/internal/impl/descriptors/runtime/components/RuntimeModuleData$Companion
instanceKlass kotlin/reflect/jvm/internal/impl/descriptors/runtime/components/RuntimeModuleData
instanceKlass kotlin/reflect/jvm/internal/WeakClassLoaderBox
instanceKlass kotlin/reflect/jvm/internal/ModuleByClassLoaderKt
instanceKlass kotlin/reflect/jvm/internal/impl/name/SpecialNames
instanceKlass java/util/LinkedHashMap$LinkedHashIterator
instanceKlass kotlin/reflect/jvm/internal/impl/builtins/CompanionObjectMapping
instanceKlass java/util/EnumMap$1
instanceKlass kotlin/reflect/jvm/internal/impl/name/FqNamesUtilKt
instanceKlass kotlin/reflect/jvm/internal/impl/utils/CollectionsKt
instanceKlass kotlin/reflect/jvm/internal/impl/builtins/PrimitiveType$Companion
instanceKlass kotlin/reflect/jvm/internal/impl/builtins/StandardNames$FqNames
instanceKlass kotlin/reflect/jvm/internal/impl/builtins/jvm/JavaToKotlinClassMap$PlatformMutabilityMapping
instanceKlass kotlin/_Assertions
instanceKlass kotlin/reflect/jvm/internal/impl/builtins/functions/FunctionClassKind$Companion
instanceKlass kotlin/collections/SetsKt__SetsJVMKt
instanceKlass kotlin/reflect/jvm/internal/impl/builtins/StandardNames
instanceKlass kotlin/reflect/jvm/internal/impl/builtins/jvm/JavaToKotlinClassMap
instanceKlass kotlin/jvm/functions/Function22
instanceKlass kotlin/jvm/functions/Function21
instanceKlass kotlin/jvm/functions/Function20
instanceKlass kotlin/jvm/functions/Function19
instanceKlass kotlin/jvm/functions/Function18
instanceKlass kotlin/jvm/functions/Function17
instanceKlass kotlin/jvm/functions/Function16
instanceKlass kotlin/jvm/functions/Function15
instanceKlass kotlin/jvm/functions/Function14
instanceKlass kotlin/jvm/functions/Function13
instanceKlass kotlin/jvm/functions/Function12
instanceKlass kotlin/jvm/functions/Function11
instanceKlass kotlin/jvm/functions/Function10
instanceKlass kotlin/jvm/functions/Function9
instanceKlass kotlin/jvm/functions/Function8
instanceKlass kotlin/jvm/functions/Function7
instanceKlass kotlin/jvm/functions/Function6
instanceKlass kotlin/jvm/functions/Function5
instanceKlass kotlin/jvm/functions/Function4
instanceKlass kotlin/jvm/functions/Function3
instanceKlass kotlin/collections/MapsKt__MapWithDefaultKt
instanceKlass kotlin/Pair
instanceKlass kotlin/TuplesKt
instanceKlass kotlin/jvm/JvmClassMappingKt
instanceKlass kotlin/reflect/jvm/internal/impl/descriptors/runtime/structure/ReflectClassUtilKt
instanceKlass kotlin/reflect/jvm/internal/impl/name/ClassId
instanceKlass kotlin/reflect/jvm/internal/impl/name/FqNameUnsafe$1
instanceKlass kotlin/reflect/jvm/internal/impl/name/Name
instanceKlass kotlin/reflect/jvm/internal/impl/name/FqNameUnsafe
instanceKlass kotlin/reflect/jvm/internal/impl/name/FqName
instanceKlass kotlin/reflect/jvm/internal/RuntimeTypeMapper
instanceKlass kotlin/reflect/jvm/internal/KDeclarationContainerImpl$Data
instanceKlass kotlin/reflect/full/KClasses
instanceKlass java/io/FileInputStream$1
instanceKlass kotlin/io/CloseableKt
instanceKlass kotlin/text/CharsKt__CharJVMKt
instanceKlass java/lang/Character$CharacterCache
instanceKlass java/nio/charset/CoderResult
instanceKlass kotlin/sequences/GeneratorSequence$iterator$1
instanceKlass java/lang/invoke/VarHandle$AccessDescriptor
instanceKlass java/lang/invoke/VarForm
instanceKlass java/lang/invoke/VarHandleGuards
instanceKlass jdk/internal/util/Preconditions$1
instanceKlass java/util/function/BiFunction
instanceKlass java/lang/invoke/VarHandle$1
instanceKlass java/lang/invoke/VarHandles
instanceKlass java/util/concurrent/atomic/AtomicReference
instanceKlass kotlin/sequences/ConstrainedOnceSequence
instanceKlass kotlin/sequences/GeneratorSequence
instanceKlass kotlin/sequences/Sequence
instanceKlass kotlin/sequences/SequencesKt__SequenceBuilderKt
instanceKlass java/io/Reader
instanceKlass java/lang/Readable
instanceKlass kotlin/text/Charsets
instanceKlass org/jetbrains/kotlin/cli/common/arguments/PreprocessCommandLineArgumentsKt
instanceKlass org/jetbrains/kotlin/cli/common/arguments/ArgumentParseErrors
instanceKlass org/jetbrains/kotlin/cli/common/arguments/ParseCommandLineArgumentsKt
instanceKlass kotlin/collections/ArraysUtilJVM
instanceKlass kotlin/collections/ArraysKt__ArraysJVMKt
instanceKlass java/lang/ProcessEnvironment$CheckedEntry
instanceKlass java/lang/ProcessEnvironment$CheckedEntrySet$1
instanceKlass java/lang/ProcessEnvironment$EntryComparator
instanceKlass java/lang/ProcessEnvironment$NameComparator
instanceKlass org/jetbrains/kotlin/config/JvmDefaultMode$Companion
instanceKlass org/jetbrains/kotlin/config/JVMAssertionsMode$Companion
instanceKlass org/jetbrains/kotlin/config/ExplicitApiMode$Companion
instanceKlass kotlin/collections/EmptyList
instanceKlass kotlin/jvm/internal/markers/KMappedMarker
instanceKlass kotlin/collections/CollectionsKt__CollectionsJVMKt
instanceKlass org/jetbrains/kotlin/cli/common/arguments/Freezable$FreezableVar
instanceKlass kotlin/properties/ReadWriteProperty
instanceKlass kotlin/properties/ReadOnlyProperty
instanceKlass org/jetbrains/kotlin/cli/common/arguments/K2JVMCompilerArguments$Companion
instanceKlass org/jetbrains/kotlin/cli/common/arguments/CommonCompilerArguments$Companion
instanceKlass org/jetbrains/kotlin/cli/common/arguments/CommonToolArguments$Companion
instanceKlass kotlin/UNINITIALIZED_VALUE
instanceKlass sun/reflect/misc/ReflectUtil
instanceKlass java/util/concurrent/atomic/AtomicReferenceFieldUpdater$AtomicReferenceFieldUpdaterImpl$1
instanceKlass java/util/concurrent/atomic/AtomicReferenceFieldUpdater
instanceKlass kotlin/SafePublicationLazyImpl$Companion
instanceKlass kotlin/SafePublicationLazyImpl
instanceKlass kotlin/Lazy
instanceKlass kotlin/LazyKt__LazyJVMKt$WhenMappings
instanceKlass kotlin/LazyKt__LazyJVMKt
instanceKlass kotlin/reflect/jvm/internal/KPropertyImpl$Companion
instanceKlass kotlin/reflect/jvm/internal/KCallableImpl
instanceKlass kotlin/reflect/jvm/internal/pcollections/MapEntry
instanceKlass kotlin/reflect/jvm/internal/ReflectProperties$Val$1
instanceKlass kotlin/reflect/jvm/internal/ReflectProperties$Val
instanceKlass kotlin/reflect/jvm/internal/ReflectProperties
instanceKlass kotlin/jvm/internal/Lambda
instanceKlass java/util/regex/Pattern$TreeInfo
instanceKlass java/util/regex/Pattern$BmpCharPredicate
instanceKlass java/util/regex/Pattern$CharPredicate
instanceKlass java/util/regex/CharPredicates
instanceKlass java/util/regex/Pattern$Node
instanceKlass java/util/regex/Pattern
instanceKlass kotlin/text/Regex$Companion
instanceKlass kotlin/text/Regex
instanceKlass kotlin/jvm/internal/DefaultConstructorMarker
instanceKlass kotlin/reflect/jvm/internal/KDeclarationContainerImpl$Companion
instanceKlass kotlin/reflect/jvm/internal/KTypeParameterOwnerImpl
instanceKlass kotlin/reflect/jvm/internal/KClassifierImpl
instanceKlass kotlin/reflect/jvm/internal/pcollections/ConsPStack
instanceKlass kotlin/reflect/jvm/internal/pcollections/IntTree
instanceKlass kotlin/reflect/jvm/internal/pcollections/IntTreePMap
instanceKlass kotlin/reflect/jvm/internal/pcollections/HashPMap
instanceKlass kotlin/reflect/jvm/internal/KClassCacheKt
instanceKlass kotlin/reflect/jvm/internal/KDeclarationContainerImpl
instanceKlass kotlin/jvm/internal/ClassBasedDeclarationContainer
instanceKlass kotlin/reflect/KTypeParameter
instanceKlass kotlin/reflect/KMutableProperty2
instanceKlass kotlin/reflect/KProperty2
instanceKlass kotlin/reflect/KType
instanceKlass kotlin/reflect/KMutableProperty0
instanceKlass kotlin/reflect/KProperty0
instanceKlass kotlin/jvm/functions/Function0
instanceKlass kotlin/reflect/KClass
instanceKlass kotlin/jvm/internal/ReflectionFactory
instanceKlass kotlin/reflect/KClassifier
instanceKlass kotlin/jvm/internal/Reflection
instanceKlass kotlin/reflect/KProperty$Getter
instanceKlass kotlin/reflect/KMutableProperty$Setter
instanceKlass kotlin/reflect/KProperty$Accessor
instanceKlass kotlin/reflect/KMutableProperty1
instanceKlass kotlin/reflect/KMutableProperty
instanceKlass kotlin/reflect/KProperty1
instanceKlass kotlin/reflect/KProperty
instanceKlass org/jetbrains/kotlin/config/Services$Builder
instanceKlass org/jetbrains/kotlin/config/Services$Companion
instanceKlass org/jetbrains/kotlin/cli/common/messages/GradleStyleMessageRenderer
instanceKlass java/lang/Class$3
instanceKlass kotlin/text/StringsKt__AppendableKt
instanceKlass org/jetbrains/kotlin/cli/common/PropertiesKt
instanceKlass org/jetbrains/kotlin/cli/common/messages/PlainTextMessageRenderer
instanceKlass org/jetbrains/kotlin/cli/common/messages/XmlMessageRenderer
instanceKlass org/jetbrains/kotlin/cli/common/messages/MessageRenderer
instanceKlass org/jetbrains/kotlin/com/intellij/openapi/application/ApplicationManager
instanceKlass jdk/internal/org/objectweb/asm/FieldVisitor
instanceKlass java/util/ArrayList$Itr
instanceKlass java/lang/invoke/InvokerBytecodeGenerator$ClassData
instanceKlass jdk/internal/org/objectweb/asm/Frame
instanceKlass java/lang/invoke/LambdaFormBuffer
instanceKlass java/lang/invoke/LambdaFormEditor$TransformKey
instanceKlass java/lang/invoke/LambdaFormEditor
instanceKlass sun/invoke/util/Wrapper$1
instanceKlass java/lang/invoke/DelegatingMethodHandle$Holder
instanceKlass java/lang/invoke/DirectMethodHandle$2
instanceKlass sun/invoke/empty/Empty
instanceKlass sun/invoke/util/VerifyType
instanceKlass java/lang/invoke/ClassSpecializer$Factory
instanceKlass java/lang/invoke/ClassSpecializer$SpeciesData
instanceKlass java/lang/invoke/ClassSpecializer$1
instanceKlass java/lang/invoke/ClassSpecializer
instanceKlass java/lang/invoke/InnerClassLambdaMetafactory$1
instanceKlass java/lang/invoke/MethodHandles$Lookup$ClassDefiner
instanceKlass jdk/internal/org/objectweb/asm/ClassReader
instanceKlass java/lang/invoke/MethodHandles$Lookup$ClassFile
instanceKlass jdk/internal/org/objectweb/asm/AnnotationVisitor
instanceKlass jdk/internal/org/objectweb/asm/Attribute
instanceKlass jdk/internal/org/objectweb/asm/Handler
instanceKlass jdk/internal/org/objectweb/asm/Label
instanceKlass jdk/internal/org/objectweb/asm/MethodVisitor
instanceKlass java/lang/invoke/LambdaProxyClassArchive
instanceKlass jdk/internal/org/objectweb/asm/ByteVector
instanceKlass jdk/internal/org/objectweb/asm/Symbol
instanceKlass jdk/internal/org/objectweb/asm/SymbolTable
instanceKlass jdk/internal/org/objectweb/asm/ClassVisitor
instanceKlass java/lang/invoke/InfoFromMemberName
instanceKlass java/lang/invoke/MethodHandleInfo
instanceKlass jdk/internal/org/objectweb/asm/ConstantDynamic
instanceKlass sun/invoke/util/BytecodeDescriptor
instanceKlass jdk/internal/org/objectweb/asm/Handle
instanceKlass sun/security/action/GetBooleanAction
instanceKlass jdk/internal/org/objectweb/asm/Type
instanceKlass java/lang/invoke/AbstractValidatingLambdaMetafactory
instanceKlass java/lang/invoke/MethodHandleImpl$1
instanceKlass jdk/internal/access/JavaLangInvokeAccess
instanceKlass java/lang/invoke/Invokers$Holder
instanceKlass java/lang/invoke/BootstrapMethodInvoker
instanceKlass org/jetbrains/kotlin/com/intellij/openapi/diagnostic/Attachment
instanceKlass java/lang/invoke/InvokerBytecodeGenerator$2
instanceKlass java/lang/invoke/InvokerBytecodeGenerator
instanceKlass java/lang/invoke/LambdaForm$Holder
instanceKlass java/lang/invoke/LambdaForm$Name
instanceKlass java/lang/invoke/Invokers
instanceKlass java/lang/invoke/MethodHandleImpl
instanceKlass sun/invoke/util/ValueConversions
instanceKlass java/lang/invoke/DirectMethodHandle$Holder
instanceKlass java/lang/invoke/LambdaForm$NamedFunction
instanceKlass sun/invoke/util/Wrapper$Format
instanceKlass java/lang/invoke/MethodTypeForm
instanceKlass java/lang/invoke/MethodType$ConcurrentWeakInternSet
instanceKlass java/lang/invoke/LambdaMetafactory
instanceKlass org/jetbrains/kotlin/com/intellij/openapi/diagnostic/Logger$DefaultFactory
instanceKlass org/jetbrains/kotlin/com/intellij/openapi/diagnostic/Logger$Factory
instanceKlass org/jetbrains/kotlin/com/intellij/openapi/diagnostic/Logger
instanceKlass org/jetbrains/kotlin/cli/jvm/compiler/IdeaStandaloneExecutionSetup
instanceKlass org/jetbrains/kotlin/cli/jvm/compiler/CompatKt
instanceKlass kotlin/jvm/functions/Function2
instanceKlass kotlin/jvm/internal/CallableReference$NoReceiver
instanceKlass kotlin/reflect/KDeclarationContainer
instanceKlass kotlin/jvm/internal/CallableReference
instanceKlass kotlin/reflect/KFunction
instanceKlass kotlin/reflect/KCallable
instanceKlass kotlin/reflect/KAnnotatedElement
instanceKlass kotlin/jvm/internal/FunctionBase
instanceKlass kotlin/jvm/functions/Function1
instanceKlass kotlin/Function
instanceKlass org/jetbrains/kotlin/cli/common/CompilerSystemProperties$Companion
instanceKlass org/jetbrains/kotlin/util/PerformanceCounter$Companion
instanceKlass org/jetbrains/kotlin/util/PerformanceCounter
instanceKlass jdk/internal/jimage/ImageLocation
instanceKlass jdk/internal/jimage/decompressor/Decompressor
instanceKlass jdk/internal/jimage/ImageStringsReader
instanceKlass jdk/internal/jimage/ImageStrings
instanceKlass jdk/internal/jimage/ImageHeader
instanceKlass jdk/internal/jimage/NativeImageBuffer$1
instanceKlass jdk/internal/jimage/NativeImageBuffer
instanceKlass jdk/internal/jimage/BasicImageReader$1
instanceKlass jdk/internal/jimage/BasicImageReader
instanceKlass jdk/internal/jimage/ImageReader
instanceKlass jdk/internal/jimage/ImageReaderFactory$1
instanceKlass java/net/URI$Parser
instanceKlass java/nio/file/FileSystems$DefaultFileSystemHolder$1
instanceKlass java/nio/file/FileSystems$DefaultFileSystemHolder
instanceKlass java/nio/file/FileSystems
instanceKlass java/nio/file/Paths
instanceKlass jdk/internal/jimage/ImageReaderFactory
instanceKlass jdk/internal/module/SystemModuleFinders$SystemImage
instanceKlass jdk/internal/module/SystemModuleFinders$SystemModuleReader
instanceKlass java/lang/module/ModuleReader
instanceKlass jdk/internal/loader/BuiltinClassLoader$5
instanceKlass jdk/internal/loader/BuiltinClassLoader$2
instanceKlass jdk/internal/module/Resources
instanceKlass kotlin/jvm/internal/Intrinsics
instanceKlass java/util/TreeMap$PrivateEntryIterator
instanceKlass java/util/TreeMap$Entry
instanceKlass java/util/NavigableMap
instanceKlass java/util/SortedMap
instanceKlass java/util/NavigableSet
instanceKlass java/util/SortedSet
instanceKlass org/jetbrains/kotlin/cli/jvm/K2JVMCompiler$Companion
instanceKlass org/jetbrains/kotlin/cli/common/CLICompiler$Companion
instanceKlass org/jetbrains/kotlin/cli/common/CLITool$Companion
instanceKlass java/lang/Void
instanceKlass java/lang/PublicMethods$Key
instanceKlass java/lang/PublicMethods$MethodList
instanceKlass org/jetbrains/kotlin/cli/common/CommonCompilerPerformanceManager
instanceKlass org/jetbrains/kotlin/config/Services
instanceKlass org/jetbrains/kotlin/utils/KotlinPaths
instanceKlass org/jetbrains/kotlin/com/intellij/openapi/Disposable
instanceKlass org/jetbrains/kotlin/config/CompilerConfiguration
instanceKlass org/jetbrains/kotlin/cli/common/arguments/Freezable
instanceKlass org/jetbrains/kotlin/com/intellij/openapi/diagnostic/ExceptionWithAttachments
instanceKlass org/jetbrains/kotlin/com/intellij/openapi/diagnostic/ControlFlowException
instanceKlass org/jetbrains/kotlin/cli/common/CLITool
instanceKlass java/security/SecureClassLoader$DebugHolder
instanceKlass java/security/PermissionCollection
instanceKlass java/security/SecureClassLoader$1
instanceKlass java/security/SecureClassLoader$CodeSourceKey
instanceKlass java/util/zip/Checksum$1
instanceKlass java/util/zip/CRC32
instanceKlass java/util/zip/Checksum
instanceKlass sun/nio/ByteBuffered
instanceKlass java/lang/Package$VersionInfo
instanceKlass java/lang/NamedPackage
instanceKlass java/util/jar/Attributes$Name
instanceKlass java/util/jar/Attributes
instanceKlass jdk/internal/loader/Resource
instanceKlass sun/security/action/GetIntegerAction
instanceKlass sun/security/util/Debug
instanceKlass sun/security/util/SignatureFileVerifier
instanceKlass java/util/zip/ZipFile$InflaterCleanupAction
instanceKlass java/util/zip/Inflater$InflaterZStreamRef
instanceKlass java/util/zip/Inflater
instanceKlass java/util/zip/ZipEntry
instanceKlass jdk/internal/util/jar/JarIndex
instanceKlass java/nio/Bits$1
instanceKlass jdk/internal/misc/VM$BufferPool
instanceKlass java/nio/Bits
instanceKlass sun/nio/ch/DirectBuffer
instanceKlass jdk/internal/perf/PerfCounter$CoreCounters
instanceKlass jdk/internal/perf/Perf
instanceKlass jdk/internal/perf/Perf$GetPerfAction
instanceKlass jdk/internal/perf/PerfCounter
instanceKlass java/nio/file/attribute/FileTime
instanceKlass java/util/zip/ZipUtils
instanceKlass java/util/zip/ZipFile$Source$End
instanceKlass java/io/RandomAccessFile$2
instanceKlass jdk/internal/access/JavaIORandomAccessFileAccess
instanceKlass java/io/RandomAccessFile
instanceKlass java/io/DataInput
instanceKlass java/io/DataOutput
instanceKlass sun/nio/fs/WindowsNativeDispatcher$CompletionStatus
instanceKlass sun/nio/fs/WindowsNativeDispatcher$AclInformation
instanceKlass sun/nio/fs/WindowsNativeDispatcher$Account
instanceKlass sun/nio/fs/WindowsNativeDispatcher$DiskFreeSpace
instanceKlass sun/nio/fs/WindowsNativeDispatcher$VolumeInformation
instanceKlass sun/nio/fs/WindowsNativeDispatcher$FirstStream
instanceKlass sun/nio/fs/WindowsNativeDispatcher$FirstFile
instanceKlass java/util/Enumeration
instanceKlass java/util/concurrent/ConcurrentHashMap$Traverser
instanceKlass java/util/concurrent/ConcurrentHashMap$CollectionView
instanceKlass jdk/internal/loader/NativeLibraries$NativeLibraryImpl
instanceKlass jdk/internal/loader/NativeLibrary
instanceKlass java/util/ArrayDeque$DeqIterator
instanceKlass jdk/internal/loader/NativeLibraries$1
instanceKlass jdk/internal/loader/NativeLibraries$LibraryPaths
instanceKlass sun/nio/fs/WindowsNativeDispatcher
instanceKlass sun/nio/fs/NativeBuffer$Deallocator
instanceKlass sun/nio/fs/NativeBuffer
instanceKlass java/lang/ThreadLocal$ThreadLocalMap
instanceKlass sun/nio/fs/NativeBuffers
instanceKlass sun/nio/fs/WindowsFileAttributes
instanceKlass java/nio/file/attribute/DosFileAttributes
instanceKlass sun/nio/fs/AbstractBasicFileAttributeView
instanceKlass sun/nio/fs/DynamicFileAttributeView
instanceKlass sun/nio/fs/WindowsFileAttributeViews
instanceKlass sun/nio/fs/Util
instanceKlass java/nio/file/attribute/BasicFileAttributeView
instanceKlass java/nio/file/attribute/FileAttributeView
instanceKlass java/nio/file/attribute/AttributeView
instanceKlass java/nio/file/Files
instanceKlass java/nio/file/CopyOption
instanceKlass java/nio/file/attribute/BasicFileAttributes
instanceKlass sun/nio/fs/WindowsPath
instanceKlass java/nio/file/Path
instanceKlass java/nio/file/Watchable
instanceKlass java/util/zip/ZipFile$Source$Key
instanceKlass sun/nio/fs/WindowsPathParser$Result
instanceKlass sun/nio/fs/WindowsPathParser
instanceKlass java/util/Collections$UnmodifiableCollection
instanceKlass java/util/Arrays$ArrayItr
instanceKlass java/nio/file/FileSystem
instanceKlass java/nio/file/OpenOption
instanceKlass java/nio/file/spi/FileSystemProvider
instanceKlass sun/nio/fs/DefaultFileSystemProvider
instanceKlass java/util/zip/ZipFile$Source
instanceKlass java/lang/ref/Cleaner$Cleanable
instanceKlass jdk/internal/ref/CleanerImpl
instanceKlass java/lang/ref/Cleaner$1
instanceKlass java/lang/ref/Cleaner
instanceKlass jdk/internal/ref/CleanerFactory$1
instanceKlass java/util/concurrent/ThreadFactory
instanceKlass jdk/internal/ref/CleanerFactory
instanceKlass java/util/zip/ZipCoder
instanceKlass java/util/zip/ZipFile$CleanableResource
instanceKlass java/lang/Runtime$Version
instanceKlass java/util/jar/JavaUtilJarAccessImpl
instanceKlass jdk/internal/access/JavaUtilJarAccess
instanceKlass jdk/internal/loader/FileURLMapper
instanceKlass jdk/internal/loader/URLClassPath$JarLoader$1
instanceKlass java/util/zip/ZipFile$1
instanceKlass jdk/internal/access/JavaUtilZipFileAccess
instanceKlass java/util/zip/ZipFile
instanceKlass java/util/zip/ZipConstants
instanceKlass jdk/internal/loader/URLClassPath$Loader
instanceKlass jdk/internal/loader/URLClassPath$3
instanceKlass java/security/PrivilegedExceptionAction
instanceKlass sun/util/locale/LocaleObjectCache
instanceKlass sun/util/locale/BaseLocale$Key
instanceKlass sun/util/locale/LocaleUtils
instanceKlass sun/util/locale/BaseLocale
instanceKlass java/util/Locale
instanceKlass sun/net/util/URLUtil
instanceKlass java/lang/StringCoding
instanceKlass sun/nio/cs/ArrayDecoder
instanceKlass java/nio/charset/CharsetDecoder
instanceKlass sun/launcher/LauncherHelper
instanceKlass java/lang/reflect/Array
instanceKlass java/lang/invoke/StringConcatFactory$3
instanceKlass java/lang/invoke/StringConcatFactory$2
instanceKlass java/lang/invoke/StringConcatFactory$1
instanceKlass java/lang/invoke/StringConcatFactory
instanceKlass java/lang/ModuleLayer$Controller
instanceKlass java/util/concurrent/CopyOnWriteArrayList
instanceKlass jdk/internal/module/ServicesCatalog$ServiceProvider
instanceKlass jdk/internal/loader/AbstractClassLoaderValue$Memoizer
instanceKlass java/util/ImmutableCollections$ListItr
instanceKlass java/util/ListIterator
instanceKlass java/lang/ModuleLayer
instanceKlass jdk/internal/module/ModuleLoaderMap$Modules
instanceKlass jdk/internal/module/ModuleLoaderMap$Mapper
instanceKlass java/util/function/Function
instanceKlass jdk/internal/module/ModuleLoaderMap
instanceKlass java/util/AbstractMap$1$1
instanceKlass java/lang/module/ResolvedModule
instanceKlass java/lang/module/Configuration
instanceKlass jdk/internal/loader/BuiltinClassLoader$LoadedModule
instanceKlass jdk/internal/loader/AbstractClassLoaderValue
instanceKlass jdk/internal/module/ServicesCatalog
instanceKlass jdk/internal/util/Preconditions
instanceKlass sun/net/util/IPAddressUtil
instanceKlass java/net/URLStreamHandler
instanceKlass java/util/HexFormat
instanceKlass sun/net/www/ParseUtil
instanceKlass java/net/URL$3
instanceKlass jdk/internal/access/JavaNetURLAccess
instanceKlass java/net/URL$DefaultFactory
instanceKlass java/net/URLStreamHandlerFactory
instanceKlass jdk/internal/loader/URLClassPath
instanceKlass java/security/Principal
instanceKlass java/security/ProtectionDomain$Key
instanceKlass java/security/ProtectionDomain$JavaSecurityAccessImpl
instanceKlass jdk/internal/access/JavaSecurityAccess
instanceKlass java/lang/ClassLoader$ParallelLoaders
instanceKlass java/security/cert/Certificate
instanceKlass jdk/internal/loader/ArchivedClassLoaders
instanceKlass java/util/Deque
instanceKlass java/util/Queue
instanceKlass jdk/internal/loader/ClassLoaderHelper
instanceKlass jdk/internal/loader/NativeLibraries
instanceKlass jdk/internal/loader/BootLoader
instanceKlass java/util/Optional
instanceKlass jdk/internal/module/SystemModuleFinders$SystemModuleFinder
instanceKlass java/lang/module/ModuleFinder
instanceKlass jdk/internal/module/SystemModuleFinders$3
instanceKlass jdk/internal/module/ModuleHashes$HashSupplier
instanceKlass jdk/internal/module/SystemModuleFinders$2
instanceKlass java/util/function/Supplier
instanceKlass java/lang/module/ModuleReference
instanceKlass jdk/internal/module/ModuleResolution
instanceKlass java/util/Collections$UnmodifiableMap
instanceKlass jdk/internal/module/ModuleHashes$Builder
instanceKlass jdk/internal/module/ModuleHashes
instanceKlass jdk/internal/module/ModuleTarget
instanceKlass java/util/ImmutableCollections$Set12$1
instanceKlass java/lang/Enum
instanceKlass java/lang/module/ModuleDescriptor$Version
instanceKlass java/lang/module/ModuleDescriptor$Provides
instanceKlass java/lang/module/ModuleDescriptor$Opens
instanceKlass java/util/ImmutableCollections$SetN$SetNIterator
instanceKlass java/lang/module/ModuleDescriptor$Exports
instanceKlass java/lang/module/ModuleDescriptor$Requires
instanceKlass jdk/internal/module/Builder
instanceKlass jdk/internal/module/SystemModules$default
instanceKlass jdk/internal/module/SystemModules
instanceKlass jdk/internal/module/SystemModulesMap
instanceKlass java/net/URI$1
instanceKlass jdk/internal/access/JavaNetUriAccess
instanceKlass java/net/URI
instanceKlass jdk/internal/module/SystemModuleFinders
instanceKlass jdk/internal/module/ArchivedModuleGraph
instanceKlass jdk/internal/module/ArchivedBootLayer
instanceKlass jdk/internal/module/ModuleBootstrap$Counters
instanceKlass jdk/internal/module/ModulePatcher
instanceKlass java/io/FileSystem
instanceKlass java/io/DefaultFileSystem
instanceKlass java/io/File
instanceKlass java/lang/module/ModuleDescriptor$1
instanceKlass jdk/internal/access/JavaLangModuleAccess
instanceKlass sun/invoke/util/VerifyAccess
instanceKlass java/lang/module/ModuleDescriptor
instanceKlass jdk/internal/module/ModuleBootstrap
instanceKlass java/lang/invoke/MethodHandleStatics
instanceKlass java/util/Collections
instanceKlass sun/io/Win32ErrorMode
instanceKlass jdk/internal/misc/OSEnvironment
instanceKlass jdk/internal/misc/Signal$NativeHandler
instanceKlass java/util/Hashtable$Entry
instanceKlass jdk/internal/misc/Signal
instanceKlass java/lang/Terminator$1
instanceKlass jdk/internal/misc/Signal$Handler
instanceKlass java/lang/Terminator
instanceKlass java/nio/ByteOrder
instanceKlass java/nio/Buffer$1
instanceKlass jdk/internal/access/JavaNioAccess
instanceKlass jdk/internal/misc/ScopedMemoryAccess
instanceKlass java/nio/charset/CodingErrorAction
instanceKlass sun/nio/cs/SingleByte
instanceKlass java/lang/StringUTF16
instanceKlass sun/nio/cs/MS1252$Holder
instanceKlass sun/nio/cs/ArrayEncoder
instanceKlass java/nio/charset/CharsetEncoder
instanceKlass java/lang/reflect/Modifier
instanceKlass java/lang/Class$1
instanceKlass java/lang/Class$Atomic
instanceKlass java/lang/Class$ReflectionData
instanceKlass jdk/internal/util/ArraysSupport
instanceKlass java/nio/charset/StandardCharsets
instanceKlass sun/nio/cs/HistoricallyNamedCharset
instanceKlass sun/security/action/GetPropertyAction
instanceKlass java/lang/ThreadLocal
instanceKlass java/nio/charset/spi/CharsetProvider
instanceKlass java/nio/charset/Charset
instanceKlass java/io/Writer
instanceKlass java/io/OutputStream
instanceKlass java/io/Flushable
instanceKlass java/io/FileDescriptor$1
instanceKlass jdk/internal/access/JavaIOFileDescriptorAccess
instanceKlass java/io/FileDescriptor
instanceKlass jdk/internal/util/StaticProperty
instanceKlass java/util/HashMap$HashIterator
instanceKlass java/lang/Integer$IntegerCache
instanceKlass java/lang/CharacterData
instanceKlass java/util/Arrays
instanceKlass java/lang/VersionProps
instanceKlass java/lang/StringConcatHelper
instanceKlass jdk/internal/misc/VM
instanceKlass jdk/internal/util/SystemProps$Raw
instanceKlass jdk/internal/util/SystemProps
instanceKlass java/lang/System$2
instanceKlass jdk/internal/access/JavaLangAccess
instanceKlass java/lang/ref/Reference$1
instanceKlass jdk/internal/access/JavaLangRefAccess
instanceKlass java/lang/ref/ReferenceQueue$Lock
instanceKlass java/lang/ref/ReferenceQueue
instanceKlass jdk/internal/reflect/ReflectionFactory
instanceKlass jdk/internal/reflect/ReflectionFactory$GetReflectionFactoryAction
instanceKlass java/security/PrivilegedAction
instanceKlass java/util/concurrent/locks/LockSupport
instanceKlass java/util/concurrent/ConcurrentHashMap$Node
instanceKlass java/util/concurrent/ConcurrentHashMap$CounterCell
instanceKlass java/util/concurrent/locks/ReentrantLock
instanceKlass java/util/concurrent/locks/Lock
instanceKlass java/lang/Runtime
instanceKlass java/util/HashMap$Node
instanceKlass java/util/KeyValueHolder
instanceKlass java/util/Map$Entry
instanceKlass java/util/ImmutableCollections$MapN$MapNIterator
instanceKlass java/lang/Math
instanceKlass jdk/internal/reflect/Reflection
instanceKlass java/lang/invoke/MethodHandles$Lookup
instanceKlass java/lang/StringLatin1
instanceKlass java/security/Permission
instanceKlass java/security/Guard
instanceKlass java/lang/invoke/MemberName$Factory
instanceKlass java/lang/invoke/MethodHandles
instanceKlass jdk/internal/access/SharedSecrets
instanceKlass java/lang/reflect/ReflectAccess
instanceKlass jdk/internal/access/JavaLangReflectAccess
instanceKlass java/util/ImmutableCollections
instanceKlass java/util/Objects
instanceKlass java/util/Set
instanceKlass jdk/internal/misc/CDS
instanceKlass java/lang/Module$ArchivedData
instanceKlass java/lang/String$CaseInsensitiveComparator
instanceKlass java/util/Comparator
instanceKlass java/io/ObjectStreamField
instanceKlass jdk/internal/vm/vector/VectorSupport$VectorPayload
instanceKlass jdk/internal/vm/vector/VectorSupport
instanceKlass java/lang/reflect/RecordComponent
instanceKlass java/util/Iterator
instanceKlass java/lang/Number
instanceKlass java/lang/Character
instanceKlass java/lang/Boolean
instanceKlass java/util/concurrent/locks/AbstractOwnableSynchronizer
instanceKlass java/lang/LiveStackFrame
instanceKlass java/lang/StackFrameInfo
instanceKlass java/lang/StackWalker$StackFrame
instanceKlass java/lang/StackStreamFactory$AbstractStackWalker
instanceKlass java/lang/StackWalker
instanceKlass java/nio/Buffer
instanceKlass java/lang/StackTraceElement
instanceKlass java/util/RandomAccess
instanceKlass java/util/List
instanceKlass java/util/AbstractCollection
instanceKlass java/util/Collection
instanceKlass java/lang/Iterable
instanceKlass java/util/concurrent/ConcurrentMap
instanceKlass java/util/AbstractMap
instanceKlass java/security/CodeSource
instanceKlass jdk/internal/loader/ClassLoaders
instanceKlass java/util/jar/Manifest
instanceKlass java/net/URL
instanceKlass java/io/InputStream
instanceKlass java/io/Closeable
instanceKlass java/lang/AutoCloseable
instanceKlass jdk/internal/module/Modules
instanceKlass jdk/internal/misc/Unsafe
instanceKlass jdk/internal/misc/UnsafeConstants
instanceKlass java/lang/AbstractStringBuilder
instanceKlass java/lang/Appendable
instanceKlass java/lang/AssertionStatusDirectives
instanceKlass java/lang/invoke/MethodHandleNatives$CallSiteContext
instanceKlass jdk/internal/invoke/NativeEntryPoint
instanceKlass java/lang/invoke/CallSite
instanceKlass java/lang/invoke/MethodType
instanceKlass java/lang/invoke/TypeDescriptor$OfMethod
instanceKlass java/lang/invoke/LambdaForm
instanceKlass java/lang/invoke/MethodHandleNatives
instanceKlass java/lang/invoke/ResolvedMethodName
instanceKlass java/lang/invoke/MemberName
instanceKlass java/lang/invoke/VarHandle
instanceKlass java/lang/invoke/MethodHandle
instanceKlass jdk/internal/reflect/CallerSensitive
instanceKlass java/lang/annotation/Annotation
instanceKlass jdk/internal/reflect/FieldAccessor
instanceKlass jdk/internal/reflect/ConstantPool
instanceKlass jdk/internal/reflect/ConstructorAccessor
instanceKlass jdk/internal/reflect/MethodAccessor
instanceKlass jdk/internal/reflect/MagicAccessorImpl
instanceKlass java/lang/reflect/Parameter
instanceKlass java/lang/reflect/Member
instanceKlass java/lang/reflect/AccessibleObject
instanceKlass java/lang/Module
instanceKlass java/util/Map
instanceKlass java/util/Dictionary
instanceKlass java/lang/ThreadGroup
instanceKlass java/lang/Thread$UncaughtExceptionHandler
instanceKlass java/lang/Thread
instanceKlass java/lang/Runnable
instanceKlass java/lang/ref/Reference
instanceKlass java/lang/Record
instanceKlass java/security/AccessController
instanceKlass java/security/AccessControlContext
instanceKlass java/security/ProtectionDomain
instanceKlass java/lang/SecurityManager
instanceKlass java/lang/Throwable
instanceKlass java/lang/System
instanceKlass java/lang/ClassLoader
instanceKlass java/lang/Cloneable
instanceKlass java/lang/Class
instanceKlass java/lang/invoke/TypeDescriptor$OfField
instanceKlass java/lang/invoke/TypeDescriptor
instanceKlass java/lang/reflect/Type
instanceKlass java/lang/reflect/GenericDeclaration
instanceKlass java/lang/reflect/AnnotatedElement
instanceKlass java/lang/String
instanceKlass java/lang/constant/ConstantDesc
instanceKlass java/lang/constant/Constable
instanceKlass java/lang/CharSequence
instanceKlass java/lang/Comparable
instanceKlass java/io/Serializable
ciInstanceKlass java/lang/Object 1 1 92 7 1 10 12 1 1 10 7 12 1 1 1 10 7 12 1 1 1 10 12 1 1 8 1 10 12 1 1 10 7 12 1 1 1 10 12 1 10 12 1 1 100 1 8 1 10 12 1 3 8 1 100 1 5 0 1 1 1 1 1 1 1 1 1 1 1 1 1 1 1 1 100 1 1 1 7 1 1 1 1 1 1 1 100 1 1 1 1 1 1 1
ciMethod java/lang/Object equals (Ljava/lang/Object;)Z 774 0 57433 0 96
ciMethod java/lang/Object hashCode ()I 256 0 128 0 -1
ciInstanceKlass java/lang/Class 1 1 1600 10 7 12 1 1 1 9 7 12 1 1 1 9 12 1 1 7 1 10 10 12 1 1 8 1 10 12 1 8 1 8 1 10 12 1 1 10 12 1 1 10 12 1 10 10 12 1 10 12 1 1 10 12 1 1 10 7 12 1 1 10 12 1 10 12 1 10 12 1 8 1 10 12 1 8 1 10 12 1 8 1 8 1 10 12 1 1 10 100 12 1 1 1 18 12 1 1 11 100 12 1 1 1 8 1 8 1 8 1 10 100 12 1 1 1 11 12 1 1 7 1 8 1 10 12 1 11 7 12 1 1 1 10 12 1 1 11 8 1 18 8 1 10 12 1 10 7 12 1 1 10 7 12 1 1 1 10 12 1 1 10 7 12 1 1 1 9 100 12 1 1 1 10 100 12 1 1 1 10 7 12 1 1 1 10 12 1 1 18 12 1 1 10 7 12 1 1 1 10 7 12 1 1 10 12 1 1 10 7 1 100 1 10 12 1 1 9 12 1 1 7 1 8 1 10 12 1 10 12 1 1 10 12 1 1 10 7 12 1 1 1 7 1 10 12 1 7 1 7 1 10 10 12 1 1 10 12 1 1 100 1 10 100 12 1 1 1 10 12 1 1 10 12 1 1 9 12 1 1 10 12 1 10 12 1 10 12 1 1 9 12 1 1 9 12 1 1 10 12 1 1 10 7 1 10 12 1 10 12 1 10 12 1 1 10 9 12 1 10 12 1 8 1 10 12 1 1 10 12 1 1 10 12 1 10 12 1 1 10 12 1 1 10 12 1 1 9 7 12 1 1 1 10 7 12 1 1 10 12 10 12 1 10 12 1 1 10 100 12 1 1 10 12 1 10 12 1 1 10 100 12 1 1 1 10 12 1 10 12 1 1 10 12 1 10 12 1 10 12 1 1 10 7 1 10 10 10 12 1 1 10 12 1 1 10 12 10 12 1 1 100 1 8 1 10 10 12 1 1 10 12 1 100 1 11 12 1 10 100 12 1 1 10 12 1 10 12 1 10 100 12 1 1 10 10 12 1 1 8 1 10 12 1 10 12 1 1 8 1 9 12 1 10 12 1 10 12 1 10 12 1 10 12 100 1 9 12 1 10 12 1 9 12 1 10 12 1 10 12 1 10 12 1 10 10 12 1 10 12 1 10 12 1 10 12 1 10 12 1 10 12 1 100 1 10 12 1 10 12 1 1 10 12 1 1 10 12 1 1 10 12 1 1 10 12 1 1 10 12 1 1 7 1 10 10 12 1 1 10 12 1 1 10 12 1 1 10 10 12 1 10 12 1 1 10 12 1 1 10 12 1 1 10 12 1 1 7 1 10 10 12 11 100 12 1 1 10 12 1 1 10 12 1 10 100 12 1 1 1 10 12 1 1 10 10 12 1 1 100 1 10 10 12 1 1 10 100 12 1 1 1 100 1 7 1 10 12 1 1 10 12 1 10 10 12 1 1 10 12 1 10 12 1 10 12 1 10 100 12 1 1 1 11 7 12 1 1 10 12 1 10 12 1 9 12 1 10 12 1 1 10 12 1 9 100 12 1 1 1 9 12 1 10 100 12 1 1 1 10 12 1 10 12 1 10 100 12 1 1 1 10 12 1 10 12 10 12 1 1 100 1 10 8 1 10 12 1 11 11 12 1 1 11 7 12 1 1 11 12 1 8 1 10 12 1 10 12 1 1 9 12 1 9 12 1 1 10 7 12 1 1 9 12 1 10 12 1 1 10 10 12 1 10 7 12 1 1 1 10 7 12 1 1 10 7 12 1 1 9 12 1 1 10 12 1 9 12 1 10 12 1 10 12 1 1 9 12 1 1 9 12 1 10 12 1 10 12 1 1 9 12 1 7 1 10 10 12 1 1 7 1 10 12 1 1 7 11 7 1 9 12 1 1 9 12 1 100 1 10 12 1 9 12 1 1 9 12 1 10 12 1 10 12 1 1 9 12 1 7 1 10 10 12 1 1 10 10 12 1 1 10 12 10 10 12 1 9 12 1 10 12 1 1 10 7 12 1 1 1 10 12 1 1 10 12 1 8 10 7 8 1 18 8 1 8 1 10 12 1 9 12 1 9 12 1 1 10 12 1 7 1 7 1 10 12 1 9 12 1 1 7 1 10 10 12 1 10 7 1 9 12 1 8 1 10 12 1 7 1 10 12 1 10 12 1 1 9 12 1 100 1 8 1 10 7 1 4 10 10 12 11 7 12 1 1 1 10 12 1 100 1 10 12 1 1 10 8 1 8 1 10 12 1 1 9 7 12 1 1 11 12 7 1 11 7 12 1 1 9 12 1 10 100 12 1 1 1 10 7 12 1 1 10 12 1 1 9 12 1 9 10 12 1 1 10 12 1 1 10 12 1 1 10 12 1 1 10 12 1 1 11 12 1 7 1 11 12 1 10 7 12 1 1 1 10 12 1 100 1 11 12 1 10 100 12 1 1 1 10 12 1 10 11 12 1 11 12 1 1 10 12 1 10 12 1 1 9 12 1 1 9 100 12 1 1 10 12 1 10 100 12 1 1 1 10 12 1 1 10 12 1 10 12 1 10 12 1 10 7 12 1 1 1 10 12 1 8 1 10 12 1 10 12 1 10 12 1 10 100 12 1 1 1 11 100 12 1 1 1 10 12 1 1 10 12 1 18 12 1 1 11 12 1 1 18 11 12 1 18 12 1 11 12 1 10 12 1 1 10 12 1 10 12 1 10 12 10 12 1 8 1 10 12 1 7 1 9 12 1 1 100 1 100 1 100 1 100 1 100 1 1 1 3 1 3 1 3 1 1 1 1 1 1 1 5 0 1 1 1 1 1 1 1 1 1 1 1 1 1 1 1 1 1 1 1 1 1 1 1 100 1 1 1 1 1 1 1 100 1 1 1 1 1 1 7 1 1 1 1 1 1 1 1 1 1 1 1 1 1 1 1 1 1 1 1 1 1 1 1 1 1 1 1 1 1 1 1 1 1 1 1 1 1 100 1 1 1 1 1 1 1 1 1 1 1 1 1 1 1 1 1 1 1 1 1 1 1 1 1 1 1 1 100 1 1 1 1 1 1 1 1 1 1 1 1 1 1 1 1 1 1 1 1 1 1 1 1 1 1 1 1 1 1 1 1 1 1 1 1 1 1 1 1 1 1 1 1 1 1 1 1 1 1 1 1 1 100 1 100 1 1 1 1 1 1 1 100 1 1 1 1 1 1 1 1 1 1 1 1 1 1 1 1 1 1 1 1 1 1 1 1 1 1 1 1 1 1 1 1 1 1 1 1 1 1 1 1 1 1 1 1 1 1 1 1 1 1 1 1 1 1 1 100 1 1 1 1 1 1 1 1 1 1 1 1 1 1 1 1 1 1 1 1 1 1 1 1 1 1 1 1 1 1 1 1 1 1 1 1 1 1 1 1 1 1 1 1 1 1 1 1 1 1 1 1 1 1 1 1 1 1 1 1 1 1 1 1 1 1 1 1 15 10 100 12 1 1 1 16 15 10 12 16 15 11 12 16 1 16 15 16 15 10 12 16 16 15 10 12 16 15 16 1 15 10 12 16 1 1 1 1 1 1 1 1 1 100 1 1 100 1 100 1 1 100 1 100 1 1
staticfield java/lang/Class EMPTY_CLASS_ARRAY [Ljava/lang/Class; 0 [Ljava/lang/Class;
staticfield java/lang/Class serialPersistentFields [Ljava/io/ObjectStreamField; 0 [Ljava/io/ObjectStreamField;
ciInstanceKlass java/io/Serializable 1 0 7 100 1 100 1 1 1
instanceKlass jdk/internal/vm/vector/VectorSupport$VectorShuffle
instanceKlass jdk/internal/vm/vector/VectorSupport$VectorMask
instanceKlass jdk/internal/vm/vector/VectorSupport$Vector
ciInstanceKlass jdk/internal/vm/vector/VectorSupport$VectorPayload 0 0 32 10 100 12 1 1 1 9 100 12 1 1 1 10 100 12 1 1 1 1 1 1 1 1 1 1 1 1 1 1 1 1
ciInstanceKlass jdk/internal/vm/vector/VectorSupport$VectorShuffle 0 0 28 10 100 12 1 1 1 100 1 1 1 1 1 1 1 1 1 1 1 1 1 1 1 100 1 1 1 1
ciInstanceKlass jdk/internal/vm/vector/VectorSupport$VectorMask 0 0 28 10 100 12 1 1 1 100 1 1 1 1 1 1 1 1 1 1 1 1 1 1 1 100 1 1 1 1
ciInstanceKlass jdk/internal/vm/vector/VectorSupport$Vector 0 0 28 10 100 12 1 1 1 100 1 1 1 1 1 1 1 1 1 1 1 1 1 1 1 100 1 1 1 1
ciInstanceKlass jdk/internal/vm/vector/VectorSupport 0 0 487 100 1 10 100 12 1 1 1 9 12 1 1 10 12 1 1 100 1 10 12 1 11 100 12 1 1 1 11 100 12 1 1 1 11 100 12 1 1 11 100 12 1 1 1 11 100 1 100 1 10 12 1 1 11 100 12 1 1 11 100 12 1 1 100 1 11 100 12 1 1 11 100 12 1 1 11 100 12 1 1 1 11 100 12 1 1 1 11 100 12 1 1 1 11 100 12 1 1 1 100 1 10 12 1 1 11 100 12 1 1 100 1 11 100 12 1 1 11 100 12 1 1 11 100 12 1 1 11 100 1 100 1 9 12 1 1 10 100 12 1 1 11 100 12 1 1 10 12 1 1 10 100 12 1 1 1 10 12 1 10 12 1 1 10 12 1 1 1 1 1 3 1 3 1 3 1 3 1 3 1 3 1 3 1 3 1 3 1 3 1 3 1 3 1 3 1 3 1 3 1 3 1 3 1 3 1 3 1 3 1 3 1 3 1 3 1 3 1 3 1 3 1 3 1 3 1 3 1 3 1 3 1 3 1 3 1 3 1 3 1 3 1 3 1 3 1 3 1 1 1 1 1 3 1 1 1 1 1 1 3 1 1 1 1 1 1 1 1 1 1 1 1 1 1 1 1 1 1 1 1 1 1 1 1 1 1 1 1 1 1 1 1 1 1 1 1 1 1 1 1 1 1 1 1 1 1 1 1 1 1 1 1 1 1 1 1 1 1 1 1 1 1 1 1 1 1 1 1 1 1 1 1 1 1 1 1 1 1 1 1 1 1 1 1 1 1 1 1 1 1 1 1 1 1 1 1 1 1 1 1 1 1 1 1 1 1 1 1 1 1 1 1 1 1 1 1 1 1 1 1 1 1 1 1 1 1 1 1 1 1 1 1 1 1 1 1 1 1 1 1 1 1 1 1 1 1 1 1 1 1 1 1 1 1 1 1 1 1 1 1 1 1 1 1 1 1 1 1 1 1 1 1 1 1 1 1 1 1 1 1 1 1 1 1 1 1 1 1 1 1 1 1 1 1 1 1 1 1 1 100 1 100 1 1 1 1 1 1 1 1 1 1 1 1 1 1 1 1 1 1 1 1 1 1 1 1
ciInstanceKlass java/lang/reflect/RecordComponent 0 0 196 10 100 12 1 1 1 9 100 12 1 1 1 9 12 1 1 9 12 1 10 12 1 1 10 12 1 1 10 100 12 1 1 1 10 12 1 1 9 12 1 1 10 12 1 1 10 12 1 1 10 12 1 10 100 12 1 1 10 100 12 1 1 9 12 1 1 10 100 12 1 1 1 11 100 12 1 1 1 10 9 100 12 1 1 1 10 100 12 1 1 1 9 12 1 1 10 100 12 1 1 1 10 12 1 1 11 100 12 1 1 10 100 12 1 1 100 1 9 12 1 9 12 1 1 9 12 1 10 100 12 1 1 1 10 12 1 1 10 12 1 1 100 1 10 10 12 1 10 12 1 1 8 1 10 12 1 10 12 1 9 12 1 100 1 1 1 1 1 1 1 1 1 1 1 1 1 1 1 1 1 1 1 1 1 1 100 1 1 1 1 1 1 100 1 1
ciInstanceKlass java/util/Iterator 1 1 53 100 1 8 1 10 12 1 1 10 100 12 1 1 1 11 100 12 1 1 1 11 12 1 1 11 100 12 1 1 1 100 1 1 1 1 1 1 1 1 1 1 1 1 1 1 1 1 1 1 1 1 1
ciInstanceKlass java/lang/System 1 1 803 10 100 12 1 1 1 9 7 12 1 1 1 10 12 1 10 12 1 1 10 12 1 1 10 12 1 9 12 1 1 10 7 12 1 1 1 11 100 12 1 1 1 10 100 12 1 1 1 10 12 1 1 10 12 1 1 100 1 8 1 10 12 1 10 100 12 1 1 1 10 100 12 1 1 1 18 12 1 1 10 100 12 1 1 1 100 1 10 12 1 1 10 100 12 1 1 1 10 12 1 10 7 12 1 1 1 9 100 12 1 1 1 10 100 12 1 1 1 11 7 12 1 1 1 10 12 1 1 10 100 12 1 1 1 100 1 10 10 12 1 1 8 1 10 12 1 8 1 10 12 1 9 12 1 1 8 1 10 7 12 1 1 1 10 12 1 1 100 1 8 1 10 9 12 1 1 8 1 10 12 1 1 10 100 12 1 1 1 8 1 10 12 1 100 1 10 12 1 8 1 10 12 1 10 12 1 1 100 1 10 12 10 12 1 9 12 1 1 9 12 1 1 10 7 12 1 1 1 10 7 12 1 1 1 10 12 1 1 10 12 1 10 12 1 10 7 12 1 1 1 10 12 1 100 1 100 1 8 1 10 12 1 10 12 1 1 7 1 10 12 1 100 1 8 1 10 10 12 1 100 1 8 1 10 8 1 10 7 12 1 1 8 1 10 12 100 1 8 1 10 10 12 1 1 10 100 12 1 1 1 100 1 18 12 1 100 1 9 100 12 1 1 1 10 12 1 100 1 10 12 1 1 10 12 1 1 10 7 12 1 1 1 10 12 1 1 10 12 1 10 12 1 10 12 1 1 10 12 1 7 1 10 12 1 10 12 1 100 1 10 12 1 10 7 12 1 1 1 100 1 8 1 10 9 12 1 9 12 1 10 12 1 10 100 12 1 1 10 12 1 10 12 1 1 8 1 10 12 1 1 8 1 11 12 1 10 12 11 12 1 1 11 7 12 1 1 1 11 7 12 1 1 11 12 1 1 7 1 11 12 1 10 12 1 8 1 10 12 1 1 8 1 8 1 8 1 8 1 11 12 1 10 12 1 10 12 1 10 12 1 10 7 12 1 1 8 1 7 1 9 7 12 1 1 1 10 12 1 7 1 9 12 10 9 12 7 1 10 12 8 1 10 12 1 1 8 1 10 7 12 1 1 10 12 1 10 7 12 1 1 1 10 12 1 1 10 7 12 1 1 1 10 12 10 7 12 1 1 1 9 12 1 1 100 1 8 1 10 12 1 1 10 7 12 1 1 1 7 1 10 12 1 1 8 1 10 8 1 8 1 8 1 8 1 10 10 7 12 1 1 10 12 1 1 10 12 1 1 10 12 1 1 10 12 1 10 100 12 1 1 1 10 100 1 8 1 10 10 10 12 1 1 10 12 1 1 8 1 10 12 1 8 1 10 12 1 10 12 1 1 7 1 10 10 12 1 10 12 1 9 12 1 1 1 3 1 3 1 1 1 1 1 1 1 1 1 1 1 1 100 1 1 100 1 1 1 1 1 1 1 1 1 1 1 100 1 100 1 1 1 1 1 1 1 1 1 1 1 1 1 1 1 1 1 1 1 1 1 1 1 1 1 1 1 1 1 1 1 1 1 1 1 1 1 1 1 1 1 1 1 1 1 1 1 1 1 1 1 1 1 1 1 1 1 1 100 1 1 1 1 1 1 1 1 1 1 1 1 1 1 1 1 1 1 1 1 1 1 1 1 1 1 1 1 1 1 1 1 1 100 1 1 15 10 100 12 1 1 1 16 15 10 12 1 1 16 15 10 12 16 1 1 1 1 1 1 1 100 1 100 1 1
staticfield java/lang/System in Ljava/io/InputStream; java/io/BufferedInputStream
staticfield java/lang/System out Ljava/io/PrintStream; java/io/PrintStream
staticfield java/lang/System err Ljava/io/PrintStream; java/io/PrintStream
instanceKlass jdk/internal/reflect/DelegatingClassLoader
instanceKlass java/security/SecureClassLoader
ciInstanceKlass java/lang/ClassLoader 1 1 1098 9 7 12 1 1 1 10 7 12 1 1 1 9 12 1 1 10 7 12 1 1 1 7 1 10 12 1 1 10 12 1 1 9 12 1 1 10 12 1 1 100 1 10 12 1 10 12 1 1 10 7 12 1 1 1 100 1 8 1 10 12 1 10 7 12 1 1 1 10 100 12 1 10 7 1 10 7 1 7 1 7 1 10 12 1 10 12 1 9 12 1 1 10 10 7 12 1 1 1 9 12 1 1 9 12 1 9 12 1 1 9 12 1 9 12 1 1 9 12 1 1 7 1 10 12 1 9 12 1 1 10 12 1 1 10 7 12 1 1 1 9 12 1 9 12 1 1 9 12 1 10 12 1 1 9 12 10 12 1 1 7 1 10 8 1 10 12 1 1 10 12 1 10 7 1 7 1 10 12 1 1 10 7 12 1 1 1 8 1 10 12 1 10 12 1 10 12 1 1 10 12 1 1 10 12 1 1 10 12 1 1 10 12 1 1 10 12 1 100 1 10 12 1 10 100 12 1 1 1 10 12 1 1 10 12 1 10 12 1 10 12 1 10 12 1 10 12 1 1 10 10 12 1 10 12 1 10 100 12 1 1 10 12 1 1 10 12 1 1 10 12 1 100 1 10 12 1 100 1 10 12 1 10 100 12 1 1 1 10 10 12 1 1 10 12 1 1 100 1 8 1 10 8 1 10 12 1 10 12 1 100 1 8 1 10 12 1 1 10 12 1 1 10 10 12 1 1 10 12 1 1 10 12 1 1 10 7 1 10 12 1 1 10 12 1 1 10 12 1 1 10 12 1 1 10 12 1 1 10 12 1 1 10 12 1 10 7 12 1 1 1 10 12 1 10 12 1 10 12 1 1 10 12 1 10 12 1 10 12 1 10 12 1 1 10 12 1 10 12 1 1 8 1 9 12 1 10 12 1 1 8 1 8 1 10 7 12 1 1 100 1 10 10 12 10 12 1 10 12 1 10 12 1 10 12 1 1 10 7 12 1 1 10 12 1 10 7 1 7 1 10 12 1 1 10 12 1 10 7 1 10 12 1 100 1 18 12 1 10 100 12 1 1 1 10 100 12 1 1 1 10 7 12 1 1 10 12 1 1 10 12 1 10 12 1 1 100 1 10 12 1 10 12 1 1 10 7 12 1 1 10 12 1 8 1 100 1 10 10 12 1 9 12 1 10 7 12 1 1 10 12 1 100 1 8 1 10 12 1 10 8 1 8 1 10 12 1 1 10 12 1 1 10 12 1 1 10 100 12 1 1 1 100 1 100 1 10 12 1 1 100 1 100 1 10 100 12 1 1 10 12 1 10 12 1 1 10 12 1 10 12 1 1 10 12 1 1 9 100 12 1 1 1 10 12 1 1 10 12 1 10 12 1 10 12 1 1 10 12 1 8 1 10 12 1 7 1 18 12 1 1 10 12 1 1 10 12 1 10 12 1 10 12 1 8 1 10 12 1 10 12 1 18 12 1 11 100 12 1 1 1 100 1 10 12 1 1 10 12 1 10 11 12 1 1 10 18 10 12 1 1 11 100 12 1 18 12 1 11 12 1 1 10 12 10 12 1 1 10 12 1 1 100 1 8 1 10 10 12 1 8 1 8 1 10 100 12 1 1 10 12 1 100 1 10 10 12 1 8 1 8 1 8 1 10 12 1 10 12 1 1 10 12 1 10 100 12 1 1 1 11 100 12 1 1 100 1 10 11 10 12 1 10 12 1 10 12 1 1 9 100 12 1 1 9 12 1 1 9 12 9 12 1 9 12 1 9 12 1 8 10 12 1 1 10 7 12 1 1 1 10 12 1 1 10 12 1 1 10 12 1 10 10 12 1 11 12 1 1 10 100 12 1 1 1 100 1 10 12 1 10 12 1 10 12 1 1 1 1 1 1 1 1 1 1 1 1 1 1 1 1 1 1 1 1 1 1 1 1 1 1 1 1 100 1 1 1 1 1 1 1 1 1 1 1 1 1 1 1 1 1 1 1 1 1 100 1 1 1 1 1 1 1 1 1 1 100 1 1 1 1 1 1 1 1 1 1 1 1 1 1 1 1 1 1 1 1 1 1 1 1 1 1 1 1 1 1 1 1 1 1 1 1 1 1 1 1 1 100 1 1 1 1 1 1 1 1 1 1 1 1 1 1 1 1 1 1 100 1 1 1 1 1 1 1 1 1 1 1 1 1 1 1 1 1 1 1 1 1 1 1 1 1 1 1 1 1 1 1 1 1 1 1 1 1 1 1 1 1 1 1 1 1 1 1 1 1 1 1 100 1 1 1 1 1 1 1 1 1 1 1 1 1 1 1 1 1 1 1 1 1 1 1 1 1 1 1 1 1 1 1 1 1 1 1 1 1 1 1 1 1 1 1 1 1 1 15 10 100 12 1 1 1 16 1 15 10 12 16 1 16 15 10 12 16 1 16 1 15 10 12 16 15 10 12 16 15 10 12 16 1 1 100 1 100 1 1
staticfield java/lang/ClassLoader nocerts [Ljava/security/cert/Certificate; 0 [Ljava/security/cert/Certificate;
staticfield java/lang/ClassLoader $assertionsDisabled Z 1
ciInstanceKlass jdk/internal/reflect/DelegatingClassLoader 1 1 18 10 7 12 1 1 1 100 1 1 1 1 1 1 1 1 1 1
instanceKlass java/net/URLClassLoader
instanceKlass jdk/internal/loader/BuiltinClassLoader
ciInstanceKlass java/security/SecureClassLoader 1 1 102 10 7 12 1 1 1 7 1 10 12 1 9 7 12 1 1 1 10 12 1 10 12 1 10 12 1 1 10 12 1 1 10 12 1 7 1 10 7 1 10 12 1 7 1 10 12 1 11 7 12 1 1 1 7 1 11 12 1 10 12 1 1 1 1 1 1 1 1 1 1 1 1 1 1 1 1 1 1 1 1 1 1 1 1 1 1 1 1 1 1 1 1 1 1 1 1 100 1 1 1 1
instanceKlass jdk/internal/loader/ClassLoaders$BootClassLoader
instanceKlass jdk/internal/loader/ClassLoaders$PlatformClassLoader
instanceKlass jdk/internal/loader/ClassLoaders$AppClassLoader
ciInstanceKlass jdk/internal/loader/BuiltinClassLoader 1 1 737 9 7 12 1 1 1 10 7 12 1 1 1 10 7 12 1 1 1 9 12 1 1 9 12 1 1 7 1 10 12 1 9 12 1 10 12 1 9 12 1 10 7 12 1 1 1 10 7 12 1 1 1 10 7 12 1 1 1 11 7 12 1 1 1 100 1 100 1 10 10 12 1 1 8 1 10 12 1 10 12 7 1 10 12 1 10 12 1 1 11 7 12 1 1 1 11 7 12 1 1 1 11 12 1 1 7 1 8 1 8 1 10 9 12 1 1 10 7 12 1 1 11 12 1 1 10 12 1 1 10 12 1 1 10 12 1 1 10 7 12 1 1 1 10 12 1 10 7 12 1 1 1 10 12 1 1 11 7 12 1 1 1 10 7 12 1 1 100 1 10 7 12 1 1 1 10 12 1 100 1 8 1 10 12 1 1 10 8 1 10 12 1 1 10 12 1 1 10 12 1 1 11 7 12 1 1 11 12 1 7 1 10 11 12 1 1 11 10 12 1 1 7 1 10 12 1 10 7 12 1 10 12 1 7 1 10 12 1 10 7 12 1 1 1 100 1 10 12 1 1 11 12 1 100 1 100 1 10 12 1 10 12 1 1 100 1 100 1 10 12 1 10 12 1 18 12 1 1 10 12 1 10 12 1 1 18 100 1 10 7 12 1 1 1 7 1 10 10 12 1 1 10 12 1 1 10 12 1 1 10 12 1 9 12 1 1 100 1 10 10 12 1 1 10 12 1 1 10 12 1 10 12 10 12 1 1 10 12 1 1 10 12 1 1 10 12 1 10 12 1 1 18 12 1 7 1 10 12 1 1 10 12 1 10 12 1 1 10 12 1 100 1 10 12 1 7 1 10 12 1 10 7 12 1 1 1 10 12 1 11 12 1 7 1 10 12 1 7 1 100 1 10 12 1 10 12 1 11 12 1 1 10 12 1 1 10 12 1 1 10 12 1 1 10 12 1 1 10 12 1 10 12 1 10 12 1 10 12 1 8 1 10 12 1 1 10 7 12 1 1 10 12 1 100 1 8 1 8 1 10 10 12 1 8 1 8 1 10 7 12 1 1 1 11 7 12 1 1 1 9 7 12 1 1 1 10 7 12 1 1 1 9 12 1 9 12 1 9 12 1 9 12 1 9 12 1 9 12 1 10 7 12 1 1 1 8 1 10 12 1 7 1 10 12 1 1 10 12 1 7 1 10 11 12 1 1 10 12 10 12 1 10 12 1 100 1 10 12 1 10 12 1 10 10 12 1 10 7 12 1 1 8 1 10 7 12 1 1 10 12 1 1 1 1 1 1 1 1 1 1 1 1 1 1 1 1 1 1 1 1 1 1 1 1 1 1 1 1 1 1 1 1 1 1 1 1 1 1 1 1 1 1 1 1 1 1 1 1 1 1 1 1 1 1 1 1 100 1 1 1 1 1 1 1 1 1 1 1 1 1 1 1 1 1 1 100 1 100 1 1 1 1 1 1 1 1 1 1 1 1 1 1 1 1 1 1 1 1 1 1 1 1 1 1 1 1 1 1 1 1 1 1 1 1 1 1 1 1 1 1 1 1 1 1 1 1 1 1 1 100 1 1 15 10 100 12 1 1 1 16 15 10 12 16 15 10 12 16 15 10 12 16 1 1 1 100 1 1 1 1 1 100 1 100 1 1
staticfield jdk/internal/loader/BuiltinClassLoader packageToModule Ljava/util/Map; java/util/concurrent/ConcurrentHashMap
staticfield jdk/internal/loader/BuiltinClassLoader $assertionsDisabled Z 1
ciInstanceKlass java/security/AccessController 1 1 295 10 100 12 1 1 1 10 7 12 1 1 1 10 7 12 1 1 1 10 12 1 1 10 12 1 1 10 7 12 1 1 1 10 12 1 1 10 12 1 10 12 1 1 10 12 1 100 1 8 1 10 12 1 10 12 1 10 12 1 1 10 12 1 100 1 100 1 10 12 1 1 10 12 1 10 12 1 10 12 1 1 10 7 12 1 1 1 10 12 1 1 9 100 12 1 1 1 10 100 12 1 1 1 10 12 1 10 12 1 9 100 12 1 1 1 10 12 1 10 12 1 1 9 12 1 1 10 100 1 10 11 7 12 1 1 1 10 7 12 1 1 11 7 1 100 1 10 12 1 10 12 1 10 12 1 8 1 10 12 1 1 8 1 10 100 12 1 1 1 8 1 100 1 10 10 12 1 1 10 12 1 10 7 12 1 1 1 10 12 1 8 1 10 100 12 1 1 8 1 8 1 10 12 1 8 1 10 12 1 10 12 1 1 10 12 1 1 1 1 1 1 1 1 1 1 1 1 1 1 1 1 1 1 1 1 1 1 1 1 1 1 1 1 100 1 1 1 1 1 1 1 1 1 1 1 1 1 1 1 1 1 1 1 1 1 1 1 1 1 1 1 1 1 1 1 1 1 1 100 1 100 1 1 1 1 1 1 1 1 1 3 1 1 1
staticfield java/security/AccessController $assertionsDisabled Z 1
instanceKlass jdk/internal/reflect/GeneratedConstructorAccessor48
instanceKlass jdk/internal/reflect/GeneratedConstructorAccessor47
instanceKlass jdk/internal/reflect/GeneratedConstructorAccessor46
instanceKlass jdk/internal/reflect/GeneratedConstructorAccessor45
instanceKlass jdk/internal/reflect/GeneratedConstructorAccessor44
instanceKlass jdk/internal/reflect/GeneratedConstructorAccessor43
instanceKlass jdk/internal/reflect/GeneratedConstructorAccessor42
instanceKlass jdk/internal/reflect/GeneratedConstructorAccessor41
instanceKlass jdk/internal/reflect/GeneratedConstructorAccessor40
instanceKlass jdk/internal/reflect/GeneratedConstructorAccessor39
instanceKlass jdk/internal/reflect/GeneratedConstructorAccessor38
instanceKlass jdk/internal/reflect/GeneratedConstructorAccessor37
instanceKlass jdk/internal/reflect/GeneratedConstructorAccessor36
instanceKlass jdk/internal/reflect/GeneratedConstructorAccessor35
instanceKlass jdk/internal/reflect/GeneratedConstructorAccessor34
instanceKlass jdk/internal/reflect/GeneratedConstructorAccessor33
instanceKlass jdk/internal/reflect/GeneratedConstructorAccessor32
instanceKlass jdk/internal/reflect/GeneratedConstructorAccessor31
instanceKlass jdk/internal/reflect/GeneratedConstructorAccessor30
instanceKlass jdk/internal/reflect/GeneratedConstructorAccessor29
instanceKlass jdk/internal/reflect/GeneratedConstructorAccessor28
instanceKlass jdk/internal/reflect/GeneratedConstructorAccessor27
instanceKlass jdk/internal/reflect/GeneratedConstructorAccessor26
instanceKlass jdk/internal/reflect/GeneratedConstructorAccessor25
instanceKlass jdk/internal/reflect/GeneratedConstructorAccessor24
instanceKlass jdk/internal/reflect/GeneratedConstructorAccessor23
instanceKlass jdk/internal/reflect/GeneratedConstructorAccessor22
instanceKlass jdk/internal/reflect/GeneratedConstructorAccessor21
instanceKlass jdk/internal/reflect/GeneratedConstructorAccessor20
instanceKlass jdk/internal/reflect/GeneratedConstructorAccessor19
instanceKlass jdk/internal/reflect/GeneratedConstructorAccessor18
instanceKlass jdk/internal/reflect/GeneratedConstructorAccessor17
instanceKlass jdk/internal/reflect/GeneratedConstructorAccessor16
instanceKlass jdk/internal/reflect/GeneratedConstructorAccessor15
instanceKlass jdk/internal/reflect/GeneratedConstructorAccessor14
instanceKlass jdk/internal/reflect/GeneratedConstructorAccessor13
instanceKlass jdk/internal/reflect/GeneratedConstructorAccessor12
instanceKlass jdk/internal/reflect/GeneratedConstructorAccessor11
instanceKlass jdk/internal/reflect/GeneratedConstructorAccessor10
instanceKlass jdk/internal/reflect/GeneratedConstructorAccessor9
instanceKlass jdk/internal/reflect/GeneratedConstructorAccessor8
instanceKlass jdk/internal/reflect/GeneratedConstructorAccessor7
instanceKlass jdk/internal/reflect/GeneratedConstructorAccessor6
instanceKlass jdk/internal/reflect/GeneratedConstructorAccessor5
instanceKlass jdk/internal/reflect/GeneratedConstructorAccessor4
instanceKlass jdk/internal/reflect/GeneratedConstructorAccessor3
instanceKlass jdk/internal/reflect/GeneratedConstructorAccessor2
instanceKlass jdk/internal/reflect/BootstrapConstructorAccessorImpl
instanceKlass jdk/internal/reflect/GeneratedConstructorAccessor1
instanceKlass jdk/internal/reflect/DelegatingConstructorAccessorImpl
instanceKlass jdk/internal/reflect/NativeConstructorAccessorImpl
ciInstanceKlass jdk/internal/reflect/ConstructorAccessorImpl 1 1 27 10 7 12 1 1 1 100 1 100 1 1 1 1 1 1 1 1 1 100 1 100 1 100 1 1 1
instanceKlass jdk/internal/reflect/FieldAccessorImpl
instanceKlass jdk/internal/reflect/ConstructorAccessorImpl
instanceKlass jdk/internal/reflect/MethodAccessorImpl
ciInstanceKlass jdk/internal/reflect/MagicAccessorImpl 1 1 16 10 7 12 1 1 1 100 1 1 1 1 1 1 1 1
instanceKlass jdk/internal/reflect/GeneratedMethodAccessor14
instanceKlass jdk/internal/reflect/GeneratedMethodAccessor13
instanceKlass jdk/internal/reflect/GeneratedMethodAccessor12
instanceKlass jdk/internal/reflect/GeneratedMethodAccessor11
instanceKlass jdk/internal/reflect/GeneratedMethodAccessor10
instanceKlass jdk/internal/reflect/GeneratedMethodAccessor9
instanceKlass jdk/internal/reflect/GeneratedMethodAccessor8
instanceKlass jdk/internal/reflect/GeneratedMethodAccessor7
instanceKlass jdk/internal/reflect/GeneratedMethodAccessor6
instanceKlass jdk/internal/reflect/GeneratedMethodAccessor5
instanceKlass jdk/internal/reflect/GeneratedMethodAccessor4
instanceKlass jdk/internal/reflect/GeneratedMethodAccessor3
instanceKlass jdk/internal/reflect/GeneratedMethodAccessor2
instanceKlass jdk/internal/reflect/GeneratedMethodAccessor1
instanceKlass jdk/internal/reflect/DelegatingMethodAccessorImpl
instanceKlass jdk/internal/reflect/NativeMethodAccessorImpl
ciInstanceKlass jdk/internal/reflect/MethodAccessorImpl 1 1 25 10 7 12 1 1 1 100 1 100 1 1 1 1 1 1 1 1 1 100 1 100 1 1 1
ciInstanceKlass java/lang/Module 1 1 959 10 7 12 1 1 1 9 7 12 1 1 1 10 7 12 1 1 1 9 12 1 9 12 1 1 9 12 1 1 10 12 1 1 10 12 1 10 12 1 1 10 7 12 1 1 1 7 1 10 7 12 1 1 1 10 12 1 1 11 7 12 1 1 1 10 12 1 1 10 7 12 1 1 1 10 12 1 1 10 7 12 1 1 1 9 100 12 1 1 1 10 100 12 1 1 1 10 12 1 8 1 10 7 12 1 1 1 10 7 12 1 1 1 9 12 1 1 9 12 1 1 10 12 1 9 12 1 1 11 12 1 9 7 12 1 1 10 7 12 1 1 1 10 100 12 1 1 1 10 12 1 1 100 1 100 1 10 10 12 1 1 8 1 10 12 1 10 12 10 12 1 10 12 1 1 10 12 1 1 10 12 1 1 9 7 12 1 1 1 10 12 1 1 10 12 1 1 9 12 1 10 12 1 10 12 1 9 12 1 1 11 7 12 1 1 10 12 1 1 9 12 1 9 12 1 10 12 1 10 12 1 100 1 8 1 10 10 12 1 1 10 12 1 8 1 10 12 1 1 8 1 8 1 10 12 1 1 10 12 1 10 12 1 1 18 12 1 1 10 12 1 1 11 12 1 9 12 1 11 12 10 100 12 1 1 100 1 8 1 10 7 1 11 12 1 1 10 12 1 10 12 1 10 12 1 1 11 12 1 1 11 7 12 1 1 11 12 1 1 9 12 1 11 12 1 10 12 1 1 10 12 1 1 9 12 1 10 12 10 7 12 1 1 10 7 12 1 1 10 7 1 18 12 1 1 11 100 12 1 1 1 18 12 1 11 12 1 1 10 100 12 1 1 1 11 12 1 1 10 7 12 1 1 4 7 1 11 12 1 7 1 7 1 10 10 7 12 1 1 1 10 11 7 12 1 8 1 10 10 12 1 1 10 7 12 1 1 10 12 1 10 12 1 7 1 10 12 1 10 11 12 1 1 10 12 10 12 1 1 9 12 1 100 1 10 10 12 1 1 11 100 1 10 12 1 1 11 12 1 10 10 12 1 11 10 12 1 1 10 12 1 1 10 12 1 1 10 7 12 1 1 10 12 1 10 12 1 1 10 10 12 1 1 10 12 1 18 12 1 11 12 1 18 12 1 10 12 1 10 12 1 10 12 7 1 10 12 1 10 12 1 10 12 1 9 12 1 7 1 10 10 10 10 12 1 10 12 1 10 12 1 10 12 1 1 10 12 1 1 10 12 1 9 12 1 18 12 1 1 10 100 12 1 1 1 100 1 8 1 10 12 1 1 10 12 1 1 10 100 12 1 1 100 1 10 12 1 1 100 1 8 1 100 1 10 100 1 100 1 3 10 12 1 100 1 10 12 1 10 12 1 1 10 12 1 1 100 1 10 12 1 10 12 1 1 100 1 100 1 10 12 8 1 10 12 1 1 10 12 1 1 10 100 12 1 1 10 12 1 1 10 12 1 10 12 10 12 1 1 7 1 10 10 12 1 1 10 100 12 1 1 1 100 1 8 1 10 12 1 1 10 100 12 1 1 8 1 10 12 1 8 1 10 12 1 10 12 10 12 1 8 1 10 10 100 12 1 1 7 1 10 10 12 1 10 7 12 1 1 9 12 1 9 12 1 9 12 1 9 12 1 10 12 11 12 1 10 12 1 100 1 1 1 1 1 1 1 1 1 1 1 1 1 1 1 1 100 1 1 1 1 1 1 1 1 1 1 1 1 1 1 1 1 1 1 1 1 1 1 1 1 1 1 1 1 1 1 1 1 1 1 1 1 1 1 1 1 1 1 1 1 1 1 1 1 1 1 1 1 1 1 1 1 1 1 1 1 1 1 1 1 1 1 1 1 1 1 1 1 1 1 1 1 1 1 1 1 1 1 1 100 100 1 1 1 1 1 1 1 1 1 1 1 1 1 1 1 1 1 1 1 1 1 1 1 1 1 1 1 1 1 1 1 1 1 1 100 1 100 1 100 1 1 1 1 1 1 1 1 1 1 1 1 1 1 1 1 1 1 1 1 1 1 1 1 1 1 1 1 15 10 7 12 1 1 1 16 15 10 12 16 16 15 10 12 16 16 15 10 16 1 15 10 12 16 1 15 10 12 16 1 16 15 10 12 16 1 1 1 1 1 1 1 100 1 100 1 1
staticfield java/lang/Module ALL_UNNAMED_MODULE Ljava/lang/Module; java/lang/Module
staticfield java/lang/Module ALL_UNNAMED_MODULE_SET Ljava/util/Set; java/util/ImmutableCollections$Set12
staticfield java/lang/Module EVERYONE_MODULE Ljava/lang/Module; java/lang/Module
staticfield java/lang/Module EVERYONE_SET Ljava/util/Set; java/util/ImmutableCollections$Set12
staticfield java/lang/Module $assertionsDisabled Z 1
instanceKlass org/jetbrains/kotlin/com/intellij/util/containers/NotNullList
instanceKlass org/jetbrains/kotlin/com/intellij/util/containers/Stack
instanceKlass org/jetbrains/kotlin/config/MavenComparableVersion$ListItem
ciInstanceKlass java/util/ArrayList 1 1 492 10 7 12 1 1 1 7 1 9 7 12 1 1 1 9 12 1 100 1 100 1 10 8 1 10 12 1 1 10 12 1 10 12 1 1 10 12 1 9 12 1 11 7 12 1 1 1 9 12 1 1 10 12 1 1 7 10 7 12 1 1 1 9 12 1 10 12 1 10 12 1 1 10 7 12 1 1 1 10 7 12 1 1 1 10 12 1 1 10 12 1 1 10 12 1 1 10 12 1 10 12 1 1 100 1 100 1 10 12 1 10 7 12 1 1 1 10 7 12 1 1 10 12 1 10 12 10 12 1 1 10 12 1 1 10 12 1 1 7 1 10 12 1 1 10 12 1 1 10 12 1 100 1 10 11 12 1 1 11 100 12 1 1 1 11 12 1 10 12 1 10 12 1 10 12 1 1 100 1 10 12 1 1 10 10 12 1 1 10 12 1 8 1 8 1 8 1 8 1 10 12 1 1 10 12 1 1 11 12 1 100 1 10 100 12 1 1 10 12 1 10 12 1 1 10 100 12 1 1 10 12 1 10 100 12 1 1 1 11 100 12 1 1 1 10 12 1 100 1 8 1 10 7 1 10 12 1 7 1 10 12 1 10 12 1 1 7 1 10 12 1 10 12 1 1 11 7 12 1 1 7 1 10 12 1 10 12 1 1 11 7 12 1 1 10 12 1 1 10 12 1 1 10 12 1 1 10 12 1 1 11 100 12 1 1 10 12 1 1 100 1 100 1 100 1 1 1 1 5 0 1 3 1 1 1 1 1 1 1 1 1 1 1 1 1 1 1 1 1 1 1 1 1 1 1 1 1 1 1 1 1 1 1 1 1 1 1 1 1 1 1 1 1 1 1 1 1 1 1 1 1 1 1 1 1 1 1 1 1 1 1 1 1 1 1 1 1 1 1 1 1 1 1 1 1 1 1 1 1 1 1 1 1 1 1 1 1 1 1 1 1 1 1 1 1 1 1 1 100 1 1 1 1 100 1 1 1 1 1 1 1 1 1 1 1 1 1 1 1 1 1 1 1 1 1 1 1 1 1 1 1 1 1 100 1 1 1 1 1 1 1 1 1 1 1 1 1 1 1 1 1 1 100 1 100 1 1 1 1 1 1
staticfield java/util/ArrayList EMPTY_ELEMENTDATA [Ljava/lang/Object; 0 [Ljava/lang/Object;
staticfield java/util/ArrayList DEFAULTCAPACITY_EMPTY_ELEMENTDATA [Ljava/lang/Object; 0 [Ljava/lang/Object;
ciInstanceKlass java/util/concurrent/ConcurrentHashMap 1 1 1210 7 1 7 1 3 10 12 1 1 3 100 1 10 7 12 1 1 1 100 1 10 100 12 1 1 1 100 1 11 12 1 1 11 12 1 11 12 1 1 9 12 1 1 9 12 1 1 9 12 1 10 7 12 1 1 1 7 1 10 12 1 1 10 12 1 1 10 7 12 1 1 1 4 10 12 1 9 12 1 10 12 1 1 100 1 10 5 0 10 12 1 10 12 1 1 5 0 10 12 1 1 10 12 1 9 12 1 1 10 12 1 1 9 12 1 9 12 1 1 10 12 1 1 9 12 1 10 12 1 1 9 12 1 1 10 12 1 1 100 1 10 100 1 10 12 1 10 12 1 1 10 12 1 1 10 12 1 1 10 12 1 10 12 1 1 10 12 1 1 100 1 10 12 1 1 7 1 100 1 8 1 10 12 1 10 12 1 1 10 12 1 1 11 7 12 1 1 10 12 1 1 11 12 1 1 11 7 12 1 1 1 11 7 12 1 1 1 11 12 1 7 1 11 12 1 11 12 1 10 12 1 1 10 12 1 1 9 12 1 1 10 100 12 1 1 1 9 10 12 1 1 9 12 1 10 12 1 1 5 0 9 12 1 1 7 1 10 12 1 9 12 1 1 7 1 10 12 1 9 12 1 7 1 10 100 1 10 10 12 1 1 8 1 10 12 1 10 12 1 1 11 100 1 10 12 1 10 100 12 1 1 1 8 1 10 100 12 1 1 1 8 1 10 12 1 8 1 10 12 1 10 12 1 1 10 100 12 1 1 10 12 1 10 12 1 10 12 1 9 12 1 9 10 12 1 9 12 1 1 11 100 12 1 1 1 11 100 12 1 1 1 100 1 10 12 11 100 12 1 1 10 11 7 12 1 10 12 1 100 1 10 12 1 100 1 10 10 9 100 12 1 1 1 10 12 3 10 100 12 1 1 9 12 1 10 12 1 1 9 12 1 1 9 12 1 10 12 1 1 10 100 12 1 1 9 12 1 9 7 12 1 1 10 12 1 1 10 12 1 3 9 12 1 9 12 1 10 12 1 1 7 1 9 3 9 12 1 100 1 10 12 1 9 12 1 10 12 1 9 12 1 10 12 1 9 12 1 10 100 12 1 1 1 100 10 12 1 100 1 5 0 10 100 12 1 1 100 1 10 12 1 1 10 12 1 10 12 1 100 1 10 12 1 10 100 1 100 1 10 10 12 1 10 100 1 10 12 1 10 100 1 10 12 1 10 100 1 10 12 1 1 100 1 10 12 1 10 10 12 1 100 1 10 12 1 10 10 12 1 100 1 10 12 1 10 100 1 10 12 1 10 100 1 10 12 1 10 100 1 10 12 1 10 100 1 10 12 1 10 100 1 10 12 1 10 100 1 10 12 1 10 100 1 10 12 1 10 100 1 10 10 100 1 10 10 100 1 10 10 100 1 10 12 1 10 100 1 10 12 1 10 100 1 10 12 1 10 100 1 10 12 1 10 100 1 10 12 1 10 100 1 10 10 100 1 10 10 100 1 10 10 100 1 10 12 1 10 100 1 10 12 1 10 100 1 10 12 1 10 100 1 10 12 1 10 100 1 10 12 1 10 10 12 1 10 7 12 1 1 1 10 12 1 7 1 7 1 10 12 1 9 12 1 1 9 12 1 1 10 12 1 1 8 10 12 1 1 8 8 8 8 7 10 12 1 1 10 12 1 100 1 8 1 10 7 1 100 1 100 1 1 1 5 0 1 1 3 1 3 1 1 1 1 3 1 3 1 3 1 1 1 1 1 3 1 3 1 3 1 1 1 1 1 1 1 1 1 1 1 1 1 1 1 1 1 1 1 1 1 1 1 1 1 100 1 1 1 1 1 1 1 1 1 1 1 1 1 1 1 1 1 1 1 1 1 1 1 1 1 1 1 1 1 1 1 1 1 1 1 1 1 1 1 1 1 1 1 1 1 1 1 1 1 1 1 1 1 1 1 1 1 1 1 1 1 1 1 1 1 1 1 1 1 1 1 1 1 1 1 1 1 1 1 1 1 1 1 1 100 1 1 1 1 1 1 1 1 1 1 1 100 1 1 1 1 1 1 1 1 1 1 1 1 1 1 1 1 1 1 1 1 1 1 1 1 1 1 1 1 1 1 1 1 1 1 1 1 1 1 1 1 1 1 1 1 1 1 1 1 1 1 1 1 1 1 1 1 1 1 1 1 1 1 1 1 1 1 1 1 1 1 1 1 1 1 1 1 1 1 1 1 1 1 1 1 1 1 1 1 1 1 1 1 1 1 1 1 1 1 1 1 1 1 1 1 1 1 1 1 1 1 1 1 1 1 1 1 1 1 1 1 1 1 1 1 1 1 1 1 1 1 1 1 1 1 1 1 1 1 1 1 1 1 1 1 1 1 1 1 1 1 1 1 1 1 1 1 1 1 1 1 1 1 1 1 1 1 1 1 1 1 1 1 1 1 1 1 1 1 1 1 1 1 1 1 1 1 1 1 1 1 1 1 1 1 1 1 1 1 1 1 1 1 1 1 1 1 1 1 1 1 1 1 1 1 1 1 1 1 1 1 1 1 1 100 1 100 1 100 1 100 1 100 1 100 1 100 1 100 1 100 1 1 1 1 1 1 1 1 1 1 1 1 1 1 1 1 1 1 1 1 1 1 1 1 1 1 1 1 1 1 1 1 1 1 1 1 1 1 1 1 1 1 1 1 1 1 1 1 1 1 1 1 1 1 1 1 1 1
staticfield java/util/concurrent/ConcurrentHashMap NCPU I 12
staticfield java/util/concurrent/ConcurrentHashMap serialPersistentFields [Ljava/io/ObjectStreamField; 3 [Ljava/io/ObjectStreamField;
staticfield java/util/concurrent/ConcurrentHashMap U Ljdk/internal/misc/Unsafe; jdk/internal/misc/Unsafe
staticfield java/util/concurrent/ConcurrentHashMap SIZECTL J 20
staticfield java/util/concurrent/ConcurrentHashMap TRANSFERINDEX J 32
staticfield java/util/concurrent/ConcurrentHashMap BASECOUNT J 24
staticfield java/util/concurrent/ConcurrentHashMap CELLSBUSY J 36
staticfield java/util/concurrent/ConcurrentHashMap CELLVALUE J 144
staticfield java/util/concurrent/ConcurrentHashMap ABASE I 16
staticfield java/util/concurrent/ConcurrentHashMap ASHIFT I 2
ciInstanceKlass java/lang/String 1 1 1396 10 7 12 1 1 1 8 1 9 7 12 1 1 1 9 12 1 1 9 12 1 1 10 12 1 10 12 1 1 10 12 1 1 9 12 1 1 10 7 12 1 1 1 10 7 1 10 7 12 1 1 1 10 12 1 1 10 12 1 1 10 12 1 10 12 1 1 10 12 1 10 7 12 1 1 1 9 7 12 1 1 1 10 7 12 1 1 1 10 12 1 1 10 12 1 1 10 12 1 1 10 12 1 1 10 12 1 1 9 7 12 1 1 10 12 9 7 12 1 1 3 10 7 12 1 1 1 7 1 11 12 1 1 11 12 1 11 12 1 1 10 100 12 1 1 1 10 12 1 1 9 100 12 1 1 1 10 12 1 1 10 12 1 11 12 1 1 10 12 1 1 10 12 10 12 1 1 10 100 12 1 1 1 10 7 12 1 1 1 10 12 1 1 100 1 100 1 10 12 1 10 12 1 10 12 1 1 100 1 10 12 1 1 100 1 10 12 1 1 10 12 1 1 10 10 12 1 100 1 100 1 100 1 10 12 1 10 12 1 1 10 12 1 1 10 12 1 10 12 1 1 10 12 1 1 10 100 12 1 1 100 1 11 11 12 1 11 12 1 10 12 1 1 10 12 1 10 12 10 12 1 1 10 10 100 12 1 1 1 10 100 12 1 1 10 12 1 1 10 100 12 1 1 10 12 1 10 12 1 1 10 12 1 1 10 12 1 10 12 1 10 12 1 1 100 1 10 12 1 1 10 12 10 12 1 10 12 1 1 10 100 12 1 1 1 10 12 1 10 12 1 1 10 12 1 10 12 1 3 3 10 12 1 10 12 1 1 10 12 1 1 10 12 1 1 10 12 1 10 12 1 1 10 12 1 1 10 12 1 10 12 1 10 12 1 10 12 1 1 10 12 1 10 12 1 10 12 1 10 12 1 10 12 1 10 12 1 10 100 1 10 8 1 10 12 1 1 10 12 1 8 1 10 12 1 1 10 12 10 12 1 8 1 10 10 12 1 1 10 12 1 1 10 12 1 10 12 1 1 10 12 10 100 1 10 10 12 1 10 12 1 10 12 1 10 10 12 1 10 12 1 1 10 12 1 100 1 10 10 12 1 100 1 10 10 12 1 10 12 1 1 10 12 1 10 12 1 1 10 10 12 1 1 10 100 1 10 10 12 1 10 12 1 1 10 12 1 1 10 100 1 10 12 1 10 12 1 10 12 1 10 12 1 1 10 12 1 11 7 1 11 12 10 12 1 10 12 1 1 10 12 1 1 10 10 12 1 10 12 1 9 12 1 1 11 7 12 1 1 1 10 10 12 1 10 12 1 1 10 10 12 1 10 12 1 10 12 1 1 9 12 1 10 12 1 1 10 10 12 1 1 10 12 10 10 12 1 10 12 10 10 12 10 10 12 1 10 12 1 10 12 10 10 12 10 12 1 10 12 10 12 10 10 12 1 10 12 1 1 10 12 1 10 10 12 1 10 7 12 1 1 1 10 12 1 1 10 10 7 12 1 1 1 11 10 12 1 10 12 1 1 10 12 1 1 10 100 12 1 1 1 10 12 1 10 10 12 1 10 12 1 10 12 1 10 100 12 1 1 10 12 1 100 1 100 1 8 1 10 10 10 12 1 8 1 10 12 1 3 3 7 1 10 10 12 1 10 12 1 10 12 1 1 10 12 1 1 11 7 12 1 1 1 7 1 10 12 1 1 10 12 1 10 12 1 1 10 12 1 1 8 1 10 12 1 1 10 12 1 11 100 12 1 1 1 11 100 12 1 1 11 12 1 1 10 12 1 10 12 1 1 10 10 7 12 1 1 1 10 12 1 10 12 1 10 10 12 10 12 1 1 10 10 12 1 10 10 12 1 10 10 12 1 10 10 12 1 10 12 1 1 10 10 12 1 8 1 10 12 1 1 18 12 1 1 11 100 12 1 1 1 7 1 3 18 12 1 18 12 1 8 1 10 100 12 1 1 1 11 12 1 1 10 12 10 10 12 1 10 11 12 1 1 10 12 1 1 11 12 1 18 3 11 10 12 1 11 11 10 12 1 10 12 1 1 8 1 10 12 1 10 12 1 10 12 1 1 10 10 12 1 11 100 12 1 7 1 100 1 10 12 1 7 1 10 10 7 12 1 1 1 100 1 10 7 1 10 10 12 1 10 10 12 1 8 1 10 10 12 1 8 1 8 1 10 12 1 10 12 1 10 10 12 10 100 12 1 1 10 100 12 1 1 10 100 12 1 1 8 1 10 12 1 10 12 1 1 10 10 12 8 1 8 1 10 8 1 8 1 8 1 8 1 10 12 1 10 12 1 8 1 10 100 12 1 1 1 10 12 10 12 1 1 10 12 10 10 12 10 12 7 1 9 12 1 1 7 1 10 100 1 100 1 100 1 100 1 1 1 1 1 1 5 0 1 1 1 1 1 3 1 3 1 1 1 1 1 1 1 1 1 1 1 1 1 1 1 100 1 1 1 100 1 1 1 1 1 1 1 1 1 1 1 1 1 1 1 1 1 1 1 1 1 1 1 1 1 1 1 100 1 1 1 1 1 1 1 1 1 100 1 1 1 1 1 1 1 1 1 1 1 1 1 1 1 1 1 1 1 1 1 1 1 1 1 1 1 1 1 1 1 1 1 1 1 1 1 1 1 1 1 1 1 1 1 1 1 1 1 1 1 1 1 1 1 1 1 1 1 1 1 1 1 1 1 1 1 1 1 1 1 1 1 1 1 1 1 1 1 1 1 1 1 1 1 1 1 1 1 1 1 1 1 1 1 1 1 1 1 1 1 1 1 1 1 1 1 1 1 1 1 1 1 1 1 1 1 1 1 1 1 1 1 1 1 1 1 1 1 1 1 1 1 1 1 1 1 1 1 1 1 1 1 1 1 1 1 1 1 1 1 1 1 1 1 1 1 1 1 1 1 1 1 1 1 1 1 1 1 100 1 1 1 1 1 1 1 1 1 1 1 1 1 1 1 1 1 1 1 1 1 1 1 1 100 1 1 1 1 1 1 1 1 1 1 1 1 1 100 1 1 1 1 1 1 1 1 1 1 1 1 1 1 1 15 10 100 12 1 1 1 16 15 10 12 16 15 10 12 15 10 12 15 10 12 1 1 1 1 100 1 100 1 1 1
staticfield java/lang/String COMPACT_STRINGS Z 1
staticfield java/lang/String serialPersistentFields [Ljava/io/ObjectStreamField; 0 [Ljava/io/ObjectStreamField;
staticfield java/lang/String CASE_INSENSITIVE_ORDER Ljava/util/Comparator; java/lang/String$CaseInsensitiveComparator
ciInstanceKlass java/security/ProtectionDomain 1 1 324 10 7 12 1 1 1 9 7 12 1 1 1 7 1 10 9 12 1 1 9 12 1 1 9 12 1 1 10 7 12 1 1 7 1 9 12 1 9 12 1 1 7 1 9 12 1 1 9 12 1 10 100 12 1 1 10 100 12 1 1 1 10 12 1 1 10 12 1 9 12 1 9 100 12 1 1 10 12 1 1 10 100 1 10 12 1 1 8 1 100 1 8 1 10 12 1 10 10 100 12 1 1 1 10 12 1 1 8 1 11 8 1 10 12 1 8 1 8 1 10 12 1 1 10 12 1 10 12 1 1 10 12 1 8 1 10 12 1 8 1 8 1 10 100 12 1 1 1 9 100 12 1 1 1 10 12 1 1 9 100 12 1 1 1 10 100 12 1 1 1 100 1 100 1 10 12 1 10 100 12 1 1 1 10 100 1 10 12 1 10 12 1 1 11 100 12 1 1 11 12 1 100 1 11 100 12 1 1 1 10 12 1 10 11 12 1 1 11 12 1 1 10 12 1 10 7 12 1 1 10 100 12 1 1 11 12 1 10 12 8 1 8 1 10 7 12 1 1 1 7 1 10 10 7 12 1 1 1 1 1 1 1 1 1 1 100 1 1 100 1 1 1 1 1 1 1 1 1 1 1 1 1 1 1 1 1 1 1 1 1 1 1 1 1 1 1 1 1 1 1 1 1 1 1 1 1 1 1 1 1 1 100 1 1 1 1 1 100 1 1 1 1 1
staticfield java/security/ProtectionDomain filePermCompatInPD Z 0
ciInstanceKlass java/security/CodeSource 1 1 395 10 7 12 1 1 1 9 7 12 1 1 1 9 12 1 1 9 12 1 1 9 12 1 1 10 7 12 1 1 1 9 12 1 1 10 100 12 1 1 10 100 10 100 12 1 1 1 10 100 12 1 1 1 10 12 1 1 100 1 10 10 100 12 1 1 1 10 100 12 1 1 1 10 12 1 1 10 12 1 100 1 10 12 1 1 10 12 1 1 10 12 1 1 10 12 1 10 10 10 12 1 1 10 100 12 1 1 1 10 12 1 10 12 1 10 12 1 8 1 10 12 1 10 12 1 10 12 1 1 10 12 1 8 1 10 12 1 1 10 100 1 10 10 12 1 1 8 1 10 12 1 10 12 1 10 12 1 8 1 8 1 9 12 1 1 100 1 8 1 10 12 1 10 12 1 1 8 1 10 12 1 8 1 8 1 8 1 10 100 12 1 1 10 12 1 1 10 12 1 10 12 1 1 10 12 1 1 10 12 1 1 100 1 100 1 10 12 1 10 12 10 12 1 1 10 100 12 1 1 10 12 1 100 1 10 12 10 8 1 10 12 1 10 12 1 10 12 1 1 100 1 10 12 1 1 100 1 100 1 8 1 8 1 10 10 12 1 1 10 100 12 1 1 1 100 1 10 12 10 12 1 1 11 100 12 1 1 10 10 12 1 11 10 12 1 8 1 100 1 10 12 1 10 12 1 1 10 12 1 11 12 1 1 11 100 1 1 1 1 5 0 1 1 1 1 1 1 1 1 1 1 1 1 1 1 1 1 1 1 1 1 1 1 1 1 1 1 1 1 1 1 1 1 1 1 1 1 1 1 1 1 1 1 1 1 1 1 1 1 1 1 1 1 1 1 1 1 1 1 1 1 1 1 1 1 1 100 1 1 1 1 1 1 1
ciInstanceKlass java/lang/StringBuilder 1 1 409 10 7 12 1 1 1 10 12 1 10 12 1 10 12 1 1 10 7 12 1 1 1 10 7 12 1 1 1 10 12 1 10 12 1 10 12 1 10 12 1 10 12 1 10 12 1 10 12 1 10 12 1 10 12 1 10 12 1 10 12 1 10 12 1 10 12 1 10 12 1 1 10 12 1 10 12 1 1 10 12 1 1 10 12 1 10 12 1 10 12 1 10 12 1 10 12 1 10 12 1 10 12 1 10 12 10 12 1 10 12 1 10 12 1 10 12 1 1 10 12 1 10 12 1 10 12 10 12 1 1 10 12 1 1 9 12 1 1 9 12 1 1 10 7 12 1 1 1 10 7 1 10 100 12 1 1 1 10 12 1 10 12 1 1 10 12 1 1 10 10 12 1 1 10 100 12 1 1 10 12 1 10 12 1 1 100 1 100 1 8 1 10 10 12 1 1 10 12 1 1 10 12 1 10 12 1 10 12 1 10 12 1 10 12 1 10 12 1 10 12 1 10 12 1 10 12 1 10 12 1 10 12 1 10 12 1 10 12 1 10 12 1 10 12 1 1 10 12 1 1 10 12 1 10 12 1 10 12 1 10 12 10 12 10 12 1 10 12 1 10 12 1 10 12 10 12 1 10 12 1 10 12 1 10 12 1 10 12 1 10 12 1 10 12 1 10 12 1 10 12 1 1 10 12 1 10 12 1 1 10 12 1 10 12 1 1 10 12 1 10 12 1 1 10 12 1 10 12 1 10 12 1 10 10 12 1 10 12 1 100 1 100 1 100 1 1 1 1 5 0 1 1 1 1 1 1 1 1 1 1 1 1 1 1 1 1 1 1 1 1 1 1 1 1 1 1 1 1 1 1 1 1 1 1 1 1 1 1 1 1 1 1 1 100 1 1 1 100 1 1 1 1 1 1 1 1 1 1
ciInstanceKlass jdk/internal/loader/ClassLoaders 1 1 183 10 100 12 1 1 1 10 7 12 1 1 1 10 12 1 1 10 100 12 1 1 1 9 7 12 1 1 1 9 12 1 1 9 12 1 1 7 1 11 100 12 1 1 1 100 1 11 12 1 1 11 12 1 1 10 100 12 1 1 1 10 100 12 1 1 1 100 1 100 1 10 7 12 1 1 1 9 12 1 1 10 12 1 1 7 1 10 12 1 1 10 12 1 7 1 8 1 10 7 12 1 1 1 10 12 1 1 7 1 10 12 1 10 12 1 10 12 1 8 1 10 7 12 1 1 8 1 8 1 10 12 1 7 1 10 12 1 10 12 1 10 12 1 1 1 1 1 1 1 1 1 1 1 1 1 1 1 1 1 1 1 1 100 1 1 1 1 1 1 1 1 1 1 1 1 1 1 1 1 1 1 1
staticfield jdk/internal/loader/ClassLoaders JLA Ljdk/internal/access/JavaLangAccess; java/lang/System$2
staticfield jdk/internal/loader/ClassLoaders BOOT_LOADER Ljdk/internal/loader/ClassLoaders$BootClassLoader; jdk/internal/loader/ClassLoaders$BootClassLoader
staticfield jdk/internal/loader/ClassLoaders PLATFORM_LOADER Ljdk/internal/loader/ClassLoaders$PlatformClassLoader; jdk/internal/loader/ClassLoaders$PlatformClassLoader
staticfield jdk/internal/loader/ClassLoaders APP_LOADER Ljdk/internal/loader/ClassLoaders$AppClassLoader; jdk/internal/loader/ClassLoaders$AppClassLoader
ciInstanceKlass jdk/internal/misc/Unsafe 1 1 1285 10 7 12 1 1 1 9 7 12 1 1 1 9 12 1 1 10 12 1 1 10 7 12 1 1 1 10 12 1 1 10 12 1 1 10 12 1 1 10 12 1 1 10 12 1 1 10 12 1 1 10 12 1 1 10 12 1 1 10 12 1 1 10 12 1 1 10 12 1 1 10 12 1 1 10 12 1 1 10 12 1 10 12 1 100 1 10 10 12 1 1 10 12 1 1 5 0 10 12 1 1 10 12 1 1 10 7 12 1 1 1 10 12 1 1 10 12 1 10 12 1 10 12 1 1 10 12 1 1 10 12 1 10 12 1 100 1 100 1 10 8 1 10 12 1 1 10 12 1 8 1 10 12 1 1 10 12 1 10 12 1 10 12 1 1 10 12 1 10 12 1 1 10 12 1 1 10 12 1 10 12 1 10 12 1 10 12 1 1 10 12 1 10 12 1 10 12 1 1 10 12 1 5 0 5 0 5 0 10 12 1 10 12 1 10 12 1 10 12 1 10 12 1 10 12 1 10 12 1 10 12 1 10 12 1 1 10 12 1 10 12 1 100 1 8 1 10 100 1 10 10 12 1 1 10 12 1 1 10 12 1 10 12 1 1 10 12 1 1 10 12 1 10 12 1 1 10 12 1 9 7 12 1 1 9 12 1 100 1 10 10 12 1 1 8 1 10 8 1 8 1 10 12 1 1 9 7 12 1 1 1 9 100 1 9 7 1 9 100 1 9 9 100 1 9 100 1 9 100 1 10 12 1 1 10 12 1 1 10 12 1 1 10 12 1 1 5 0 5 0 9 12 1 1 10 12 1 10 12 1 10 12 1 1 10 12 1 1 10 12 1 8 1 3 10 12 1 1 10 12 1 1 10 12 1 10 12 1 1 10 12 1 1 10 12 1 10 12 1 10 12 1 10 12 1 10 12 1 10 12 1 1 10 12 1 1 10 12 1 10 12 1 10 12 1 10 12 1 10 12 1 10 12 1 1 10 12 1 1 10 12 1 10 12 1 10 12 1 10 12 1 10 12 1 10 12 1 1 10 12 1 1 10 12 1 1 10 12 1 1 10 12 1 10 12 1 10 12 1 10 12 1 10 12 1 10 12 1 10 12 1 1 10 12 1 1 10 12 1 10 12 1 10 12 1 10 12 1 10 12 1 10 12 1 10 12 1 1 10 12 1 1 10 12 1 10 12 1 10 12 1 10 12 1 10 12 1 10 12 1 10 12 1 10 12 1 1 10 12 1 10 12 1 10 12 1 10 12 1 10 12 1 1 10 12 1 10 12 1 10 12 1 10 12 1 10 12 1 10 12 1 10 12 1 10 12 1 1 10 12 1 10 12 1 10 12 1 10 12 1 10 12 1 10 12 1 1 10 12 1 10 12 1 10 12 1 1 10 12 1 10 12 1 10 12 1 10 12 1 10 12 1 10 12 1 10 12 1 10 12 1 10 12 1 10 12 1 10 12 1 10 12 1 10 12 1 10 12 1 10 12 1 10 12 1 10 12 1 10 12 1 10 12 1 10 12 1 10 12 1 10 12 1 100 1 10 100 1 10 9 12 1 5 0 10 12 1 1 5 0 10 12 1 5 0 10 12 1 10 12 1 10 12 1 1 10 12 1 1 10 12 1 10 12 1 10 12 1 10 12 1 1 10 12 1 10 12 1 10 12 1 10 12 1 10 12 1 1 10 12 1 10 12 1 10 12 1 10 12 1 1 10 12 1 10 12 1 10 12 1 1 10 12 1 10 12 1 10 12 1 10 12 1 1 10 12 1 10 10 12 1 1 10 12 1 10 12 1 1 10 12 1 10 12 5 0 5 0 5 0 10 12 1 1 10 12 1 10 12 1 10 12 10 100 12 1 1 8 1 100 1 11 12 1 1 8 1 11 12 1 1 10 100 12 1 1 10 12 1 10 12 1 10 12 1 10 12 1 10 12 1 1 10 12 1 10 12 1 10 12 1 10 12 1 10 12 1 10 12 1 10 7 1 10 12 1 9 12 1 7 1 9 12 1 7 1 9 12 1 7 1 9 12 1 7 1 9 12 1 7 1 9 12 1 7 1 9 12 1 7 1 9 12 1 7 1 9 12 1 10 12 1 9 12 1 9 12 1 9 12 1 9 12 1 9 12 1 9 12 1 9 12 1 9 12 1 9 12 1 9 12 1 1 1 3 1 1 1 1 1 1 1 1 1 1 1 1 1 1 1 1 1 1 1 1 1 1 1 1 1 1 1 1 1 1 1 1 1 1 1 1 1 1 1 1 1 1 1 1 1 1 1 1 1 1 1 1 1 1 1 1 1 1 1 1 1 1 1 1 1 1 1 1 1 1 1 1 1 1 1 1 1 1 1 1 1 1 1 1 1 1 1 1 1 100 1 1 1 1 1 1 1 1 1 1 1 1 1 1 1 1 1 1 1 1 1 1 1 1 1 1 1 1 1 1 1 1 1 1 1 1 1 1 1 1 1 1 1 1 1 1 1 1 1 1 1 1 1 1 1 1 1 1 1 1 1 1 1 1 1 1 1 1 1 1 1 1 1 1 1 1 1 1 1 1 1 1 1 1 1 1 1 1 1 1 1 1 1 1 1 1 1 1 1 1 1 1 1 1 1 1 1 1 1 1 1 1 1 1 1 1 1 1 1 1 1 1 1 1 1 1 1 1 1 1 1 1 1 1 1 1 1 1 1 1 1 1 1 1 1 1 1 1 1 1 1 1 1 1 1 1 1 1 1 1 1 1 1 1 1 1 1 1 1 1 1 1 1 1 1 1 1 1 1 1 1 1 1 1 1 1 1 1 1 1 1 1 1 1 1 1 1 1 1 1 1 1 1 1 1 1 1 3 1 1 1 1 1 1 1 1 1 1 1 1 1 1 1 1 1 1 1 1 1
staticfield jdk/internal/misc/Unsafe theUnsafe Ljdk/internal/misc/Unsafe; jdk/internal/misc/Unsafe
staticfield jdk/internal/misc/Unsafe ARRAY_BOOLEAN_BASE_OFFSET I 16
staticfield jdk/internal/misc/Unsafe ARRAY_BYTE_BASE_OFFSET I 16
staticfield jdk/internal/misc/Unsafe ARRAY_SHORT_BASE_OFFSET I 16
staticfield jdk/internal/misc/Unsafe ARRAY_CHAR_BASE_OFFSET I 16
staticfield jdk/internal/misc/Unsafe ARRAY_INT_BASE_OFFSET I 16
staticfield jdk/internal/misc/Unsafe ARRAY_LONG_BASE_OFFSET I 16
staticfield jdk/internal/misc/Unsafe ARRAY_FLOAT_BASE_OFFSET I 16
staticfield jdk/internal/misc/Unsafe ARRAY_DOUBLE_BASE_OFFSET I 16
staticfield jdk/internal/misc/Unsafe ARRAY_OBJECT_BASE_OFFSET I 16
staticfield jdk/internal/misc/Unsafe ARRAY_BOOLEAN_INDEX_SCALE I 1
staticfield jdk/internal/misc/Unsafe ARRAY_BYTE_INDEX_SCALE I 1
staticfield jdk/internal/misc/Unsafe ARRAY_SHORT_INDEX_SCALE I 2
staticfield jdk/internal/misc/Unsafe ARRAY_CHAR_INDEX_SCALE I 2
staticfield jdk/internal/misc/Unsafe ARRAY_INT_INDEX_SCALE I 4
staticfield jdk/internal/misc/Unsafe ARRAY_LONG_INDEX_SCALE I 8
staticfield jdk/internal/misc/Unsafe ARRAY_FLOAT_INDEX_SCALE I 4
staticfield jdk/internal/misc/Unsafe ARRAY_DOUBLE_INDEX_SCALE I 8
staticfield jdk/internal/misc/Unsafe ARRAY_OBJECT_INDEX_SCALE I 4
staticfield jdk/internal/misc/Unsafe ADDRESS_SIZE I 8
ciInstanceKlass java/util/Map 1 1 259 11 7 12 1 1 1 11 12 1 1 10 7 12 1 1 11 12 1 1 11 7 12 1 1 1 11 100 12 1 1 1 11 12 1 1 7 1 11 12 1 11 12 1 100 1 100 1 10 12 1 1 11 100 12 1 1 1 11 100 12 1 1 1 11 12 1 11 12 1 10 12 1 1 11 12 1 11 7 12 1 9 7 12 1 1 1 100 1 10 12 7 1 7 1 10 12 1 7 1 10 7 1 11 12 1 1 7 1 11 12 1 1 1 1 1 1 1 1 1 1 1 1 1 1 1 1 1 1 1 1 1 1 1 1 1 1 1 1 1 1 1 1 1 1 1 1 1 1 1 1 1 1 1 1 1 1 1 1 1 1 1 1 1 1 1 1 1 1 1 1 1 1 1 1 1 1 1 1 1 1 1 1 1 1 1 1 1 1 1 1 1 1 1 1 1 1 1 1 1 1 1 1 1 1 1 1 1 1 1 1 1 1 1 1 1 1 1 1 1 1 1 1 1 1 1 1 1 1 1 1 1 1 1 1 1 1 1 1 1 100 1 1 1 1 1 1 1 1 1 1 1 1 1 1 1 1 1 1
ciInstanceKlass java/lang/ThreadGroup 1 1 293 10 7 12 1 1 1 9 7 12 1 1 1 8 1 9 12 1 1 7 1 9 12 1 9 12 1 1 10 12 1 1 10 12 1 1 10 12 1 10 12 1 1 10 12 1 9 12 1 1 10 12 1 1 10 12 1 9 12 1 10 100 12 1 1 1 9 12 1 9 12 1 1 10 7 12 1 1 1 100 10 12 1 1 10 7 12 1 1 1 10 100 12 1 9 12 1 10 12 1 1 10 12 1 1 9 12 1 1 10 12 1 1 10 12 1 10 12 1 10 12 1 1 10 12 1 1 10 12 1 10 12 1 10 10 12 1 10 12 1 10 100 1 10 10 12 1 10 12 1 10 12 1 7 10 12 1 9 12 1 1 10 12 1 1 8 1 10 100 12 1 1 1 10 12 1 1 10 12 1 1 10 12 1 1 11 100 1 100 1 9 12 1 100 1 10 8 1 10 12 1 1 10 12 1 1 8 1 10 12 1 10 100 12 1 1 1 10 12 1 1 10 100 1 8 1 10 8 1 10 12 1 8 1 1 1 1 1 1 1 1 1 1 1 1 1 1 1 1 1 3 1 1 1 1 1 1 1 1 1 1 1 1 1 1 1 1 1 1 1 1 1 1 1 1 1 1 1 1 1 1 1 1 1 1 1 1 1 1 1 1 1 1
ciInstanceKlass java/util/Properties 1 1 651 10 7 12 1 1 1 100 1 10 7 12 1 1 7 1 10 12 1 9 12 1 1 9 12 1 1 9 12 1 1 10 7 12 1 1 1 10 12 1 1 8 1 10 7 12 1 1 1 7 1 10 12 1 10 12 1 1 8 1 10 12 1 7 1 10 12 10 12 1 1 9 12 1 1 10 12 1 1 7 1 10 12 1 10 12 1 10 12 1 1 100 1 8 1 10 12 1 10 12 1 10 12 1 1 10 12 1 100 1 3 10 10 100 12 1 1 1 10 12 1 10 12 1 1 8 1 10 12 1 10 12 1 1 8 1 10 100 12 1 1 10 12 1 1 10 12 1 10 12 1 1 100 1 10 12 1 10 12 1 1 100 1 9 100 12 1 1 1 10 12 1 10 12 1 1 100 1 10 10 10 12 1 1 11 7 12 1 1 1 11 7 12 1 1 1 11 12 1 1 7 1 11 12 1 11 12 1 10 12 1 1 8 1 10 12 1 10 12 1 100 1 10 10 12 1 1 10 100 12 1 1 9 100 12 1 1 10 12 1 1 10 100 12 1 1 1 100 1 100 1 100 1 10 8 1 8 1 10 12 1 10 12 1 10 12 1 1 10 10 12 1 1 10 12 1 1 100 1 10 10 12 1 11 7 12 1 1 10 7 12 1 1 1 8 1 10 100 12 1 1 11 8 1 10 100 1 11 10 12 1 10 12 1 10 12 1 10 12 1 1 10 12 1 1 10 12 1 1 10 12 1 10 12 1 10 10 12 1 10 12 1 10 12 1 10 10 12 1 1 10 12 1 1 7 1 10 10 12 1 10 12 1 10 12 1 10 12 1 10 12 1 1 10 12 1 1 10 12 1 10 12 1 10 12 1 1 10 12 10 12 1 1 10 12 1 1 10 12 1 10 12 1 1 10 12 1 1 10 12 100 1 10 11 100 12 1 1 4 11 10 12 1 1 10 100 12 1 1 11 12 1 10 12 1 1 10 100 12 1 1 10 12 1 100 1 8 1 10 12 1 10 10 100 12 1 1 1 100 1 6 0 10 12 1 1 11 100 12 1 1 1 10 12 1 10 12 1 1 1 1 1 5 0 1 1 1 1 1 1 1 1 1 1 1 1 1 1 1 1 1 1 1 1 1 1 1 1 1 1 1 1 1 1 1 1 1 1 1 1 1 1 1 1 100 1 1 1 1 1 1 1 1 1 1 1 1 1 1 1 1 1 1 1 1 100 1 1 1 1 1 1 1 100 1 100 1 1 1 1 100 1 1 1 1 1 1 1 1 1 1 1 1 1 1 1 1 1 1 1 1 1 1 1 1 1 1 1 1 1 1 1 1 1 1 1 1 1 1 1 1 1 1 1 1 1 1 1 1 1 1 1 1 1 1 1 1 1 1 1 1 1 1 1 1 1 1 1 1 1 1 1 1 1 1 1 1 100 1 1 1 1 1 1 1 1 1 100 1 1 1
staticfield java/util/Properties UNSAFE Ljdk/internal/misc/Unsafe; jdk/internal/misc/Unsafe
instanceKlass java/util/Hashtable
ciInstanceKlass java/util/Dictionary 1 1 36 10 7 12 1 1 1 100 1 1 1 1 1 1 1 1 1 1 1 1 1 1 1 1 1 1 1 1 1 1 1 1 1 1 1 1
instanceKlass java/util/Properties
ciInstanceKlass java/util/Hashtable 1 1 512 100 1 10 7 12 1 1 1 9 7 12 1 1 1 100 1 100 1 10 8 1 10 12 1 1 10 12 1 10 12 1 1 10 12 1 10 7 12 1 1 1 8 1 10 12 1 9 12 1 1 7 1 9 12 1 1 4 10 7 12 1 1 1 9 12 1 4 10 12 1 11 100 12 1 1 1 10 12 1 1 10 12 1 1 9 12 1 10 12 1 1 100 1 10 9 12 1 1 10 7 12 1 1 1 9 12 1 1 10 12 1 10 12 1 3 9 12 1 9 12 1 3 10 12 1 10 12 1 10 12 1 1 11 12 1 1 11 100 12 1 1 1 11 100 12 1 1 1 11 12 1 100 1 11 12 1 11 12 1 10 12 1 1 10 12 1 1 10 12 1 9 12 1 1 9 12 9 12 1 1 10 100 1 100 1 10 12 1 10 8 1 10 10 12 1 8 1 10 8 1 10 100 12 1 1 1 7 1 10 12 1 10 12 1 100 1 10 12 1 10 12 1 1 100 1 10 100 1 10 10 12 1 1 11 12 1 1 11 12 1 100 1 10 10 10 100 12 1 1 11 100 12 1 1 1 100 1 10 11 100 12 1 1 11 100 12 1 10 12 1 10 12 1 1 10 100 12 1 1 10 12 1 1 10 12 1 1 10 12 1 1 10 100 12 1 1 1 8 10 100 12 1 1 100 1 8 1 10 4 10 12 4 10 12 1 8 1 10 12 10 100 12 1 1 1 100 1 11 100 12 1 1 1 10 100 12 1 1 1 10 12 1 10 12 1 1 10 100 1 100 1 1 1 1 1 1 5 0 1 1 1 1 1 3 1 3 1 3 1 1 1 1 1 1 1 1 1 1 1 1 1 1 1 1 1 1 1 1 1 1 1 1 1 100 1 1 1 1 1 1 1 1 1 1 1 1 1 1 1 1 1 1 1 1 1 1 1 1 1 1 1 1 1 100 1 1 1 1 1 1 1 1 1 1 1 1 1 1 1 1 1 1 1 1 1 1 1 1 1 1 1 1 1 1 1 1 1 1 1 1 1 1 1 1 1 1 1 1 1 1 1 1 1 1 1 1 1 1 1 1 1 1 100 1 1 1 100 1 1 1 1 1 100 1 1 1 1 1 1 1 1 1 1 1 1 1 1 1 1 1 1
instanceKlass org/jetbrains/kotlin/protobuf/RopeByteString$RopeInputStream
instanceKlass org/jetbrains/kotlin/com/intellij/util/io/UnsyncByteArrayInputStream
instanceKlass jdk/nio/zipfs/ZipFileSystem$EntryInputStream
instanceKlass kotlin/reflect/jvm/internal/impl/protobuf/RopeByteString$RopeInputStream
instanceKlass java/util/zip/ZipFile$ZipFileInputStream
instanceKlass java/io/FilterInputStream
instanceKlass java/io/FileInputStream
instanceKlass java/io/ByteArrayInputStream
ciInstanceKlass java/io/InputStream 1 1 184 100 1 10 7 12 1 1 1 100 1 10 10 7 12 1 1 1 10 7 12 1 1 1 10 12 1 100 1 3 10 12 1 1 100 1 8 1 10 12 1 10 100 12 1 1 1 3 100 1 8 1 10 10 100 12 1 1 1 100 1 10 11 100 12 1 1 1 10 12 1 1 11 12 1 1 11 100 12 1 1 1 11 12 1 1 100 1 10 100 12 1 1 1 5 0 10 12 1 10 12 1 1 100 1 10 8 1 10 8 1 8 1 10 12 1 1 10 100 12 1 1 1 100 1 1 1 1 3 1 3 1 1 1 1 1 1 1 1 1 1 1 1 1 1 1 1 1 1 1 1 1 1 1 1 1 1 1 1 1 1 1 1 1 1 1 1 1 1 1 1 1 1 1 1 1 1 1 1 1 1 1 1 1
ciInstanceKlass java/io/ByteArrayInputStream 1 1 117 10 7 12 1 1 1 9 7 12 1 1 1 9 12 1 1 9 12 1 9 12 1 10 100 12 1 1 1 10 7 12 1 1 1 10 7 12 1 1 1 10 100 12 1 1 1 10 12 1 1 3 10 100 1 10 100 12 1 1 1 9 12 1 1 100 1 10 10 7 12 1 1 1 1 1 1 1 1 1 1 1 1 1 1 1 1 1 1 1 1 1 1 1 1 1 1 1 1 1 1 1 100 1 1 1 1 1 1 1 1 1 1 1 1 1 1
staticfield java/io/ByteArrayInputStream $assertionsDisabled Z 1
instanceKlass java/util/logging/LogManager$Cleaner
instanceKlass jdk/internal/misc/InnocuousThread
instanceKlass java/lang/ref/Finalizer$FinalizerThread
instanceKlass java/lang/ref/Reference$ReferenceHandler
ciInstanceKlass java/lang/Thread 1 1 612 9 7 12 1 1 1 9 12 1 1 10 12 1 1 9 12 1 1 9 12 1 1 100 1 8 1 10 12 1 1 3 8 1 100 1 5 0 10 12 1 1 10 7 12 1 1 9 12 1 1 9 12 1 9 12 1 1 9 12 1 100 1 8 1 10 9 12 1 1 10 7 12 1 1 1 10 100 12 1 1 1 10 10 7 12 1 1 10 12 1 1 10 12 1 1 9 100 12 1 1 1 10 12 1 1 10 12 1 9 12 1 1 10 12 1 1 10 12 1 1 9 12 1 10 12 1 1 9 12 1 1 10 7 12 1 1 1 9 12 1 1 9 12 1 1 10 12 1 1 10 100 12 1 1 1 9 12 1 10 12 1 1 9 12 1 100 1 10 100 1 10 8 1 10 12 1 1 10 12 1 10 12 1 10 12 1 1 10 12 1 10 12 1 9 12 1 100 1 10 10 12 1 1 10 12 1 10 12 1 100 1 11 7 12 1 1 9 100 12 1 1 1 10 12 1 10 12 1 10 12 9 12 1 1 10 9 12 1 10 12 1 100 1 10 10 12 1 1 9 12 1 10 12 1 11 100 12 1 1 10 12 1 9 12 1 10 12 1 10 12 1 10 10 12 1 10 12 1 10 12 1 10 12 1 10 12 1 1 100 1 10 10 12 1 10 12 1 10 12 1 9 100 12 1 1 1 10 12 1 1 10 12 1 100 1 8 1 10 10 12 1 10 12 8 1 10 12 1 8 1 10 8 1 8 1 10 100 12 1 1 10 100 12 1 1 1 100 1 8 1 10 9 12 1 9 12 1 1 10 12 1 1 10 10 12 1 1 9 12 1 10 12 1 1 100 1 10 12 11 100 12 1 1 1 9 100 12 1 1 1 9 12 1 1 10 12 1 1 100 1 10 12 1 11 100 12 1 1 1 100 1 10 12 1 10 12 1 1 11 12 1 10 12 1 100 1 10 12 1 10 12 1 1 10 100 12 1 1 1 8 1 9 12 1 10 12 1 1 11 100 12 1 1 1 10 100 12 1 1 1 11 12 1 10 12 1 7 1 1 1 1 3 1 3 1 3 1 1 1 1 1 1 1 1 1 1 1 1 1 1 1 1 1 1 1 100 1 1 1 1 1 1 1 1 1 1 1 1 100 1 100 1 1 1 1 1 1 1 1 1 1 1 1 1 1 1 1 1 1 1 1 1 1 1 1 1 1 1 1 1 1 1 1 1 1 1 1 1 1 1 1 1 1 1 100 100 1 1 1 1 1 1 1 1 1 100 1 1 1 1 1 1 1 1 1 1 1 1 1 1 1 1 1 1 1 1 1 1 1 1 1 1 1 1 100 1 1 1 1 1 1 100 1 1 100 1 1 1 1 1 1
staticfield java/lang/Thread EMPTY_STACK_TRACE [Ljava/lang/StackTraceElement; 0 [Ljava/lang/StackTraceElement;
ciMethod java/lang/System arraycopy (Ljava/lang/Object;ILjava/lang/Object;II)V 256 0 128 0 -1
instanceKlass org/jetbrains/kotlin/load/java/structure/impl/classFiles/BinaryClassSignatureParser$ClsFormatException
instanceKlass java/lang/Exception
instanceKlass java/lang/Error
ciInstanceKlass java/lang/Throwable 1 1 393 10 7 12 1 1 1 9 7 12 1 1 1 9 12 1 1 9 12 1 9 12 1 1 9 12 1 10 12 1 1 9 12 1 1 10 12 1 1 10 12 1 100 1 7 1 10 8 1 10 12 1 1 8 1 10 100 12 1 1 10 10 12 1 100 1 8 1 10 10 12 1 1 10 7 12 1 1 10 12 1 8 1 9 100 12 1 1 1 10 12 1 1 100 1 10 12 10 12 1 100 1 10 10 7 12 1 1 1 11 100 12 1 1 1 10 100 12 1 1 1 10 12 1 1 10 12 1 1 8 1 10 12 1 10 12 1 1 8 1 8 1 10 12 1 1 10 12 1 8 1 8 1 9 12 1 1 10 100 12 1 1 100 1 10 11 12 1 8 1 8 1 10 7 12 1 1 8 1 10 12 1 8 1 100 1 10 12 1 9 12 1 1 10 12 1 10 100 12 1 9 12 1 1 10 12 1 1 100 1 8 1 10 12 1 10 100 12 1 1 10 12 1 1 100 1 10 100 12 1 1 1 10 12 1 11 100 12 1 1 1 11 100 12 1 1 1 11 12 1 8 1 10 12 1 1 8 1 10 10 9 100 12 1 1 1 8 1 10 12 1 1 10 100 1 8 1 10 11 12 1 1 8 1 9 12 1 10 100 12 1 1 11 9 12 1 1 11 12 1 1 100 10 12 1 10 12 1 1 100 1 1 1 1 5 0 1 1 1 1 1 1 1 1 1 1 1 1 1 100 1 1 1 1 1 1 1 1 1 1 1 1 1 1 1 1 1 1 1 1 1 1 1 1 1 1 1 1 1 1 1 1 1 1 1 1 1 1 1 1 1 1 100 1 100 1 1 1 1 1 1 1 1 1 1 1 1 1 1 1 1 1 1
staticfield java/lang/Throwable UNASSIGNED_STACK [Ljava/lang/StackTraceElement; 0 [Ljava/lang/StackTraceElement;
staticfield java/lang/Throwable SUPPRESSED_SENTINEL Ljava/util/List; java/util/Collections$EmptyList
staticfield java/lang/Throwable EMPTY_THROWABLE_ARRAY [Ljava/lang/Throwable; 0 [Ljava/lang/Throwable;
staticfield java/lang/Throwable $assertionsDisabled Z 1
instanceKlass org/jetbrains/kotlin/types/TypeSubstitutor$SubstitutionException
instanceKlass org/jetbrains/kotlin/com/intellij/util/AstLoadingException
instanceKlass org/jetbrains/kotlin/container/UnresolvedDependenciesException
instanceKlass org/jetbrains/kotlin/container/InvalidCardinalityException
instanceKlass org/jetbrains/kotlin/container/ContainerConsistencyException
instanceKlass org/jetbrains/kotlin/com/intellij/psi/scope/MethodProcessorSetupFailedException
instanceKlass java/text/ParseException
instanceKlass javax/xml/stream/XMLStreamException
instanceKlass java/security/PrivilegedActionException
instanceKlass org/jetbrains/kotlin/org/jdom/JDOMException
instanceKlass org/jetbrains/kotlin/com/intellij/util/cls/ClsFormatException
instanceKlass java/lang/CloneNotSupportedException
instanceKlass java/net/URISyntaxException
instanceKlass kotlin/reflect/jvm/internal/impl/types/TypeSubstitutor$SubstitutionException
instanceKlass java/lang/InterruptedException
instanceKlass java/io/IOException
instanceKlass kotlin/reflect/full/IllegalPropertyDelegateAccessException
instanceKlass kotlin/reflect/full/IllegalCallableAccessException
instanceKlass java/lang/ReflectiveOperationException
instanceKlass java/lang/RuntimeException
ciInstanceKlass java/lang/Exception 1 1 40 10 7 12 1 1 1 10 12 1 10 12 1 10 12 1 10 12 1 100 1 1 1 1 5 0 1 1 1 1 1 1 1 1 1 1 1 1 1 1
instanceKlass java/lang/reflect/InvocationTargetException
instanceKlass java/lang/IllegalAccessException
instanceKlass java/lang/InstantiationException
instanceKlass java/lang/NoSuchFieldException
instanceKlass java/lang/NoSuchMethodException
instanceKlass java/lang/ClassNotFoundException
ciInstanceKlass java/lang/ReflectiveOperationException 1 1 34 10 7 12 1 1 1 10 12 1 10 12 1 10 12 1 100 1 1 1 1 5 0 1 1 1 1 1 1 1 1 1 1 1
instanceKlass org/jetbrains/kotlin/one/util/streamex/Internals$CancelException
instanceKlass java/io/IOError
instanceKlass kotlin/reflect/jvm/internal/KotlinReflectionInternalError
instanceKlass kotlin/NotImplementedError
instanceKlass kotlin/jvm/KotlinReflectionNotSupportedError
instanceKlass java/lang/AssertionError
instanceKlass java/lang/VirtualMachineError
instanceKlass java/lang/LinkageError
instanceKlass java/lang/ThreadDeath
ciInstanceKlass java/lang/Error 1 1 40 10 7 12 1 1 1 10 12 1 10 12 1 10 12 1 10 12 1 100 1 1 1 1 5 0 1 1 1 1 1 1 1 1 1 1 1 1 1 1
ciInstanceKlass java/lang/ThreadDeath 0 0 21 10 100 12 1 1 1 100 1 1 1 1 5 0 1 1 1 1 1 1 1
ciInstanceKlass java/lang/ClassNotFoundException 1 1 96 7 1 10 7 12 1 1 1 10 12 1 10 12 1 1 10 100 12 1 1 1 8 1 10 100 12 1 1 1 10 7 12 1 1 10 100 12 1 1 1 10 100 12 1 1 1 10 12 1 1 7 1 10 12 1 9 12 1 1 1 1 1 5 0 1 1 1 1 1 1 1 1 1 1 1 1 1 1 1 1 1 1 100 1 1 1 1 1 1 1 1 1 1 1 1
staticfield java/lang/ClassNotFoundException serialPersistentFields [Ljava/io/ObjectStreamField; 1 [Ljava/io/ObjectStreamField;
instanceKlass java/lang/IncompatibleClassChangeError
instanceKlass java/lang/UnsatisfiedLinkError
instanceKlass java/lang/BootstrapMethodError
instanceKlass java/lang/NoClassDefFoundError
ciInstanceKlass java/lang/LinkageError 1 1 31 10 7 12 1 1 1 10 12 1 10 12 1 100 1 1 1 1 5 0 1 1 1 1 1 1 1 1 1 1 1
ciInstanceKlass java/lang/Record 0 0 22 10 100 12 1 1 1 100 1 1 1 1 1 1 1 1 1 1 1 1 1 1
ciInstanceKlass java/lang/StringLatin1 1 1 380 7 1 10 100 12 1 1 1 100 1 10 12 1 10 7 12 1 1 1 10 7 12 1 1 1 10 12 1 10 7 12 1 1 1 10 12 1 1 10 7 12 1 1 1 10 12 1 1 10 12 1 1 10 10 12 1 10 12 1 1 10 9 7 12 1 1 1 10 12 1 1 10 7 12 1 1 1 10 12 10 12 1 1 10 12 1 1 10 12 1 1 10 7 12 1 1 1 10 12 1 10 12 1 1 9 12 1 1 100 1 10 10 100 12 1 1 1 10 7 12 1 1 1 10 12 1 10 12 1 100 1 100 1 8 1 10 12 1 8 1 10 12 100 1 10 10 10 7 12 1 1 1 8 1 8 1 8 1 10 12 1 1 10 100 12 1 1 10 12 1 10 12 1 1 10 12 1 1 10 12 1 1 10 12 1 10 12 10 12 10 12 1 10 12 10 10 12 1 10 12 1 10 12 1 10 100 12 1 1 1 10 100 12 1 1 1 10 12 1 1 10 12 1 1 10 10 7 12 1 1 1 1 1 1 1 1 1 1 1 1 1 1 1 1 1 1 1 1 1 1 1 1 1 1 1 1 1 1 1 1 1 1 1 1 1 1 1 1 1 1 1 1 1 1 1 1 1 1 1 1 100 1 1 1 1 1 1 1 1 1 1 1 1 1 1 1 1 1 1 1 1 1 1 1 1 1 1 1 1 1 1 1 1 1 1 1 1 1 1 1 1 1 1 1 1 100 1 1 1 1 1 1 1 1 1 1 1 1 1 1 1 1 1 1 1 1 1 100 1 1 1 1 1 1 1 1 1 1 1 1 1 1 1 1 1 1 1 1 1 1 1 1 1 1 100 1 1 1 1
staticfield java/lang/StringLatin1 $assertionsDisabled Z 1
ciInstanceKlass java/util/Arrays 1 1 988 10 7 12 1 1 1 10 7 12 1 1 1 10 7 12 1 1 1 10 12 1 10 12 1 10 12 1 10 12 1 10 12 1 10 12 1 10 100 12 1 1 1 100 1 100 1 10 8 1 10 12 1 1 10 12 1 8 1 8 1 10 12 1 1 10 12 1 100 1 10 12 1 9 100 12 1 1 1 10 7 12 1 1 100 1 10 12 1 1 10 7 12 1 1 10 7 12 1 1 1 100 1 10 12 1 10 12 1 1 7 1 9 7 12 1 1 1 10 12 1 1 10 7 12 1 1 10 12 1 10 12 1 1 10 12 1 10 12 1 1 7 1 11 12 1 1 10 12 1 10 7 12 1 1 1 10 12 10 12 1 10 12 1 10 12 10 12 1 11 100 12 1 1 1 10 7 12 1 1 1 100 1 10 12 1 10 100 1 10 12 1 10 100 1 10 12 1 10 100 1 10 12 1 10 10 12 1 1 10 12 1 10 12 1 10 12 1 10 12 1 10 12 1 10 100 12 1 1 1 10 12 1 10 100 12 1 1 1 10 12 1 10 12 1 10 7 12 1 1 1 10 12 1 10 12 1 10 12 1 10 12 1 10 12 1 10 12 1 10 12 1 10 12 1 10 12 1 10 12 1 10 12 1 10 12 1 10 12 1 10 12 1 10 12 1 10 12 1 1 10 12 1 1 10 7 12 1 1 1 10 12 1 8 1 7 1 10 12 10 12 1 10 12 1 1 10 12 1 1 9 100 12 1 1 1 100 1 10 12 1 9 100 1 100 1 10 12 1 9 100 1 100 1 10 12 1 9 100 1 100 1 10 12 1 9 100 1 100 1 10 12 1 9 100 1 100 1 10 12 1 9 100 1 10 12 1 100 1 10 12 1 10 12 1 9 12 1 100 1 10 10 12 1 1 10 12 1 10 12 1 10 12 1 10 12 1 10 12 1 10 12 1 10 12 1 10 12 1 10 12 1 8 1 8 1 10 12 1 10 12 1 8 1 10 12 1 10 12 1 10 12 1 10 100 12 1 1 1 3 10 100 1 10 10 12 1 1 11 100 12 1 1 10 12 1 1 10 12 1 10 12 1 10 12 1 10 12 1 10 12 1 10 12 1 10 12 1 10 12 1 11 12 1 8 1 10 11 12 1 11 100 12 1 1 1 11 100 12 1 1 1 11 12 1 1 18 12 1 1 11 12 1 1 11 100 12 1 1 1 18 12 1 11 100 12 1 1 1 18 12 1 11 100 12 1 1 1 18 12 1 100 1 10 7 12 1 1 1 10 12 1 10 12 1 10 12 1 10 12 1 10 12 1 10 12 1 10 12 1 10 12 1 1 10 12 1 10 7 12 1 1 10 12 1 10 12 1 10 12 1 1 10 12 1 10 12 1 10 12 1 1 10 12 1 10 12 1 10 12 1 1 10 12 1 10 12 1 10 12 1 10 12 1 10 12 10 12 1 10 12 10 12 10 12 1 10 12 10 12 1 10 12 1 10 12 1 1 1 1 3 1 3 1 1 1 1 1 1 1 1 1 1 1 1 1 1 1 1 1 1 1 1 1 1 1 1 1 1 1 1 1 1 1 1 1 1 1 1 1 1 1 1 1 1 1 1 1 1 1 1 1 1 1 1 1 1 1 1 1 1 1 1 1 1 1 1 1 1 1 1 1 1 1 1 1 1 1 1 1 1 1 1 1 1 1 1 1 1 1 1 1 1 1 1 1 1 1 1 1 1 1 1 1 1 1 1 1 1 1 1 1 1 1 1 1 1 1 1 1 1 1 1 1 1 1 1 1 1 1 1 1 1 1 1 1 1 1 1 1 1 1 1 1 1 1 1 1 1 1 1 1 1 1 1 1 1 1 1 1 1 1 1 1 1 1 1 1 1 1 1 1 1 1 1 1 1 1 1 1 1 1 1 1 1 1 1 1 1 1 1 1 1 1 1 1 1 1 1 1 1 1 1 1 1 1 1 1 1 1 1 1 1 1 1 1 1 1 1 1 1 1 1 1 1 1 1 1 1 1 1 1 1 1 1 1 1 1 1 1 1 1 1 1 1 1 1 1 1 1 1 1 1 1 1 1 1 1 1 1 1 1 1 1 100 1 1 15 10 100 12 1 1 1 16 15 10 12 15 10 12 15 10 12 15 10 12 1 1 100 1 100 1 1 1 1 100 1 1 1 1 1 1 100 1 1 100 1 1 100 1 1 1 100 1 100 1 1
staticfield java/util/Arrays $assertionsDisabled Z 1
ciMethod java/lang/StringLatin1 equals ([B[B)Z 552 338 1477 0 -1
ciMethod java/lang/StringLatin1 hashCode ([B)I 436 8192 1207 0 352
ciInstanceKlass java/lang/StringUTF16 1 1 598 100 1 7 1 10 100 12 1 1 1 100 1 10 7 1 3 100 1 100 1 10 8 1 10 12 1 1 10 12 1 8 1 10 12 1 1 10 12 1 9 12 1 1 10 12 1 1 100 1 8 1 10 12 1 9 12 1 1 9 12 1 10 10 12 1 1 10 12 1 1 10 100 12 1 1 1 10 12 1 10 12 1 1 10 12 1 1 10 12 1 1 10 12 1 1 10 12 1 10 12 1 1 10 12 1 1 10 12 1 1 10 12 1 1 10 12 1 10 12 1 10 12 1 1 10 12 1 100 1 10 12 1 10 10 12 1 1 10 12 1 10 12 1 1 10 12 1 10 7 12 1 1 1 10 7 12 1 1 1 10 12 10 12 1 1 10 12 1 10 12 1 1 10 12 1 1 10 12 1 10 12 1 10 12 1 3 10 12 1 1 10 12 1 10 12 1 10 12 1 10 12 1 10 12 1 10 12 1 1 9 12 1 10 12 1 10 12 1 10 12 1 10 12 1 10 12 1 10 10 12 10 12 10 10 100 12 1 1 1 10 7 12 1 1 1 10 12 1 10 12 1 100 1 8 1 8 1 10 12 1 1 100 1 10 10 100 12 1 1 1 10 100 12 1 1 8 1 8 1 8 1 10 12 1 1 10 12 1 1 10 12 10 12 1 10 100 12 1 1 10 12 1 1 10 12 1 1 10 12 1 10 12 10 12 10 12 1 10 12 10 12 1 10 12 1 10 12 1 10 12 1 10 12 1 10 100 12 1 1 1 10 100 12 1 1 1 10 12 1 1 10 12 1 1 11 100 12 1 1 10 12 1 10 12 1 10 12 1 1 9 12 1 1 9 12 1 5 0 5 0 10 12 1 10 12 10 12 10 7 12 1 1 1 10 12 1 1 1 1 1 1 1 1 1 1 1 1 1 1 1 1 1 1 1 1 1 1 1 1 1 1 1 1 1 1 1 100 1 1 1 1 1 1 1 1 1 1 1 1 1 1 1 1 1 1 1 1 1 1 1 1 1 1 1 1 1 1 1 1 1 1 1 1 1 1 1 1 1 1 1 1 1 1 1 1 1 1 1 1 1 1 1 1 1 1 1 1 1 1 1 1 1 1 1 1 1 1 1 1 1 1 1 1 1 1 1 1 1 1 100 1 1 1 1 1 1 1 1 1 1 1 1 1 1 1 1 1 100 1 1 1 1 1 1 1 1 1 1 1 1 1 1 1 1 1 1 1 1 1 1 1 1 1 1 1 1 1 1 1 1 1 1 1 1 1 1 1 1 1 1 1 1 1 1 1 1 1 1 1 1 1 1 1 1 1 1 1 1 1 100 1 100 1 1 1 1 1
staticfield java/lang/StringUTF16 HI_BYTE_SHIFT I 0
staticfield java/lang/StringUTF16 LO_BYTE_SHIFT I 8
staticfield java/lang/StringUTF16 $assertionsDisabled Z 1
ciMethod java/lang/StringUTF16 hashCode ([B)I 0 0 3 0 0
ciMethod java/lang/StringUTF16 getChar ([BI)C 1024 0 10125 0 -1
ciInstanceKlass java/lang/Boolean 1 1 151 10 7 12 1 1 1 9 7 12 1 1 1 10 12 1 1 10 12 1 8 1 10 7 12 1 1 9 12 1 1 9 12 1 8 1 10 12 1 1 10 12 1 1 10 7 12 1 1 1 100 1 100 1 10 12 1 1 9 100 12 1 1 9 12 10 100 12 1 1 1 10 12 1 1 8 1 10 7 12 1 1 1 9 12 1 1 100 1 100 1 100 1 1 1 1 1 1 5 0 1 1 1 1 1 1 1 1 1 1 3 1 1 1 1 1 1 1 1 1 1 1 1 1 1 1 1 1 1 1 1 100 1 1 1 1 1 1 1 1 1 1 100 1 1 1 1 1 1 1 1
staticfield java/lang/Boolean TRUE Ljava/lang/Boolean; java/lang/Boolean
staticfield java/lang/Boolean FALSE Ljava/lang/Boolean; java/lang/Boolean
staticfield java/lang/Boolean TYPE Ljava/lang/Class; java/lang/Class
instanceKlass java/util/concurrent/locks/AbstractQueuedSynchronizer
ciInstanceKlass java/util/concurrent/locks/AbstractOwnableSynchronizer 1 1 32 10 7 12 1 1 1 9 7 12 1 1 1 100 1 1 1 1 5 0 1 1 1 1 1 1 1 1 1 1 1 1
instanceKlass java/math/BigInteger
instanceKlass java/util/concurrent/atomic/AtomicLong
instanceKlass java/util/concurrent/atomic/AtomicInteger
instanceKlass java/lang/Long
instanceKlass java/lang/Integer
instanceKlass java/lang/Short
instanceKlass java/lang/Byte
instanceKlass java/lang/Double
instanceKlass java/lang/Float
ciInstanceKlass java/lang/Number 1 1 37 10 7 12 1 1 1 10 100 12 1 1 1 100 1 1 1 1 5 0 1 1 1 1 1 1 1 1 1 1 1 1 1 1 1 1 1
instanceKlass java/lang/LiveStackFrameInfo
ciInstanceKlass java/lang/StackFrameInfo 0 0 132 10 100 12 1 1 1 9 100 12 1 1 1 9 100 1 9 12 1 1 11 100 12 1 1 1 9 12 1 1 11 12 1 1 10 12 1 1 10 100 12 1 1 1 10 12 1 11 12 1 11 12 1 1 11 12 1 10 12 1 1 9 12 1 1 10 12 1 1 10 100 12 1 1 10 12 1 1 11 12 1 1 10 12 1 9 12 1 1 10 12 1 1 100 1 8 1 10 12 1 10 100 12 1 1 1 100 1 1 1 1 1 1 1 1 1 1 1 1 1 1 1 1 1 1 100 1 1 1 1 1 1
ciInstanceKlass java/lang/LiveStackFrameInfo 0 0 97 10 100 12 1 1 1 9 100 12 1 1 1 9 12 1 9 12 1 9 12 1 9 12 1 1 100 1 10 12 1 1 10 12 1 8 1 10 12 1 1 8 1 8 1 8 1 10 100 1 10 12 1 100 1 10 12 1 100 1 100 1 1 1 3 1 3 1 1 1 1 1 1 1 1 1 1 1 1 1 1 1 1 1 1 1 1 1 1 1 1 1 1 1 100 1 1
ciInstanceKlass java/lang/Character 1 1 576 7 1 100 1 100 1 9 12 1 1 8 1 9 12 1 1 100 1 9 12 1 1 10 100 12 1 1 1 10 100 12 1 1 1 10 100 12 1 1 1 10 7 12 1 1 1 9 7 12 1 1 1 10 12 1 10 12 1 1 10 12 1 1 10 100 12 1 1 10 12 1 1 3 3 3 3 3 10 12 1 1 10 12 1 3 11 7 12 1 1 1 11 12 1 1 10 12 1 1 10 12 1 1 100 1 10 10 12 1 3 10 12 1 1 10 12 1 10 12 1 1 100 1 8 1 10 12 1 1 10 12 1 10 12 1 10 12 1 10 12 1 10 12 1 1 10 12 1 10 7 12 1 1 10 10 12 1 10 10 12 1 10 12 1 1 10 12 1 10 10 12 1 10 12 1 10 12 1 10 12 1 10 12 1 10 12 1 10 12 1 10 12 10 10 12 10 10 12 1 10 10 12 1 10 10 12 1 10 10 12 1 10 10 12 1 10 10 12 1 10 10 12 1 1 10 10 12 1 10 5 0 10 12 1 10 12 1 10 10 12 1 10 10 12 1 1 10 10 12 1 10 10 12 1 9 12 1 1 100 1 10 10 12 1 10 12 1 1 3 10 100 12 1 1 1 10 12 1 10 100 12 1 1 100 1 10 10 12 1 1 10 12 1 1 10 12 1 1 8 1 10 12 1 9 100 12 1 1 1 10 12 1 10 10 12 1 10 12 1 1 10 12 1 10 10 12 1 1 10 10 12 1 1 100 1 8 1 10 12 1 1 10 7 12 1 1 1 8 1 10 12 1 1 9 12 1 1 100 1 100 1 100 1 1 1 1 3 1 3 1 3 1 3 1 1 1 1 1 3 1 1 3 1 3 1 3 1 3 1 3 1 3 1 3 1 3 1 3 1 3 1 3 1 3 1 3 1 3 1 3 1 3 1 3 1 3 1 3 1 3 1 3 1 3 1 3 1 3 1 3 1 3 1 3 1 3 1 1 1 1 1 1 1 1 1 1 1 1 1 1 1 1 1 1 1 3 1 1 1 1 1 1 1 3 1 1 3 1 1 1 1 1 3 1 1 5 0 1 1 1 1 1 1 1 1 1 1 1 1 1 1 1 1 1 1 1 1 1 1 1 1 1 1 1 1 1 1 1 1 1 1 1 1 1 1 1 1 1 1 1 1 1 1 1 1 1 1 1 1 1 1 1 1 1 1 1 1 1 1 1 1 1 1 1 1 1 1 1 1 1 1 1 1 1 1 1 1 1 1 1 1 1 1 1 1 1 100 1 100 1 1 1 1 1 1
staticfield java/lang/Character TYPE Ljava/lang/Class; java/lang/Class
staticfield java/lang/Character $assertionsDisabled Z 1
ciInstanceKlass java/lang/Float 1 1 223 7 1 100 1 10 7 12 1 1 1 10 100 12 1 1 1 4 100 1 10 12 1 1 10 12 1 1 8 1 8 1 10 100 12 1 1 1 10 12 1 1 10 12 1 1 10 4 4 4 10 7 12 1 1 9 12 1 1 10 12 1 1 10 12 1 10 12 1 10 12 1 1 10 12 1 10 12 1 3 10 12 1 1 10 12 1 1 10 12 1 10 100 12 1 1 1 10 12 1 1 10 12 1 1 8 1 10 7 12 1 1 1 9 12 1 1 100 1 100 1 100 1 1 1 1 1 4 1 1 1 4 1 1 3 1 3 1 3 1 3 1 1 1 1 5 0 1 1 1 1 1 1 1 1 1 1 100 1 1 1 1 1 1 1 1 1 1 1 1 1 3 1 1 1 1 1 1 1 1 1 1 1 1 1 1 1 1 1 1 1 1 1 1 1 1 1 1 1 1 1 1 1 1 1 1 1 1 1 1 100 1 1 1 1 1 1 1 100 1 100 1 1
staticfield java/lang/Float TYPE Ljava/lang/Class; java/lang/Class
ciInstanceKlass java/lang/Double 1 1 285 7 1 100 1 10 7 12 1 1 1 10 12 1 1 10 12 1 100 1 10 12 1 1 10 100 12 1 1 1 6 0 8 1 10 12 1 1 8 1 10 12 1 1 8 1 6 0 10 12 1 1 100 1 5 0 5 0 8 1 8 1 10 100 12 1 1 1 10 100 12 1 1 1 8 1 10 12 1 1 8 1 8 1 8 1 10 12 1 1 10 12 1 10 12 1 1 10 12 1 10 12 1 10 12 1 1 10 12 1 10 6 0 6 0 6 0 10 7 12 1 1 9 12 1 1 10 12 1 10 12 1 10 12 1 10 12 1 5 0 10 12 1 1 10 12 1 10 12 1 10 100 12 1 1 1 10 12 1 1 10 12 1 1 8 1 10 7 12 1 1 1 9 12 1 1 100 1 100 1 100 1 1 1 1 1 6 0 1 1 1 6 0 1 1 3 1 3 1 3 1 3 1 1 1 1 5 0 1 1 1 1 1 1 1 1 1 1 1 1 1 1 1 1 100 1 1 1 1 1 1 1 1 1 1 1 1 3 1 1 1 1 1 1 1 1 1 1 1 1 1 1 1 1 1 1 1 1 1 1 1 1 1 1 1 1 1 1 1 1 1 1 100 1 1 1 1 1 1 1 100 1 100 1 1
staticfield java/lang/Double TYPE Ljava/lang/Class; java/lang/Class
ciInstanceKlass java/lang/Byte 1 1 215 7 1 100 1 10 100 12 1 1 1 9 12 1 1 8 1 9 12 1 1 100 1 10 12 1 1 10 12 1 1 10 100 12 1 1 1 10 100 12 1 1 1 9 100 12 1 1 1 10 12 1 1 100 1 100 1 10 12 1 1 8 1 10 12 1 1 8 1 10 12 1 10 12 1 10 12 1 10 12 1 1 10 12 1 10 12 1 10 12 1 1 10 8 1 8 1 10 7 1 9 12 1 1 10 12 1 10 12 1 1 10 12 1 1 10 12 1 1 10 12 1 5 0 10 12 1 1 8 1 10 7 12 1 1 1 9 12 1 1 100 1 100 1 1 1 3 1 3 1 1 1 1 3 1 3 1 1 5 0 1 1 1 1 1 1 1 1 1 1 1 1 1 1 1 1 1 1 1 1 1 1 1 1 1 1 1 1 1 1 1 1 1 1 1 1 1 1 1 1 1 1 1 1 1 1 1 1 1 1 1 1 1 1 1
staticfield java/lang/Byte TYPE Ljava/lang/Class; java/lang/Class
ciInstanceKlass java/lang/Short 1 1 224 7 1 100 1 100 1 10 100 12 1 1 1 10 12 1 1 100 1 100 1 10 12 1 1 8 1 10 12 1 1 8 1 10 12 1 10 12 1 10 12 1 10 12 1 1 10 12 1 1 10 12 1 9 12 1 1 8 1 9 12 1 1 100 1 10 12 1 1 10 12 1 10 100 12 1 1 1 10 100 12 1 1 1 9 100 12 1 1 1 10 12 1 10 12 1 1 10 8 1 8 1 10 100 1 9 12 1 1 10 12 1 10 12 1 1 10 12 1 1 10 12 1 1 10 12 1 3 3 5 0 10 12 1 1 8 1 10 7 12 1 1 1 9 12 1 1 100 1 100 1 1 1 3 1 3 1 1 1 1 3 1 3 1 1 5 0 1 1 1 1 1 1 1 1 1 1 1 1 1 1 1 1 1 1 1 1 1 1 1 1 1 1 1 3 1 1 1 1 1 1 1 1 1 1 1 1 1 1 1 1 1 1 1 1 1 1 1 1 1 1 1 1 1
staticfield java/lang/Short TYPE Ljava/lang/Class; java/lang/Class
ciInstanceKlass java/lang/Integer 1 1 445 7 1 100 1 7 1 7 1 10 12 1 1 9 12 1 1 9 12 1 1 10 100 12 1 1 1 10 12 1 1 10 100 12 1 1 1 10 10 12 1 1 10 100 12 1 1 1 10 12 1 10 12 1 1 10 7 12 1 1 1 10 12 1 1 10 12 1 1 10 12 1 10 12 1 10 12 1 1 10 10 12 1 9 12 1 1 9 12 1 100 1 8 1 10 12 1 100 1 10 12 1 8 1 10 12 1 1 10 12 1 8 1 10 12 1 8 1 10 12 1 1 3 10 12 1 1 3 10 12 1 1 10 12 1 1 10 7 12 1 1 1 11 7 1 100 1 10 11 10 12 1 1 8 1 10 12 1 1 8 1 100 1 10 12 1 1 10 12 1 1 5 0 8 1 10 12 1 10 12 1 10 12 1 10 12 1 1 7 1 9 12 1 1 9 12 1 1 10 12 1 10 7 1 9 12 1 10 12 1 10 12 1 10 12 1 1 10 7 12 1 1 1 100 1 100 1 10 12 1 1 10 12 1 1 8 1 8 1 10 12 1 1 8 1 8 1 8 1 8 1 8 1 8 1 10 12 1 10 12 1 10 12 1 5 0 3 3 3 3 10 12 1 3 10 12 1 10 100 12 1 1 1 10 12 1 1 10 12 1 1 8 1 10 7 12 1 1 1 9 12 1 1 3 3 3 3 3 3 9 12 1 1 100 1 100 1 100 1 1 1 1 1 1 1 3 1 3 1 1 5 0 1 1 1 1 1 1 1 1 1 100 1 1 1 1 1 1 1 1 1 1 1 1 1 1 1 1 1 1 1 1 1 1 1 1 1 1 1 1 1 1 1 1 1 1 1 1 1 1 1 3 1 1 1 1 1 1 1 1 1 1 1 1 1 1 1 1 100 1 1 1 1 1 1 1 1 1 1 1 1 1 1 1 1 1 1 1 1 1 1 1 1 1 1 1 1 1 1 1 100 1 1 1 1 1 1 1 1 1 100 1 100 1 1
staticfield java/lang/Integer TYPE Ljava/lang/Class; java/lang/Class
staticfield java/lang/Integer digits [C 36
staticfield java/lang/Integer DigitTens [B 100
staticfield java/lang/Integer DigitOnes [B 100
staticfield java/lang/Integer sizeTable [I 10
ciMethod java/lang/Integer intValue ()I 640 0 320 0 -1
ciMethod java/lang/Integer valueOf (I)Ljava/lang/Integer; 554 0 88039 0 -1
ciInstanceKlass java/lang/Long 1 1 506 7 1 100 1 7 1 7 1 10 12 1 1 9 12 1 1 9 7 12 1 1 1 10 100 12 1 1 1 10 12 1 1 10 100 12 1 1 1 10 10 12 10 12 1 10 12 1 10 12 1 5 0 5 0 100 1 10 12 1 1 10 12 1 1 10 12 1 10 12 1 10 12 1 10 12 1 1 10 100 12 1 1 10 12 1 10 12 1 1 10 12 1 1 10 12 1 1 10 12 1 1 10 100 12 1 1 1 10 12 1 1 10 12 1 10 12 1 10 12 1 10 12 1 1 10 10 12 1 5 0 5 0 9 12 1 1 9 12 1 5 0 100 1 8 1 10 12 1 8 1 10 12 1 8 1 8 1 10 12 1 1 5 0 10 12 1 1 5 0 10 12 1 1 10 12 1 1 10 100 12 1 1 1 11 100 1 100 1 10 11 10 12 1 1 8 1 10 12 1 1 8 1 100 1 10 12 1 1 10 12 1 8 1 8 1 11 12 1 1 10 12 1 10 12 1 10 12 1 5 0 5 0 9 7 12 1 1 1 10 12 1 10 12 1 1 8 1 8 1 10 12 1 1 8 1 8 1 8 1 8 1 8 1 8 1 10 12 1 10 12 1 10 12 1 1 10 7 1 9 12 1 1 10 12 1 10 12 1 1 10 100 12 1 1 1 100 1 100 1 10 12 1 1 10 12 1 1 5 0 10 12 1 10 12 1 5 0 5 0 5 0 10 12 1 1 5 0 5 0 10 12 1 10 12 1 10 100 12 1 1 1 10 12 1 1 10 12 1 1 8 1 10 7 12 1 1 1 9 12 1 1 100 1 100 1 100 1 1 1 1 5 0 1 1 1 1 3 1 3 1 5 0 1 1 1 1 1 1 1 1 1 100 1 1 1 1 1 1 1 1 1 1 1 1 1 1 1 1 1 1 1 1 1 1 1 1 1 1 1 1 1 1 1 1 1 1 1 1 1 1 1 1 1 1 1 1 1 1 1 1 1 1 1 1 1 1 3 1 1 1 1 1 1 1 1 1 1 1 1 1 1 1 100 1 1 1 1 1 1 1 1 1 1 1 1 1 1 1 1 1 1 1 1 1 1 1 1 1 1 1 100 1 1 1 1 1 1 1 1 1 100 1 100 1 1
staticfield java/lang/Long TYPE Ljava/lang/Class; java/lang/Class
instanceKlass java/lang/ref/PhantomReference
instanceKlass java/lang/ref/FinalReference
instanceKlass java/lang/ref/WeakReference
instanceKlass java/lang/ref/SoftReference
ciInstanceKlass java/lang/ref/Reference 1 1 195 9 7 12 1 1 1 9 7 12 1 1 10 12 1 1 10 12 1 1 9 12 1 1 10 12 1 1 9 12 1 1 9 12 1 1 7 1 10 12 1 10 7 12 1 1 10 12 1 10 12 1 1 10 12 1 9 12 1 10 12 1 1 10 12 1 10 12 1 9 12 1 100 1 100 1 10 12 1 9 12 1 9 12 1 100 1 10 10 12 1 10 10 7 12 1 1 10 7 12 1 1 1 10 12 1 1 10 7 12 1 1 7 1 8 1 10 12 1 10 12 1 1 10 12 1 1 10 12 1 7 1 10 10 7 12 1 1 1 1 1 1 1 1 1 1 1 1 1 1 1 1 1 1 1 100 1 1 1 100 1 1 1 1 1 1 1 1 1 1 1 1 1 1 1 1 1 1 1 1 1 1 1 1 1 1 1 1 1 1 1 1 1 1 1
staticfield java/lang/ref/Reference processPendingLock Ljava/lang/Object; java/lang/Object
staticfield java/lang/ref/Reference $assertionsDisabled Z 1
instanceKlass org/jetbrains/kotlin/com/intellij/util/containers/ConcurrentSoftHashMap$SoftKey
instanceKlass org/jetbrains/kotlin/com/intellij/util/containers/ConcurrentSoftKeySoftValueHashMap$SoftKey
instanceKlass org/jetbrains/kotlin/com/intellij/util/containers/ConcurrentSoftValueHashMap$MySoftReference
instanceKlass org/jetbrains/kotlin/com/intellij/util/containers/ConcurrentWeakKeySoftValueHashMap$SoftValue
instanceKlass org/jetbrains/kotlin/com/intellij/util/containers/SoftKeySoftValueHashMap$ValueReference
instanceKlass sun/util/locale/provider/LocaleResources$ResourceReference
instanceKlass sun/util/resources/Bundles$BundleReference
instanceKlass org/jetbrains/kotlin/com/intellij/reference/SoftReference
instanceKlass java/lang/invoke/LambdaFormEditor$Transform
instanceKlass sun/util/locale/LocaleObjectCache$CacheEntry
ciInstanceKlass java/lang/ref/SoftReference 1 1 47 10 7 12 1 1 1 9 7 12 1 1 1 9 12 1 10 12 1 10 12 1 1 1 1 1 1 1 1 1 1 1 1 1 1 1 1 1 1 1 1 100 1 1 1 1 1
instanceKlass org/jetbrains/kotlin/com/intellij/util/containers/ConcurrentWeakHashMap$WeakKey
instanceKlass org/jetbrains/kotlin/com/intellij/util/containers/ConcurrentWeakKeyWeakValueHashMap$WeakValue
instanceKlass org/jetbrains/kotlin/com/intellij/util/containers/ConcurrentWeakKeySoftValueHashMap$WeakKey
instanceKlass org/jetbrains/kotlin/com/intellij/util/PatchedWeakReference
instanceKlass org/jetbrains/kotlin/com/intellij/util/containers/ConcurrentWeakValueHashMap$MyWeakReference
instanceKlass org/jetbrains/kotlin/com/intellij/util/containers/UnsafeWeakList$MyReference
instanceKlass java/util/logging/LogManager$LoggerWeakRef
instanceKlass java/util/logging/Level$KnownLevel
instanceKlass org/jetbrains/kotlin/com/intellij/util/containers/ConcurrentIntKeyWeakValueHashMap$MyRef
instanceKlass java/lang/WeakPairMap$WeakRefPeer
instanceKlass java/lang/ClassValue$Entry
instanceKlass java/lang/invoke/MethodType$ConcurrentWeakInternSet$WeakEntry
instanceKlass java/lang/ThreadLocal$ThreadLocalMap$Entry
instanceKlass java/util/WeakHashMap$Entry
ciInstanceKlass java/lang/ref/WeakReference 1 1 31 10 7 12 1 1 1 10 12 1 100 1 1 1 1 1 1 1 1 1 1 1 1 1 1 1 1 1 1 1 1
ciMethod java/lang/ref/Reference get ()Ljava/lang/Object; 0 0 1 0 -1
ciMethod java/lang/ref/WeakReference <init> (Ljava/lang/Object;)V 50 0 3374 0 0
instanceKlass java/lang/ref/Finalizer
ciInstanceKlass java/lang/ref/FinalReference 1 1 47 10 7 12 1 1 1 10 100 12 1 1 1 10 12 1 1 100 1 8 1 10 12 1 1 1 1 1 1 1 1 1 1 1 1 1 1 1 1 1 1 1 1 1 1 1 1
ciInstanceKlass java/lang/ref/Finalizer 1 1 152 9 7 12 1 1 1 10 7 12 1 1 1 9 12 1 1 9 12 1 1 9 12 1 9 12 1 10 12 1 10 12 1 1 9 12 1 1 100 1 10 12 1 100 1 11 100 12 1 1 100 1 10 12 1 100 1 10 12 1 10 100 12 1 1 1 10 100 12 1 1 1 100 1 10 10 12 1 10 7 12 1 1 1 7 1 10 7 1 10 10 7 12 1 1 1 10 12 1 1 10 7 12 1 1 7 1 10 12 1 10 12 1 1 10 12 1 1 10 12 1 1 1 1 1 1 1 1 1 1 1 1 1 1 1 1 1 1 1 1 1 1 1 1 1 1 1 1 1 1 1 1
staticfield java/lang/ref/Finalizer lock Ljava/lang/Object; java/lang/Object
staticfield java/lang/ref/Finalizer $assertionsDisabled Z 1
instanceKlass jdk/internal/ref/PhantomCleanable
instanceKlass jdk/internal/ref/Cleaner
ciInstanceKlass java/lang/ref/PhantomReference 1 1 39 10 100 12 1 1 1 10 7 12 1 1 1 1 1 1 1 1 1 1 1 1 1 1 1 1 1 1 1 1 1 1 1 1 1 1 1 1 1
instanceKlass java/lang/ref/ReferenceQueue$Null
ciInstanceKlass java/lang/ref/ReferenceQueue 1 1 140 10 7 12 1 1 1 7 1 10 9 7 12 1 1 1 9 12 1 1 9 7 12 1 1 1 9 12 1 9 12 1 9 12 1 1 100 1 10 9 12 1 1 9 12 1 7 1 10 100 12 1 1 1 10 12 1 10 12 1 1 100 1 8 1 10 12 1 10 7 12 1 1 1 10 12 1 1 5 0 10 12 1 1 11 100 12 1 1 1 10 7 12 1 1 1 7 1 10 1 1 1 1 1 1 1 1 1 1 1 1 1 1 100 1 1 1 1 1 1 1 1 1 100 1 1 1 1 1 1 1 1 1 1 1 1 1 1 1 1
staticfield java/lang/ref/ReferenceQueue NULL Ljava/lang/ref/ReferenceQueue; java/lang/ref/ReferenceQueue$Null
staticfield java/lang/ref/ReferenceQueue ENQUEUED Ljava/lang/ref/ReferenceQueue; java/lang/ref/ReferenceQueue$Null
staticfield java/lang/ref/ReferenceQueue $assertionsDisabled Z 1
instanceKlass java/lang/reflect/Executable
instanceKlass java/lang/reflect/Field
ciInstanceKlass java/lang/reflect/AccessibleObject 1 1 398 10 7 12 1 1 1 9 100 12 1 1 1 10 100 12 1 1 1 10 7 12 1 1 10 7 12 1 1 1 10 100 12 1 1 1 10 12 1 1 10 12 1 1 9 12 1 1 100 1 10 7 12 1 1 1 11 12 1 100 1 10 12 1 7 1 100 1 10 12 1 10 12 1 1 7 1 10 7 12 1 1 1 10 12 1 1 7 1 10 12 1 1 7 1 10 10 10 7 12 1 1 1 10 12 1 1 10 12 1 10 12 1 10 12 1 1 10 12 1 8 1 100 1 10 10 12 1 1 8 1 10 12 1 10 12 1 8 1 8 1 8 1 8 1 8 1 8 1 100 1 10 12 1 10 12 1 9 12 1 1 10 12 1 1 10 12 1 10 11 100 1 100 1 8 1 10 10 12 1 10 12 1 1 8 1 10 12 1 8 1 10 12 1 1 10 100 1 8 1 10 11 7 12 1 1 10 12 1 1 10 12 1 1 10 12 1 1 9 12 1 1 100 1 10 12 1 7 1 10 12 1 10 12 1 1 10 100 1 10 12 1 10 12 10 12 1 10 12 1 1 10 12 1 10 12 1 1 10 12 1 9 12 1 10 100 12 1 1 8 1 10 100 12 1 1 1 8 1 10 100 12 1 1 1 9 12 1 100 1 10 7 1 10 10 7 12 1 1 1 7 1 10 10 7 12 1 1 1 7 1 9 12 1 1 1 1 1 1 1 1 1 1 1 1 1 1 1 1 1 1 1 1 1 1 1 1 1 1 1 1 1 1 1 1 1 1 1 1 1 1 1 1 1 1 1 1 1 1 1 1 1 1 1 1 1 1 1 1 1 1 1 1 1 1 1 1 1 1 1 1 1 1 1 1 1 1 1 1 1 1 1 1 1 1 1 1 1
staticfield java/lang/reflect/AccessibleObject reflectionFactory Ljdk/internal/reflect/ReflectionFactory; jdk/internal/reflect/ReflectionFactory
instanceKlass java/lang/reflect/Constructor
instanceKlass java/lang/reflect/Method
ciInstanceKlass java/lang/reflect/Executable 1 1 548 10 7 12 1 1 1 10 7 12 1 1 1 10 7 12 1 1 1 11 7 12 1 1 1 10 7 12 1 1 1 10 12 1 1 10 7 12 1 1 1 10 100 12 1 1 1 10 12 1 8 1 10 10 12 1 1 10 12 1 1 10 100 12 1 1 1 18 12 1 1 11 100 12 1 1 1 8 1 8 1 8 1 10 100 12 1 1 1 11 12 1 1 100 1 8 1 8 1 10 12 1 100 1 8 1 10 12 1 8 1 11 100 12 1 1 1 100 1 10 12 1 1 11 12 1 8 1 18 8 1 10 12 1 10 12 1 1 18 8 1 10 12 1 100 1 10 12 1 10 12 1 11 100 12 1 1 10 12 1 1 8 1 8 1 10 12 1 1 10 12 1 1 10 10 12 1 100 1 10 10 12 1 10 12 1 1 10 7 12 1 1 10 12 1 10 12 1 10 12 1 1 10 100 12 1 1 10 12 1 10 12 1 10 100 12 1 1 1 10 12 1 8 1 10 12 1 10 12 1 3 100 1 8 1 10 12 1 10 12 1 10 10 12 1 10 12 1 1 8 1 8 1 8 1 9 12 1 10 12 1 100 1 8 1 9 12 1 10 12 1 10 12 1 1 10 12 1 1 10 12 1 10 12 10 12 1 7 1 10 12 1 10 12 1 1 100 1 10 100 12 1 1 1 7 1 10 7 12 1 1 1 10 12 1 1 11 7 12 1 1 10 7 12 1 1 10 100 12 1 1 1 10 12 1 1 9 12 1 10 12 1 1 10 12 1 10 12 1 1 9 100 12 1 1 1 10 100 12 1 1 1 10 12 1 10 12 1 1 9 12 1 10 10 10 10 100 12 1 1 1 10 12 1 9 12 1 10 12 1 1 9 12 1 100 1 100 1 1 1 1 1 1 1 1 1 1 1 1 1 1 1 1 1 1 1 1 1 1 1 1 1 1 1 1 1 1 1 1 1 1 100 1 1 1 1 1 1 1 1 100 1 1 1 1 1 1 1 1 1 1 1 1 100 1 1 1 1 1 1 1 1 1 1 1 1 1 1 1 1 1 1 1 1 1 1 1 1 1 1 1 1 1 1 1 1 1 1 1 1 1 1 1 1 1 100 1 1 1 1 1 1 1 1 1 1 1 1 1 1 1 1 1 1 1 1 1 100 1 100 1 1 15 10 100 12 1 1 1 16 15 16 1 16 1 15 10 12 16 1 100 1 1 100 1 100 1 1
ciInstanceKlass java/lang/reflect/Constructor 1 1 433 10 7 12 1 1 1 10 7 12 1 1 9 7 12 1 1 1 10 12 1 1 10 12 1 1 10 7 12 1 1 9 12 1 1 10 7 12 1 1 1 9 12 1 1 9 12 1 1 9 12 1 9 12 1 1 9 12 1 9 12 1 1 9 12 1 1 9 12 1 100 1 8 1 10 12 1 10 12 1 9 12 1 1 10 7 12 1 1 10 7 12 1 1 1 10 12 1 1 10 12 1 1 10 12 1 7 1 100 1 8 1 10 10 12 1 10 12 1 10 12 1 1 10 12 1 1 9 100 12 1 1 1 10 7 12 1 1 10 12 1 1 10 12 1 10 12 1 1 10 100 12 1 1 1 10 100 12 1 1 10 12 1 1 10 12 1 10 100 12 1 1 1 8 1 10 10 12 1 100 1 8 1 10 12 1 10 12 1 1 10 12 1 1 10 12 1 10 12 1 10 12 1 1 10 12 1 1 9 12 1 1 10 12 1 1 10 12 1 1 10 12 1 8 1 10 12 1 1 11 7 12 1 1 1 10 12 1 1 10 12 1 10 12 1 9 12 1 1 10 7 12 1 1 1 10 12 1 1 10 12 1 1 10 12 1 1 10 12 1 1 10 12 1 9 100 12 1 1 10 12 1 10 12 1 10 12 1 100 1 8 1 10 10 12 1 1 10 12 1 10 10 12 1 1 10 12 1 1 10 100 12 1 1 1 11 100 12 1 1 1 10 12 1 1 9 100 12 1 1 1 10 100 12 1 1 1 10 12 1 1 1 1 1 1 1 1 1 1 1 1 1 1 1 1 1 1 1 1 1 1 1 1 1 1 1 1 1 1 1 1 1 1 1 1 1 1 1 1 1 1 1 1 1 1 1 1 1 1 1 100 1 100 1 100 1 100 1 1 1 1 1 1 1 1 1 1 1 1 1 1 1 1 1 1 1 1 1 1 1 1 1 1 1 1 1 1 1 1 1 100 1 1
ciInstanceKlass java/lang/reflect/Method 1 1 450 9 7 12 1 1 1 10 7 12 1 1 1 10 7 12 1 1 9 12 1 1 10 12 1 1 10 12 1 1 10 7 12 1 1 10 7 12 1 1 1 9 12 1 1 9 12 1 9 12 1 1 9 12 1 9 12 1 9 12 1 1 9 12 1 9 12 1 1 9 12 1 9 12 1 9 12 1 1 100 1 8 1 10 12 1 10 12 1 9 12 1 1 8 1 10 7 12 1 1 10 7 12 1 1 1 10 12 1 1 10 12 1 1 10 12 1 10 12 1 1 10 12 1 1 9 100 12 1 1 1 10 12 1 1 10 12 10 7 12 1 1 10 12 1 1 10 12 1 10 12 1 10 12 1 10 7 12 1 1 1 10 12 1 1 10 7 1 10 100 12 1 1 1 10 7 12 1 1 10 12 1 1 10 12 1 1 10 12 1 10 7 12 1 1 1 10 12 1 10 8 1 10 12 1 10 12 1 7 1 8 1 8 1 8 1 10 12 1 10 12 1 1 10 12 1 1 10 10 12 1 1 10 12 1 11 100 1 9 12 1 1 10 12 1 1 10 12 1 10 12 1 1 10 12 1 1 11 7 12 1 1 1 10 12 1 10 12 1 10 12 1 10 12 1 10 12 1 9 12 1 1 10 7 12 1 1 1 10 12 1 1 10 7 12 1 1 1 10 7 12 1 1 1 10 7 12 1 1 1 11 7 12 1 1 1 10 7 12 1 1 1 7 1 100 1 100 1 10 12 1 10 12 1 1 10 12 1 100 1 8 1 10 12 1 10 10 12 1 1 10 12 1 1 10 12 1 1 10 12 1 1 8 1 10 12 1 1 1 1 1 1 1 1 1 1 1 1 1 1 1 1 1 1 1 1 1 1 1 1 1 1 1 1 1 1 1 1 1 1 1 1 1 1 1 1 1 1 1 1 1 1 1 1 1 1 1 1 1 100 1 100 1 100 1 1 1 1 1 1 1 1 1 1 1 1 1 1 1 1 1 1 1 1 1 1 1 1 1 1
ciInstanceKlass java/lang/reflect/Field 1 1 437 9 7 12 1 1 1 10 12 1 1 10 100 12 1 1 1 10 100 12 1 1 9 12 1 1 10 12 1 1 10 12 1 1 10 100 12 1 1 10 7 12 1 1 1 9 12 1 1 9 12 1 9 12 1 9 12 1 1 9 12 1 1 9 12 1 9 12 1 1 9 12 1 1 100 1 8 1 10 12 1 10 12 1 9 12 1 1 9 12 1 10 12 1 10 7 12 1 1 10 12 1 1 10 12 1 1 10 12 1 10 12 1 1 7 1 10 12 1 1 10 12 1 1 10 12 1 1 10 12 1 10 12 1 10 7 1 10 7 12 1 1 100 1 10 8 1 10 12 1 1 10 12 1 1 8 1 10 12 10 12 1 8 1 8 1 10 11 100 1 9 12 1 10 12 1 1 10 12 1 1 11 7 12 1 1 1 11 12 1 1 11 12 1 1 11 12 1 1 11 12 1 1 11 12 1 1 11 12 1 1 11 12 1 1 11 12 1 1 11 12 1 1 11 12 1 1 11 12 1 1 11 12 1 1 11 12 1 1 11 12 1 1 11 12 1 1 11 12 1 1 11 12 1 1 10 12 1 10 100 12 1 1 10 12 1 10 12 1 1 10 12 9 12 1 1 10 7 12 1 1 1 10 12 1 1 10 100 12 1 1 10 12 1 1 11 100 1 10 12 1 100 1 10 100 12 1 1 1 10 7 12 1 1 1 9 12 1 10 7 12 1 1 1 11 7 12 1 1 1 10 12 1 1 10 12 1 1 9 100 12 1 1 1 10 100 12 1 1 1 10 12 1 1 100 1 1 1 1 1 1 1 1 1 1 1 1 1 1 1 1 1 1 1 1 1 1 1 1 1 1 1 1 1 1 1 1 1 1 1 100 1 1 1 1 1 1 1 1 1 1 1 1 1 1 1 1 1 1 1 1 1 1 1 1 1 1 1 1 1 1 1 1 1 1 100 1 1 1 1 1 1 1 1 100 1 1
ciInstanceKlass java/lang/reflect/Parameter 0 0 226 10 100 12 1 1 1 9 100 12 1 1 1 9 12 1 1 9 12 1 1 9 12 1 10 12 1 1 10 12 1 1 10 100 12 1 1 1 100 1 10 10 12 1 1 11 100 12 1 1 1 10 12 1 10 100 12 1 1 1 10 12 1 1 10 12 1 10 12 1 8 1 8 1 10 100 12 1 1 1 10 12 1 10 12 10 12 1 8 1 10 12 1 9 12 1 1 10 12 1 1 9 12 1 1 10 12 1 1 10 12 1 1 10 12 1 1 10 12 1 10 10 12 1 10 100 12 1 1 1 10 12 1 1 11 100 12 1 1 10 100 12 1 1 100 1 10 100 12 1 1 1 10 12 1 1 10 12 1 1 10 12 1 1 10 12 1 1 9 12 1 100 1 10 11 12 1 1 11 12 1 1 100 1 1 1 1 1 1 1 1 1 1 1 1 1 1 1 1 1 1 1 1 1 1 1 1 1 1 1 1 1 1 1 1 1 1 1 1 1 1 100 1 1 1 1
ciInstanceKlass java/lang/StringBuffer 1 1 470 10 7 12 1 1 1 10 12 1 10 12 1 10 12 1 1 9 7 12 1 1 1 10 12 1 1 10 12 1 10 12 1 1 9 12 1 1 10 12 1 10 12 1 1 10 12 1 1 10 12 1 10 12 1 1 10 12 1 10 12 1 1 10 12 1 1 10 100 12 1 1 1 10 12 1 1 10 12 1 10 12 1 10 12 1 10 12 1 10 12 1 10 12 1 10 12 1 10 12 1 10 12 1 10 12 1 10 12 1 10 12 1 10 12 1 10 12 1 1 10 12 1 10 12 1 1 10 12 1 1 10 10 12 1 1 10 12 1 10 12 1 10 12 1 10 12 1 10 12 1 10 12 1 10 12 10 12 1 10 12 1 10 12 1 10 12 1 1 10 12 1 10 12 1 10 10 12 1 1 10 12 1 1 9 12 1 1 10 7 12 1 1 1 10 100 1 10 10 100 12 1 1 1 10 10 12 1 10 8 10 100 12 1 1 1 8 10 12 1 8 1 10 12 1 10 12 1 10 100 12 1 1 1 10 100 12 1 1 1 7 1 10 12 100 1 8 1 10 10 12 1 1 10 12 1 1 10 12 1 1 10 12 1 10 12 1 10 12 1 10 12 1 10 12 1 10 12 1 10 12 1 10 12 1 10 12 1 10 12 1 10 12 1 10 12 1 10 12 1 10 12 1 10 12 1 10 12 1 10 12 10 12 10 12 1 10 12 1 10 12 1 10 12 10 12 1 10 12 1 10 12 1 10 12 1 10 12 1 10 12 1 10 12 1 10 12 1 10 12 1 10 12 1 10 12 1 7 1 10 12 1 9 7 12 1 1 1 9 7 1 9 12 1 1 100 1 100 1 100 1 1 1 1 5 0 1 1 1 1 1 1 1 1 1 1 1 1 1 1 1 1 1 1 1 1 1 1 1 1 1 1 1 1 1 1 1 1 1 1 1 1 1 1 1 1 1 1 1 1 1 1 1 1 1 1 1 1 1 1 1 1 1 1 1 1 100 1 1 1 1 1 100 1 1 1 1 1 1 1 1 1 1 1 1 1 1 1 1 1
staticfield java/lang/StringBuffer serialPersistentFields [Ljava/io/ObjectStreamField; 3 [Ljava/io/ObjectStreamField;
instanceKlass java/lang/StringBuilder
instanceKlass java/lang/StringBuffer
ciInstanceKlass java/lang/AbstractStringBuilder 1 1 547 7 1 7 1 10 7 12 1 1 1 9 7 12 1 1 1 9 12 1 9 12 1 1 9 12 1 1 10 7 12 1 1 1 10 12 1 1 3 3 10 12 1 10 12 1 1 11 7 1 100 1 100 1 10 8 1 10 12 1 10 12 1 10 12 1 1 10 12 1 10 12 1 10 12 1 9 12 1 1 10 12 1 1 10 7 12 1 1 1 10 10 12 1 10 12 1 10 12 1 1 10 12 1 1 10 7 12 1 1 1 10 7 12 1 1 1 100 1 8 1 10 10 12 1 1 100 1 10 12 10 12 1 1 10 10 12 1 1 10 12 1 1 10 12 1 1 10 12 1 1 100 1 10 10 12 1 10 100 12 1 1 1 10 12 1 1 10 12 1 10 12 1 1 10 10 12 1 1 10 12 10 12 1 10 12 1 1 10 12 1 1 10 12 1 1 10 12 1 10 10 12 1 1 10 12 1 10 12 1 1 8 1 10 12 1 1 10 12 1 10 12 1 10 12 1 10 12 1 10 12 1 10 12 1 10 7 12 1 1 10 12 1 10 12 1 10 100 12 1 1 1 10 12 1 10 12 1 10 12 1 10 12 1 10 12 1 1 10 12 1 10 12 1 1 10 12 1 1 10 10 7 12 1 1 1 10 12 1 10 12 1 10 12 1 1 10 12 1 10 12 1 10 12 1 10 12 1 10 12 1 10 12 1 10 12 1 10 12 1 10 12 1 1 10 12 1 10 12 1 10 12 10 12 1 1 18 12 1 1 100 1 10 100 12 1 1 1 18 10 12 1 1 10 12 1 10 12 1 1 11 12 1 10 12 1 10 12 1 10 10 12 1 10 8 1 8 1 8 1 10 10 100 1 10 12 1 100 1 10 100 1 10 100 1 1 1 3 1 1 1 1 1 1 1 1 1 1 100 1 1 1 1 1 1 1 1 1 1 1 1 1 1 1 1 1 1 1 1 1 1 1 1 1 1 1 1 1 1 1 1 1 1 1 1 1 1 1 1 1 1 1 1 1 1 1 1 1 1 1 1 1 1 1 1 1 1 1 1 1 1 1 1 1 1 1 1 1 1 1 1 1 1 1 1 1 1 1 1 1 1 1 1 1 1 1 1 1 1 1 1 1 1 1 1 1 100 1 1 100 1 1 1 1 1 100 1 1 1 1 1 1 15 10 100 12 1 1 1 16 1 15 10 12 16 15 10 12 1 1 1 1 100 1 100 1 1
staticfield java/lang/AbstractStringBuilder EMPTYVALUE [B 0
ciInstanceKlass java/lang/SecurityManager 0 0 576 10 100 12 1 1 1 9 100 12 1 1 1 10 100 12 1 1 1 100 1 8 1 10 12 1 10 12 1 1 10 100 12 1 1 1 10 100 1 10 100 1 10 9 100 12 1 1 1 10 100 12 1 1 1 10 12 1 1 10 100 12 1 1 100 1 8 1 10 9 12 1 1 9 12 1 8 1 9 12 1 100 1 10 8 1 10 12 1 1 10 12 1 10 12 1 1 100 1 10 10 12 1 1 100 1 8 1 10 12 1 8 1 8 1 8 1 8 1 8 1 8 1 10 12 1 8 1 8 1 8 1 8 1 8 1 10 100 12 1 1 1 10 12 1 1 8 1 100 1 8 1 10 8 1 8 1 8 1 8 1 8 1 10 100 12 1 1 8 1 100 1 8 1 8 1 10 8 1 10 12 1 100 1 8 1 10 10 12 1 1 10 12 1 10 12 1 10 12 1 10 100 12 1 1 1 10 12 1 10 100 12 1 1 11 100 12 1 1 1 18 12 1 1 11 100 12 1 1 1 18 12 1 1 11 12 1 1 18 18 11 12 1 18 12 1 11 12 1 1 9 12 1 1 9 12 1 9 12 1 9 12 1 100 1 10 100 12 1 1 10 12 1 10 12 1 18 12 1 18 10 100 12 1 1 1 18 12 1 10 12 1 18 18 8 1 10 12 1 9 12 1 1 11 100 12 1 1 1 8 1 100 1 10 12 1 10 12 1 1 10 12 1 1 9 12 1 1 10 12 1 10 12 1 1 8 1 100 1 10 9 12 1 8 1 10 12 1 8 1 100 1 10 10 100 12 1 1 10 100 1 9 100 12 1 1 1 11 12 1 1 10 12 1 11 12 1 10 12 1 100 1 10 10 12 1 1 10 12 1 1 1 1 1 1 1 1 1 1 1 100 1 1 1 1 1 1 1 1 1 1 1 1 1 1 1 1 1 1 1 1 1 1 1 1 1 1 1 1 1 1 1 1 1 1 1 1 1 1 1 1 1 1 1 1 1 1 1 1 1 1 1 1 1 1 1 1 3 1 1 1 1 1 1 1 1 1 1 100 1 1 1 1 1 1 1 1 1 1 1 1 1 1 1 1 1 1 1 1 1 1 1 1 1 1 1 1 1 1 1 1 1 1 1 1 1 1 15 10 100 12 1 1 1 16 15 10 100 12 1 1 1 16 1 16 15 10 12 16 1 15 10 12 16 15 11 100 1 16 1 16 1 15 10 12 16 15 10 12 16 15 10 12 1 16 1 15 11 12 1 15 10 12 16 15 10 16 1 1 1 1 100 1 100 1 1
instanceKlass org/jetbrains/kotlin/com/intellij/psi/impl/compiled/OutOfOrderInnerClassException
instanceKlass org/jetbrains/kotlin/com/intellij/psi/impl/compiled/ClsElementImpl$InvalidMirrorException
instanceKlass java/util/EmptyStackException
instanceKlass org/jetbrains/kotlin/lexer/KotlinLexerException
instanceKlass org/jetbrains/kotlin/com/intellij/psi/text/BlockSupport$ReparsedSuccessfullyException
instanceKlass org/jetbrains/kotlin/com/intellij/psi/impl/DebugUtil$IncorrectTreeStructureException
instanceKlass org/jetbrains/kotlin/types/error/LazyWrappedTypeComputationException
instanceKlass java/lang/TypeNotPresentException
instanceKlass org/jetbrains/kotlin/protobuf/UninitializedMessageException
instanceKlass org/jetbrains/kotlin/com/intellij/openapi/util/RecursionManager$CachingPreventedException
instanceKlass org/jetbrains/kotlin/com/intellij/core/CoreJavaCodeStyleManager$1CancelException
instanceKlass org/jetbrains/kotlin/com/intellij/openapi/util/StackOverflowPreventedException
instanceKlass org/jetbrains/kotlin/com/intellij/openapi/vfs/InvalidVirtualFileAccessException
instanceKlass org/jetbrains/kotlin/com/intellij/psi/PsiInvalidElementAccessException
instanceKlass java/util/ConcurrentModificationException
instanceKlass java/time/DateTimeException
instanceKlass java/nio/file/FileSystemAlreadyExistsException
instanceKlass org/jetbrains/kotlin/com/intellij/openapi/util/InvalidDataException
instanceKlass org/jetbrains/kotlin/com/intellij/serialization/SerializationException
instanceKlass org/jetbrains/kotlin/com/intellij/diagnostic/PluginException
instanceKlass java/util/MissingResourceException
instanceKlass org/jetbrains/kotlin/com/intellij/openapi/extensions/SortingException
instanceKlass org/jetbrains/kotlin/com/intellij/diagnostic/ImplementationConflictException
instanceKlass org/jetbrains/kotlin/com/intellij/openapi/diagnostic/RuntimeExceptionWithAttachments
instanceKlass org/jetbrains/kotlin/com/intellij/openapi/extensions/ExtensionInstantiationException
instanceKlass org/jetbrains/kotlin/com/intellij/openapi/project/IndexNotReadyException
instanceKlass org/jetbrains/kotlin/com/intellij/openapi/extensions/ExtensionException
instanceKlass org/jetbrains/kotlin/com/intellij/openapi/editor/ReadOnlyModificationException
instanceKlass org/jetbrains/kotlin/com/intellij/openapi/editor/ReadOnlyFragmentModificationException
instanceKlass org/jetbrains/kotlin/com/intellij/util/lang/CompoundRuntimeException
instanceKlass org/jetbrains/kotlin/org/picocontainer/PicoException
instanceKlass org/jetbrains/kotlin/com/intellij/openapi/extensions/ExtensionNotApplicableException
instanceKlass java/nio/file/FileSystemNotFoundException
instanceKlass org/jetbrains/kotlin/util/ServiceLoaderLite$ServiceLoadingException
instanceKlass org/jetbrains/kotlin/compiler/plugin/CliOptionProcessingException
instanceKlass org/jetbrains/kotlin/compiler/plugin/PluginProcessingException
instanceKlass org/jetbrains/kotlin/backend/common/CompilationException
instanceKlass org/jetbrains/kotlin/com/intellij/util/IncorrectOperationException
instanceKlass org/jetbrains/kotlin/utils/WrappedValues$WrappedProcessCanceledException
instanceKlass kotlin/reflect/jvm/internal/impl/protobuf/UninitializedMessageException
instanceKlass java/lang/SecurityException
instanceKlass java/lang/reflect/UndeclaredThrowableException
instanceKlass kotlin/reflect/jvm/internal/impl/utils/WrappedValues$WrappedProcessCanceledException
instanceKlass java/lang/IndexOutOfBoundsException
instanceKlass java/util/NoSuchElementException
instanceKlass kotlin/NoWhenBranchMatchedException
instanceKlass java/lang/IllegalStateException
instanceKlass java/lang/UnsupportedOperationException
instanceKlass kotlin/UninitializedPropertyAccessException
instanceKlass org/jetbrains/kotlin/cli/jvm/compiler/CompileEnvironmentException
instanceKlass org/jetbrains/kotlin/utils/KotlinExceptionWithAttachments
instanceKlass org/jetbrains/kotlin/analyzer/CompilationErrorException
instanceKlass org/jetbrains/kotlin/com/intellij/openapi/progress/ProcessCanceledException
instanceKlass java/lang/IllegalArgumentException
instanceKlass java/lang/ArithmeticException
instanceKlass java/lang/NullPointerException
instanceKlass java/lang/IllegalMonitorStateException
instanceKlass java/lang/ArrayStoreException
instanceKlass java/lang/ClassCastException
ciInstanceKlass java/lang/RuntimeException 1 1 40 10 7 12 1 1 1 10 12 1 10 12 1 10 12 1 10 12 1 100 1 1 1 1 5 0 1 1 1 1 1 1 1 1 1 1 1 1 1 1
ciInstanceKlass java/lang/ArithmeticException 1 1 26 10 100 12 1 1 1 10 12 1 100 1 1 1 1 5 0 1 1 1 1 1 1 1 1 1
instanceKlass kotlin/KotlinNullPointerException
ciInstanceKlass java/lang/NullPointerException 1 1 52 10 100 12 1 1 1 10 12 1 9 100 12 1 1 1 10 12 1 1 9 12 1 1 10 12 1 1 10 12 1 1 1 1 5 0 1 1 1 1 1 1 1 1 100 1 100 1 100 1 1 1
instanceKlass org/jetbrains/kotlin/com/google/common/collect/Maps$ViewCachingAbstractMap
instanceKlass java/util/Collections$SingletonMap
instanceKlass kotlin/collections/AbstractMutableMap
instanceKlass org/jetbrains/kotlin/protobuf/SmallSortedMap
instanceKlass org/jetbrains/kotlin/com/intellij/openapi/vfs/impl/ZipEntryMap
instanceKlass org/jetbrains/kotlin/com/intellij/util/containers/hash/LinkedHashMap
instanceKlass org/jetbrains/kotlin/com/intellij/util/containers/ConcurrentRefHashMap
instanceKlass org/jetbrains/kotlin/com/intellij/util/containers/RefHashMap
instanceKlass kotlin/reflect/jvm/internal/impl/protobuf/SmallSortedMap
instanceKlass java/util/EnumMap
instanceKlass java/util/TreeMap
instanceKlass java/util/IdentityHashMap
instanceKlass java/util/WeakHashMap
instanceKlass java/util/Collections$EmptyMap
instanceKlass sun/util/PreHashedMap
instanceKlass java/util/HashMap
instanceKlass java/util/ImmutableCollections$AbstractImmutableMap
instanceKlass java/util/concurrent/ConcurrentHashMap
ciInstanceKlass java/util/AbstractMap 1 1 192 10 7 12 1 1 1 10 7 12 1 1 1 11 7 12 1 1 1 10 11 12 1 1 11 7 12 1 1 1 11 12 1 1 7 1 11 12 1 10 12 1 1 11 12 1 100 1 10 11 12 1 11 7 1 10 12 1 1 11 12 1 9 12 1 1 7 1 10 12 1 9 12 1 1 100 1 10 11 11 12 1 1 11 12 1 100 1 100 1 11 12 1 8 1 100 1 10 10 12 1 1 8 1 10 12 1 10 12 1 1 10 12 1 1 1 1 1 1 1 1 1 1 1 1 1 1 1 1 1 1 1 1 1 1 1 1 1 1 1 1 1 1 1 1 1 1 1 1 1 1 1 1 100 1 1 1 1 1 1 1 1 1 1 1 1 1 1 1 1 100 1 1 1 1 1 1 1 1 1 100 1 100 1 100 1 100 1 1 1 1 1
ciInstanceKlass java/util/Collections$EmptyList 1 1 150 10 7 12 1 1 1 10 7 12 1 1 1 10 12 1 1 11 100 12 1 1 1 7 1 100 1 100 1 10 8 1 10 12 1 1 10 12 1 10 12 1 1 10 12 1 100 1 11 10 100 12 1 1 1 10 7 12 1 1 1 9 12 1 1 100 1 100 1 100 1 1 1 1 5 0 1 1 1 1 1 1 1 1 1 1 1 1 1 1 1 1 1 1 1 1 1 1 1 1 1 1 1 1 1 1 1 1 1 1 1 1 1 1 1 1 1 1 1 1 1 1 1 1 1 1 1 1 1 1 1 1 1 1 1 1 1 1 1 1 1 1 1 1 1 1 1 1 1 1
ciInstanceKlass java/security/AccessControlContext 1 1 373 9 7 12 1 1 1 9 12 1 1 10 100 12 1 1 1 8 1 10 100 12 1 1 1 10 7 12 1 1 1 9 12 1 9 12 1 1 9 12 1 1 10 7 12 1 1 100 1 10 12 1 11 100 12 1 1 1 11 12 1 11 12 1 11 12 1 1 100 1 11 12 1 1 10 12 1 10 100 12 1 1 1 9 100 12 1 1 1 10 100 12 1 1 1 11 100 12 1 1 1 10 7 1 100 1 8 1 10 12 1 10 12 1 1 7 1 10 7 12 1 1 1 9 12 1 9 12 1 9 12 1 9 12 1 1 9 12 1 1 9 12 1 9 12 1 10 7 12 1 1 1 9 12 1 10 12 1 1 10 12 1 1 8 1 10 12 1 1 10 12 1 1 10 100 12 1 1 1 100 1 10 10 12 1 1 10 100 12 1 1 1 10 8 1 10 100 12 1 1 8 1 10 100 12 1 1 8 1 8 1 10 12 1 8 1 10 12 1 8 1 10 12 1 10 12 1 10 12 1 1 8 1 8 1 100 1 10 12 1 10 12 1 1 100 1 10 12 1 8 1 10 12 1 10 12 1 10 8 1 10 12 1 1 10 12 1 1 10 12 1 1 10 12 1 1 10 12 1 10 12 1 10 12 1 10 12 1 1 10 10 10 12 1 1 1 1 1 1 1 1 1 1 1 1 1 1 1 1 1 1 1 1 1 1 1 1 100 1 1 1 1 1 1 1 1 1 1 1 1 1 1 1 1 1 1 1 1 1 1 1 1 1 1 1 1 1 1 1 1 1 1 1 1 1 1 1 1 1 1 1 1 1 1 1 1 1 1 1 1 3 1 1
ciInstanceKlass java/net/URL 1 1 743 10 7 12 1 1 1 10 12 1 10 7 12 1 1 9 12 1 1 9 12 1 10 7 12 1 1 1 10 12 1 1 10 12 1 1 9 12 1 1 10 7 12 1 1 1 8 1 10 12 1 1 100 1 10 10 12 1 1 8 1 10 12 1 1 9 12 1 100 1 8 1 10 12 1 10 12 1 8 1 9 12 1 10 12 1 1 9 12 1 10 12 1 10 12 1 9 12 1 9 12 1 8 1 9 12 1 10 12 1 1 8 1 9 12 1 1 10 12 1 1 10 7 12 1 1 1 8 1 10 12 1 7 1 10 12 1 10 12 1 10 12 1 10 12 1 1 10 12 1 1 8 1 10 12 1 1 10 12 1 8 1 9 12 1 8 1 10 12 1 10 7 12 1 1 1 100 1 10 12 1 10 12 1 1 10 7 12 1 1 1 100 1 8 1 10 10 12 1 8 1 10 12 1 1 10 12 1 10 12 1 10 12 1 10 12 1 10 12 1 8 1 10 12 1 10 10 7 12 1 1 1 10 12 1 9 100 12 1 1 1 10 100 12 1 1 1 9 12 1 1 10 12 1 10 100 12 1 1 1 100 1 100 1 10 12 1 10 12 1 10 12 1 10 12 1 10 12 1 10 12 10 10 10 12 1 100 1 10 12 1 10 12 1 1 8 1 9 100 12 1 1 1 10 100 12 1 1 1 10 12 1 1 9 100 12 1 1 1 10 12 1 1 100 1 10 12 1 10 12 1 10 10 12 1 1 10 12 1 1 10 12 1 10 12 1 10 12 1 10 7 12 1 1 1 10 12 1 1 10 12 1 9 12 1 1 9 12 1 1 100 1 8 1 10 10 12 1 9 12 1 1 10 7 12 1 1 8 1 10 100 12 1 1 8 1 10 12 1 1 10 12 1 8 1 8 1 10 7 12 1 1 1 100 1 10 100 12 1 1 1 10 12 1 10 12 1 100 1 10 9 12 1 1 10 7 12 1 1 8 1 10 12 1 1 100 1 10 10 100 12 1 1 1 8 9 100 12 1 1 1 10 12 1 10 12 1 10 12 1 10 12 1 10 100 12 1 1 11 7 12 1 1 10 12 1 10 12 1 9 12 1 10 12 1 1 10 100 12 1 1 10 100 12 1 1 1 8 10 100 12 1 1 100 1 10 8 8 10 12 1 8 8 8 100 1 10 12 1 9 12 1 1 10 12 1 10 12 1 1 10 12 1 10 12 10 12 1 1 10 12 1 1 10 10 10 12 1 10 12 1 10 12 1 10 12 1 10 12 1 10 10 12 1 100 1 8 1 10 10 10 12 1 1 10 12 1 10 12 1 1 8 1 7 1 10 10 10 7 1 10 12 1 9 7 12 1 1 1 9 12 1 1 7 1 10 10 7 12 1 1 1 100 1 1 1 1 1 5 0 1 1 1 1 1 1 1 1 1 1 1 1 1 1 1 1 1 1 1 1 1 1 1 1 1 1 1 1 1 1 1 1 1 1 1 1 1 1 1 100 1 1 1 1 1 1 1 1 1 1 1 1 1 1 1 1 1 1 1 1 1 1 1 1 1 1 1 1 1 1 1 1 1 1 1 1 1 100 1 1 1 1 1 1 1 1 1 1 1 1 1 1 1 1 100 1 1 1 1 1 1 1 1 1 1 1 1 1 1 1 1 1 1
staticfield java/net/URL defaultFactory Ljava/net/URLStreamHandlerFactory; java/net/URL$DefaultFactory
staticfield java/net/URL streamHandlerLock Ljava/lang/Object; java/lang/Object
staticfield java/net/URL serialPersistentFields [Ljava/io/ObjectStreamField; 7 [Ljava/io/ObjectStreamField;
ciInstanceKlass java/util/jar/Manifest 1 1 336 10 7 12 1 1 1 7 1 10 9 7 12 1 1 1 7 1 10 9 12 1 1 9 12 1 1 10 12 1 10 12 1 1 10 12 1 1 10 12 1 1 10 12 1 1 11 7 1 11 12 1 1 10 12 1 1 10 100 12 1 1 1 100 1 100 1 10 8 1 10 12 1 1 10 12 1 1 10 12 1 10 12 1 11 100 1 10 12 1 10 12 1 1 11 12 1 1 10 12 1 11 12 1 1 11 100 12 1 1 1 11 100 12 1 1 11 12 1 1 100 1 10 12 1 8 1 11 12 1 100 1 10 12 1 1 11 12 1 10 12 1 10 12 1 10 100 12 1 1 1 8 1 10 12 1 1 10 9 100 12 1 1 1 10 12 1 1 10 100 12 1 10 12 1 10 12 1 9 100 12 1 1 1 8 1 10 12 1 8 1 8 1 7 1 10 12 1 10 12 1 10 12 1 1 100 1 8 1 10 12 1 1 8 1 10 10 12 1 1 8 1 10 12 1 1 10 100 12 1 1 1 10 12 1 10 11 12 1 1 10 12 1 10 100 12 1 1 1 10 12 1 1 10 12 1 1 11 10 12 1 11 10 12 1 100 1 1 1 1 1 1 1 1 1 1 1 1 1 1 1 1 1 1 1 1 1 1 1 1 1 1 1 1 1 1 1 1 1 1 1 1 1 1 1 1 1 1 1 100 1 1 1 1 1 1 1 1 1 1 1 1 1 1 100 1 1 1 1 1 1 1 1 1 1 1
ciInstanceKlass java/lang/Iterable 1 1 62 10 7 12 1 1 1 11 7 12 1 1 1 11 7 12 1 1 1 11 12 1 1 11 7 12 1 1 1 10 100 12 1 1 1 100 1 1 1 1 1 1 1 1 1 1 1 1 1 1 1 1 1 1 1 1 1 1 1 1 1 1
ciInstanceKlass java/util/Collection 1 1 115 11 100 12 1 1 1 100 1 11 7 12 1 1 1 10 100 12 1 1 1 11 12 1 1 11 100 12 1 1 1 11 12 1 1 11 100 12 1 1 1 11 12 1 1 10 100 12 1 1 1 11 12 1 10 7 12 1 1 1 100 1 100 1 1 1 1 1 1 1 1 1 1 1 1 1 1 1 1 1 1 1 1 1 1 1 1 1 1 1 1 1 1 1 1 1 1 1 1 1 1 1 1 1 1 1 1 1 1 1 1 1 1 1 1
instanceKlass org/jetbrains/kotlin/one/util/streamex/Internals$ArrayCollection
instanceKlass org/jetbrains/kotlin/it/unimi/dsi/fastutil/ints/AbstractIntCollection
instanceKlass org/jetbrains/kotlin/com/google/common/collect/ImmutableCollection
instanceKlass org/jetbrains/kotlin/it/unimi/dsi/fastutil/objects/AbstractObjectCollection
instanceKlass org/jetbrains/kotlin/com/intellij/util/containers/UnsafeWeakList
instanceKlass org/jetbrains/kotlin/com/google/common/collect/AbstractMultiset
instanceKlass java/util/AbstractQueue
instanceKlass org/jetbrains/kotlin/it/unimi/dsi/fastutil/objects/AbstractReferenceCollection
instanceKlass org/jetbrains/kotlin/com/google/common/collect/Multimaps$Entries
instanceKlass java/util/IdentityHashMap$Values
instanceKlass org/jetbrains/kotlin/com/google/common/collect/AbstractMapBasedMultimap$WrappedCollection
instanceKlass org/jetbrains/kotlin/com/intellij/util/containers/ImmutableList
instanceKlass java/util/LinkedHashMap$LinkedValues
instanceKlass java/util/HashMap$Values
instanceKlass java/util/ArrayDeque
instanceKlass java/util/AbstractSet
instanceKlass java/util/ImmutableCollections$AbstractImmutableCollection
instanceKlass java/util/AbstractList
ciInstanceKlass java/util/AbstractCollection 1 1 160 10 7 12 1 1 1 10 7 12 1 1 1 10 12 1 1 11 7 12 1 1 1 11 12 1 1 10 12 1 1 10 100 12 1 1 1 10 12 1 1 10 12 1 1 10 7 12 1 1 10 7 12 1 1 1 7 1 10 100 12 1 1 1 10 100 12 1 1 1 100 1 10 11 12 1 11 7 1 10 12 1 10 12 1 10 7 12 1 1 1 11 8 1 7 1 10 10 12 1 1 8 1 10 12 1 10 12 1 1 1 1 1 1 1 1 1 1 1 1 1 1 1 1 1 1 1 1 1 1 1 1 1 1 1 1 1 1 1 1 1 1 1 1 1 1 1 1 1 1 1 1 1 1 1 1 1 1 1 1
ciMethod java/util/AbstractCollection isEmpty ()Z 768 0 20008 0 96
ciInstanceKlass java/util/List 1 1 217 10 100 12 1 1 1 11 100 12 1 1 1 11 100 12 1 1 1 11 12 1 1 11 100 12 1 1 11 12 1 1 11 12 1 1 10 100 12 1 1 1 7 1 7 1 10 12 1 1 100 1 10 100 12 1 1 1 9 7 12 1 1 1 7 1 10 12 10 12 1 7 1 10 12 1 1 10 12 1 10 12 1 1 100 1 1 1 1 1 1 1 1 1 1 1 1 1 1 1 1 1 1 1 1 1 1 1 1 1 1 1 1 1 1 1 1 1 1 1 1 1 1 1 1 1 1 1 1 1 1 1 1 1 1 100 1 100 1 1 1 1 1 1 1 1 1 1 1 1 1 1 1 1 1 1 1 1 1 1 1 1 1 1 1 1 1 1 1 1 1 1 1 1 1 1 1 1 1 1 1 1 1 1 1 1 1 1 1 1 1 1 1 1 1 1 1 1 1 1 1 1 1 1 1 1 1 1 1 1 100 1 1 100 1 1 1
ciMethod java/util/AbstractCollection size ()I 0 0 1 0 -1
ciMethod java/util/AbstractCollection <init> ()V 520 0 546573 0 64
instanceKlass java/util/Collections$CopiesList
instanceKlass org/jetbrains/kotlin/types/expressions/PatternMatchingTypingVisitor$inferTypeForWhenExpression$resolvedCall$1
instanceKlass org/jetbrains/kotlin/com/intellij/psi/stubs/StubList$1
instanceKlass org/jetbrains/kotlin/com/intellij/psi/stubs/StubList
instanceKlass kotlin/collections/AbstractMutableList
instanceKlass org/jetbrains/kotlin/com/google/common/collect/Lists$AbstractListWrapper
instanceKlass org/jetbrains/kotlin/com/google/common/collect/Lists$Partition
instanceKlass org/jetbrains/kotlin/com/google/common/collect/Lists$TransformingRandomAccessList
instanceKlass org/jetbrains/kotlin/com/intellij/lang/impl/PsiBuilderImpl$RelativeTokenTypesView
instanceKlass org/jetbrains/kotlin/protobuf/UnmodifiableLazyStringList
instanceKlass org/jetbrains/kotlin/protobuf/LazyStringArrayList
instanceKlass org/jetbrains/kotlin/com/intellij/util/containers/ContainerUtilRt$EmptyList
instanceKlass org/jetbrains/kotlin/org/jdom/ContentList$FilterList
instanceKlass org/jetbrains/kotlin/org/jdom/AttributeList
instanceKlass org/jetbrains/kotlin/org/jdom/ContentList
instanceKlass org/jetbrains/kotlin/com/intellij/util/containers/DisposableWrapperList
instanceKlass org/jetbrains/kotlin/com/intellij/util/SmartList
instanceKlass java/util/AbstractList$SubList
instanceKlass java/util/Vector
instanceKlass java/util/AbstractSequentialList
instanceKlass kotlin/reflect/jvm/internal/impl/protobuf/UnmodifiableLazyStringList
instanceKlass kotlin/reflect/jvm/internal/impl/protobuf/LazyStringArrayList
instanceKlass java/util/ArrayList$SubList
instanceKlass kotlin/reflect/jvm/internal/impl/utils/SmartList
instanceKlass java/util/Collections$SingletonList
instanceKlass org/jetbrains/kotlin/utils/SmartList
instanceKlass java/util/Arrays$ArrayList
instanceKlass java/util/Collections$EmptyList
instanceKlass java/util/ArrayList
ciInstanceKlass java/util/AbstractList 1 1 218 10 7 12 1 1 1 9 7 12 1 1 1 10 12 1 1 10 12 1 1 100 1 10 10 12 1 1 11 7 12 1 1 1 11 12 1 1 11 12 1 10 100 12 1 1 1 10 12 1 11 12 1 11 12 1 11 12 1 10 12 1 1 10 12 1 1 11 100 12 1 1 1 11 100 1 11 7 1 10 12 1 7 1 10 12 1 10 12 1 1 7 1 7 1 10 12 1 7 1 10 100 1 100 1 10 8 1 10 12 1 1 10 12 1 10 12 1 1 10 12 1 8 1 100 1 8 1 8 1 8 1 10 100 1 11 10 10 12 1 11 12 1 10 12 1 1 8 1 8 1 1 1 1 1 1 1 1 1 1 1 1 1 1 1 1 1 1 1 1 1 1 1 1 1 1 1 1 1 1 1 1 1 1 1 1 1 1 1 1 1 1 1 1 1 1 1 1 1 1 1 1 1 1 1 1 1 1 100 1 100 1 1 1 1 1 1 1
ciMethod java/util/AbstractList iterator ()Ljava/util/Iterator; 514 0 5088 0 -1
ciInstanceKlass java/lang/AssertionStatusDirectives 0 0 24 10 100 12 1 1 1 100 1 1 1 1 1 1 1 1 1 1 1 1 1 1 1 1
ciInstanceKlass java/lang/invoke/MethodHandleNatives$CallSiteContext 1 1 49 10 7 12 1 1 1 7 1 10 10 7 12 1 1 1 10 7 12 1 1 1 10 7 12 1 1 1 100 1 1 1 1 1 1 1 1 1 1 1 1 1 1 1 1 1 100 1 1
ciInstanceKlass jdk/internal/invoke/NativeEntryPoint 0 0 92 10 100 12 1 1 1 9 100 12 1 1 1 10 100 12 1 1 1 100 1 9 12 1 9 12 1 9 12 1 1 9 12 1 1 9 12 1 1 100 1 8 1 10 12 1 11 100 12 1 1 1 10 12 1 1 10 12 1 11 100 12 1 1 11 12 1 10 12 1 1 10 12 1 1 1 1 1 1 1 1 1 1 1 1 1 1 1 1 1 1 1
instanceKlass java/lang/invoke/VolatileCallSite
instanceKlass java/lang/invoke/MutableCallSite
instanceKlass java/lang/invoke/ConstantCallSite
ciInstanceKlass java/lang/invoke/CallSite 1 1 302 10 7 12 1 1 1 10 7 12 1 1 1 9 7 12 1 1 1 10 12 1 1 9 12 1 1 10 7 12 1 1 1 10 12 1 100 1 10 12 1 1 10 12 1 1 9 100 12 1 1 1 10 100 12 1 1 10 12 1 1 100 1 100 1 10 10 100 12 1 1 1 10 12 1 1 8 1 10 12 1 10 12 1 1 10 12 1 10 12 1 1 10 12 1 1 10 10 100 12 1 1 10 12 1 1 9 12 1 9 100 12 1 1 1 8 1 10 7 12 1 1 1 10 12 1 1 100 1 10 12 1 1 9 12 1 8 1 100 1 10 12 1 10 12 1 100 1 8 1 10 10 12 1 10 12 1 1 100 1 10 12 1 1 10 12 1 10 12 1 10 12 1 1 10 12 1 1 9 12 1 1 8 10 12 1 1 9 12 1 1 100 1 10 10 12 1 10 100 12 1 1 1 10 12 1 1 10 12 1 1 10 12 1 10 7 12 1 1 1 100 1 8 1 10 10 12 10 12 1 1 100 1 100 1 100 1 8 1 10 12 1 10 7 12 1 1 1 1 1 1 1 1 1 1 1 1 1 1 1 1 1 1 1 1 1 1 1 1 1 1 1 1 1 1 1 1 1 1 1 1 1 1 1 1 1 1 1 1 1 1 1 1 1 1 1 1 1 1 1 1 1
staticfield java/lang/invoke/CallSite $assertionsDisabled Z 1
ciInstanceKlass java/lang/invoke/VolatileCallSite 0 0 37 10 100 12 1 1 1 10 12 1 10 100 12 1 1 1 10 12 1 10 12 1 1 1 1 1 1 1 1 1 1 1 1 1 1 1 1
ciInstanceKlass java/lang/invoke/MethodType 1 1 771 7 1 10 7 12 1 1 1 9 12 1 1 9 12 1 1 9 12 1 1 10 7 12 1 1 1 9 7 12 1 1 8 1 10 100 12 1 1 1 9 7 1 9 7 1 10 12 1 1 100 1 10 8 1 10 12 1 1 10 12 1 10 12 1 1 100 1 8 1 10 12 1 100 1 10 10 12 1 10 12 1 1 10 12 1 1 11 7 12 1 1 1 9 12 1 11 12 1 1 7 7 1 10 7 12 1 1 1 10 12 1 9 12 1 1 10 7 12 1 1 10 12 1 1 10 7 12 1 1 1 10 7 12 1 1 1 10 12 1 9 12 1 1 10 12 1 1 100 1 10 12 1 1 10 12 1 1 10 12 1 1 10 12 1 1 10 12 1 1 10 12 1 10 12 1 10 12 1 1 10 12 1 8 1 8 1 10 12 1 1 9 12 1 1 100 1 10 10 12 1 1 10 12 1 10 12 1 1 10 12 1 1 10 12 1 10 12 1 1 10 12 1 8 1 10 12 1 1 10 100 12 1 1 1 10 12 1 10 12 1 1 10 12 1 10 12 1 10 12 1 1 10 12 1 10 12 1 9 12 1 10 12 1 10 10 12 1 1 10 12 1 9 12 1 1 10 12 1 1 10 12 1 1 10 12 1 1 10 12 1 1 7 1 10 12 10 12 1 10 12 1 100 1 8 1 8 1 8 1 10 12 1 10 12 1 10 12 1 10 11 12 1 1 11 12 1 10 100 12 1 1 1 9 12 1 10 12 1 10 12 1 1 10 12 1 1 10 12 1 10 12 1 10 100 12 1 1 1 10 12 1 1 10 12 1 10 12 1 10 12 1 10 9 12 1 1 7 1 10 12 1 10 12 1 1 9 100 12 1 1 1 10 100 12 1 1 1 10 100 12 1 1 1 10 12 1 1 10 100 12 1 1 1 10 12 1 1 8 1 10 7 12 1 1 1 11 12 1 1 9 12 1 1 10 12 1 1 10 12 1 10 12 1 1 10 12 1 1 10 100 12 1 1 100 1 10 12 1 1 11 100 12 1 1 1 18 12 1 1 11 12 1 1 18 12 1 11 12 1 100 1 11 100 12 1 1 10 12 1 100 1 10 12 1 10 100 12 1 1 10 12 1 1 9 12 1 1 9 100 12 1 1 1 10 100 12 1 1 1 9 12 1 10 100 12 1 1 10 12 1 100 10 12 1 1 10 12 1 10 7 1 7 1 9 12 1 1 100 1 100 1 100 1 1 1 5 0 1 1 1 1 1 1 1 3 1 3 1 3 1 1 1 1 1 1 1 1 1 1 1 1 1 1 1 1 1 1 1 1 1 1 1 1 1 1 1 1 1 1 1 1 1 1 1 1 1 1 1 1 1 1 1 1 1 1 1 1 1 1 1 1 1 1 1 1 1 1 1 1 1 1 1 1 1 1 1 1 1 1 1 1 1 1 1 1 1 1 1 1 1 1 1 1 1 1 1 1 1 1 1 1 1 1 1 1 1 1 1 1 1 1 1 1 1 1 1 1 1 1 1 1 1 1 1 1 1 1 1 1 1 1 1 1 1 1 1 100 1 100 1 1 1 1 1 1 1 1 1 1 1 1 1 100 1 1 1 100 1 1 1 1 1 1 1 1 1 1 1 1 1 1 1 1 1 1 1 1 1 15 10 100 12 1 1 1 16 15 10 12 16 16 15 10 12 16 1 1 1 1 100 1 1 100 1 1 100 1 100 1 1
staticfield java/lang/invoke/MethodType internTable Ljava/lang/invoke/MethodType$ConcurrentWeakInternSet; java/lang/invoke/MethodType$ConcurrentWeakInternSet
staticfield java/lang/invoke/MethodType NO_PTYPES [Ljava/lang/Class; 0 [Ljava/lang/Class;
staticfield java/lang/invoke/MethodType objectOnlyTypes [Ljava/lang/invoke/MethodType; 20 [Ljava/lang/invoke/MethodType;
staticfield java/lang/invoke/MethodType METHOD_HANDLE_ARRAY [Ljava/lang/Class; 1 [Ljava/lang/Class;
staticfield java/lang/invoke/MethodType serialPersistentFields [Ljava/io/ObjectStreamField; 0 [Ljava/io/ObjectStreamField;
staticfield java/lang/invoke/MethodType $assertionsDisabled Z 1
ciInstanceKlass java/lang/BootstrapMethodError 0 0 45 10 100 12 1 1 1 10 12 1 10 12 1 10 100 12 1 1 1 10 100 12 1 1 1 1 1 1 5 0 1 1 1 1 1 1 1 1 1 1 1 100 1 1 1
ciInstanceKlass jdk/internal/loader/ClassLoaders$AppClassLoader 1 1 119 8 1 10 7 12 1 1 1 10 7 12 1 1 1 10 100 12 1 1 1 10 12 1 1 10 100 12 1 1 1 10 12 1 1 10 12 1 1 7 1 8 1 10 12 10 7 12 1 1 1 10 100 12 1 1 10 12 1 1 10 12 1 1 10 7 12 1 1 1 100 1 10 12 1 1 1 1 1 1 1 1 1 1 1 1 1 1 1 1 1 1 1 1 1 100 1 1 1 1 1 1 1 1 1 1 1 1 1 1 1 1 1 1 1 100 1 1 1
ciInstanceKlass jdk/internal/loader/ClassLoaders$PlatformClassLoader 1 1 42 8 1 10 7 12 1 1 1 10 7 12 1 1 1 100 1 10 12 1 100 1 1 1 1 1 1 1 1 1 1 1 1 1 1 100 1 1 1 100 1 1
ciInstanceKlass java/lang/ArrayStoreException 1 1 26 10 100 12 1 1 1 10 12 1 100 1 1 1 1 5 0 1 1 1 1 1 1 1 1 1
instanceKlass kotlin/TypeCastException
ciInstanceKlass java/lang/ClassCastException 1 1 26 10 100 12 1 1 1 10 12 1 100 1 1 1 1 5 0 1 1 1 1 1 1 1 1 1
ciInstanceKlass java/lang/NoClassDefFoundError 0 0 26 10 100 12 1 1 1 10 12 1 100 1 1 1 1 5 0 1 1 1 1 1 1 1 1 1
ciInstanceKlass java/lang/IllegalMonitorStateException 1 1 26 10 100 12 1 1 1 10 12 1 100 1 1 1 1 5 0 1 1 1 1 1 1 1 1 1
ciInstanceKlass java/lang/StackOverflowError 1 1 26 10 100 12 1 1 1 10 12 1 100 1 1 1 1 5 0 1 1 1 1 1 1 1 1 1
instanceKlass java/lang/StackOverflowError
instanceKlass java/lang/OutOfMemoryError
instanceKlass java/lang/InternalError
ciInstanceKlass java/lang/VirtualMachineError 1 1 34 10 100 12 1 1 1 10 12 1 10 12 1 10 12 1 100 1 1 1 1 5 0 1 1 1 1 1 1 1 1 1 1 1
ciInstanceKlass java/lang/OutOfMemoryError 1 1 26 10 100 12 1 1 1 10 12 1 100 1 1 1 1 5 0 1 1 1 1 1 1 1 1 1
ciInstanceKlass java/lang/InternalError 0 0 34 10 100 12 1 1 1 10 12 1 10 12 1 10 12 1 100 1 1 1 1 5 0 1 1 1 1 1 1 1 1 1 1 1
ciInstanceKlass java/lang/StackTraceElement 0 0 224 10 100 12 1 1 1 10 100 12 1 1 9 12 1 1 9 12 1 1 9 12 1 9 12 1 8 1 10 100 12 1 1 1 100 1 9 12 1 8 1 9 12 1 9 12 1 9 12 1 1 8 1 10 12 1 1 10 12 1 100 1 10 10 12 1 1 8 1 10 12 1 1 10 12 1 8 1 8 1 8 1 10 12 1 8 1 8 1 10 12 1 8 1 8 1 10 12 1 1 10 12 1 10 12 1 1 10 12 1 9 12 1 1 10 100 12 1 1 1 10 12 1 1 100 1 10 12 1 1 10 100 12 1 1 10 100 12 1 1 1 10 100 12 1 1 10 100 12 1 1 10 10 12 1 1 10 12 1 10 12 1 1 100 1 1 1 1 1 3 1 3 1 1 5 0 1 1 1 1 1 1 1 1 1 1 1 1 1 1 1 1 1 1 1 1 1 1 1 1 1 1 100 1 100 1 1 1 1 1 1 1 1 1 1 100 1 1 1 1 1 1 1 1
instanceKlass java/nio/CharBuffer
instanceKlass java/nio/IntBuffer
instanceKlass java/nio/LongBuffer
instanceKlass java/nio/ByteBuffer
ciInstanceKlass java/nio/Buffer 1 1 224 100 1 10 7 12 1 1 1 9 7 12 1 1 1 9 12 1 9 12 1 1 9 12 1 9 12 1 1 10 12 1 1 10 12 1 1 10 12 100 1 100 1 10 8 1 10 12 1 1 10 12 1 8 1 8 1 10 12 1 1 10 12 1 8 1 9 12 1 1 100 1 8 1 10 12 1 8 1 8 1 9 12 10 12 1 8 1 8 1 8 1 10 12 1 8 1 8 1 8 1 100 1 10 100 1 10 100 1 10 100 1 10 10 100 12 1 1 1 10 11 100 12 1 1 10 7 12 1 1 1 10 7 12 1 1 1 9 12 1 1 10 7 12 1 1 1 9 12 1 1 7 1 10 10 7 12 1 1 1 1 1 3 1 1 1 1 1 1 1 1 1 1 1 1 1 1 1 1 1 1 100 1 1 1 1 1 1 1 1 1 1 1 1 1 1 1 1 1 1 1 1 1 1 1 1 1 1 1 1 1 1 1 1 1 1 1 1 1 1 1 1 1 1
staticfield java/nio/Buffer UNSAFE Ljdk/internal/misc/Unsafe; jdk/internal/misc/Unsafe
staticfield java/nio/Buffer SCOPED_MEMORY_ACCESS Ljdk/internal/misc/ScopedMemoryAccess; jdk/internal/misc/ScopedMemoryAccess
staticfield java/nio/Buffer $assertionsDisabled Z 1
ciInstanceKlass jdk/internal/misc/UnsafeConstants 1 1 34 10 100 12 1 1 1 9 7 12 1 1 1 9 12 1 9 12 1 1 9 12 1 9 12 1 1 1 1 1 1 1 1 1
staticfield jdk/internal/misc/UnsafeConstants ADDRESS_SIZE0 I 8
staticfield jdk/internal/misc/UnsafeConstants PAGE_SIZE I 4096
staticfield jdk/internal/misc/UnsafeConstants BIG_ENDIAN Z 0
staticfield jdk/internal/misc/UnsafeConstants UNALIGNED_ACCESS Z 1
staticfield jdk/internal/misc/UnsafeConstants DATA_CACHE_LINE_FLUSH_SIZE I 0
instanceKlass java/lang/invoke/DelegatingMethodHandle
instanceKlass java/lang/invoke/BoundMethodHandle
instanceKlass java/lang/invoke/DirectMethodHandle
ciInstanceKlass java/lang/invoke/MethodHandle 1 1 641 100 1 9 7 12 1 1 1 10 7 12 1 1 1 10 7 12 1 1 1 7 1 7 1 10 12 1 1 9 12 1 1 10 12 1 10 12 1 1 10 12 1 1 10 100 12 1 1 1 10 12 1 1 10 12 1 1 11 100 12 1 1 1 10 12 1 1 10 12 1 10 12 1 9 12 1 1 10 12 1 1 100 1 100 1 10 8 1 10 12 1 1 10 12 1 8 1 10 12 1 1 10 12 1 10 7 12 1 1 1 10 12 1 10 12 1 1 10 12 1 1 10 12 1 1 10 12 1 1 10 7 12 1 1 1 10 100 12 1 1 1 7 1 10 12 1 1 10 12 1 1 10 12 1 1 8 1 10 7 12 1 1 1 8 1 10 12 1 1 10 12 1 1 10 12 1 1 10 12 1 8 1 10 12 1 1 8 1 10 12 1 8 1 10 100 12 1 1 1 9 12 1 1 100 1 10 9 100 12 1 1 1 9 100 1 8 1 10 12 1 1 10 12 1 10 12 1 1 10 12 1 10 12 1 1 10 12 1 10 12 1 1 10 12 1 10 12 1 1 10 12 1 1 8 1 10 12 1 1 8 1 10 12 1 10 12 1 1 10 12 1 10 12 1 10 12 1 1 9 100 12 1 1 1 10 12 1 1 11 12 1 10 12 1 10 12 1 1 10 100 12 1 1 1 100 1 11 12 1 10 100 1 11 12 1 100 1 10 12 1 11 12 1 9 100 12 1 1 1 11 12 1 1 11 100 12 1 1 1 10 12 1 1 9 12 1 11 12 1 9 12 1 9 12 1 9 12 1 11 12 1 1 9 12 1 9 12 1 9 12 1 9 12 1 9 12 1 9 12 1 9 12 1 8 1 10 12 1 10 12 1 8 1 10 12 1 10 12 1 10 10 7 12 1 1 10 12 1 1 100 1 8 1 10 12 1 1 10 12 1 1 10 12 1 10 12 1 100 1 10 100 12 1 1 1 10 12 1 9 7 12 1 1 1 10 12 1 1 10 12 1 1 8 1 9 12 1 9 12 1 1 9 12 1 1 10 12 1 7 1 10 12 1 10 12 1 1 9 12 1 1 9 12 1 1 10 7 12 1 1 1 11 7 12 1 1 9 12 1 10 12 1 1 9 12 1 10 12 1 8 10 12 1 1 8 1 1 1 1 1 1 100 1 1 1 1 1 1 1 1 1 1 1 1 1 1 1 1 1 1 1 1 1 1 1 1 1 1 1 1 1 1 1 1 1 1 1 1 1 1 1 1 1 1 1 1 1 1 1 1 1 1 1 1 1 1 1 1 1 1 1 1 1 1 1 1 1 1 1 1 1 100 1 1 1 1 1 1 1 1 1 100 1 1 1 1 1 1 1 1 1 1 1 1 1 1 1 1 1 1 1 1 1 1 1 1 1 1 1 100 1 1 100 1 1 100 1 1 1 1
staticfield java/lang/invoke/MethodHandle FORM_OFFSET J 20
staticfield java/lang/invoke/MethodHandle UPDATE_OFFSET J 13
staticfield java/lang/invoke/MethodHandle $assertionsDisabled Z 1
instanceKlass java/lang/invoke/DirectMethodHandle$Special
instanceKlass java/lang/invoke/DirectMethodHandle$Interface
instanceKlass java/lang/invoke/DirectMethodHandle$Constructor
instanceKlass java/lang/invoke/DirectMethodHandle$Accessor
ciInstanceKlass java/lang/invoke/DirectMethodHandle 1 1 940 7 1 7 1 100 1 7 1 7 1 10 7 12 1 1 1 10 7 12 1 1 1 100 1 10 12 1 10 12 1 1 10 7 12 1 1 10 12 1 1 10 12 1 10 12 1 7 1 10 12 1 1 10 12 1 1 10 12 1 10 12 1 1 10 7 12 1 1 1 10 12 1 9 12 1 1 100 1 10 9 12 1 1 9 12 1 10 12 1 10 12 1 10 12 1 1 10 12 1 10 12 1 10 12 1 10 7 12 1 1 1 10 12 1 10 12 1 1 8 1 10 12 1 1 7 1 10 12 1 7 1 10 10 12 1 10 12 1 10 12 1 10 7 12 1 1 1 10 12 1 1 100 1 10 12 1 10 12 1 7 1 10 12 1 10 12 1 1 10 12 1 1 10 12 1 8 10 100 12 1 1 1 10 12 1 10 12 1 10 12 1 1 10 12 1 9 7 12 1 1 1 7 1 10 12 1 10 7 12 1 1 1 10 12 1 10 12 1 1 9 12 1 1 100 1 10 8 1 10 12 1 1 10 12 1 10 12 1 10 10 12 1 10 12 1 10 12 1 10 12 1 10 12 1 1 10 12 1 10 12 1 1 10 12 1 10 12 1 1 10 10 7 12 1 1 1 10 12 1 10 12 1 1 10 12 1 10 12 1 1 8 1 9 7 12 1 1 1 8 1 9 12 1 9 12 1 8 1 9 12 1 9 12 1 8 1 9 12 1 9 12 1 8 1 10 12 1 10 12 1 1 9 12 1 1 7 1 10 12 1 1 100 1 10 7 12 1 1 1 10 12 1 1 10 12 1 10 12 1 1 7 1 10 12 1 1 10 12 1 10 12 1 1 7 1 10 12 1 1 10 7 12 1 1 1 10 12 1 10 12 1 10 12 1 9 12 1 1 10 7 1 9 12 9 12 1 10 7 12 1 1 1 10 12 1 7 1 7 1 7 1 9 12 1 1 10 7 12 1 10 12 1 1 10 12 1 100 1 10 12 1 10 12 1 1 9 100 12 1 1 1 10 12 1 1 100 1 10 100 12 1 1 1 10 12 1 10 12 1 8 1 9 12 1 9 12 1 10 12 1 9 12 1 1 10 100 12 1 1 1 9 12 1 1 9 12 1 1 10 12 1 10 12 1 10 12 1 10 12 1 10 12 1 1 10 12 1 10 7 12 1 1 9 12 1 10 12 1 10 12 1 10 12 1 10 12 1 1 10 12 1 1 9 12 1 1 10 12 1 1 9 7 12 1 1 1 9 12 1 9 12 1 9 12 1 9 12 1 9 12 1 9 12 1 9 12 1 9 12 1 9 12 1 9 12 1 9 12 1 9 12 1 9 12 1 9 12 1 9 12 1 9 12 1 9 12 1 9 12 1 9 12 1 9 12 1 9 12 1 9 12 1 9 12 1 9 12 1 9 12 1 9 12 1 9 12 1 9 12 1 9 12 1 9 12 1 9 12 1 9 12 1 9 12 1 9 12 1 9 12 1 9 12 1 8 1 9 12 1 1 9 12 1 1 10 12 1 10 12 1 1 9 7 1 10 12 1 9 12 1 1 10 12 10 12 1 10 12 1 10 12 1 10 8 1 8 1 8 1 8 1 10 12 1 1 9 12 1 1 10 12 1 10 100 12 1 1 1 8 9 12 1 1 10 12 1 1 8 1 8 8 9 12 1 8 1 8 8 8 8 8 1 8 10 12 1 10 12 1 8 1 8 1 10 12 1 10 12 1 10 12 1 10 12 1 1 7 1 1 1 1 3 1 3 1 3 1 3 1 3 1 3 1 3 1 3 1 3 1 3 1 1 1 1 1 1 1 1 1 1 3 1 3 1 1 1 1 3 1 1 1 1 1 1 1 1 1 1 1 1 1 1 1 1 1 1 1 1 1 1 1 1 1 1 1 1 1 1 1 1 1 1 1 1 1 1 1 1 1 1 1 1 1 1 1 1 1 1 1 1 1 1 1 1 100 1 1 1 1 1 1 1 1 1 1 1 1 100 1 1 1 1 1 1 1 1 1 1 1 1 1 1 1 1 1 1 1 1 1 1 1 1 1 1 1 1 1 1 1 1 1 1 1 1 1 1 1 1 1 1 1 1 1 1 1 1 1 1 1
staticfield java/lang/invoke/DirectMethodHandle IMPL_NAMES Ljava/lang/invoke/MemberName$Factory; java/lang/invoke/MemberName$Factory
staticfield java/lang/invoke/DirectMethodHandle FT_UNCHECKED_REF I 8
staticfield java/lang/invoke/DirectMethodHandle ACCESSOR_FORMS [Ljava/lang/invoke/LambdaForm; 132 [Ljava/lang/invoke/LambdaForm;
staticfield java/lang/invoke/DirectMethodHandle ALL_WRAPPERS [Lsun/invoke/util/Wrapper; 10 [Lsun/invoke/util/Wrapper;
staticfield java/lang/invoke/DirectMethodHandle NFS [Ljava/lang/invoke/LambdaForm$NamedFunction; 12 [Ljava/lang/invoke/LambdaForm$NamedFunction;
staticfield java/lang/invoke/DirectMethodHandle OBJ_OBJ_TYPE Ljava/lang/invoke/MethodType; java/lang/invoke/MethodType
staticfield java/lang/invoke/DirectMethodHandle LONG_OBJ_TYPE Ljava/lang/invoke/MethodType; java/lang/invoke/MethodType
staticfield java/lang/invoke/DirectMethodHandle $assertionsDisabled Z 1
ciInstanceKlass java/lang/Void 1 1 31 10 100 12 1 1 1 8 1 10 7 12 1 1 1 9 7 12 1 1 1 1 1 1 1 1 1 1 1 1 1
staticfield java/lang/Void TYPE Ljava/lang/Class; java/lang/Class
ciInstanceKlass java/lang/invoke/LambdaForm 1 1 1052 100 1 9 7 12 1 1 1 10 7 12 1 1 1 10 7 12 1 1 9 12 1 1 9 12 1 1 10 12 1 1 100 1 10 9 12 1 10 12 1 1 9 12 1 10 7 12 1 1 1 9 12 1 9 12 1 9 12 1 1 9 12 1 10 12 1 1 7 1 10 12 1 10 100 12 1 1 1 10 100 12 1 1 1 10 12 1 10 12 1 1 9 100 12 1 1 1 10 12 1 1 9 12 1 10 12 1 1 10 12 1 10 12 1 1 10 12 1 1 10 100 12 1 1 1 7 1 10 10 12 1 1 8 1 10 12 1 10 12 1 10 12 1 1 7 1 10 7 12 1 1 1 10 12 1 1 10 12 1 10 12 1 1 9 12 1 1 9 12 1 9 12 1 1 10 12 1 9 12 1 10 100 12 1 1 1 10 12 1 1 10 12 1 9 12 1 1 10 100 12 1 1 1 10 12 1 10 12 1 10 12 1 10 12 1 10 12 1 10 12 1 1 10 12 1 10 12 1 1 8 1 10 12 1 10 12 1 8 1 8 1 9 12 1 9 12 1 9 12 1 1 10 12 1 1 10 12 1 9 12 1 10 12 1 1 10 7 12 1 1 1 10 12 1 1 10 12 1 10 12 1 10 12 1 1 9 12 1 10 12 1 8 1 8 1 8 1 8 1 8 1 8 1 8 1 8 1 10 12 1 9 12 1 7 1 10 12 1 1 9 12 1 10 12 1 10 12 1 1 10 12 10 12 1 10 12 1 1 10 12 1 1 10 10 12 1 1 10 12 1 1 7 1 8 1 10 12 1 1 10 12 1 10 12 1 1 10 8 1 10 12 1 1 8 1 8 1 8 1 10 12 1 9 12 1 1 10 12 1 1 10 12 1 1 100 1 10 12 1 1 10 12 1 10 7 12 1 1 1 10 12 1 1 9 12 1 1 8 1 10 100 12 1 1 1 10 7 12 1 1 10 12 10 10 12 1 1 9 12 1 8 10 12 1 1 100 1 10 12 1 1 10 12 1 9 7 12 1 1 9 12 1 1 8 1 10 100 12 1 1 10 12 1 1 100 1 100 1 10 10 12 1 1 10 12 1 1 8 1 8 1 100 1 8 1 10 12 10 12 1 10 12 1 10 12 1 1 8 1 8 1 9 100 12 1 1 1 10 12 1 10 12 1 1 8 1 8 1 8 1 100 1 8 1 100 1 8 1 100 1 8 1 10 12 1 8 1 9 10 7 12 1 1 1 10 12 1 9 12 1 1 10 12 1 10 10 12 1 10 12 1 10 12 1 10 12 1 1 10 12 1 10 12 1 1 10 12 1 1 10 12 1 1 8 1 100 10 12 1 10 12 1 9 12 1 1 10 7 12 1 1 8 1 8 1 100 1 8 1 8 1 8 1 8 1 8 1 8 1 8 1 8 1 10 12 1 1 10 12 1 1 10 12 1 10 12 1 8 1 8 1 8 1 10 12 1 8 1 10 12 1 8 1 8 1 8 1 8 1 8 1 10 12 1 10 12 1 10 12 1 1 10 7 12 1 1 1 10 12 1 10 12 1 10 12 1 10 12 1 10 12 1 10 12 1 10 12 1 9 12 1 1 8 1 10 12 1 1 9 12 1 1 10 12 1 1 9 12 1 9 12 1 1 9 12 1 9 12 1 1 7 1 10 7 12 1 1 1 9 12 1 10 12 1 10 12 1 8 1 10 12 1 9 12 1 1 7 1 10 7 12 1 1 1 8 1 100 1 10 12 1 9 12 1 9 12 1 10 12 1 10 12 1 10 7 12 1 1 1 10 12 1 9 7 12 1 1 10 12 1 1 10 12 1 10 12 1 9 12 10 12 1 10 10 12 1 9 9 12 1 7 9 12 1 1 10 12 1 1 9 12 1 10 12 1 10 7 1 9 1 1 1 1 3 1 3 1 3 1 1 1 1 1 1 1 1 1 1 1 1 1 1 1 1 1 1 1 1 1 1 1 1 1 1 1 1 1 1 1 1 1 1 1 1 1 1 1 1 1 1 1 1 1 1 1 1 1 1 1 1 1 1 1 1 100 1 1 1 1 1 1 1 1 1 1 1 1 1 1 1 1 1 1 1 1 1 1 1 1 1 1 1 1 1 1 1 1 1 1 1 1 1 1 1 1 1 1 1 1 1 1 1 1 1 1 1 1 1 1 1 1 1 1 1 100 1 1 1 1 1 1 1 1 1 1 1 1 1 1 1 1 1 1 1 1 1 1 1 1 1 1 1 1 1 1 1 1 1 1 100 1 1 1 1 1 1 1 1 1 1 1 1 1 1 1 1 1 1 1 1 1 1 100 1 1 1 100 1 1 100 1 1 1 1 1 1 1 1 1 1 1
staticfield java/lang/invoke/LambdaForm COMPILE_THRESHOLD I 0
staticfield java/lang/invoke/LambdaForm INTERNED_ARGUMENTS [[Ljava/lang/invoke/LambdaForm$Name; 5 [[Ljava/lang/invoke/LambdaForm$Name;
staticfield java/lang/invoke/LambdaForm IMPL_NAMES Ljava/lang/invoke/MemberName$Factory; java/lang/invoke/MemberName$Factory
staticfield java/lang/invoke/LambdaForm LF_identity [Ljava/lang/invoke/LambdaForm; 6 [Ljava/lang/invoke/LambdaForm;
staticfield java/lang/invoke/LambdaForm LF_zero [Ljava/lang/invoke/LambdaForm; 6 [Ljava/lang/invoke/LambdaForm;
staticfield java/lang/invoke/LambdaForm NF_identity [Ljava/lang/invoke/LambdaForm$NamedFunction; 6 [Ljava/lang/invoke/LambdaForm$NamedFunction;
staticfield java/lang/invoke/LambdaForm NF_zero [Ljava/lang/invoke/LambdaForm$NamedFunction; 6 [Ljava/lang/invoke/LambdaForm$NamedFunction;
staticfield java/lang/invoke/LambdaForm createFormsLock Ljava/lang/Object; java/lang/Object
staticfield java/lang/invoke/LambdaForm DEBUG_NAME_COUNTERS Ljava/util/HashMap; null
staticfield java/lang/invoke/LambdaForm DEBUG_NAMES Ljava/util/HashMap; null
staticfield java/lang/invoke/LambdaForm TRACE_INTERPRETER Z 0
staticfield java/lang/invoke/LambdaForm $assertionsDisabled Z 1
ciInstanceKlass java/lang/invoke/MethodHandleNatives 1 1 684 100 1 10 7 12 1 1 1 9 7 12 1 1 1 10 12 1 1 100 1 10 10 12 1 1 10 12 1 10 12 1 8 1 8 1 8 1 8 1 8 1 8 1 8 1 8 1 8 1 8 1 10 12 1 1 7 1 10 7 12 1 1 1 10 100 12 1 1 1 7 1 10 10 12 1 1 8 1 10 12 1 8 1 10 12 1 1 8 1 10 12 1 1 9 100 12 1 1 1 8 1 10 100 12 1 1 1 100 1 10 12 100 1 100 1 8 1 7 1 10 10 12 1 7 1 9 7 12 1 1 10 12 1 1 10 12 1 10 7 12 1 1 1 7 1 10 12 1 1 10 7 12 1 1 1 10 12 1 10 12 1 1 10 12 1 1 9 12 1 8 1 10 12 1 8 1 10 12 1 8 1 8 1 8 1 100 1 10 12 1 8 1 10 12 1 1 10 12 1 10 100 12 1 1 1 100 1 8 1 10 100 12 1 1 1 7 1 8 1 10 12 1 8 1 8 1 8 1 8 1 8 1 10 12 1 1 10 12 1 1 10 12 1 10 12 1 1 10 12 1 1 7 1 10 12 1 100 1 100 1 10 12 1 10 12 1 8 1 8 1 10 10 12 1 1 10 12 1 1 8 1 10 100 12 1 1 1 8 1 8 1 10 12 1 1 10 7 12 1 1 1 100 1 10 12 1 1 7 1 9 12 1 1 10 7 12 1 1 1 10 10 12 1 9 12 1 10 12 1 1 9 12 1 9 12 1 10 12 1 1 10 12 1 10 12 1 1 7 1 7 1 10 12 1 1 10 12 1 10 12 1 1 10 7 12 1 1 1 10 12 1 8 1 10 12 1 10 12 1 10 12 1 1 10 12 1 10 7 12 1 1 1 10 12 1 1 100 1 8 1 10 9 7 12 1 1 1 10 12 1 1 10 12 1 1 100 1 10 12 1 1 10 12 1 1 100 1 100 1 10 10 100 1 100 1 10 100 1 10 10 12 1 1 10 100 1 10 12 1 10 12 1 10 12 1 1 10 12 1 1 10 12 1 1 10 12 1 10 12 1 1 10 8 1 100 1 10 12 1 10 12 1 10 12 1 10 12 1 10 12 1 1 10 12 1 9 12 1 1 10 7 12 1 1 1 9 12 1 1 11 7 12 1 1 1 10 12 1 10 12 1 10 10 12 1 10 7 12 1 1 1 1 1 1 1 1 1 1 1 1 1 1 1 100 1 1 1 1 1 1 1 1 1 1 1 1 1 1 1 1 1 1 1 1 1 1 1 1 1 1 1 1 1 1 1 1 1 1 1 1 1 1 1 1 1 1 1 1 1 1 1 1 1 1 1 1 1 1 1 1 1 1 1 1 1 1 1 1 1 1 1 1 1 1 1 1 1 1 1 1 1 1 1 1 1 1 1 1 1 1 1 1 1 1 1 1 1 1 1 1 1 1 100 1 1 1 1 1 1 1 1 1 1 1 1 1 1 1 1 1 1 1 1 1 1 1 1 1 1 1 1 100 1 1 1 1 1 1 1 100 1 1 1
staticfield java/lang/invoke/MethodHandleNatives JLA Ljdk/internal/access/JavaLangAccess; java/lang/System$2
staticfield java/lang/invoke/MethodHandleNatives $assertionsDisabled Z 1
ciInstanceKlass java/util/Collections 1 1 852 10 7 12 1 1 1 11 7 12 1 1 1 7 1 11 12 1 1 7 1 10 12 1 1 10 12 1 11 12 1 1 100 1 11 12 1 1 11 12 1 1 10 12 1 11 100 12 1 1 11 12 1 1 11 12 1 10 12 1 10 12 1 10 12 11 100 12 1 1 1 10 12 1 1 11 12 1 11 12 1 1 9 12 1 1 100 1 10 10 12 1 1 10 12 1 1 11 12 1 1 10 12 1 11 12 1 100 1 8 1 10 12 1 11 7 12 1 1 1 11 7 1 11 12 1 1 10 12 1 1 10 12 1 10 12 1 1 10 12 1 11 12 1 1 10 12 1 1 10 12 1 1 10 12 1 1 10 12 1 1 7 1 10 12 1 7 1 10 12 1 100 1 10 12 1 100 1 10 12 1 7 1 7 1 10 12 10 7 1 10 12 1 100 1 10 12 1 100 1 10 12 1 100 1 10 10 12 1 7 1 10 10 12 1 100 1 10 100 1 10 7 1 10 100 1 10 10 12 1 10 7 1 10 100 1 10 100 1 10 100 1 10 12 1 10 100 12 1 1 1 100 1 100 1 10 12 1 100 1 10 12 1 100 1 10 12 1 100 1 10 12 1 100 1 10 12 1 100 1 10 100 1 10 12 1 100 1 10 12 1 100 1 10 12 1 9 7 12 1 1 1 9 100 12 1 1 9 7 12 1 1 1 9 12 1 1 9 12 1 1 9 12 1 1 9 12 1 1 9 12 1 1 7 1 10 12 7 1 10 100 1 10 7 1 10 7 1 10 12 1 100 1 100 1 10 8 1 10 12 1 1 10 12 1 10 12 1 1 10 7 1 10 12 1 9 100 12 1 1 1 9 100 12 1 1 1 100 1 9 12 1 1 10 12 7 1 10 100 1 10 11 100 12 1 1 11 12 1 10 12 1 7 1 11 11 12 1 11 7 1 10 100 1 10 100 12 1 1 1 100 1 10 12 1 7 1 10 7 1 10 7 1 10 1 1 1 3 1 3 1 3 1 3 1 3 1 3 1 3 1 3 1 1 1 1 1 1 1 1 1 1 1 1 1 1 1 1 1 1 1 1 1 1 1 1 1 1 1 1 1 1 1 1 1 1 1 1 1 1 1 1 1 1 1 1 1 1 1 1 1 1 1 1 1 1 1 1 1 1 1 1 1 1 1 1 1 1 1 1 1 1 1 1 1 1 1 1 1 1 1 1 1 1 1 1 1 1 1 1 1 1 1 1 1 1 1 1 1 1 1 1 1 1 1 1 1 1 1 1 1 1 1 1 1 1 1 1 1 1 1 1 1 1 1 1 1 1 1 1 1 1 1 1 1 1 1 1 1 1 1 1 1 1 1 1 1 1 1 1 1 1 1 1 1 1 1 1 1 1 1 1 1 1 1 1 1 1 1 1 1 1 1 1 1 1 1 1 1 1 1 1 1 1 1 1 1 1 1 1 1 1 1 1 1 1 1 1 1 1 1 1 1 1 1 1 1 1 1 1 1 1 1 1 1 1 1 1 1 1 1 1 1 1 1 1 1 1 1 1 1 1 1 1 1 1 1 1 1 1 1 1 1 1 1 1 1 1 1 1 1 1 1 1 1 1 1 1 1 1 1 1 1 1 1 1 1 1 1 1 1 1 1 1 1 1 1 1 1 1 1 1 1 1 1 1 1 1 1 1 1 1 1 1 1 1 1 1 1 1 1 1 1 1 1 1 1 1 1 1 1 1 1 100 1 100 1 100 1 100 1 100 1 100 1 100 1 100 1 100 1 100 1 100 1 100 1 100 1 1 1 1 1 1 1 1 1 1 1 1 1 1 1 1 1 1 1 1 1 1 1 1 1 1 1 1 1 1 1 1 1 1 1 1 1 1 1 100 1 1 1 1 1 1 1 1 1 1 1 1 1 1
staticfield java/util/Collections EMPTY_SET Ljava/util/Set; java/util/Collections$EmptySet
staticfield java/util/Collections EMPTY_LIST Ljava/util/List; java/util/Collections$EmptyList
staticfield java/util/Collections EMPTY_MAP Ljava/util/Map; java/util/Collections$EmptyMap
ciInstanceKlass jdk/internal/reflect/CallerSensitive 1 1 17 100 1 100 1 100 1 1 1 1 1 1 1 1 1 1 1
ciInstanceKlass jdk/internal/reflect/ConstantPool 1 1 142 10 100 12 1 1 1 9 7 12 1 1 1 10 12 1 1 10 12 1 1 10 12 1 10 12 1 1 10 12 1 1 10 12 1 10 12 1 1 10 12 1 10 12 1 1 10 12 1 10 12 1 10 12 1 10 12 1 1 10 12 1 1 10 12 1 1 10 12 1 1 10 12 1 10 12 1 1 10 100 12 1 1 1 8 11 7 12 1 1 1 10 7 12 1 1 1 1 1 1 1 1 1 1 1 1 1 1 1 1 1 1 1 1 1 1 1 1 1 1 1 1 1 1 1 1 1 1 1 1 1 1 1 1 1 1 1 1 1 1 1 1
instanceKlass jdk/internal/reflect/UnsafeStaticIntegerFieldAccessorImpl
instanceKlass jdk/internal/reflect/UnsafeQualifiedStaticFieldAccessorImpl
ciInstanceKlass jdk/internal/reflect/UnsafeStaticFieldAccessorImpl 1 1 47 10 7 12 1 1 1 9 7 12 1 1 1 10 7 12 1 1 1 9 12 1 1 8 11 7 12 1 1 1 10 7 12 1 1 1 1 1 1 1 1 1 1 1 1 1 1
instanceKlass jdk/internal/reflect/UnsafeFieldAccessorImpl
ciInstanceKlass jdk/internal/reflect/FieldAccessorImpl 1 1 59 10 7 12 1 1 1 100 1 100 1 1 1 1 1 1 1 1 1 100 1 1 1 1 1 1 1 1 1 1 1 1 1 1 1 1 1 1 1 100 1 1 1 1 1 1 1 1 1 1 1 1 1 1 1 1 1 1 1
instanceKlass jdk/internal/reflect/UnsafeStaticFieldAccessorImpl
ciInstanceKlass jdk/internal/reflect/UnsafeFieldAccessorImpl 1 1 254 10 7 12 1 1 1 9 7 12 1 1 1 10 7 12 1 1 1 10 7 12 1 1 1 9 12 1 1 10 7 12 1 1 1 9 12 1 1 10 12 1 10 12 1 9 12 1 10 12 1 1 10 100 12 1 1 10 100 12 1 1 1 10 12 1 1 100 1 10 10 12 1 1 10 12 1 1 8 1 10 10 12 1 100 1 8 1 10 12 1 8 1 10 12 1 8 1 10 12 1 100 1 10 12 1 1 10 8 1 10 12 1 1 8 1 10 100 12 1 1 8 1 10 100 12 1 1 8 1 10 100 12 1 1 8 1 10 100 12 1 1 8 1 10 100 12 1 1 8 1 10 100 12 1 1 8 1 10 100 12 1 1 8 1 10 100 12 1 1 10 12 1 1 8 1 8 1 8 1 8 1 8 1 8 1 10 100 12 1 1 1 8 1 8 1 8 1 10 12 10 12 1 1 1 1 1 1 1 1 1 1 1 1 1 1 1 1 1 1 1 1 1 1 1 1 1 1 1 1 1 1 1 1 1 1 1 1 1 1 1 1 1 1 1 1 1 1 1 1 1 1 1 1
staticfield jdk/internal/reflect/UnsafeFieldAccessorImpl unsafe Ljdk/internal/misc/Unsafe; jdk/internal/misc/Unsafe
ciInstanceKlass jdk/internal/reflect/NativeConstructorAccessorImpl 1 1 126 10 7 12 1 1 1 9 7 12 1 1 1 9 12 1 1 10 7 12 1 1 1 10 7 12 1 1 1 10 7 12 1 1 1 9 12 1 9 12 1 1 9 12 1 1 10 7 12 1 1 1 7 1 10 10 12 1 1 10 12 1 10 12 1 10 12 1 1 9 12 1 1 10 7 12 1 1 1 100 1 10 12 1 1 10 12 1 1 8 10 12 1 1 1 1 1 1 1 1 1 1 1 1 1 1 1 1 1 1 1 1 1 1 100 1 100 1 100 1 1 1 1 1 1 1
staticfield jdk/internal/reflect/NativeConstructorAccessorImpl U Ljdk/internal/misc/Unsafe; jdk/internal/misc/Unsafe
staticfield jdk/internal/reflect/NativeConstructorAccessorImpl GENERATED_OFFSET J 16
ciInstanceKlass java/lang/invoke/ConstantCallSite 1 1 65 10 7 12 1 1 1 9 7 12 1 1 1 9 12 1 1 10 7 12 1 1 1 10 12 1 100 1 10 12 9 12 1 1 100 1 10 10 12 1 1 10 12 1 1 1 1 1 1 1 1 1 1 1 1 1 100 1 1 1 1 1 1 1 1
staticfield java/lang/invoke/ConstantCallSite UNSAFE Ljdk/internal/misc/Unsafe; jdk/internal/misc/Unsafe
ciInstanceKlass java/lang/invoke/MutableCallSite 0 0 63 10 100 12 1 1 1 10 12 1 9 100 12 1 1 1 10 12 1 10 12 1 1 9 12 1 1 10 100 12 1 1 1 10 100 12 1 1 1 10 12 1 1 1 1 1 1 1 1 1 1 1 1 1 1 1 1 1 1 100 1 1 1
instanceKlass java/lang/invoke/VarHandleReferences$Array
instanceKlass java/lang/invoke/VarHandleInts$FieldInstanceReadOnly
instanceKlass java/lang/invoke/VarHandleReferences$FieldInstanceReadOnly
ciInstanceKlass java/lang/invoke/VarHandle 1 1 390 10 7 12 1 1 1 10 7 12 1 1 9 12 1 1 9 12 1 1 100 1 10 8 1 10 12 1 1 10 7 12 1 1 1 10 12 1 1 10 100 12 1 1 1 9 100 12 1 1 1 10 12 1 1 10 100 12 1 1 1 10 12 1 1 9 12 1 10 12 1 9 12 1 1 10 100 12 1 1 10 12 1 9 100 12 1 1 1 9 12 1 1 10 12 1 1 100 1 100 1 10 8 1 10 12 1 1 10 12 1 8 1 10 12 1 10 12 1 10 12 1 1 9 100 12 1 1 1 10 12 1 10 12 1 1 10 12 1 10 10 100 12 1 1 1 10 12 1 1 10 12 1 1 10 100 12 1 1 1 10 100 12 1 1 1 10 100 12 1 1 1 9 12 1 1 10 9 12 1 1 10 12 1 10 12 1 10 12 1 1 10 12 1 10 100 12 1 1 1 9 12 1 1 10 12 1 1 9 12 1 10 12 1 10 12 1 10 100 12 1 1 100 1 10 9 7 12 1 1 1 9 12 1 1 10 7 12 1 1 1 10 12 1 10 12 1 10 12 1 10 12 1 10 12 1 10 12 1 1 7 1 10 10 7 12 1 1 1 9 12 1 1 8 10 12 1 1 7 1 10 12 1 1 100 1 1 1 1 1 1 1 1 1 1 1 1 1 1 1 1 1 1 1 1 1 1 1 1 1 1 1 1 1 1 1 1 1 1 1 1 1 1 1 1 1 1 1 1 1 1 1 1 1 1 1 1 1 1 1 1 1 1 1 1 1 1 1 1 1 1 1 1 1 1 1 1 1 1 1 1 1 1 1 1 1 1 1 1 1 1 1 1 1 100 1 100 1 100 1 1 1 1 1 1 1 100 1 1 1
staticfield java/lang/invoke/VarHandle AIOOBE_SUPPLIER Ljava/util/function/BiFunction; jdk/internal/util/Preconditions$1
staticfield java/lang/invoke/VarHandle VFORM_OFFSET J 16
staticfield java/lang/invoke/VarHandle $assertionsDisabled Z 1
ciInstanceKlass java/lang/invoke/MemberName 1 1 757 7 1 7 1 100 1 9 12 1 1 10 7 12 1 1 1 9 12 1 1 10 12 1 1 10 12 1 1 10 12 1 1 10 12 1 10 12 1 1 10 7 12 1 1 1 10 12 1 9 100 12 1 1 10 12 1 100 1 100 1 10 12 1 8 1 10 12 1 1 10 12 1 10 12 1 1 10 12 1 9 12 1 1 8 1 10 100 12 1 1 1 7 1 10 10 12 1 1 100 1 100 1 10 12 1 1 9 12 1 1 100 1 8 1 10 12 1 10 12 1 10 12 1 10 12 1 10 12 1 1 10 12 1 10 12 1 10 12 1 1 10 12 1 1 10 12 1 8 1 8 1 8 1 10 100 12 1 1 1 10 12 1 9 12 1 1 3 10 12 1 10 12 1 10 12 1 10 10 7 12 1 1 1 10 12 1 10 12 1 10 12 1 10 12 1 7 1 8 10 12 1 1 10 12 1 1 8 1 9 100 1 8 9 100 1 10 12 1 1 10 12 1 10 12 1 8 1 10 12 1 1 10 12 1 10 12 1 10 12 1 10 12 1 1 100 1 10 12 1 1 10 12 1 8 1 10 12 1 10 12 1 8 1 10 12 1 1 10 12 1 1 100 1 10 12 1 1 10 12 8 1 8 1 100 1 10 12 1 10 100 12 1 1 1 100 1 10 12 10 12 1 10 12 1 10 12 1 10 12 1 10 10 12 1 10 12 1 10 12 1 3 10 12 1 3 10 12 1 3 3 3 3 3 3 3 100 1 10 12 1 10 7 12 1 1 1 10 12 1 3 9 12 1 10 12 1 1 3 10 12 1 10 10 7 12 1 1 1 10 12 1 1 10 100 1 10 10 12 1 10 12 1 10 12 1 10 10 12 1 1 10 12 1 10 12 1 10 12 1 100 1 10 10 10 12 100 1 10 10 10 12 1 1 10 12 1 1 10 10 12 1 8 10 100 1 10 12 1 10 100 1 10 12 1 10 12 1 10 12 1 10 10 12 1 10 12 1 1 10 12 1 1 10 12 1 10 12 1 10 12 1 100 1 10 12 1 1 100 1 8 1 10 7 1 10 12 1 10 12 10 12 1 1 10 12 1 10 12 1 8 1 8 1 8 1 8 1 10 12 1 10 12 1 10 12 1 1 8 1 8 1 10 12 1 8 1 10 10 12 1 10 12 1 8 1 8 1 10 10 12 1 8 1 10 100 12 1 1 1 8 1 10 12 1 10 12 1 1 10 12 1 8 1 8 1 8 1 8 1 100 1 10 8 1 8 1 8 1 8 1 10 12 1 100 1 100 1 100 1 10 100 1 10 100 1 10 100 12 1 1 1 9 7 12 1 1 1 100 1 100 1 1 1 1 1 1 1 3 1 3 1 3 1 3 1 3 1 3 1 1 1 1 1 1 1 1 3 1 3 1 1 1 1 3 1 1 1 1 1 1 1 1 1 1 1 1 1 1 1 1 1 1 1 1 1 1 1 1 1 1 1 1 1 1 1 1 1 1 1 1 1 1 1 1 1 1 1 1 1 1 1 1 1 1 1 1 1 1 1 1 1 1 1 1 1 1 1 1 1 1 1 1 1 1 1 1 1 1 1 1 1 1 1 1 1 1 1 1 1 1 1 1 1 1 1 1 1 1 1 1 1 1 1 1 1 1 1 1 1 1 100 1 1 1 1 1 1 1 1 1 1 1 1 1 1 1
staticfield java/lang/invoke/MemberName $assertionsDisabled Z 1
ciInstanceKlass java/lang/invoke/ResolvedMethodName 1 1 16 10 100 12 1 1 1 100 1 1 1 1 1 1 1 1
ciInstanceKlass java/lang/StackWalker 0 0 235 9 100 12 1 1 1 10 100 12 1 1 1 100 1 10 100 12 1 1 1 10 12 1 1 11 100 12 1 1 1 10 12 1 1 10 12 1 1 10 12 1 1 100 1 8 1 10 12 1 10 12 1 10 12 1 10 100 12 1 1 9 12 1 1 9 12 1 1 9 12 1 1 9 12 1 1 10 12 1 1 9 12 1 1 10 100 12 1 1 1 11 12 1 1 100 1 8 1 10 10 100 12 1 1 9 12 1 1 10 12 1 1 10 100 12 1 1 1 10 100 12 1 1 1 18 12 1 1 100 1 8 1 10 10 12 1 1 10 100 12 1 1 1 9 100 12 1 1 11 100 12 1 1 1 10 12 1 1 1 1 1 1 1 1 1 1 1 1 1 1 1 1 1 1 1 1 1 1 1 1 1 1 1 1 1 1 1 1 1 1 1 1 1 1 1 1 1 1 1 1 1 1 1 1 1 1 1 100 1 1 15 10 100 12 1 1 1 16 15 10 12 16 1 1 1 1 1 1 1 100 1 100 1 1
ciInstanceKlass java/lang/StackStreamFactory$AbstractStackWalker 1 0 306 100 1 100 1 3 10 100 12 1 1 1 10 100 12 1 1 10 100 12 1 1 1 9 12 1 1 10 12 1 1 9 12 1 1 9 12 1 1 9 12 1 1 9 12 1 9 100 12 1 1 1 10 100 12 1 1 1 10 12 1 1 9 12 1 1 10 100 12 1 1 1 10 12 1 1 9 12 1 1 9 100 12 1 1 1 100 1 10 8 1 10 12 1 1 10 12 1 8 1 10 12 1 1 10 100 12 1 1 1 100 1 8 1 10 12 1 8 1 10 12 9 100 12 1 1 1 10 100 12 1 1 9 12 1 8 1 5 0 8 1 8 1 9 12 1 1 10 12 1 1 10 12 1 1 10 12 1 9 12 1 10 12 1 10 12 1 10 12 1 10 12 1 1 10 12 1 10 12 1 1 8 1 10 12 1 10 12 1 10 12 1 10 12 1 1 8 1 10 12 1 1 10 12 1 1 10 12 1 1 10 12 1 10 12 1 10 100 12 1 1 1 9 12 1 8 1 10 12 1 10 12 1 10 12 1 10 12 1 10 12 1 10 12 1 10 12 1 1 10 12 1 1 10 12 1 1 10 12 1 8 1 1 1 1 1 1 1 1 1 1 1 1 1 1 1 1 1 1 100 1 1 1 1 100 1 1 1 1 1 1 1 1 1 1 1 1 1 1 1 1 1 1 1 1 1
ciInstanceKlass jdk/internal/module/Modules 1 1 504 10 100 12 1 1 1 9 7 12 1 1 1 11 7 12 1 1 1 11 12 1 1 11 12 1 1 11 12 1 1 11 12 1 11 12 1 11 12 1 11 12 1 11 12 1 1 10 100 12 1 1 1 10 100 12 1 1 1 18 12 1 1 10 100 12 1 1 1 100 1 10 100 12 1 1 1 10 100 12 1 1 1 10 100 12 1 1 10 12 1 1 11 12 1 9 12 1 1 11 100 12 1 1 1 10 12 1 1 10 10 12 1 10 9 12 1 1 10 100 12 1 1 10 12 1 1 10 100 12 1 1 100 1 11 100 12 1 1 1 10 100 12 1 1 1 11 100 12 1 1 10 12 1 1 10 100 12 1 1 10 100 12 1 1 1 10 12 1 1 10 12 1 1 11 12 1 1 18 12 1 1 11 100 12 1 1 10 100 12 1 1 1 11 100 12 1 1 1 100 1 11 12 1 1 11 100 12 1 1 1 11 12 1 1 10 12 1 1 10 100 12 1 1 18 12 1 1 11 12 1 1 18 12 1 1 11 12 1 1 10 12 1 18 18 10 12 1 1 9 12 1 1 11 100 12 1 1 1 100 1 10 11 12 1 11 12 1 1 11 12 1 1 10 100 1 10 12 1 1 10 100 12 1 1 10 12 1 1 11 12 10 12 1 1 100 1 10 18 12 1 10 12 1 1 100 1 8 1 10 12 1 10 100 12 1 1 18 12 1 11 11 12 10 12 1 10 10 100 1 18 12 1 10 10 10 7 12 1 1 10 7 12 1 1 1 10 12 1 1 1 1 1 1 1 1 1 1 1 1 1 1 1 1 1 1 1 1 1 1 1 1 1 1 1 1 1 1 1 1 1 100 1 1 1 1 1 1 1 1 1 1 1 1 1 1 1 1 1 1 1 1 1 1 1 1 1 1 1 1 1 1 1 1 1 1 1 100 1 1 1 1 1 1 1 1 1 1 1 1 1 1 1 1 1 1 1 1 1 1 1 15 10 100 12 1 1 1 16 15 10 12 1 16 16 15 10 12 1 16 1 16 1 15 10 12 1 16 1 16 1 15 10 12 16 1 15 10 16 1 15 10 12 16 1 15 10 12 16 15 10 12 16 15 10 12 1 1 1 100 1 100 1 1
staticfield jdk/internal/module/Modules JLA Ljdk/internal/access/JavaLangAccess; java/lang/System$2
staticfield jdk/internal/module/Modules JLMA Ljdk/internal/access/JavaLangModuleAccess; java/lang/module/ModuleDescriptor$1
staticfield jdk/internal/module/Modules $assertionsDisabled Z 1
ciInstanceKlass java/util/LinkedHashSet 1 1 70 10 7 12 1 1 1 4 11 7 12 1 1 1 10 7 12 1 1 1 10 7 12 1 1 1 100 1 10 100 12 1 1 1 100 1 100 1 100 1 1 1 1 5 0 1 1 1 1 1 1 1 1 1 1 1 1 1 1 1 1 1 1 1 1 1 1 1 1 1
ciInstanceKlass java/util/Collections$SingletonSet 1 1 89 10 7 12 1 1 1 9 7 12 1 1 1 10 7 12 1 1 1 10 12 1 1 11 100 12 1 1 1 10 12 1 1 100 1 10 10 7 12 1 1 1 100 1 1 1 1 5 0 1 1 1 1 1 1 1 1 1 1 1 1 1 1 1 1 1 1 1 1 1 1 1 1 1 1 1 1 1 1 1 1 1 1 1 1 1 1 1 1
ciInstanceKlass java/util/HashMap$EntrySet 1 1 133 9 7 12 1 1 1 10 7 12 1 1 1 9 7 12 1 1 1 10 12 1 7 1 10 12 1 100 1 11 12 1 1 10 12 1 1 10 100 12 1 1 1 11 12 1 10 12 1 1 10 12 1 1 7 1 10 12 1 100 1 10 9 12 1 1 9 12 1 11 100 12 1 1 1 9 12 1 1 100 1 10 1 1 1 1 1 1 1 1 1 1 1 1 1 1 1 1 1 1 1 1 1 1 100 1 1 1 1 1 1 1 1 1 1 1 1 1 1 100 1 1 1 1 1 1 1 1 100 1 1 1 1
ciInstanceKlass jdk/internal/module/ModuleReferenceImpl 1 1 163 10 7 12 1 1 1 7 1 10 7 12 1 1 1 9 7 12 1 1 1 9 12 1 1 9 12 1 1 9 12 1 1 9 12 1 1 9 12 1 1 9 12 1 1 11 7 12 1 1 1 7 1 100 1 10 12 1 1 9 12 1 1 11 100 12 1 1 1 9 12 1 1 10 12 1 1 10 7 12 1 1 1 10 12 1 10 12 1 1 100 1 10 12 1 8 1 10 12 1 1 10 12 1 1 8 1 10 12 1 10 12 1 1 8 1 8 1 10 12 1 1 1 1 1 1 1 1 1 1 1 1 1 1 1 1 1 1 100 1 1 1 1 1 1 1 1 1 1 100 1 1 1 1 1 1 1 1 1 1 100 1 1
instanceKlass java/util/concurrent/ConcurrentHashMap$ForwardingNode
instanceKlass java/util/concurrent/ConcurrentHashMap$ReservationNode
ciInstanceKlass java/util/concurrent/ConcurrentHashMap$Node 1 1 97 10 7 12 1 1 1 9 7 12 1 1 1 9 12 1 1 9 12 1 10 12 1 9 12 1 1 10 12 1 1 10 100 12 1 1 1 100 1 10 100 1 11 12 1 1 11 12 1 10 12 1 1 1 1 1 1 1 1 1 1 1 1 1 1 1 1 1 1 1 1 1 1 1 1 1 1 1 1 1 1 1 1 1 1 1 1 1 1 1 100 1 1 1 100 1 1
ciInstanceKlass java/util/concurrent/ConcurrentHashMap$ForwardingNode 1 1 71 100 1 10 7 12 1 1 1 9 7 12 1 1 1 10 12 1 1 9 12 1 1 9 12 1 1 10 100 12 1 1 1 10 12 1 1 9 12 1 1 1 1 1 1 1 1 1 1 1 1 1 1 1 1 1 1 1 1 1 1 1 100 1 1 1 1 1 1 1 1
ciMethod java/util/concurrent/ConcurrentHashMap$Node find (ILjava/lang/Object;)Ljava/util/concurrent/ConcurrentHashMap$Node; 0 0 1 0 -1
instanceKlass java/util/ArrayList$ListItr
ciInstanceKlass java/util/ArrayList$Itr 1 1 103 9 7 12 1 1 1 10 7 12 1 1 1 9 12 1 1 9 7 12 1 1 9 12 1 9 12 1 9 12 1 10 12 1 100 1 10 9 12 1 1 100 1 10 100 1 10 10 12 1 1 100 1 10 100 12 1 1 1 10 12 1 1 11 100 12 1 1 1 100 1 1 1 1 1 1 1 1 1 1 1 1 1 1 1 100 1 1 1 1 1 1 1 1 1 1 1 1 1 1 1 1 1
ciInstanceKlass java/lang/ref/ReferenceQueue$Null 1 1 28 10 7 12 1 1 1 100 1 1 1 1 1 1 1 1 1 1 1 1 1 1 1 1 1 1 1 1
ciInstanceKlass java/util/Collections$1 1 1 67 9 7 12 1 1 1 10 7 12 1 1 1 9 12 1 1 100 1 10 100 1 10 10 100 12 1 1 1 11 100 12 1 1 1 100 1 1 1 1 1 1 1 1 1 1 1 1 1 1 1 1 1 1 1 1 1 1 1 1 100 1 12 1 1 1 1
ciMethod java/util/Collections singletonList (Ljava/lang/Object;)Ljava/util/List; 484 0 25950 0 0
ciMethod java/util/AbstractList <init> ()V 40 0 344298 0 64
ciMethod java/util/List get (I)Ljava/lang/Object; 0 0 1 0 -1
ciMethod java/util/List isEmpty ()Z 0 0 1 0 -1
ciMethod java/util/List size ()I 0 0 1 0 -1
ciMethod java/util/List iterator ()Ljava/util/Iterator; 0 0 1 0 -1
ciMethod java/util/Collection toArray ([Ljava/lang/Object;)[Ljava/lang/Object; 0 0 1 0 -1
ciMethod java/util/Collection size ()I 0 0 1 0 -1
ciMethod java/util/Collection add (Ljava/lang/Object;)Z 0 0 1 0 -1
ciMethod java/lang/Iterable iterator ()Ljava/util/Iterator; 0 0 1 0 -1
ciMethod java/lang/ref/Reference <init> (Ljava/lang/Object;)V 146 0 6317 0 0
ciMethod java/lang/ref/Reference <init> (Ljava/lang/Object;Ljava/lang/ref/ReferenceQueue;)V 512 0 22320 0 512
ciMethod java/lang/Number intValue ()I 0 0 1 0 -1
ciMethod java/util/Arrays copyOf ([Ljava/lang/Object;I)[Ljava/lang/Object; 124 0 21144 0 -1
ciMethod java/util/Map get (Ljava/lang/Object;)Ljava/lang/Object; 0 0 1 0 -1
ciMethod jdk/internal/misc/Unsafe getReferenceAcquire (Ljava/lang/Object;J)Ljava/lang/Object; 572 0 5729 0 -1
ciMethod java/lang/String equals (Ljava/lang/Object;)Z 586 0 5417 0 416
ciMethod java/lang/String hashCode ()I 1024 0 5672 0 448
ciMethod java/lang/String isLatin1 ()Z 994 0 1294504 0 96
ciMethod java/util/concurrent/ConcurrentHashMap putIfAbsent (Ljava/lang/Object;Ljava/lang/Object;)Ljava/lang/Object; 1024 0 14697 0 -1
ciMethod java/util/concurrent/ConcurrentHashMap get (Ljava/lang/Object;)Ljava/lang/Object; 512 32 10541 0 1120
ciMethod java/util/concurrent/ConcurrentHashMap spread (I)I 558 0 25010 0 96
ciMethod java/util/concurrent/ConcurrentHashMap tabAt ([Ljava/util/concurrent/ConcurrentHashMap$Node;I)Ljava/util/concurrent/ConcurrentHashMap$Node; 520 0 5729 0 64
ciMethod java/util/ArrayList addAll (Ljava/util/Collection;)Z 0 0 17118 0 -1
ciMethod java/util/ArrayList isEmpty ()Z 516 0 41931 0 96
ciMethod java/util/ArrayList add (Ljava/lang/Object;)Z 344 0 170919 0 -1
ciMethod java/util/ArrayList <init> ()V 22 0 199841 0 -1
ciMethod java/util/ArrayList <init> (I)V 774 0 5573 0 -1
ciMethod java/util/Iterator hasNext ()Z 0 0 1 0 -1
ciMethod java/util/Iterator next ()Ljava/lang/Object; 0 0 1 0 -1
ciMethod java/lang/Class initClassName ()Ljava/lang/String; 258 0 129 0 -1
ciMethod java/lang/Class getName ()Ljava/lang/String; 512 0 28670 0 96
ciMethod java/lang/Object <init> ()V 1024 0 3132727 0 128
ciInstanceKlass kotlin/jvm/internal/Intrinsics 1 1 278 10 7 10 10 10 10 10 10 100 10 10 10 100 10 10 100 10 8 8 10 100 10 10 100 10 10 100 10 10 8 8 8 8 10 10 10 10 10 100 10 10 10 10 8 8 10 10 10 8 10 100 10 10 10 10 100 8 8 10 8 10 10 10 100 10 7 100 1 1 1 1 1 1 1 1 1 1 1 1 1 1 1 1 1 1 1 1 1 1 1 1 1 1 1 1 1 1 1 1 1 1 1 1 1 1 1 1 1 1 1 1 1 1 1 1 1 1 1 1 1 1 1 1 1 1 100 1 1 1 1 1 1 1 1 1 1 1 1 1 1 1 1 1 1 1 1 1 1 1 1 1 1 1 1 1 1 1 1 1 100 1 1 1 1 1 1 1 1 1 1 1 1 1 1 1 1 1 100 1 1 1 12 1 12 12 12 12 12 1 12 12 1 1 1 1 12 1 12 1 1 1 1 1 1 12 12 12 100 12 12 1 100 12 100 12 100 12 12 1 1 100 12 100 12 1 12 1 12 12 12 1 1 1 12 1 12 100 100 12 12 1 1 1 1 1 1 1 1 1 1 1 1 1 1 1 1 1 1 1 1 1 1 1 1 1 1 1 1 1 1 1 1 1 1 1 1 1
ciInstanceKlass kotlin/jvm/functions/Function1 1 0 32 1 100 1 1 100 1 100 1 1 1 1 1 3 3 3 1 1 3 1 1 1 1 1 1 1 1 1 1 1 1 1
ciInstanceKlass kotlin/NoWhenBranchMatchedException 0 0 47 1 100 1 100 1 1 12 10 1 1 1 1 12 10 1 1 1 12 10 1 1 1 12 10 1 1 3 3 3 1 1 3 1 1 1 1 1 1 1 1 1 1 1 1 1 1
ciInstanceKlass kotlin/reflect/KClass 1 0 113 1 100 1 1 100 1 100 1 100 1 100 1 1 1 1 1 1 1 1 1 1 1 1 1 1 1 1 1 1 1 1 1 1 1 1 1 1 1 1 1 1 1 1 1 1 1 1 1 1 1 1 1 1 1 1 3 3 3 1 1 3 1 1 1 1 1 1 1 1 1 1 1 1 1 1 1 1 1 1 1 1 1 1 1 1 1 1 1 1 1 1 1 1 1 1 1 1 1 1 1 1 1 1 100 1 1 1 1 1 1 1 1
ciInstanceKlass kotlin/jvm/functions/Function0 1 0 30 1 100 1 1 100 1 100 1 1 1 1 1 3 3 3 1 1 3 1 1 1 1 1 1 1 1 1 1 1
ciInstanceKlass kotlin/jvm/internal/Reflection 1 1 234 10 9 10 10 8 10 10 10 9 7 10 10 10 10 10 10 10 10 10 10 10 10 10 100 10 10 10 10 10 10 10 8 10 10 7 100 100 100 100 10 7 100 1 1 1 1 1 8 1 1 1 1 1 1 1 1 1 1 1 1 1 1 1 1 1 1 1 1 1 1 1 1 1 1 1 1 1 1 1 1 1 100 1 1 1 1 1 1 1 1 1 1 1 1 1 1 1 1 1 1 1 1 1 1 1 1 1 1 1 1 1 1 1 1 1 1 1 1 1 1 1 1 1 1 1 1 1 1 1 1 1 1 1 1 1 1 1 1 1 1 1 1 1 1 1 1 1 1 1 1 1 1 1 1 1 1 1 1 1 1 1 1 1 1 100 100 100 100 100 1 1 12 12 12 12 1 12 12 12 12 1 12 12 12 12 12 12 12 12 12 100 12 12 12 1 100 12 100 12 12 12 12 12 12 1 7 12 12 1 1 1 1 1 1 1 1 1 1 1 1 1 1 1 1 1 1 1 1 1 1 1 1 1
staticfield kotlin/jvm/internal/Reflection factory Lkotlin/jvm/internal/ReflectionFactory; kotlin/reflect/jvm/internal/ReflectionFactoryImpl
staticfield kotlin/jvm/internal/Reflection EMPTY_K_CLASS_ARRAY [Lkotlin/reflect/KClass; 0 [Lkotlin/reflect/KClass;
instanceKlass kotlin/reflect/jvm/internal/ReflectionFactoryImpl
ciInstanceKlass kotlin/jvm/internal/ReflectionFactory 1 1 180 10 100 10 100 10 10 10 10 10 100 8 10 10 10 100 10 100 10 10 11 11 10 10 10 7 1 1 1 1 1 1 1 1 1 1 1 1 1 1 1 1 1 1 1 1 1 1 1 1 1 1 1 1 1 1 1 1 100 1 1 1 1 1 1 1 1 1 1 1 1 1 1 1 1 1 1 1 1 1 1 1 1 1 1 1 1 1 1 1 1 1 1 1 1 1 1 1 1 1 1 1 1 1 1 1 1 1 1 1 1 1 1 1 1 1 1 1 1 1 1 1 1 1 12 1 12 1 12 12 12 100 12 12 1 1 100 12 12 12 1 12 1 12 12 100 12 12 12 12 12 1 1 1 1 1 1 1 1 1 1 1 1 1 1 1 1 1 1 1 1 1 1 1 1 1 1 1 1 1
ciInstanceKlass kotlin/reflect/jvm/internal/ReflectionFactoryImpl 1 1 324 8 8 8 100 100 100 100 100 100 100 7 100 100 100 7 100 100 7 100 7 100 100 100 100 100 100 100 7 100 7 100 100 7 100 7 100 7 100 100 7 100 100 100 9 9 10 10 10 10 10 10 10 10 10 10 10 10 10 10 10 10 10 10 10 10 10 10 10 10 10 10 10 10 10 10 10 10 10 10 10 10 10 10 10 10 10 10 10 10 10 10 10 10 10 10 10 11 11 11 11 11 11 12 12 12 12 12 12 12 12 12 12 12 12 12 12 12 12 12 12 12 12 12 12 12 12 12 12 12 12 12 12 12 12 12 12 1 1 1 1 1 1 1 1 1 1 1 1 1 1 1 1 1 1 1 1 1 1 1 1 1 1 1 1 1 1 1 1 1 1 1 1 1 1 1 1 1 1 1 1 1 1 1 1 1 1 1 1 1 1 1 1 1 1 1 1 1 1 1 1 1 1 1 1 1 1 1 1 1 1 1 1 1 1 1 1 1 1 1 1 1 1 1 1 1 1 1 1 1 1 1 1 1 1 1 1 1 1 1 1 1 1 1 1 1 1 1 1 1 1 1 1 1 1 1 1 1 1 1 1 1 1 1 1 1 1 1 1 1 1 1 1 1 1 1 1 1 1 1 1 1 1 1 1 1 1 1 1 1 1 1 1 1 1 1 1 1 1 1 1 1 1 1 1 1 1 1 1 1 1 1 1 1 1 1 1 1 1 1 1 1 1 1
ciInstanceKlass kotlin/reflect/KProperty 1 0 51 1 100 1 1 100 1 100 1 1 1 1 1 1 1 1 1 3 3 3 1 1 3 1 1 1 1 1 1 1 1 1 1 1 1 1 1 1 1 100 1 100 1 100 1 1 1 1 1 1 1
instanceKlass kotlin/reflect/jvm/internal/KPackageImpl
instanceKlass kotlin/reflect/jvm/internal/KClassImpl
instanceKlass kotlin/reflect/jvm/internal/EmptyContainerForLocal
ciInstanceKlass kotlin/reflect/jvm/internal/KDeclarationContainerImpl 1 1 699 3 3 3 3 8 8 8 8 8 8 8 8 8 8 8 8 8 8 8 8 8 8 8 8 8 8 8 8 8 8 8 8 8 8 8 7 100 7 100 7 100 7 7 100 100 100 7 100 100 100 7 100 7 100 7 100 7 7 7 7 100 7 100 7 100 100 7 7 100 100 100 7 100 100 7 7 7 100 7 100 100 100 7 100 100 100 7 7 7 7 100 100 100 7 100 100 7 7 100 100 7 7 9 9 9 9 9 9 9 9 9 9 9 9 9 9 9 9 9 9 10 10 10 10 10 10 10 10 10 10 10 10 10 10 10 10 10 10 10 10 10 10 10 10 10 10 10 10 10 10 10 10 10 10 10 10 10 10 10 10 10 10 10 10 10 10 10 10 10 10 10 10 10 10 10 10 10 10 10 10 10 10 10 10 10 10 10 10 10 10 10 11 11 11 11 11 11 11 11 11 11 11 11 11 11 11 11 11 11 11 12 12 12 12 12 12 12 12 12 12 12 12 12 12 12 12 12 12 12 12 12 12 12 12 12 12 12 12 12 12 12 12 12 12 12 12 12 12 12 12 12 12 12 12 12 12 12 12 12 12 12 12 12 12 12 12 12 12 12 12 12 12 12 12 12 12 12 12 12 12 12 12 12 12 12 12 12 12 12 12 12 12 12 12 12 12 12 12 12 1 1 1 1 1 1 1 1 1 1 1 1 1 1 1 1 1 1 1 1 1 1 1 1 1 1 1 1 1 1 1 1 1 1 1 1 1 1 1 1 1 1 1 1 1 1 1 1 1 1 1 1 1 1 1 1 1 1 1 1 1 1 1 1 1 1 1 1 1 1 1 1 1 1 1 1 1 1 1 1 1 1 1 1 1 1 1 1 1 1 1 1 1 1 1 1 1 1 1 1 1 1 1 1 1 1 1 1 1 1 1 1 1 1 1 1 1 1 1 1 1 1 1 1 1 1 1 1 1 1 1 1 1 1 1 1 1 1 1 1 1 1 1 1 1 1 1 1 1 1 1 1 1 1 1 1 1 1 1 1 1 1 1 1 1 1 1 1 1 1 1 1 1 1 1 1 1 1 1 1 1 1 1 1 1 1 1 1 1 1 1 1 1 1 1 1 1 1 1 1 1 1 1 1 1 1 1 1 1 1 1 1 1 1 1 1 1 1 1 1 1 1 1 1 1 1 1 1 1 1 1 1 1 1 1 1 1 1 1 1 1 1 1 1 1 1 1 1 1 1 1 1 1 1 1 1 1 1 1 1 1 1 1 1 1 1 1 1 1 1 1 1 1 1 1 1 1 1 1 1 1 1 1 1 1 1 1 1 1 1 1 1 1 1 1 1 1 1 1 1 1 1 1 1 1 1 1 1 1 1 1 1 1 1 1 1 1 1 1 1 1 1 1 1 1 1 1 1 1 1 1 1 1 1 1 1 1 1 1 1 1 1 1 1 1 1 1 1 1 1 1 1 1 1 1 1 1 1 1 1 1 1 1 1 1 1 1 1 1 1 1 1 1 1 1 1 1 1 1 1 1 1 1 1 1 1 1 1 1 1 1 1 1 1 1 1 1 1 1
staticfield kotlin/reflect/jvm/internal/KDeclarationContainerImpl Companion Lkotlin/reflect/jvm/internal/KDeclarationContainerImpl$Companion; kotlin/reflect/jvm/internal/KDeclarationContainerImpl$Companion
staticfield kotlin/reflect/jvm/internal/KDeclarationContainerImpl DEFAULT_CONSTRUCTOR_MARKER Ljava/lang/Class; java/lang/Class
staticfield kotlin/reflect/jvm/internal/KDeclarationContainerImpl LOCAL_PROPERTY_SIGNATURE Lkotlin/text/Regex; kotlin/text/Regex
ciInstanceKlass kotlin/reflect/jvm/internal/KClassCacheKt 1 1 129 3 3 3 3 3 8 8 8 8 8 100 100 7 100 100 100 7 7 7 7 7 9 10 10 10 10 10 10 10 10 10 10 10 10 12 12 12 12 12 12 12 12 12 12 12 12 12 1 1 1 1 1 1 1 1 1 1 1 1 1 1 1 1 1 1 1 1 1 1 1 1 1 1 1 1 1 1 1 1 1 1 1 1 1 1 1 1 1 1 1 1 1 1 1 1 1 1 1 1 1 1 1 1 1 1 1 1 1 1 1 1 1 1 1 1 1 1 1 1 1 1 1 1 1 1 1 1 1
ciInstanceKlass kotlin/reflect/jvm/internal/pcollections/HashPMap 1 1 149 8 8 8 8 100 100 7 100 7 7 7 7 9 9 9 9 9 9 9 10 10 10 10 10 10 10 10 10 10 10 10 10 10 10 10 10 10 12 12 12 12 12 12 12 12 12 12 12 12 12 12 12 12 12 12 12 12 12 12 12 12 12 1 1 1 1 1 1 1 1 1 1 1 1 1 1 1 1 1 1 1 1 1 1 1 1 1 1 1 1 1 1 1 1 1 1 1 1 1 1 1 1 1 1 1 1 1 1 1 1 1 1 1 1 1 1 1 1 1 1 1 1 1 1 1 1 1 1 1 1 1 1 1 1 1 1 1 1 1 1 1 1 1 1 1 1 1 1
staticfield kotlin/reflect/jvm/internal/pcollections/HashPMap EMPTY Lkotlin/reflect/jvm/internal/pcollections/HashPMap; kotlin/reflect/jvm/internal/pcollections/HashPMap
ciInstanceKlass kotlin/reflect/jvm/internal/pcollections/IntTreePMap 1 1 71 7 7 7 9 9 9 10 10 10 10 10 10 12 12 12 12 12 12 12 12 12 1 1 1 1 1 1 1 1 1 1 1 1 1 1 1 1 1 1 1 1 1 1 1 1 1 1 1 1 1 1 1 1 1 1 1 1 1 1 1 1 1 1 1 1 1 1 1 1 1
staticfield kotlin/reflect/jvm/internal/pcollections/IntTreePMap EMPTY Lkotlin/reflect/jvm/internal/pcollections/IntTreePMap; kotlin/reflect/jvm/internal/pcollections/IntTreePMap
ciInstanceKlass kotlin/reflect/jvm/internal/pcollections/IntTree 1 1 94 7 7 9 9 9 9 9 9 10 10 10 10 10 10 10 10 10 10 12 12 12 12 12 12 12 12 12 12 12 12 12 12 12 1 1 1 1 1 1 1 1 1 1 1 1 1 1 1 1 1 1 1 1 1 1 1 1 1 1 1 1 1 1 1 1 1 1 1 1 1 1 1 1 1 1 1 1 1 1 1 1 1 1 1 1 1 1 1 1 1 1 1 1
staticfield kotlin/reflect/jvm/internal/pcollections/IntTree EMPTYNODE Lkotlin/reflect/jvm/internal/pcollections/IntTree; kotlin/reflect/jvm/internal/pcollections/IntTree
ciInstanceKlass kotlin/reflect/jvm/internal/pcollections/ConsPStack 1 1 123 8 100 100 7 100 7 100 7 7 9 9 9 9 10 10 10 10 10 10 10 10 10 10 10 10 10 10 10 11 12 12 12 12 12 12 12 12 12 12 12 12 12 12 12 12 12 1 1 1 1 1 1 1 1 1 1 1 1 1 1 1 1 1 1 1 1 1 1 1 1 1 1 1 1 1 1 1 1 1 1 1 1 1 1 1 1 1 1 1 1 1 1 1 1 1 1 1 1 1 1 1 1 1 1 1 1 1 1 1 1 1 1 1 1 1 1 1 1 1 1 1 1
staticfield kotlin/reflect/jvm/internal/pcollections/ConsPStack EMPTY Lkotlin/reflect/jvm/internal/pcollections/ConsPStack; kotlin/reflect/jvm/internal/pcollections/ConsPStack
ciInstanceKlass kotlin/reflect/jvm/internal/KClassImpl 1 1 590 3 3 3 3 8 8 8 8 8 8 8 8 8 8 8 8 8 8 8 8 8 8 7 100 100 100 100 100 100 100 100 100 100 7 7 100 7 100 7 7 7 100 7 100 100 7 100 100 7 7 7 100 7 100 100 100 100 100 100 100 100 100 100 100 100 100 100 100 100 100 100 100 100 100 7 100 9 9 9 9 9 9 9 9 9 9 9 9 9 9 10 10 10 10 10 10 10 10 10 10 10 10 10 10 10 10 10 10 10 10 10 10 10 10 10 10 10 10 10 10 10 10 10 10 10 10 10 10 10 10 10 10 10 10 10 10 10 10 10 10 10 10 10 10 10 10 10 10 10 10 10 10 10 10 10 10 11 11 11 11 11 11 11 11 11 11 11 11 11 12 12 12 12 12 12 12 12 12 12 12 12 12 12 12 12 12 12 12 12 12 12 12 12 12 12 12 12 12 12 12 12 12 12 12 12 12 12 12 12 12 12 12 12 12 12 12 12 12 12 12 12 12 12 12 12 12 12 12 12 12 12 12 12 12 12 12 12 12 12 12 12 12 12 12 12 12 12 12 12 12 12 12 12 12 12 12 1 1 1 1 1 1 1 1 1 1 1 1 1 1 1 1 1 1 1 1 1 1 1 1 1 1 1 1 1 1 1 1 1 1 1 1 1 1 1 1 1 1 1 1 1 1 1 1 1 1 1 1 1 1 1 1 1 1 1 1 1 1 1 1 1 1 1 1 1 1 1 1 1 1 1 1 1 1 1 1 1 1 1 1 1 1 1 1 1 1 1 1 1 1 1 1 1 1 1 1 1 1 1 1 1 1 1 1 1 1 1 1 1 1 1 1 1 1 1 1 1 1 1 1 1 1 1 1 1 1 1 1 1 1 1 1 1 1 1 1 1 1 1 1 1 1 1 1 1 1 1 1 1 1 1 1 1 1 1 1 1 1 1 1 1 1 1 1 1 1 1 1 1 1 1 1 1 1 1 1 1 1 1 1 1 1 1 1 1 1 1 1 1 1 1 1 1 1 1 1 1 1 1 1 1 1 1 1 1 1 1 1 1 1 1 1 1 1 1 1 1 1 1 1 1 1 1 1 1 1 1 1 1 1 1 1 1 1 1 1 1 1 1 1 1 1 1 1 1 1 1 1 1 1 1 1 1 1 1 1 1 1 1 1 1 1 1 1 1 1 1 1 1 1 1 1 1 1 1 1 1 1 1 1 1 1 1 1 1 1 1 1 1 1 1 1 1 1 1 1 1 1 1 1 1 1 1 1 1 1 1 1 1 1 1 1 1 1 1 1 1 1 1 1 1 1 1 1 1 1 1 1 1
ciInstanceKlass kotlin/jvm/internal/DefaultConstructorMarker 1 1 16 10 100 100 1 1 1 1 1 1 1 1 1 12 1 1
instanceKlass org/jetbrains/kotlin/contracts/model/functors/OrFunctor$invokeWithReturningEffects$conditionWhenFalse$1
instanceKlass org/jetbrains/kotlin/contracts/model/functors/OrFunctor$invokeWithReturningEffects$conditionWhenTrue$1
instanceKlass org/jetbrains/kotlin/load/java/SpecialBuiltinMembers$getOverriddenBuiltinReflectingJvmDescriptor$2
instanceKlass org/jetbrains/kotlin/load/java/lazy/descriptors/LazyJavaClassMemberScope$nestedClasses$1$enumMemberNames$1
instanceKlass org/jetbrains/kotlin/resolve/calls/tower/InvokeProcessorsKt$createCallTowerProcessorForExplicitInvoke$usualInvoke$1
instanceKlass org/jetbrains/kotlin/resolve/calls/KotlinCallResolver$resolveCall$processor$1
instanceKlass org/jetbrains/kotlin/types/expressions/DoubleColonExpressionResolver$tryResolveRHSWithReceiver$1
instanceKlass org/jetbrains/kotlin/resolve/calls/tower/ScopeTowerProcessorsKt$createCallableReferenceProcessor$function$1
instanceKlass org/jetbrains/kotlin/resolve/calls/tower/ScopeTowerProcessorsKt$createCallableReferenceProcessor$variable$1
instanceKlass org/jetbrains/kotlin/load/java/BuiltinMethodsWithDifferentJvmName$isBuiltinFunctionWithDifferentNameInJvm$1
instanceKlass org/jetbrains/kotlin/resolve/calls/util/CallUtilKt$getValueArgumentForExpression$isParenthesizedExpression$1
instanceKlass org/jetbrains/kotlin/load/java/SpecialBuiltinMembers$getOverriddenBuiltinWithDifferentJvmName$2
instanceKlass org/jetbrains/kotlin/types/IntersectionTypeConstructor$createType$1
instanceKlass org/jetbrains/kotlin/resolve/calls/inference/components/TrivialConstraintTypeInferenceOracle$containsOnlyNonNullableNothing$1
instanceKlass org/jetbrains/kotlin/resolve/calls/inference/components/TrivialConstraintTypeInferenceOracle$isGeneratedConstraintTrivial$2
instanceKlass org/jetbrains/kotlin/resolve/calls/inference/components/TrivialConstraintTypeInferenceOracle$isGeneratedConstraintTrivial$1
instanceKlass org/jetbrains/kotlin/resolve/calls/checkers/UselessElvisCallChecker$check$1
instanceKlass org/jetbrains/kotlin/resolve/FunctionDescriptorResolver$resolveValueParameters$containsErrorType$1
instanceKlass org/jetbrains/kotlin/resolve/calls/components/CompletionModeCalculator$CalculatorForNestedCall$computeDirections$1
instanceKlass org/jetbrains/kotlin/resolve/calls/components/CompletionModeCalculator$CalculatorForNestedCall$postponedAtoms$2
instanceKlass org/jetbrains/kotlin/types/checker/TypeIntersector$intersectTypesWithoutIntersectionType$errorMessage$1
instanceKlass org/jetbrains/kotlin/contracts/model/functors/AndFunctor$invokeWithReturningEffects$conditionWhenFalse$1
instanceKlass org/jetbrains/kotlin/contracts/model/functors/AndFunctor$invokeWithReturningEffects$conditionWhenTrue$1
instanceKlass org/jetbrains/kotlin/resolve/OverridingUtilsKt$selectMostSpecificInEachOverridableGroup$overridableGroup$1
instanceKlass org/jetbrains/kotlin/resolve/calls/tower/MemberScopeTowerLevel$collectMembers$3
instanceKlass org/jetbrains/kotlin/resolve/calls/inference/model/NewConstraintSystemImpl$substituteAndApproximateIfNecessary$doesInputTypeContainsOtherVariables$1
instanceKlass org/jetbrains/kotlin/resolve/calls/inference/model/NewConstraintSystemImpl$postponeOnlyInputTypesCheck$1
instanceKlass org/jetbrains/kotlin/resolve/calls/inference/components/ResultTypeResolver$sinkIntegerLiteralTypes$1$containsILT$1
instanceKlass org/jetbrains/kotlin/resolve/calls/inference/components/ConstraintIncorporatorKt$getNestedArguments$addArgumentsToStack$1
instanceKlass org/jetbrains/kotlin/resolve/calls/inference/components/ConstraintIncorporator$approximateIfNeededAndAddNewConstraint$prepareType$1
instanceKlass org/jetbrains/kotlin/types/checker/NewCapturedTypeConstructor$1
instanceKlass org/jetbrains/kotlin/resolve/calls/components/CollectionTypeVariableUsagesInfo$isContainedInInvariantOrContravariantPositionsWithDependencies$isContainedAnyDependentTypeInReturnType$1$1
instanceKlass org/jetbrains/kotlin/resolve/calls/components/CollectionTypeVariableUsagesInfo$getDependentTypeParameters$dependentTypeParameters$1$1$suitableUpperBound$1$1$1
instanceKlass org/jetbrains/kotlin/load/java/BuiltinMethodsWithSpecialGenericSignature$getSpecialSignatureInfo$builtinSignature$1
instanceKlass org/jetbrains/kotlin/resolve/diagnostics/SimpleDiagnostics$elementsCache$1
instanceKlass org/jetbrains/kotlin/types/expressions/FakeCallResolver$resolveFakeCall$result$1
instanceKlass org/jetbrains/kotlin/types/expressions/PreliminaryLoopVisitor$clearDataFlowInfoForAssignedLocalVariables$nonTrivialValues$1$2
instanceKlass org/jetbrains/kotlin/types/expressions/PreliminaryLoopVisitor$clearDataFlowInfoForAssignedLocalVariables$nonTrivialValues$1$1
instanceKlass org/jetbrains/kotlin/resolve/constants/IntegerLiteralTypeConstructor$valueToString$1
instanceKlass org/jetbrains/kotlin/resolve/constants/IntegerLiteralTypeConstructor$supertypes$2
instanceKlass org/jetbrains/kotlin/resolve/constants/evaluate/ConstantExpressionEvaluatorVisitor$evaluateUnaryAndCheck$1
instanceKlass org/jetbrains/kotlin/resolve/AnnotationUseSiteTargetChecker$checkTypeReference$1
instanceKlass org/jetbrains/kotlin/resolve/sam/SamConversionResolverImpl$resolveFunctionTypeIfSamInterface$1
instanceKlass org/jetbrains/kotlin/resolve/deprecation/DeprecationResolver$deprecationsByConstituentTypes$1$1
instanceKlass org/jetbrains/kotlin/resolve/calls/inference/model/NewConstraintSystemImpl$fixVariable$1$1
instanceKlass org/jetbrains/kotlin/resolve/calls/inference/components/TypeVariableDependencyInformationProvider$computePostponeArgumentsEdges$2
instanceKlass org/jetbrains/kotlin/contracts/description/ContractDescription$computeFunctor$1
instanceKlass org/jetbrains/kotlin/resolve/jvm/checkers/JavaNullabilityChecker$checkType$8$2
instanceKlass org/jetbrains/kotlin/resolve/jvm/checkers/JavaNullabilityChecker$checkType$8$1
instanceKlass org/jetbrains/kotlin/resolve/jvm/checkers/JavaNullabilityChecker$checkType$8
instanceKlass org/jetbrains/kotlin/resolve/jvm/checkers/JavaNullabilityChecker$checkType$7
instanceKlass org/jetbrains/kotlin/types/typeUtil/TypeUtilsKt$shouldBeUpdated$1
instanceKlass org/jetbrains/kotlin/types/expressions/FunctionsTypingVisitor$computeReturnTypeBasedOnReturnExpressions$1$1
instanceKlass org/jetbrains/kotlin/resolve/calls/smartcasts/DataFlowInfoImpl$Companion$create$3
instanceKlass org/jetbrains/kotlin/resolve/calls/inference/ConstraintSystemImpl$satisfyInitialConstraints$substitutor$1
instanceKlass org/jetbrains/kotlin/types/AbstractTypeApproximator$approximateToSubType$2$1
instanceKlass org/jetbrains/kotlin/resolve/calls/inference/model/NewConstraintSystemImpl$canBeProper$1
instanceKlass org/jetbrains/kotlin/resolve/calls/components/PostponedArgumentsAnalyzer$createSubstituteFunctorForLambdaAnalysis$1
instanceKlass org/jetbrains/kotlin/builtins/FunctionTypesKt$isBuiltinFunctionalTypeOrSubtype$1
instanceKlass org/jetbrains/kotlin/resolve/calls/inference/components/KotlinConstraintSystemCompleter$runCompletion$variableWasFixed$1
instanceKlass org/jetbrains/kotlin/resolve/calls/inference/components/TypeVariableDependencyInformationProvider$computeRelatedToAllOutputTypes$1
instanceKlass org/jetbrains/kotlin/resolve/calls/inference/components/TypeVariableDependencyInformationProvider$computePostponeArgumentsEdges$1
instanceKlass org/jetbrains/kotlin/resolve/calls/inference/model/NewConstraintSystemImpl$containsOnlyFixedVariables$1
instanceKlass org/jetbrains/kotlin/types/TypeApproximatorConfiguration$IntegerLiteralsTypesApproximation$typeVariable$1
instanceKlass org/jetbrains/kotlin/serialization/deserialization/MemberDeserializer$getReceiverParameterAnnotations$1
instanceKlass org/jetbrains/kotlin/resolve/jvm/checkers/JavaNullabilityChecker$checkReceiver$2
instanceKlass org/jetbrains/kotlin/resolve/jvm/checkers/JavaNullabilityChecker$checkReceiver$1
instanceKlass org/jetbrains/kotlin/resolve/jvm/checkers/JavaOverrideWithWrongNullabilityOverrideChecker$check$overridingUtilWithEnhancementUnwrapped$1
instanceKlass org/jetbrains/kotlin/resolve/checkers/KClassWithIncorrectTypeArgumentChecker$check$1
instanceKlass org/jetbrains/kotlin/resolve/DeclarationsChecker$checkImplicitCallableType$1$1
instanceKlass org/jetbrains/kotlin/resolve/checkers/SuspendFunctionAsSupertypeChecker$check$$inlined$filterIsInstance$1
instanceKlass org/jetbrains/kotlin/cfg/variable/PseudocodeVariablesData$computeInitInfoForTrivialVals$1
instanceKlass org/jetbrains/kotlin/cfg/variable/PseudocodeVariablesData$variableInitializers$2
instanceKlass org/jetbrains/kotlin/cfg/variable/PseudocodeVariablesData$rootVariables$2
instanceKlass org/jetbrains/kotlin/cfg/variable/PseudocodeVariableDataCollector$computeBlockScopeVariableInfo$1
instanceKlass org/jetbrains/kotlin/cfg/ControlFlowInformationProviderImpl$pseudocodeVariablesData$2
instanceKlass org/jetbrains/kotlin/cfg/pseudocode/PseudocodeImpl$collectReachableInstructions$1
instanceKlass org/jetbrains/kotlin/cfg/ControlFlowProcessor$CFPVisitor$getDeferredValue$1
instanceKlass org/jetbrains/kotlin/cfg/pseudocode/instructions/BlockScope$blockScopeForContainingDeclaration$2
instanceKlass org/jetbrains/kotlin/cfg/pseudocode/PseudocodeImpl$localDeclarations$2
instanceKlass org/jetbrains/kotlin/frontend/di/InjectionKt$createContainerForLazyLocalClassifierAnalyzer$1
instanceKlass org/jetbrains/kotlin/resolve/calls/inference/components/ConstraintSystemCompletionContext$extractUpperTypesToCheckIntersectionEmptiness$1$1
instanceKlass org/jetbrains/kotlin/resolve/calls/components/ArgumentsUtilsKt$isActualParameterWithCorrespondingExpectedDefault$1
instanceKlass org/jetbrains/kotlin/resolve/calls/results/FlatSignatureKt$isSignatureNotLessSpecific$1
instanceKlass org/jetbrains/kotlin/resolve/calls/inference/components/ResultTypeResolver$findSubType$1
instanceKlass org/jetbrains/kotlin/resolve/KtDescriptorUtilKt$isFunctionForExpectTypeFromCastFeature$isBadType$1
instanceKlass org/jetbrains/kotlin/load/java/lazy/descriptors/LazyJavaStaticClassScope$computeNonDeclaredProperties$propertiesFromSupertypes$1
instanceKlass org/jetbrains/kotlin/resolve/calls/tower/WrongResolutionToClassifier$8
instanceKlass org/jetbrains/kotlin/resolve/calls/tower/WrongResolutionToClassifier$7
instanceKlass org/jetbrains/kotlin/resolve/calls/tower/WrongResolutionToClassifier$6
instanceKlass org/jetbrains/kotlin/resolve/calls/tower/WrongResolutionToClassifier$5
instanceKlass org/jetbrains/kotlin/resolve/calls/tower/WrongResolutionToClassifier$4
instanceKlass org/jetbrains/kotlin/resolve/calls/tower/WrongResolutionToClassifier$3
instanceKlass org/jetbrains/kotlin/resolve/calls/tower/WrongResolutionToClassifier$2
instanceKlass org/jetbrains/kotlin/resolve/calls/tower/WrongResolutionToClassifier$1
instanceKlass org/jetbrains/kotlin/contracts/model/MutableContextInfo$initAndAdd$1
instanceKlass org/jetbrains/kotlin/resolve/calls/util/ResolvedCallUtilKt$hasInferredReturnType$1
instanceKlass org/jetbrains/kotlin/resolve/calls/components/CreateFreshVariablesSubstitutor$getTypePreservingFlexibilityWrtTypeVariable$1
instanceKlass org/jetbrains/kotlin/contracts/EffectSystem$getContextInfoWhen$$inlined$filterIsInstance$1
instanceKlass org/jetbrains/kotlin/resolve/calls/tower/MemberScopeTowerLevel$getFunctions$1
instanceKlass org/jetbrains/kotlin/resolve/calls/tower/InvokeTowerProcessor$createInvokeProcessor$1
instanceKlass org/jetbrains/kotlin/resolve/lazy/LazyImportScope$getContributedFunctions$2$1
instanceKlass org/jetbrains/kotlin/resolve/lazy/LazyImportScope$getContributedFunctions$1
instanceKlass org/jetbrains/kotlin/resolve/calls/tower/ScopeTowerProcessorsKt$createFunctionProcessor$invokeExtensionProcessor$1
instanceKlass org/jetbrains/kotlin/resolve/calls/tower/ScopeTowerProcessorsKt$createSimpleFunctionProcessor$1
instanceKlass org/jetbrains/kotlin/resolve/descriptorUtil/DescriptorUtilsKt$getAllSuperClassifiers$doGetAllSuperClassesAndInterfaces$1
instanceKlass org/jetbrains/kotlin/resolve/calls/checkers/DslScopeViolationCallChecker$checkCallImplicitReceiver$receiversUntilOneFromTheCall$3
instanceKlass org/jetbrains/kotlin/resolve/calls/checkers/DslScopeViolationCallChecker$checkCallImplicitReceiver$receiversUntilOneFromTheCall$2
instanceKlass org/jetbrains/kotlin/resolve/calls/checkers/DslScopeViolationCallChecker$checkCallImplicitReceiver$receiversUntilOneFromTheCall$1
instanceKlass org/jetbrains/kotlin/resolve/calls/checkers/DslScopeViolationCallChecker$checkCallImplicitReceiver$$inlined$filterIsInstance$1
instanceKlass org/jetbrains/kotlin/resolve/lazy/LazyImportScope$getContributedVariables$2$1
instanceKlass org/jetbrains/kotlin/resolve/lazy/LazyImportResolver$collectFromImports$1
instanceKlass org/jetbrains/kotlin/resolve/lazy/LazyImportScope$getContributedVariables$1
instanceKlass org/jetbrains/kotlin/load/java/lazy/descriptors/LazyJavaStaticClassScope$flatMapJavaStaticSupertypesScopes$1$1
instanceKlass org/jetbrains/kotlin/load/java/lazy/descriptors/LazyJavaStaticClassScope$computePropertyNames$1$1
instanceKlass org/jetbrains/kotlin/load/java/lazy/descriptors/LazyJavaStaticClassScope$computeMemberIndex$1
instanceKlass org/jetbrains/kotlin/resolve/DeclarationResolver$resolveAnnotationsOnFiles$filesToScope$1
instanceKlass org/jetbrains/kotlin/load/java/SpecialBuiltinMembers$getOverriddenSpecialBuiltin$2
instanceKlass org/jetbrains/kotlin/load/java/BuiltinMethodsWithSpecialGenericSignature$getOverriddenBuiltinFunctionWithErasedValueParametersInJava$1
instanceKlass org/jetbrains/kotlin/builtins/jvm/JvmBuiltInsCustomizer$isMutabilityViolation$2
instanceKlass org/jetbrains/kotlin/load/java/ClassicBuiltinSpecialProperties$getBuiltinSpecialPropertyGetterName$descriptor$1
instanceKlass org/jetbrains/kotlin/load/java/SpecialBuiltinMembers$getOverriddenBuiltinWithDifferentJvmName$1
instanceKlass org/jetbrains/kotlin/load/java/lazy/descriptors/LazyJavaClassMemberScope$isVisibleAsFunctionInCurrentClass$1$1$1
instanceKlass org/jetbrains/kotlin/builtins/jvm/JvmBuiltInsCustomizer$getAdditionalFunctions$fakeJavaClassDescriptor$1
instanceKlass org/jetbrains/kotlin/serialization/deserialization/MemberDeserializer$getPropertyFieldAnnotations$1
instanceKlass org/jetbrains/kotlin/serialization/deserialization/MemberDeserializer$getAnnotations$1
instanceKlass org/jetbrains/kotlin/resolve/calls/inference/model/NewConstraintSystemImpl$checkMissedConstraints$errorsByMissedConstraints$1$1
instanceKlass org/jetbrains/kotlin/resolve/calls/inference/model/NewConstraintSystemImpl$isProperTypeImpl$1
instanceKlass org/jetbrains/kotlin/resolve/calls/inference/components/TypeVariableDependencyInformationProvider$computeRelatedToTopLevelType$1
instanceKlass org/jetbrains/kotlin/resolve/calls/inference/components/VariableFixationFinder$hasDependencyToOtherTypeVariables$dependencyPresenceCondition$1
instanceKlass org/jetbrains/kotlin/resolve/calls/inference/components/VariableFixationFinder$variableHasProperArgumentConstraints$areThereConstraintsWithUninferredTypeParameter$1$1
instanceKlass org/jetbrains/kotlin/resolve/calls/inference/components/VariableFixationFinder$isProperType$1$1
instanceKlass org/jetbrains/kotlin/resolve/calls/inference/components/TypeVariableDependencyInformationProvider$forAllMyTypeVariables$1$1
instanceKlass org/jetbrains/kotlin/resolve/calls/inference/components/TypeVariableDependencyInformationProvider$computeConstraintEdges$1
instanceKlass org/jetbrains/kotlin/resolve/calls/results/OverloadingConflictResolver$chooseMaximallySpecificCandidates$noOverrides$2
instanceKlass org/jetbrains/kotlin/resolve/DescriptorEquivalenceForOverrides$areCallableDescriptorsEquivalent$overridingUtil$1$1
instanceKlass org/jetbrains/kotlin/resolve/DescriptorEquivalenceForOverrides$areTypeParametersEquivalent$1
instanceKlass org/jetbrains/kotlin/resolve/calls/inference/components/VariableFixationFinderKt$containsTypeVariable$1
instanceKlass org/jetbrains/kotlin/resolve/calls/components/CreateFreshVariablesSubstitutor$shouldBeFlexible$1
instanceKlass org/jetbrains/kotlin/resolve/calls/inference/components/ConstraintIncorporator$areThereRecursiveConstraints$1
instanceKlass org/jetbrains/kotlin/resolve/calls/components/ResolutionPartsKt$resolveKotlinArgument$1
instanceKlass org/jetbrains/kotlin/resolve/calls/components/CollectionTypeVariableUsagesInfo$getDependentTypeParameters$dependentTypeParameters$2
instanceKlass org/jetbrains/kotlin/resolve/calls/components/CollectionTypeVariableUsagesInfo$getDependentTypeParameters$dependentTypeParameters$1
instanceKlass org/jetbrains/kotlin/types/expressions/DoubleColonExpressionResolver$resolveDoubleColonLHS$resultForType$2
instanceKlass org/jetbrains/kotlin/storage/LockBasedLazyResolveStorageManager$LockProtectedContext$getType$1
instanceKlass org/jetbrains/kotlin/storage/LockBasedLazyResolveStorageManager$LockProtectedTrace$recordType$1
instanceKlass org/jetbrains/kotlin/resolve/jvm/checkers/JavaNullabilityChecker$checkReceiver$4
instanceKlass org/jetbrains/kotlin/resolve/jvm/checkers/JavaNullabilityChecker$checkReceiver$3
instanceKlass org/jetbrains/kotlin/resolve/jvm/checkers/JavaNullabilityChecker$checkReceiver$dataFlowValue$2
instanceKlass org/jetbrains/kotlin/resolve/calls/util/ResolvedCallUtilKt$isNotSimpleCall$1$1
instanceKlass org/jetbrains/kotlin/resolve/jvm/JvmDeclarationReturnTypeSanitizer$sanitizeReturnType$1
instanceKlass org/jetbrains/kotlin/types/AbstractTypeApproximator$approximateToSuperType$2$1
instanceKlass org/jetbrains/kotlin/types/AlternativeTypeSubstitutionKt$substituteAlternativesInPublicType$substitutor$1$isEmpty$2
instanceKlass org/jetbrains/kotlin/types/TypeApproximatorConfiguration$typeVariable$1
instanceKlass org/jetbrains/kotlin/types/expressions/PreliminaryDeclarationVisitor$lazyTrigger$2
instanceKlass org/jetbrains/kotlin/types/expressions/PreliminaryDeclarationVisitor$Companion$topMostNonClassDeclaration$$inlined$filterIsInstance$1
instanceKlass org/jetbrains/kotlin/psi/psiUtil/PsiUtilsKt$parentsWithSelf$1
instanceKlass org/jetbrains/kotlin/descriptors/annotations/CompositeAnnotations$findAnnotation$1
instanceKlass org/jetbrains/kotlin/resolve/calls/tower/MemberScopeTowerLevel$getVariables$1
instanceKlass org/jetbrains/kotlin/resolve/calls/tower/TowerResolver$Task$run$5
instanceKlass org/jetbrains/kotlin/resolve/calls/tower/TowerResolver$Task$localLevels$2$2
instanceKlass org/jetbrains/kotlin/resolve/calls/tower/TowerResolver$Task$localLevels$2$1
instanceKlass org/jetbrains/kotlin/resolve/calls/tower/TowerResolver$Task$localLevels$2$invoke$$inlined$filterIsInstance$1
instanceKlass org/jetbrains/kotlin/resolve/scopes/utils/ScopeUtilsKt$parentsWithSelf$1
instanceKlass org/jetbrains/kotlin/resolve/calls/tower/TowerResolver$Task$nonLocalLevels$2
instanceKlass org/jetbrains/kotlin/resolve/calls/tower/TowerResolver$Task$localLevels$2
instanceKlass org/jetbrains/kotlin/resolve/calls/tower/ScopeTowerProcessorsKt$createVariableAndObjectProcessor$1
instanceKlass org/jetbrains/kotlin/resolve/calls/tower/ScopeTowerProcessorsKt$createVariableProcessor$1
instanceKlass org/jetbrains/kotlin/storage/LockBasedLazyResolveStorageManager$LockProtectedContext$getDiagnostics$1
instanceKlass org/jetbrains/kotlin/resolve/calls/CallExpressionResolver$elementChain$1
instanceKlass org/jetbrains/kotlin/load/java/lazy/descriptors/LazyJavaClassMemberScope$computeNonDeclaredProperties$2
instanceKlass org/jetbrains/kotlin/load/java/lazy/descriptors/LazyJavaClassMemberScope$computeNonDeclaredProperties$1
instanceKlass org/jetbrains/kotlin/load/java/lazy/descriptors/LazyJavaScope$resolveProperty$1$1
instanceKlass org/jetbrains/kotlin/load/java/lazy/descriptors/LazyJavaScope$resolveProperty$1
instanceKlass org/jetbrains/kotlin/load/java/ErasedOverridabilityCondition$isOverridable$signatureTypes$1
instanceKlass org/jetbrains/kotlin/load/java/components/JavaAnnotationTargetMapper$mapJavaTargetArguments$1
instanceKlass org/jetbrains/kotlin/codegen/state/KotlinTypeMapper$mapType$1
instanceKlass org/jetbrains/kotlin/codegen/state/KotlinTypeMapper$mapSignature$1
instanceKlass org/jetbrains/kotlin/descriptors/annotations/BuiltInAnnotationDescriptor$type$2
instanceKlass org/jetbrains/kotlin/resolve/jvm/checkers/JvmSimpleNameBacktickChecker$checkNamed$1
instanceKlass org/jetbrains/kotlin/types/typeUtil/TypeUtilsKt$requiresTypeAliasExpansion$1
instanceKlass org/jetbrains/kotlin/descriptors/impl/TypeAliasConstructorDescriptorImpl$withDispatchReceiver$2
instanceKlass org/jetbrains/kotlin/descriptors/impl/AbstractTypeAliasDescriptor$computeDefaultType$1
instanceKlass org/jetbrains/kotlin/descriptors/impl/AbstractTypeAliasDescriptor$isInner$1
instanceKlass org/jetbrains/kotlin/resolve/VariableTypeAndInitializerResolver$setConstantForVariableIfNeeded$1$1
instanceKlass org/jetbrains/kotlin/resolve/VariableTypeAndInitializerResolver$setConstantForVariableIfNeeded$1
instanceKlass org/jetbrains/kotlin/resolve/VariableTypeAndInitializerResolver$resolveTypeNullable$1
instanceKlass org/jetbrains/kotlin/resolve/lazy/descriptors/ClassResolutionScopesSupportKt$scopeForInitializerResolution$1
instanceKlass org/jetbrains/kotlin/resolve/jvm/RuntimeAssertionsDataFlowExtras$dataFlowValue$2
instanceKlass org/jetbrains/kotlin/storage/LockBasedLazyResolveStorageManager$LockProtectedTrace$getType$1
instanceKlass org/jetbrains/kotlin/resolve/calls/inference/ConstraintSystemBuilderKt$addConstraintIfCompatible$1
instanceKlass org/jetbrains/kotlin/resolve/jvm/checkers/JavaNullabilityChecker$checkType$4
instanceKlass org/jetbrains/kotlin/resolve/jvm/checkers/JavaNullabilityChecker$checkType$3
instanceKlass org/jetbrains/kotlin/resolve/jvm/checkers/JavaNullabilityChecker$checkType$1
instanceKlass org/jetbrains/kotlin/resolve/jvm/checkers/JavaNullabilityChecker$checkType$dataFlowValue$2
instanceKlass org/jetbrains/kotlin/resolve/calls/components/ArgumentsUtilsKt$hasDefaultValue$2
instanceKlass org/jetbrains/kotlin/descriptors/TypeParameterUtilsKt$computeConstructorTypeParameters$parametersFromContainingFunctions$3
instanceKlass org/jetbrains/kotlin/descriptors/TypeParameterUtilsKt$computeConstructorTypeParameters$parametersFromContainingFunctions$2
instanceKlass org/jetbrains/kotlin/descriptors/TypeParameterUtilsKt$computeConstructorTypeParameters$parametersFromContainingFunctions$1
instanceKlass org/jetbrains/kotlin/resolve/descriptorUtil/DescriptorUtilsKt$parentsWithSelf$1
instanceKlass org/jetbrains/kotlin/types/model/TypeSystemInferenceExtensionContext$extractTypeVariables$1$1
instanceKlass org/jetbrains/kotlin/resolve/calls/components/KotlinCallCompleter$runCompletion$1
instanceKlass org/jetbrains/kotlin/resolve/DescriptorEquivalenceForOverrides$areCallableDescriptorsEquivalent$1
instanceKlass org/jetbrains/kotlin/load/java/AbstractAnnotationTypeQualifierResolver$extractDefaultQualifiers$nullabilityQualifier$1
instanceKlass org/jetbrains/kotlin/types/typesApproximation/CapturedTypeApproximationKt$approximateCapturedTypesIfNecessary$1
instanceKlass org/jetbrains/kotlin/descriptors/annotations/CompositeAnnotations$iterator$1
instanceKlass org/jetbrains/kotlin/load/java/lazy/ContextKt$copyWithNewDefaultTypeQualifiers$1
instanceKlass org/jetbrains/kotlin/load/java/typeEnhancement/SignatureEnhancement$containsFunctionN$1
instanceKlass org/jetbrains/kotlin/load/java/typeEnhancement/SignatureEnhancement$enhanceSignature$returnTypeEnhancement$1
instanceKlass org/jetbrains/kotlin/load/java/typeEnhancement/SignatureEnhancement$enhanceSignature$valueParameterEnhancements$1$1
instanceKlass org/jetbrains/kotlin/load/java/typeEnhancement/PredefinedEnhancementInfoKt$PREDEFINED_FUNCTION_ENHANCEMENT_INFO_BY_SIGNATURE$1$1$14$1
instanceKlass org/jetbrains/kotlin/load/java/typeEnhancement/PredefinedEnhancementInfoKt$PREDEFINED_FUNCTION_ENHANCEMENT_INFO_BY_SIGNATURE$1$1$13$1
instanceKlass org/jetbrains/kotlin/load/java/typeEnhancement/PredefinedEnhancementInfoKt$PREDEFINED_FUNCTION_ENHANCEMENT_INFO_BY_SIGNATURE$1$1$12$1
instanceKlass org/jetbrains/kotlin/load/java/typeEnhancement/PredefinedEnhancementInfoKt$PREDEFINED_FUNCTION_ENHANCEMENT_INFO_BY_SIGNATURE$1$1$11$1
instanceKlass org/jetbrains/kotlin/load/java/typeEnhancement/PredefinedEnhancementInfoKt$PREDEFINED_FUNCTION_ENHANCEMENT_INFO_BY_SIGNATURE$1$1$10$1
instanceKlass org/jetbrains/kotlin/load/java/typeEnhancement/PredefinedEnhancementInfoKt$PREDEFINED_FUNCTION_ENHANCEMENT_INFO_BY_SIGNATURE$1$1$9$1
instanceKlass org/jetbrains/kotlin/load/java/typeEnhancement/PredefinedEnhancementInfoKt$PREDEFINED_FUNCTION_ENHANCEMENT_INFO_BY_SIGNATURE$1$1$8$1
instanceKlass org/jetbrains/kotlin/load/java/typeEnhancement/PredefinedEnhancementInfoKt$PREDEFINED_FUNCTION_ENHANCEMENT_INFO_BY_SIGNATURE$1$1$7$1
instanceKlass org/jetbrains/kotlin/load/java/typeEnhancement/PredefinedEnhancementInfoKt$PREDEFINED_FUNCTION_ENHANCEMENT_INFO_BY_SIGNATURE$1$1$6$5
instanceKlass org/jetbrains/kotlin/load/java/typeEnhancement/PredefinedEnhancementInfoKt$PREDEFINED_FUNCTION_ENHANCEMENT_INFO_BY_SIGNATURE$1$1$6$4
instanceKlass org/jetbrains/kotlin/load/java/typeEnhancement/PredefinedEnhancementInfoKt$PREDEFINED_FUNCTION_ENHANCEMENT_INFO_BY_SIGNATURE$1$1$6$3
instanceKlass org/jetbrains/kotlin/load/java/typeEnhancement/PredefinedEnhancementInfoKt$PREDEFINED_FUNCTION_ENHANCEMENT_INFO_BY_SIGNATURE$1$1$6$2
instanceKlass org/jetbrains/kotlin/load/java/typeEnhancement/PredefinedEnhancementInfoKt$PREDEFINED_FUNCTION_ENHANCEMENT_INFO_BY_SIGNATURE$1$1$6$1
instanceKlass org/jetbrains/kotlin/load/java/typeEnhancement/PredefinedEnhancementInfoKt$PREDEFINED_FUNCTION_ENHANCEMENT_INFO_BY_SIGNATURE$1$1$5$9
instanceKlass org/jetbrains/kotlin/load/java/typeEnhancement/PredefinedEnhancementInfoKt$PREDEFINED_FUNCTION_ENHANCEMENT_INFO_BY_SIGNATURE$1$1$5$8
instanceKlass org/jetbrains/kotlin/load/java/typeEnhancement/PredefinedEnhancementInfoKt$PREDEFINED_FUNCTION_ENHANCEMENT_INFO_BY_SIGNATURE$1$1$5$7
instanceKlass org/jetbrains/kotlin/load/java/typeEnhancement/PredefinedEnhancementInfoKt$PREDEFINED_FUNCTION_ENHANCEMENT_INFO_BY_SIGNATURE$1$1$5$6
instanceKlass org/jetbrains/kotlin/load/java/typeEnhancement/PredefinedEnhancementInfoKt$PREDEFINED_FUNCTION_ENHANCEMENT_INFO_BY_SIGNATURE$1$1$5$5
instanceKlass org/jetbrains/kotlin/load/java/typeEnhancement/PredefinedEnhancementInfoKt$PREDEFINED_FUNCTION_ENHANCEMENT_INFO_BY_SIGNATURE$1$1$5$4
instanceKlass org/jetbrains/kotlin/load/java/typeEnhancement/PredefinedEnhancementInfoKt$PREDEFINED_FUNCTION_ENHANCEMENT_INFO_BY_SIGNATURE$1$1$5$3
instanceKlass org/jetbrains/kotlin/load/java/typeEnhancement/PredefinedEnhancementInfoKt$PREDEFINED_FUNCTION_ENHANCEMENT_INFO_BY_SIGNATURE$1$1$5$2
instanceKlass org/jetbrains/kotlin/load/java/typeEnhancement/PredefinedEnhancementInfoKt$PREDEFINED_FUNCTION_ENHANCEMENT_INFO_BY_SIGNATURE$1$1$5$1
instanceKlass org/jetbrains/kotlin/load/java/typeEnhancement/PredefinedEnhancementInfoKt$PREDEFINED_FUNCTION_ENHANCEMENT_INFO_BY_SIGNATURE$1$1$4$1
instanceKlass org/jetbrains/kotlin/load/java/typeEnhancement/PredefinedEnhancementInfoKt$PREDEFINED_FUNCTION_ENHANCEMENT_INFO_BY_SIGNATURE$1$1$3$3
instanceKlass org/jetbrains/kotlin/load/java/typeEnhancement/PredefinedEnhancementInfoKt$PREDEFINED_FUNCTION_ENHANCEMENT_INFO_BY_SIGNATURE$1$1$3$2
instanceKlass org/jetbrains/kotlin/load/java/typeEnhancement/PredefinedEnhancementInfoKt$PREDEFINED_FUNCTION_ENHANCEMENT_INFO_BY_SIGNATURE$1$1$3$1
instanceKlass org/jetbrains/kotlin/load/java/typeEnhancement/PredefinedEnhancementInfoKt$PREDEFINED_FUNCTION_ENHANCEMENT_INFO_BY_SIGNATURE$1$1$2$1
instanceKlass org/jetbrains/kotlin/load/kotlin/SignatureBuildingComponents$jvmDescriptor$1
instanceKlass kotlin/collections/ArraysKt___ArraysKt$withIndex$1
instanceKlass org/jetbrains/kotlin/load/java/typeEnhancement/PredefinedEnhancementInfoKt$PREDEFINED_FUNCTION_ENHANCEMENT_INFO_BY_SIGNATURE$1$1$1$1
instanceKlass org/jetbrains/kotlin/util/Checks$3
instanceKlass org/jetbrains/kotlin/util/ReturnsCheck$ReturnsUnit$1
instanceKlass org/jetbrains/kotlin/util/OperatorChecks$checks$3
instanceKlass org/jetbrains/kotlin/util/Checks$4
instanceKlass org/jetbrains/kotlin/util/ReturnsCheck$ReturnsInt$1
instanceKlass org/jetbrains/kotlin/util/OperatorChecks$checks$2
instanceKlass org/jetbrains/kotlin/util/ReturnsCheck$ReturnsBoolean$1
instanceKlass org/jetbrains/kotlin/util/OperatorChecks$checks$1
instanceKlass org/jetbrains/kotlin/util/Checks$2
instanceKlass org/jetbrains/kotlin/psi/typeRefHelpers/TypeRefHelpersKt$getTypeReference$1
instanceKlass org/jetbrains/kotlin/resolve/scopes/LexicalScopeImpl$1
instanceKlass org/jetbrains/kotlin/resolve/AnnotationTargetLists$T_TYPE_REFERENCE$1
instanceKlass org/jetbrains/kotlin/resolve/AnnotationTargetLists$T_TOP_LEVEL_FUNCTION$1
instanceKlass org/jetbrains/kotlin/resolve/AnnotationTargetLists$T_MEMBER_FUNCTION$1
instanceKlass org/jetbrains/kotlin/resolve/AnnotationTargetLists$T_LOCAL_FUNCTION$1
instanceKlass org/jetbrains/kotlin/resolve/AnnotationTargetLists$T_VALUE_PARAMETER_WITH_VAL$1
instanceKlass org/jetbrains/kotlin/resolve/AnnotationTargetLists$T_LOCAL_VARIABLE$1
instanceKlass org/jetbrains/kotlin/resolve/AnnotationTargetLists$targetList$1
instanceKlass org/jetbrains/kotlin/psi/psiUtil/PsiUtilsKt$getPrevSiblingIgnoringWhitespaceAndComments$1
instanceKlass org/jetbrains/kotlin/load/java/typeEnhancement/SignatureEnhancement$enhanceTypeParameterBounds$1$1
instanceKlass org/jetbrains/kotlin/types/checker/NewCapturedTypeConstructor$initializeSupertypes$2
instanceKlass org/jetbrains/kotlin/types/checker/NewCapturedTypeConstructor$_supertypes$2
instanceKlass org/jetbrains/kotlin/types/StarProjectionImpl$_type$2
instanceKlass org/jetbrains/kotlin/load/java/lazy/types/JavaTypeResolver$computeRawTypeArguments$1$erasedUpperBound$1
instanceKlass org/jetbrains/kotlin/types/KotlinTypeFactory$simpleTypeWithNonTrivialMemberScope$1
instanceKlass org/jetbrains/kotlin/resolve/constants/ConstantValueFactory$createArrayValue$1
instanceKlass org/jetbrains/kotlin/resolve/scopes/SubstitutingScope$_allDescriptors$2
instanceKlass org/jetbrains/kotlin/resolve/scopes/SubstitutingScope$substitutor$2
instanceKlass org/jetbrains/kotlin/load/java/components/JavaDeprecatedAnnotationDescriptor$allValueArguments$2
instanceKlass org/jetbrains/kotlin/load/java/components/JavaRetentionAnnotationDescriptor$allValueArguments$2
instanceKlass org/jetbrains/kotlin/load/java/components/JavaTargetAnnotationDescriptor$allValueArguments$2
instanceKlass org/jetbrains/kotlin/load/java/components/JavaAnnotationDescriptor$type$2
instanceKlass org/jetbrains/kotlin/load/java/lazy/descriptors/LazyJavaAnnotationDescriptor$allValueArguments$2
instanceKlass org/jetbrains/kotlin/load/java/lazy/descriptors/LazyJavaAnnotationDescriptor$type$2
instanceKlass org/jetbrains/kotlin/load/java/lazy/descriptors/LazyJavaAnnotationDescriptor$fqName$2
instanceKlass org/jetbrains/kotlin/cli/jvm/compiler/KotlinCliJavaFileManagerImpl$findPsiClass$1
instanceKlass org/jetbrains/kotlin/asJava/finder/JavaElementFinder$findRepeatableAnnotationContainer$1
instanceKlass org/jetbrains/kotlin/asJava/finder/JavaElementFinder$findInterfaceDefaultImpls$1
instanceKlass org/jetbrains/kotlin/load/java/structure/impl/classFiles/AnnotationsAndParameterCollectorMethodVisitor$visitAnnotationDefault$1
instanceKlass org/jetbrains/kotlin/builtins/jvm/JvmBuiltInsCustomizer$getFunctions$2
instanceKlass org/jetbrains/kotlin/types/KotlinTypeFactory$simpleType$1
instanceKlass org/jetbrains/kotlin/serialization/deserialization/descriptors/DeserializedMemberScope$OptimizedImplementation$computeDescriptors$1$1
instanceKlass org/jetbrains/kotlin/utils/FunctionsKt$DO_NOTHING_3$1
instanceKlass org/jetbrains/kotlin/utils/FunctionsKt$DO_NOTHING_2$1
instanceKlass org/jetbrains/kotlin/utils/FunctionsKt$DO_NOTHING$1
instanceKlass org/jetbrains/kotlin/utils/FunctionsKt$ALWAYS_NULL$1
instanceKlass org/jetbrains/kotlin/utils/FunctionsKt$ALWAYS_TRUE$1
instanceKlass org/jetbrains/kotlin/utils/FunctionsKt$IDENTITY$1
instanceKlass org/jetbrains/kotlin/serialization/deserialization/TypeDeserializer$simpleType$annotations$1
instanceKlass org/jetbrains/kotlin/resolve/OverrideResolver$Companion$createCannotInferVisibilityReporter$1
instanceKlass org/jetbrains/kotlin/load/java/lazy/descriptors/ClassDeclaredMemberIndex$methodFilter$1
instanceKlass org/jetbrains/kotlin/load/java/lazy/descriptors/LazyJavaClassMemberScope$computeMemberIndex$1
instanceKlass org/jetbrains/kotlin/descriptors/annotations/AnnotationSplitter$LazySplitAnnotations$annotations$2
instanceKlass org/jetbrains/kotlin/descriptors/annotations/AnnotationSplitter$splitAnnotations$1
instanceKlass org/jetbrains/kotlin/storage/LockBasedLazyResolveStorageManager$LockProtectedTrace$record$2
instanceKlass org/jetbrains/kotlin/resolve/lazy/descriptors/LazyClassMemberScope$setDeferredReturnType$1
instanceKlass org/jetbrains/kotlin/load/kotlin/DeserializedDescriptorResolver$createKotlinPackagePartScope$2
instanceKlass org/jetbrains/kotlin/load/java/structure/impl/classFiles/BinaryClassSignatureParser$parseTypeVariableRefSignature$1
instanceKlass org/jetbrains/kotlin/load/java/typeEnhancement/AbstractSignatureParts$computeIndexedQualifiers$1
instanceKlass org/jetbrains/kotlin/load/java/typeEnhancement/AbstractSignatureParts$extractQualifiersFromAnnotations$annotationsNullability$1
instanceKlass org/jetbrains/kotlin/load/java/typeEnhancement/AbstractSignatureParts$toIndexed$1$1
instanceKlass org/jetbrains/kotlin/util/TypeRegistry$getId$1
instanceKlass org/jetbrains/kotlin/cli/jvm/compiler/KotlinCliJavaFileManagerImpl$findClasses$1$$special$$inlined$forEachClassId$lambda$1
instanceKlass org/jetbrains/kotlin/cli/jvm/compiler/KotlinCliJavaFileManagerImplKt$toSafeTopLevelClassId$1
instanceKlass org/jetbrains/kotlin/cli/jvm/compiler/KotlinCliJavaFileManagerImpl$findClasses$1
instanceKlass org/jetbrains/kotlin/types/AbstractTypeConstructor$supertypes$3$resultWithoutCycles$2
instanceKlass org/jetbrains/kotlin/types/AbstractTypeConstructor$supertypes$3$resultWithoutCycles$1
instanceKlass org/jetbrains/kotlin/types/typeUtil/TypeUtilsKt$containsTypeAliasParameters$1
instanceKlass org/jetbrains/kotlin/resolve/lazy/descriptors/LazyAnnotationDescriptor$allValueArguments$2
instanceKlass org/jetbrains/kotlin/resolve/lazy/descriptors/LazyAnnotationDescriptor$valueArgumentsWithSourceInfo$2
instanceKlass org/jetbrains/kotlin/resolve/lazy/descriptors/LazyAnnotationDescriptor$type$3
instanceKlass org/jetbrains/kotlin/resolve/lazy/descriptors/LazyAnnotationDescriptor$type$2
instanceKlass org/jetbrains/kotlin/storage/LockBasedLazyResolveStorageManager$LockProtectedTrace$get$1
instanceKlass org/jetbrains/kotlin/resolve/TypeResolver$classifierDescriptorsFromInnerToOuter$2
instanceKlass org/jetbrains/kotlin/resolve/TypeResolver$classifierDescriptorsFromInnerToOuter$1
instanceKlass org/jetbrains/kotlin/load/java/lazy/descriptors/LazyJavaClassDescriptor$declaredParameters$1
instanceKlass org/jetbrains/kotlin/load/java/lazy/descriptors/LazyJavaClassDescriptor$scopeHolder$1
instanceKlass org/jetbrains/kotlin/load/java/lazy/descriptors/LazyJavaClassMemberScope$nestedClasses$1
instanceKlass org/jetbrains/kotlin/load/java/lazy/descriptors/LazyJavaClassMemberScope$enumEntryIndex$1
instanceKlass org/jetbrains/kotlin/load/java/lazy/descriptors/LazyJavaClassMemberScope$generatedNestedClassNames$1
instanceKlass org/jetbrains/kotlin/load/java/lazy/descriptors/LazyJavaClassMemberScope$nestedClassIndex$1
instanceKlass org/jetbrains/kotlin/load/java/lazy/descriptors/LazyJavaClassMemberScope$constructors$1
instanceKlass org/jetbrains/kotlin/load/java/lazy/descriptors/LazyJavaClassDescriptor$LazyJavaClassTypeConstructor$parameters$1
instanceKlass org/jetbrains/kotlin/load/java/lazy/descriptors/LazyJavaClassDescriptor$moduleAnnotations$2
instanceKlass org/jetbrains/kotlin/load/java/lazy/LazyJavaTypeParameterResolver$resolve$1
instanceKlass org/jetbrains/kotlin/load/java/structure/impl/classFiles/BinaryJavaAnnotationVisitor$1
instanceKlass org/jetbrains/kotlin/load/java/structure/impl/classFiles/BinaryJavaAnnotation$classifierResolutionResult$2
instanceKlass org/jetbrains/kotlin/load/java/structure/impl/classFiles/BinaryClassSignatureParser$parseParameterizedClassRefSignature$1
instanceKlass org/jetbrains/kotlin/load/java/structure/impl/classFiles/BinaryJavaClass$convertInternalNameToClassifierType$1
instanceKlass org/jetbrains/kotlin/cli/jvm/compiler/KotlinCliJavaFileManagerImpl$findClass$$inlined$getOrPut$lambda$1
instanceKlass org/jetbrains/kotlin/load/kotlin/VirtualFileKotlinClass$Factory$create$1$kotlinJvmBinaryClass$1
instanceKlass org/jetbrains/kotlin/load/kotlin/VirtualFileKotlinClass$Factory$create$1
instanceKlass org/jetbrains/kotlin/cli/jvm/compiler/KotlinCliJavaFileManagerImpl$findVirtualFileForTopLevelClass$$inlined$getOrPut$lambda$1
instanceKlass org/jetbrains/kotlin/cli/jvm/compiler/CliVirtualFileFinder$findBinaryOrSigClass$1
instanceKlass org/jetbrains/kotlin/cli/jvm/compiler/KotlinCliJavaFileManagerImpl$knownClassNamesInPackage$1
instanceKlass org/jetbrains/kotlin/resolve/jvm/multiplatform/OptionalAnnotationPackageFragmentProvider$packages$2$1$classDescriptors$1
instanceKlass org/jetbrains/kotlin/resolve/jvm/multiplatform/OptionalAnnotationPackageFragmentProvider$packages$2$1$components$1
instanceKlass org/jetbrains/kotlin/cli/jvm/index/JvmDependenciesDynamicCompoundIndex$findClass$$inlined$read$lambda$1
instanceKlass org/jetbrains/kotlin/cli/jvm/compiler/CliVirtualFileFinder$findClass$1
instanceKlass org/jetbrains/kotlin/load/java/lazy/descriptors/LazyJavaPackageFragment$partToFacade$2
instanceKlass org/jetbrains/kotlin/load/java/lazy/LazyJavaAnnotations$annotationDescriptors$1
instanceKlass org/jetbrains/kotlin/load/java/lazy/descriptors/LazyJavaPackageFragment$subPackages$1
instanceKlass org/jetbrains/kotlin/load/java/lazy/descriptors/JvmPackageScope$kotlinScopes$2
instanceKlass org/jetbrains/kotlin/load/java/lazy/descriptors/LazyJavaPackageScope$classes$1
instanceKlass org/jetbrains/kotlin/load/java/lazy/descriptors/LazyJavaPackageScope$knownClassNamesInPackage$1
instanceKlass org/jetbrains/kotlin/load/java/lazy/descriptors/LazyJavaScope$properties$1
instanceKlass org/jetbrains/kotlin/load/java/lazy/descriptors/LazyJavaScope$classNamesLazy$2
instanceKlass org/jetbrains/kotlin/load/java/lazy/descriptors/LazyJavaScope$propertyNamesLazy$2
instanceKlass org/jetbrains/kotlin/load/java/lazy/descriptors/LazyJavaScope$functionNamesLazy$2
instanceKlass org/jetbrains/kotlin/load/java/lazy/descriptors/LazyJavaScope$functions$1
instanceKlass org/jetbrains/kotlin/load/java/lazy/descriptors/LazyJavaScope$declaredField$1
instanceKlass org/jetbrains/kotlin/load/java/lazy/descriptors/LazyJavaScope$declaredFunctions$1
instanceKlass org/jetbrains/kotlin/load/java/lazy/descriptors/LazyJavaScope$declaredMemberIndex$1
instanceKlass org/jetbrains/kotlin/load/java/lazy/descriptors/LazyJavaScope$allDescriptors$1
instanceKlass org/jetbrains/kotlin/load/java/lazy/descriptors/LazyJavaPackageFragment$binaryClasses$2
instanceKlass org/jetbrains/kotlin/load/java/lazy/ContextKt$childForClassOrPackage$1
instanceKlass org/jetbrains/kotlin/load/java/lazy/LazyJavaPackageFragmentProvider$getPackageFragment$1
instanceKlass org/jetbrains/kotlin/resolve/QualifiedExpressionResolver$processSingleImport$1
instanceKlass org/jetbrains/kotlin/load/java/structure/JavaElementsKt$buildLazyValueForMap$1
instanceKlass org/jetbrains/kotlin/cli/jvm/index/JvmDependenciesIndexImpl$traverseDirectoriesInPackage$1
instanceKlass org/jetbrains/kotlin/cli/jvm/compiler/KotlinCliJavaFileManagerImpl$findPackage$1
instanceKlass org/jetbrains/kotlin/cli/jvm/compiler/KotlinCliJavaFileManagerImplKt$toSafeFqName$1
instanceKlass org/jetbrains/kotlin/resolve/lazy/LazyImportScope$getClassifier$1
instanceKlass org/jetbrains/kotlin/resolve/lazy/FileScopeFactory$currentPackageScope$names$2
instanceKlass org/jetbrains/kotlin/resolve/TypeResolver$resolveTypeElement$suspendModifier$2
instanceKlass org/jetbrains/kotlin/resolve/lazy/descriptors/ClassResolutionScopesSupport$scopeWithGenerics$1
instanceKlass org/jetbrains/kotlin/resolve/lazy/FileScopeFactory$FilesScopesBuilder$lazyImportingScope$1$parent$2
instanceKlass org/jetbrains/kotlin/resolve/lazy/LazyImportResolverForKtImportDirective$forceResolveNonDefaultImportsTask$1
instanceKlass org/jetbrains/kotlin/resolve/lazy/LazyImportResolverForKtImportDirective$forceResolveImportDirective$1
instanceKlass org/jetbrains/kotlin/resolve/lazy/LazyImportResolver$allNames$2
instanceKlass org/jetbrains/kotlin/resolve/lazy/LazyImportResolver$importedScopesProvider$1$1
instanceKlass org/jetbrains/kotlin/resolve/lazy/ExplicitImportsIndexed$nameToDirectives$1
instanceKlass org/jetbrains/kotlin/resolve/lazy/descriptors/LazyClassMemberScope$secondaryConstructors$1
instanceKlass org/jetbrains/kotlin/resolve/lazy/descriptors/LazyClassMemberScope$primaryConstructor$1
instanceKlass org/jetbrains/kotlin/resolve/lazy/descriptors/LazyClassMemberScope$_allNames$2
instanceKlass org/jetbrains/kotlin/resolve/lazy/descriptors/LazyClassMemberScope$_classifierNames$2
instanceKlass org/jetbrains/kotlin/resolve/lazy/descriptors/LazyClassMemberScope$_functionNames$2
instanceKlass org/jetbrains/kotlin/resolve/lazy/descriptors/LazyClassMemberScope$_variableNames$2
instanceKlass org/jetbrains/kotlin/resolve/lazy/descriptors/LazyClassMemberScope$supertypes$2
instanceKlass org/jetbrains/kotlin/resolve/lazy/descriptors/LazyClassMemberScope$allClassifierDescriptors$1
instanceKlass org/jetbrains/kotlin/resolve/lazy/descriptors/LazyClassMemberScope$allDescriptors$1
instanceKlass org/jetbrains/kotlin/psi/psiUtil/KtPsiUtilKt$getTopmostParentQualifiedExpressionForSelector$1
instanceKlass org/jetbrains/kotlin/resolve/jvm/checkers/JvmSimpleNameBacktickChecker$checkIdentifier$1
instanceKlass org/jetbrains/kotlin/storage/LockBasedLazyResolveStorageManager$LockProtectedContext$get$1
instanceKlass org/jetbrains/kotlin/resolve/lazy/descriptors/ClassResolutionScopesSupport$scopeForStaticMemberDeclarationResolution$1
instanceKlass org/jetbrains/kotlin/resolve/lazy/descriptors/ClassResolutionScopesSupport$scopeForMemberDeclarationResolution$1
instanceKlass org/jetbrains/kotlin/resolve/lazy/descriptors/ClassResolutionScopesSupport$scopeForCompanionObjectHeaderResolution$1
instanceKlass org/jetbrains/kotlin/resolve/lazy/descriptors/ClassResolutionScopesSupport$inheritanceScopeWithMe$1
instanceKlass org/jetbrains/kotlin/resolve/lazy/descriptors/ClassResolutionScopesSupport$inheritanceScopeWithoutMe$1
instanceKlass org/jetbrains/kotlin/resolve/lazy/descriptors/ClassResolutionScopesSupport$scopeForConstructorHeaderResolution$1
instanceKlass org/jetbrains/kotlin/resolve/lazy/descriptors/ClassResolutionScopesSupport$scopeForClassHeaderResolution$1
instanceKlass org/jetbrains/kotlin/resolve/lazy/descriptors/ClassResolutionScopesSupport$Companion$createErrorLexicalScope$1
instanceKlass org/jetbrains/kotlin/resolve/lazy/descriptors/LazyAnnotations$annotation$1
instanceKlass org/jetbrains/kotlin/storage/LockBasedLazyResolveStorageManager$LockProtectedTrace$record$1
instanceKlass org/jetbrains/kotlin/resolve/lazy/descriptors/AbstractLazyMemberScope$declaredPropertyDescriptors$1
instanceKlass org/jetbrains/kotlin/resolve/lazy/descriptors/AbstractLazyMemberScope$declaredFunctionDescriptors$1
instanceKlass org/jetbrains/kotlin/resolve/lazy/descriptors/AbstractLazyMemberScope$typeAliasDescriptors$2
instanceKlass org/jetbrains/kotlin/resolve/lazy/descriptors/AbstractLazyMemberScope$typeAliasDescriptors$1
instanceKlass org/jetbrains/kotlin/resolve/lazy/descriptors/AbstractLazyMemberScope$propertyDescriptors$1
instanceKlass org/jetbrains/kotlin/resolve/lazy/descriptors/AbstractLazyMemberScope$functionDescriptors$1
instanceKlass org/jetbrains/kotlin/resolve/lazy/descriptors/AbstractLazyMemberScope$classDescriptors$1
instanceKlass org/jetbrains/kotlin/resolve/lazy/declarations/FileBasedPackageMemberDeclarationProvider$allDeclaredSubPackages$1
instanceKlass org/jetbrains/kotlin/resolve/lazy/declarations/AbstractPsiBasedDeclarationProvider$index$1
instanceKlass org/jetbrains/kotlin/incremental/KotlinLookupLocation$cachedLocation$2
instanceKlass org/jetbrains/kotlin/cli/jvm/compiler/TopDownAnalyzerFacadeForJVM$analyzeFilesWithJavaIntegration$2
instanceKlass org/jetbrains/kotlin/cli/jvm/compiler/TopDownAnalyzerFacadeForJVMKt$jvmFactories$1
instanceKlass org/jetbrains/kotlin/resolve/calls/results/FlatSignatureForResolvedCallKt$createOverloadingConflictResolver$5
instanceKlass org/jetbrains/kotlin/resolve/calls/results/FlatSignatureForResolvedCallKt$createOverloadingConflictResolver$4
instanceKlass org/jetbrains/kotlin/resolve/jvm/multiplatform/OptionalAnnotationPackageFragmentProvider$packages$2
instanceKlass org/jetbrains/kotlin/serialization/deserialization/AbstractDeserializedPackageFragmentProvider$fragments$1
instanceKlass org/jetbrains/kotlin/load/kotlin/AbstractBinaryClassAnnotationAndConstantLoader$storage$1
instanceKlass org/jetbrains/kotlin/types/TypeParameterUpperBoundEraser$getErasedUpperBound$1
instanceKlass org/jetbrains/kotlin/types/TypeParameterUpperBoundEraser$erroneousErasedBound$2
instanceKlass org/jetbrains/kotlin/idea/MainFunctionDetector$1
instanceKlass org/jetbrains/kotlin/resolve/calls/components/NewOverloadingConflictResolver$6
instanceKlass org/jetbrains/kotlin/resolve/calls/components/NewOverloadingConflictResolver$5
instanceKlass org/jetbrains/kotlin/resolve/calls/components/NewOverloadingConflictResolver$4
instanceKlass org/jetbrains/kotlin/resolve/calls/components/NewOverloadingConflictResolver$2
instanceKlass org/jetbrains/kotlin/resolve/calls/components/NewOverloadingConflictResolver$1
instanceKlass org/jetbrains/kotlin/resolve/MissingSupertypesResolver$missingClassifiers$1
instanceKlass org/jetbrains/kotlin/resolve/calls/results/OverloadingConflictResolver$isTypeRefinementEnabled$2
instanceKlass org/jetbrains/kotlin/resolve/calls/components/CallableReferenceOverloadConflictResolver$5
instanceKlass org/jetbrains/kotlin/resolve/calls/components/CallableReferenceOverloadConflictResolver$4
instanceKlass org/jetbrains/kotlin/resolve/calls/components/CallableReferenceOverloadConflictResolver$2
instanceKlass org/jetbrains/kotlin/resolve/calls/components/CallableReferenceOverloadConflictResolver$1
instanceKlass org/jetbrains/kotlin/resolve/calls/tasks/DynamicCallableDescriptors$dynamicType$2
instanceKlass org/jetbrains/kotlin/resolve/lazy/FileScopeProviderImpl$cache$1
instanceKlass org/jetbrains/kotlin/resolve/lazy/FileScopeFactory$defaultImportResolvers$2
instanceKlass org/jetbrains/kotlin/resolve/scopes/GivenFunctionsMemberScope$allDescriptors$2
instanceKlass org/jetbrains/kotlin/serialization/deserialization/descriptors/DeserializedClassDescriptor$DeserializedClassMemberScope$refinedSupertypes$1
instanceKlass org/jetbrains/kotlin/serialization/deserialization/descriptors/DeserializedClassDescriptor$DeserializedClassMemberScope$allDescriptors$1
instanceKlass org/jetbrains/kotlin/serialization/deserialization/descriptors/DeserializedClassDescriptor$DeserializedClassMemberScope$2$1
instanceKlass org/jetbrains/kotlin/serialization/deserialization/descriptors/DeserializedClassDescriptor$EnumEntryClassDescriptors$enumMemberNames$1
instanceKlass org/jetbrains/kotlin/serialization/deserialization/descriptors/DeserializedClassDescriptor$EnumEntryClassDescriptors$enumEntryByName$1
instanceKlass org/jetbrains/kotlin/resolve/scopes/StaticScopeForKotlinEnum$properties$2
instanceKlass org/jetbrains/kotlin/resolve/scopes/StaticScopeForKotlinEnum$functions$2
instanceKlass org/jetbrains/kotlin/serialization/deserialization/descriptors/DeserializedClassDescriptor$annotations$1
instanceKlass org/jetbrains/kotlin/serialization/deserialization/descriptors/DeserializedTypeParameterDescriptor$annotations$1
instanceKlass org/jetbrains/kotlin/serialization/deserialization/descriptors/DeserializedClassDescriptor$valueClassRepresentation$1
instanceKlass org/jetbrains/kotlin/serialization/deserialization/descriptors/DeserializedClassDescriptor$sealedSubclasses$1
instanceKlass org/jetbrains/kotlin/serialization/deserialization/descriptors/DeserializedClassDescriptor$companionObjectDescriptor$1
instanceKlass org/jetbrains/kotlin/serialization/deserialization/descriptors/DeserializedClassDescriptor$constructors$1
instanceKlass org/jetbrains/kotlin/serialization/deserialization/descriptors/DeserializedClassDescriptor$primaryConstructor$1
instanceKlass org/jetbrains/kotlin/descriptors/ScopesHolderForClass$scopeForOwnerModule$2
instanceKlass org/jetbrains/kotlin/serialization/deserialization/descriptors/DeserializedClassDescriptor$DeserializedClassTypeConstructor$parameters$1
instanceKlass org/jetbrains/kotlin/resolve/scopes/MemberScope$Companion$ALL_NAME_FILTER$1
instanceKlass org/jetbrains/kotlin/resolve/scopes/LazyScopeAdapter$lazyScope$1
instanceKlass org/jetbrains/kotlin/descriptors/impl/LazyPackageViewDescriptorImpl$memberScope$1
instanceKlass org/jetbrains/kotlin/descriptors/impl/LazyPackageViewDescriptorImpl$empty$2
instanceKlass org/jetbrains/kotlin/descriptors/impl/LazyPackageViewDescriptorImpl$fragments$2
instanceKlass org/jetbrains/kotlin/resolve/checkers/OptInUsageChecker$Companion$getDefaultDiagnosticMessage$1
instanceKlass org/jetbrains/kotlin/resolve/scopes/synthetic/FunInterfaceConstructorsSyntheticScope$samConstructorForClassifier$1
instanceKlass org/jetbrains/kotlin/synthetic/SamAdapterFunctionsScope$samConstructorForTypeAliasConstructor$1
instanceKlass org/jetbrains/kotlin/synthetic/SamAdapterFunctionsScope$samConstructorForJavaConstructor$1
instanceKlass org/jetbrains/kotlin/synthetic/SamAdapterFunctionsScope$samConstructorForClassifier$1
instanceKlass org/jetbrains/kotlin/synthetic/SamAdapterFunctionsScope$samAdapterForStaticFunction$1
instanceKlass org/jetbrains/kotlin/synthetic/SamAdapterFunctionsScope$extensionForFunction$1
instanceKlass org/jetbrains/kotlin/synthetic/JavaSyntheticPropertiesScope$syntheticPropertyInClass$1
instanceKlass org/jetbrains/kotlin/resolve/deprecation/DeprecationResolver$isHiddenBecauseOfKotlinVersionAccessibility$1
instanceKlass org/jetbrains/kotlin/resolve/deprecation/DeprecationResolver$deprecations$1
instanceKlass org/jetbrains/kotlin/resolve/jvm/checkers/JvmReflectionAPICallChecker$isWholeReflectionApiAvailable$2
instanceKlass org/jetbrains/kotlin/resolve/calls/checkers/AbstractReflectionApiCallChecker$kClass$2
instanceKlass org/jetbrains/kotlin/resolve/calls/checkers/AbstractReflectionApiCallChecker$kPropertyClasses$2
instanceKlass org/jetbrains/kotlin/builtins/ReflectionTypes$kotlinReflectScope$2
instanceKlass org/jetbrains/kotlin/container/SingletonDescriptor$disposableObjects$2
instanceKlass org/jetbrains/kotlin/frontend/java/di/InjectionKt$createContainerForLazyResolveWithJava$1
instanceKlass org/jetbrains/kotlin/container/CacheKt$getRegistrations$superClasses$1
instanceKlass org/jetbrains/kotlin/container/StorageComponentContainer$unknownContext$2
instanceKlass org/jetbrains/kotlin/resolve/PlatformConfiguratorBase$platformSpecificContainer$1
instanceKlass org/jetbrains/kotlin/resolve/PlatformDependentAnalyzerServices$defaultImports$1$1
instanceKlass org/jetbrains/kotlin/cli/jvm/compiler/JvmPackagePartProviderKt$tryLoadModuleMapping$1
instanceKlass org/jetbrains/kotlin/cli/jvm/compiler/JvmPackagePartProvider$addRoots$1
instanceKlass org/jetbrains/kotlin/cli/jvm/compiler/TopDownAnalyzerFacadeForJVM$createContainer$1
instanceKlass org/jetbrains/kotlin/builtins/jvm/JvmBuiltIns$initialize$1
instanceKlass org/jetbrains/kotlin/builtins/jvm/JvmBuiltInsCustomizer$notConsideredDeprecation$2
instanceKlass org/jetbrains/kotlin/builtins/jvm/JvmBuiltInsCustomizer$cloneableType$2
instanceKlass org/jetbrains/kotlin/types/KotlinTypeFactory$EMPTY_REFINED_TYPE_FACTORY$1
instanceKlass org/jetbrains/kotlin/serialization/deserialization/descriptors/DeserializedMemberScope$classifierNamesLazy$2
instanceKlass org/jetbrains/kotlin/serialization/deserialization/descriptors/DeserializedMemberScope$classNames$2
instanceKlass org/jetbrains/kotlin/serialization/deserialization/descriptors/DeserializedMemberScope$OptimizedImplementation$variableNames$2
instanceKlass org/jetbrains/kotlin/serialization/deserialization/descriptors/DeserializedMemberScope$OptimizedImplementation$functionNames$2
instanceKlass org/jetbrains/kotlin/serialization/deserialization/descriptors/DeserializedMemberScope$OptimizedImplementation$typeAliasByName$1
instanceKlass org/jetbrains/kotlin/serialization/deserialization/descriptors/DeserializedMemberScope$OptimizedImplementation$properties$1
instanceKlass org/jetbrains/kotlin/serialization/deserialization/descriptors/DeserializedMemberScope$OptimizedImplementation$functions$1
instanceKlass org/jetbrains/kotlin/serialization/deserialization/TypeDeserializer$typeAliasDescriptors$1
instanceKlass org/jetbrains/kotlin/serialization/deserialization/TypeDeserializer$classifierDescriptors$1
instanceKlass org/jetbrains/kotlin/serialization/deserialization/DeserializedPackageFragmentImpl$initialize$1
instanceKlass org/jetbrains/kotlin/serialization/deserialization/ClassDeserializer$classes$1
instanceKlass org/jetbrains/kotlin/descriptors/NotFoundClasses$classes$1
instanceKlass org/jetbrains/kotlin/descriptors/NotFoundClasses$packageFragments$1
instanceKlass org/jetbrains/kotlin/serialization/deserialization/DeserializedPackageFragmentImpl$classDataFinder$1
instanceKlass org/jetbrains/kotlin/types/AbstractTypeConstructor$supertypes$3
instanceKlass org/jetbrains/kotlin/types/AbstractTypeConstructor$supertypes$2
instanceKlass org/jetbrains/kotlin/types/AbstractTypeConstructor$supertypes$1
instanceKlass org/jetbrains/kotlin/builtins/jvm/JvmBuiltInsCustomizer$createMockJavaIoSerializableType$superTypes$1
instanceKlass org/jetbrains/kotlin/renderer/DescriptorRenderer$Companion$HTML$1
instanceKlass org/jetbrains/kotlin/renderer/DescriptorRenderer$Companion$DEBUG_TEXT$1
instanceKlass org/jetbrains/kotlin/renderer/DescriptorRenderer$Companion$SHORT_NAMES_IN_TYPES$1
instanceKlass org/jetbrains/kotlin/renderer/DescriptorRenderer$Companion$FQ_NAMES_IN_TYPES_WITH_ANNOTATIONS$1
instanceKlass org/jetbrains/kotlin/renderer/DescriptorRenderer$Companion$FQ_NAMES_IN_TYPES$1
instanceKlass org/jetbrains/kotlin/renderer/DescriptorRenderer$Companion$ONLY_NAMES_WITH_SHORT_TYPES$1
instanceKlass org/jetbrains/kotlin/renderer/DescriptorRenderer$Companion$COMPACT_WITH_SHORT_TYPES$1
instanceKlass org/jetbrains/kotlin/renderer/DescriptorRenderer$Companion$COMPACT_WITHOUT_SUPERTYPES$1
instanceKlass org/jetbrains/kotlin/renderer/DescriptorRenderer$Companion$COMPACT$1
instanceKlass org/jetbrains/kotlin/renderer/DescriptorRendererImpl$functionTypeAnnotationsRenderer$2
instanceKlass org/jetbrains/kotlin/renderer/DescriptorRendererOptionsImpl$defaultParameterValueRenderer$2
instanceKlass org/jetbrains/kotlin/renderer/DescriptorRendererOptionsImpl$typeNormalizer$2
instanceKlass org/jetbrains/kotlin/renderer/DescriptorRenderer$Companion$COMPACT_WITH_MODIFIERS$1
instanceKlass org/jetbrains/kotlin/builtins/jvm/JvmBuiltIns$customizer$2$1
instanceKlass org/jetbrains/kotlin/builtins/jvm/JvmBuiltInClassDescriptorFactory$cloneable$2
instanceKlass org/jetbrains/kotlin/builtins/jvm/JvmBuiltInClassDescriptorFactory$1
instanceKlass org/jetbrains/kotlin/builtins/BuiltInsLoader$Companion$Instance$2
instanceKlass org/jetbrains/kotlin/descriptors/impl/ModuleDescriptorImpl$packageFragmentProviderForWholeModuleWithDependencies$2
instanceKlass org/jetbrains/kotlin/descriptors/impl/ModuleDescriptorImpl$packages$1
instanceKlass org/jetbrains/kotlin/builtins/jvm/JvmBuiltIns$customizer$2
instanceKlass org/jetbrains/kotlin/context/ContextKt$GlobalContext$2
instanceKlass org/jetbrains/kotlin/resolve/diagnostics/KotlinSuppressCache$filter$1
instanceKlass org/jetbrains/kotlin/util/ExtensionProvider$1
instanceKlass org/jetbrains/kotlin/cli/jvm/compiler/KotlinToJVMBytecodeCompiler$analyze$1
instanceKlass org/jetbrains/kotlin/cli/jvm/compiler/KotlinCoreEnvironment$6
instanceKlass org/jetbrains/kotlin/cli/jvm/modules/CliJavaModuleResolver$virtualFileFinder$2
instanceKlass org/jetbrains/kotlin/cli/jvm/index/JvmDependenciesDynamicCompoundIndex$indexedRoots$1
instanceKlass org/jetbrains/kotlin/cli/jvm/index/JvmDependenciesIndexImpl$packageCache$2
instanceKlass org/jetbrains/kotlin/cli/jvm/index/JvmDependenciesIndexImpl$indexedRoots$2
instanceKlass org/jetbrains/kotlin/cli/jvm/index/JvmDependenciesIndexImpl$rootCache$2
instanceKlass org/jetbrains/kotlin/cli/jvm/index/JvmDependenciesIndexImpl$roots$2
instanceKlass org/jetbrains/kotlin/cli/jvm/modules/CliJavaModuleFinder$listFoldersForRelease$2
instanceKlass org/jetbrains/kotlin/cli/jvm/modules/CliJavaModuleFinder$nonModuleRoot$2
instanceKlass org/jetbrains/kotlin/cli/jvm/modules/CliJavaModuleFinder$ctSymModules$2
instanceKlass org/jetbrains/kotlin/cli/jvm/modules/CliJavaModuleFinder$compilationJdkVersion$2
instanceKlass org/jetbrains/kotlin/cli/jvm/modules/CliJavaModuleFinder$ctSymRootFolder$2
instanceKlass org/jetbrains/kotlin/cli/jvm/modules/CliJavaModuleFinder$ctSymFile$2
instanceKlass kotlin/reflect/jvm/internal/KPackageImpl$data$1
instanceKlass org/jetbrains/kotlin/extensions/PreprocessedFileCreator$validExts$2
instanceKlass org/jetbrains/kotlin/cli/jvm/compiler/KotlinCoreEnvironment$Companion$registerExtensionsFromPlugins$3
instanceKlass org/jetbrains/kotlin/cli/jvm/compiler/KotlinCoreEnvironment$Companion$registerExtensionsFromPlugins$1
instanceKlass org/jetbrains/kotlin/cli/jvm/compiler/CliLightClassGenerationSupport$ultraLightSupport$2
instanceKlass org/jetbrains/kotlin/cli/jvm/compiler/KotlinCoreEnvironment$Companion$registerApplicationExtensionPointsAndExtensionsFrom$1
instanceKlass org/jetbrains/kotlin/cli/jvm/JvmArgumentsKt$configureStandardLibs$4
instanceKlass org/jetbrains/kotlin/cli/common/CreatePhaseConfigKt$createPhaseConfig$1
instanceKlass org/jetbrains/kotlin/backend/jvm/lower/GenerateMultifileFacadesKt$generateMultifileFacadesPhase$1
instanceKlass org/jetbrains/kotlin/backend/jvm/lower/ScriptLoweringKt$scriptsToClassesPhase$1
instanceKlass org/jetbrains/kotlin/backend/jvm/lower/SerializeIrPhaseKt$serializeIrPhase$1
instanceKlass org/jetbrains/kotlin/backend/jvm/lower/RenameFieldsLoweringKt$renameFieldsPhase$1
instanceKlass org/jetbrains/kotlin/backend/jvm/lower/ReplaceKFunctionInvokeWithFunctionInvokeKt$replaceKFunctionInvokeWithFunctionInvokePhase$1
instanceKlass org/jetbrains/kotlin/backend/jvm/lower/JvmStringConcatenationLoweringKt$jvmStringConcatenationLowering$1
instanceKlass org/jetbrains/kotlin/builtins/PrimitiveType$arrayTypeFqName$2
instanceKlass org/jetbrains/kotlin/builtins/PrimitiveType$typeFqName$2
instanceKlass org/jetbrains/kotlin/backend/jvm/lower/JvmAnnotationImplementationTransformerKt$annotationImplementationPhase$1
instanceKlass org/jetbrains/kotlin/backend/jvm/lower/AnnotationLoweringKt$annotationPhase$1
instanceKlass org/jetbrains/kotlin/backend/jvm/lower/JvmInventNamesForLocalClassesKt$inventNamesForLocalClassesPhase$1
instanceKlass org/jetbrains/kotlin/backend/jvm/JvmLowerKt$kotlinNothingValueExceptionPhase$1
instanceKlass org/jetbrains/kotlin/backend/jvm/JvmLowerKt$initializersCleanupPhase$2
instanceKlass org/jetbrains/kotlin/backend/jvm/JvmLowerKt$initializersCleanupPhase$1
instanceKlass org/jetbrains/kotlin/backend/jvm/JvmLowerKt$innerClassConstructorCallsPhase$1
instanceKlass org/jetbrains/kotlin/backend/jvm/JvmLowerKt$innerClassesMemberBodyPhase$1
instanceKlass org/jetbrains/kotlin/backend/jvm/JvmLowerKt$innerClassesPhase$1
instanceKlass org/jetbrains/kotlin/backend/jvm/JvmLowerKt$defaultArgumentCleanerPhase$1
instanceKlass org/jetbrains/kotlin/backend/jvm/JvmLowerKt$localDeclarationsPhase$1
instanceKlass org/jetbrains/kotlin/backend/jvm/JvmLowerKt$provisionalFunctionExpressionPhase$1
instanceKlass org/jetbrains/kotlin/backend/common/phaser/DumperVerifierKt$makeVerifyAction$1
instanceKlass org/jetbrains/kotlin/backend/common/phaser/DumperVerifierKt$makeDumpAction$1
instanceKlass org/jetbrains/kotlin/backend/common/phaser/CompilerPhaseKt$plus$1
instanceKlass org/jetbrains/kotlin/backend/common/phaser/DumperVerifierKt$dumpToFile$1
instanceKlass org/jetbrains/kotlin/backend/common/phaser/DumperVerifierKt$dumpToStdout$1
instanceKlass org/jetbrains/kotlin/backend/jvm/JvmPhasesKt$codegenPhase$1
instanceKlass org/jetbrains/kotlin/utils/KotlinPathsFromHomeDir$libsWithSources$2
instanceKlass org/jetbrains/kotlin/cli/common/arguments/JavaTypeEnhancementStateParser$parse$1
instanceKlass org/jetbrains/kotlin/load/java/Jsr305Settings$description$2
instanceKlass org/jetbrains/kotlin/load/java/NullabilityAnnotationStatesImpl$cache$1
instanceKlass kotlin/reflect/jvm/internal/KPropertyImpl$Setter$caller$2
instanceKlass kotlin/reflect/jvm/internal/KPropertyImpl$Setter$descriptor$2
instanceKlass kotlin/reflect/jvm/internal/KTypeImpl$arguments$2
instanceKlass kotlin/reflect/jvm/internal/KTypeImpl$classifier$2
instanceKlass kotlin/reflect/jvm/internal/KCallableImpl$_returnType$1$1
instanceKlass kotlin/reflect/jvm/internal/impl/resolve/constants/ConstantValueFactory$createArrayValue$1
instanceKlass kotlin/reflect/jvm/internal/impl/serialization/deserialization/descriptors/DeserializedClassDescriptor$annotations$1
instanceKlass kotlin/reflect/jvm/internal/KFunctionImpl$defaultCaller$2
instanceKlass kotlin/reflect/jvm/internal/KFunctionImpl$caller$2
instanceKlass kotlin/reflect/jvm/internal/KFunctionImpl$descriptor$2
instanceKlass kotlin/reflect/jvm/internal/impl/serialization/deserialization/TypeDeserializer$typeConstructor$notFoundClass$typeParametersCount$2
instanceKlass kotlin/sequences/SequencesKt__SequencesKt$generateSequence$2
instanceKlass kotlin/reflect/jvm/internal/impl/serialization/deserialization/TypeDeserializer$typeConstructor$notFoundClass$typeParametersCount$1
instanceKlass kotlin/reflect/jvm/internal/impl/serialization/deserialization/MemberDeserializer$getReceiverParameterAnnotations$1
instanceKlass kotlin/reflect/jvm/internal/impl/resolve/calls/inference/CapturedTypeConstructorKt$createCapturedIfNeeded$1
instanceKlass kotlin/reflect/jvm/internal/impl/types/StarProjectionImpl$_type$2
instanceKlass kotlin/reflect/jvm/internal/impl/serialization/deserialization/descriptors/DeserializedClassDescriptor$EnumEntryClassDescriptors$enumMemberNames$1
instanceKlass kotlin/reflect/jvm/internal/impl/serialization/deserialization/descriptors/DeserializedClassDescriptor$EnumEntryClassDescriptors$enumEntryByName$1
instanceKlass kotlin/reflect/jvm/internal/impl/resolve/scopes/StaticScopeForKotlinEnum$functions$2
instanceKlass kotlin/reflect/jvm/internal/impl/builtins/jvm/JvmBuiltInsCustomizer$getFunctions$2
instanceKlass kotlin/reflect/jvm/internal/impl/descriptors/runtime/structure/ReflectJavaClass$innerClassNames$2
instanceKlass kotlin/reflect/jvm/internal/impl/descriptors/runtime/structure/ReflectJavaClass$innerClassNames$1
instanceKlass kotlin/reflect/jvm/internal/impl/resolve/scopes/SubstitutingScope$_allDescriptors$2
instanceKlass kotlin/reflect/jvm/internal/impl/serialization/deserialization/descriptors/DeserializedTypeParameterDescriptor$annotations$1
instanceKlass kotlin/reflect/jvm/internal/impl/serialization/deserialization/MemberDeserializer$getPropertyFieldAnnotations$1
instanceKlass kotlin/reflect/jvm/internal/impl/types/KotlinTypeFactory$simpleType$1
instanceKlass kotlin/reflect/jvm/internal/impl/serialization/deserialization/MemberDeserializer$getAnnotations$1
instanceKlass kotlin/reflect/jvm/internal/impl/serialization/deserialization/descriptors/DeserializedMemberScope$OptimizedImplementation$computeDescriptors$1$1
instanceKlass kotlin/reflect/jvm/internal/impl/load/java/typeEnhancement/SignatureEnhancement$SignatureParts$enhance$containsFunctionN$2
instanceKlass kotlin/reflect/jvm/internal/impl/load/java/typeEnhancement/SignatureEnhancement$SignatureParts$computeIndexedQualifiersForOverride$1
instanceKlass kotlin/sequences/SequencesKt___SequencesKt$filterNotNull$1
instanceKlass kotlin/sequences/SequencesKt__SequencesKt$flatten$3
instanceKlass kotlin/sequences/SequencesKt__SequencesKt$flatten$1
instanceKlass kotlin/reflect/jvm/internal/impl/descriptors/runtime/structure/ReflectJavaClass$methods$1
instanceKlass kotlin/reflect/jvm/internal/impl/load/java/lazy/descriptors/ClassDeclaredMemberIndex$methodFilter$1
instanceKlass kotlin/reflect/jvm/internal/impl/load/java/lazy/descriptors/LazyJavaClassMemberScope$computeMemberIndex$1
instanceKlass kotlin/reflect/jvm/internal/impl/serialization/deserialization/DeserializedPackageFragmentImpl$initialize$1
instanceKlass kotlin/reflect/jvm/internal/impl/serialization/deserialization/DeserializedPackageFragmentImpl$classDataFinder$1
instanceKlass kotlin/reflect/jvm/internal/impl/load/java/lazy/descriptors/LazyJavaClassDescriptor$declaredParameters$1
instanceKlass kotlin/reflect/jvm/internal/impl/load/java/lazy/descriptors/LazyJavaClassDescriptor$scopeHolder$1
instanceKlass kotlin/reflect/jvm/internal/impl/load/java/lazy/descriptors/LazyJavaClassMemberScope$nestedClasses$1
instanceKlass kotlin/reflect/jvm/internal/impl/load/java/lazy/descriptors/LazyJavaClassMemberScope$enumEntryIndex$1
instanceKlass kotlin/reflect/jvm/internal/impl/load/java/lazy/descriptors/LazyJavaClassMemberScope$nestedClassIndex$1
instanceKlass kotlin/reflect/jvm/internal/impl/load/java/lazy/descriptors/LazyJavaClassMemberScope$constructors$1
instanceKlass kotlin/reflect/jvm/internal/impl/load/java/lazy/descriptors/LazyJavaClassDescriptor$LazyJavaClassTypeConstructor$parameters$1
instanceKlass kotlin/reflect/jvm/internal/impl/load/java/lazy/descriptors/LazyJavaClassDescriptor$moduleAnnotations$2
instanceKlass kotlin/reflect/jvm/internal/impl/load/java/lazy/LazyJavaTypeParameterResolver$resolve$1
instanceKlass kotlin/reflect/jvm/internal/impl/types/AbstractTypeConstructor$supertypes$3$resultWithoutCycles$2
instanceKlass kotlin/reflect/jvm/internal/impl/types/AbstractTypeConstructor$supertypes$3$resultWithoutCycles$1
instanceKlass kotlin/reflect/jvm/internal/impl/serialization/deserialization/TypeDeserializer$simpleType$annotations$1
instanceKlass kotlin/reflect/jvm/internal/impl/resolve/scopes/MemberScope$Companion$ALL_NAME_FILTER$1
instanceKlass kotlin/reflect/jvm/internal/impl/serialization/deserialization/descriptors/DeserializedClassDescriptor$DeserializedClassMemberScope$refinedSupertypes$1
instanceKlass kotlin/reflect/jvm/internal/impl/serialization/deserialization/descriptors/DeserializedClassDescriptor$DeserializedClassMemberScope$allDescriptors$1
instanceKlass kotlin/reflect/jvm/internal/impl/serialization/deserialization/descriptors/DeserializedMemberScope$classifierNamesLazy$2
instanceKlass kotlin/reflect/jvm/internal/impl/serialization/deserialization/descriptors/DeserializedMemberScope$classNames$2
instanceKlass kotlin/reflect/jvm/internal/impl/serialization/deserialization/descriptors/DeserializedMemberScope$OptimizedImplementation$variableNames$2
instanceKlass kotlin/reflect/jvm/internal/impl/serialization/deserialization/descriptors/DeserializedMemberScope$OptimizedImplementation$functionNames$2
instanceKlass kotlin/reflect/jvm/internal/impl/serialization/deserialization/descriptors/DeserializedMemberScope$OptimizedImplementation$typeAliasByName$1
instanceKlass kotlin/reflect/jvm/internal/impl/serialization/deserialization/descriptors/DeserializedMemberScope$OptimizedImplementation$properties$1
instanceKlass kotlin/reflect/jvm/internal/impl/serialization/deserialization/descriptors/DeserializedMemberScope$OptimizedImplementation$functions$1
instanceKlass kotlin/reflect/jvm/internal/impl/serialization/deserialization/descriptors/DeserializedClassDescriptor$DeserializedClassMemberScope$2$1
instanceKlass kotlin/reflect/jvm/internal/impl/serialization/deserialization/descriptors/DeserializedClassDescriptor$inlineClassRepresentation$1
instanceKlass kotlin/reflect/jvm/internal/impl/serialization/deserialization/descriptors/DeserializedClassDescriptor$sealedSubclasses$1
instanceKlass kotlin/reflect/jvm/internal/impl/serialization/deserialization/descriptors/DeserializedClassDescriptor$companionObjectDescriptor$1
instanceKlass kotlin/reflect/jvm/internal/impl/serialization/deserialization/descriptors/DeserializedClassDescriptor$constructors$1
instanceKlass kotlin/reflect/jvm/internal/impl/serialization/deserialization/descriptors/DeserializedClassDescriptor$primaryConstructor$1
instanceKlass kotlin/reflect/jvm/internal/impl/descriptors/ScopesHolderForClass$scopeForOwnerModule$2
instanceKlass kotlin/reflect/jvm/internal/impl/serialization/deserialization/descriptors/DeserializedClassDescriptor$DeserializedClassTypeConstructor$parameters$1
instanceKlass kotlin/reflect/jvm/internal/impl/serialization/deserialization/TypeDeserializer$typeAliasDescriptors$1
instanceKlass kotlin/reflect/jvm/internal/impl/serialization/deserialization/TypeDeserializer$classifierDescriptors$1
instanceKlass kotlin/collections/CollectionsKt___CollectionsKt$withIndex$1
instanceKlass kotlin/reflect/jvm/internal/impl/load/java/lazy/descriptors/LazyJavaPackageFragment$partToFacade$2
instanceKlass kotlin/reflect/jvm/internal/impl/load/java/lazy/LazyJavaAnnotations$annotationDescriptors$1
instanceKlass kotlin/reflect/jvm/internal/impl/load/java/lazy/descriptors/LazyJavaPackageFragment$subPackages$1
instanceKlass kotlin/reflect/jvm/internal/impl/load/java/lazy/descriptors/JvmPackageScope$kotlinScopes$2
instanceKlass kotlin/reflect/jvm/internal/impl/load/java/lazy/descriptors/LazyJavaPackageScope$classes$1
instanceKlass kotlin/reflect/jvm/internal/impl/load/java/lazy/descriptors/LazyJavaPackageScope$knownClassNamesInPackage$1
instanceKlass kotlin/reflect/jvm/internal/impl/load/java/lazy/descriptors/LazyJavaScope$properties$1
instanceKlass kotlin/reflect/jvm/internal/impl/load/java/lazy/descriptors/LazyJavaScope$classNamesLazy$2
instanceKlass kotlin/reflect/jvm/internal/impl/load/java/lazy/descriptors/LazyJavaScope$propertyNamesLazy$2
instanceKlass kotlin/reflect/jvm/internal/impl/load/java/lazy/descriptors/LazyJavaScope$functionNamesLazy$2
instanceKlass kotlin/reflect/jvm/internal/impl/load/java/lazy/descriptors/LazyJavaScope$functions$1
instanceKlass kotlin/reflect/jvm/internal/impl/load/java/lazy/descriptors/LazyJavaScope$declaredField$1
instanceKlass kotlin/reflect/jvm/internal/impl/load/java/lazy/descriptors/LazyJavaScope$declaredFunctions$1
instanceKlass kotlin/reflect/jvm/internal/impl/load/java/lazy/descriptors/LazyJavaScope$declaredMemberIndex$1
instanceKlass kotlin/reflect/jvm/internal/impl/load/java/lazy/descriptors/LazyJavaScope$allDescriptors$1
instanceKlass kotlin/reflect/jvm/internal/impl/load/java/lazy/descriptors/LazyJavaPackageFragment$binaryClasses$2
instanceKlass kotlin/reflect/jvm/internal/impl/load/java/lazy/ContextKt$childForClassOrPackage$1
instanceKlass kotlin/reflect/jvm/internal/impl/load/java/lazy/LazyJavaPackageFragmentProvider$getPackageFragment$1
instanceKlass kotlin/reflect/jvm/internal/impl/resolve/scopes/LazyScopeAdapter$lazyScope$1
instanceKlass kotlin/reflect/jvm/internal/impl/descriptors/impl/LazyPackageViewDescriptorImpl$memberScope$1
instanceKlass kotlin/reflect/jvm/internal/impl/descriptors/impl/LazyPackageViewDescriptorImpl$empty$2
instanceKlass kotlin/reflect/jvm/internal/impl/descriptors/impl/LazyPackageViewDescriptorImpl$fragments$2
instanceKlass kotlin/reflect/jvm/internal/impl/builtins/jvm/JvmBuiltInClassDescriptorFactory$cloneable$2
instanceKlass kotlin/reflect/jvm/internal/impl/builtins/jvm/JvmBuiltInClassDescriptorFactory$1
instanceKlass kotlin/reflect/jvm/internal/impl/serialization/deserialization/AbstractDeserializedPackageFragmentProvider$fragments$1
instanceKlass kotlin/reflect/jvm/internal/impl/serialization/deserialization/ClassDeserializer$classes$1
instanceKlass kotlin/reflect/jvm/internal/impl/builtins/jvm/JvmBuiltInsCustomizer$notConsideredDeprecation$2
instanceKlass kotlin/reflect/jvm/internal/impl/builtins/jvm/JvmBuiltInsCustomizer$cloneableType$2
instanceKlass kotlin/reflect/jvm/internal/impl/types/KotlinTypeFactory$EMPTY_REFINED_TYPE_FACTORY$1
instanceKlass kotlin/reflect/jvm/internal/impl/types/AbstractTypeConstructor$supertypes$3
instanceKlass kotlin/reflect/jvm/internal/impl/types/AbstractTypeConstructor$supertypes$2
instanceKlass kotlin/reflect/jvm/internal/impl/types/AbstractTypeConstructor$supertypes$1
instanceKlass kotlin/reflect/jvm/internal/impl/builtins/jvm/JvmBuiltInsCustomizer$createMockJavaIoSerializableType$superTypes$1
instanceKlass kotlin/reflect/jvm/internal/impl/renderer/DescriptorRenderer$Companion$HTML$1
instanceKlass kotlin/reflect/jvm/internal/impl/renderer/DescriptorRenderer$Companion$DEBUG_TEXT$1
instanceKlass kotlin/reflect/jvm/internal/impl/renderer/DescriptorRenderer$Companion$SHORT_NAMES_IN_TYPES$1
instanceKlass kotlin/reflect/jvm/internal/impl/renderer/DescriptorRenderer$Companion$FQ_NAMES_IN_TYPES_WITH_ANNOTATIONS$1
instanceKlass kotlin/reflect/jvm/internal/impl/renderer/DescriptorRenderer$Companion$FQ_NAMES_IN_TYPES$1
instanceKlass kotlin/reflect/jvm/internal/impl/renderer/DescriptorRenderer$Companion$ONLY_NAMES_WITH_SHORT_TYPES$1
instanceKlass kotlin/reflect/jvm/internal/impl/renderer/DescriptorRenderer$Companion$COMPACT_WITH_SHORT_TYPES$1
instanceKlass kotlin/reflect/jvm/internal/impl/renderer/DescriptorRenderer$Companion$COMPACT_WITHOUT_SUPERTYPES$1
instanceKlass kotlin/reflect/jvm/internal/impl/renderer/DescriptorRenderer$Companion$COMPACT$1
instanceKlass kotlin/reflect/jvm/internal/impl/renderer/DescriptorRendererImpl$functionTypeAnnotationsRenderer$2
instanceKlass kotlin/reflect/jvm/internal/impl/renderer/DescriptorRendererOptionsImpl$defaultParameterValueRenderer$2
instanceKlass kotlin/reflect/jvm/internal/impl/renderer/DescriptorRendererOptionsImpl$typeNormalizer$2
instanceKlass kotlin/reflect/jvm/internal/impl/renderer/DescriptorRenderer$Companion$COMPACT_WITH_MODIFIERS$1
instanceKlass kotlin/reflect/jvm/internal/impl/builtins/jvm/JvmBuiltIns$customizer$2$1
instanceKlass kotlin/reflect/jvm/internal/impl/load/kotlin/AbstractBinaryClassAnnotationAndConstantLoader$storage$1
instanceKlass kotlin/reflect/jvm/internal/impl/load/java/lazy/types/TypeParameterUpperBoundEraser$getErasedUpperBound$1
instanceKlass kotlin/reflect/jvm/internal/impl/load/java/lazy/types/TypeParameterUpperBoundEraser$erroneousErasedBound$2
instanceKlass kotlin/reflect/jvm/internal/impl/builtins/ReflectionTypes$kotlinReflectScope$2
instanceKlass kotlin/reflect/jvm/internal/impl/load/java/Jsr305Settings$description$2
instanceKlass kotlin/reflect/jvm/internal/impl/load/java/NullabilityAnnotationStatesImpl$cache$1
instanceKlass kotlin/reflect/jvm/internal/impl/descriptors/NotFoundClasses$classes$1
instanceKlass kotlin/reflect/jvm/internal/impl/descriptors/NotFoundClasses$packageFragments$1
instanceKlass kotlin/reflect/jvm/internal/impl/builtins/jvm/JvmBuiltIns$initialize$1
instanceKlass kotlin/reflect/jvm/internal/impl/descriptors/impl/ModuleDescriptorImpl$packageFragmentProviderForWholeModuleWithDependencies$2
instanceKlass kotlin/reflect/jvm/internal/impl/descriptors/impl/ModuleDescriptorImpl$packages$1
instanceKlass kotlin/reflect/jvm/internal/impl/builtins/jvm/JvmBuiltIns$customizer$2
instanceKlass kotlin/reflect/jvm/internal/impl/builtins/PrimitiveType$arrayTypeFqName$2
instanceKlass kotlin/reflect/jvm/internal/impl/builtins/PrimitiveType$typeFqName$2
instanceKlass kotlin/reflect/jvm/internal/KClassImpl$Data$allMembers$2
instanceKlass kotlin/reflect/jvm/internal/KClassImpl$Data$declaredMembers$2
instanceKlass kotlin/reflect/jvm/internal/KClassImpl$Data$allStaticMembers$2
instanceKlass kotlin/reflect/jvm/internal/KClassImpl$Data$allNonStaticMembers$2
instanceKlass kotlin/reflect/jvm/internal/KClassImpl$Data$inheritedStaticMembers$2
instanceKlass kotlin/reflect/jvm/internal/KClassImpl$Data$inheritedNonStaticMembers$2
instanceKlass kotlin/reflect/jvm/internal/KClassImpl$Data$declaredStaticMembers$2
instanceKlass kotlin/reflect/jvm/internal/KClassImpl$Data$declaredNonStaticMembers$2
instanceKlass kotlin/reflect/jvm/internal/KClassImpl$Data$sealedSubclasses$2
instanceKlass kotlin/reflect/jvm/internal/KClassImpl$Data$supertypes$2
instanceKlass kotlin/reflect/jvm/internal/KClassImpl$Data$typeParameters$2
instanceKlass kotlin/reflect/jvm/internal/KClassImpl$Data$objectInstance$2
instanceKlass kotlin/reflect/jvm/internal/KClassImpl$Data$nestedClasses$2
instanceKlass kotlin/reflect/jvm/internal/KClassImpl$Data$constructors$2
instanceKlass kotlin/reflect/jvm/internal/KClassImpl$Data$qualifiedName$2
instanceKlass kotlin/reflect/jvm/internal/KClassImpl$Data$simpleName$2
instanceKlass kotlin/reflect/jvm/internal/KClassImpl$Data$annotations$2
instanceKlass kotlin/reflect/jvm/internal/KClassImpl$Data$descriptor$2
instanceKlass kotlin/reflect/jvm/internal/KDeclarationContainerImpl$Data$moduleData$2
instanceKlass kotlin/sequences/SequencesKt__SequencesKt$generateSequence$1
instanceKlass org/jetbrains/kotlin/cli/common/arguments/PreprocessCommandLineArgumentsKt$expand$1$1
instanceKlass kotlin/reflect/jvm/internal/KMutableProperty1Impl$_setter$1
instanceKlass kotlin/reflect/jvm/internal/KProperty1Impl$delegateSource$1
instanceKlass kotlin/reflect/jvm/internal/KProperty1Impl$_getter$1
instanceKlass kotlin/reflect/jvm/internal/KPropertyImpl$_descriptor$1
instanceKlass kotlin/reflect/jvm/internal/KPropertyImpl$_javaField$1
instanceKlass kotlin/reflect/jvm/internal/KCallableImpl$_typeParameters$1
instanceKlass kotlin/reflect/jvm/internal/KCallableImpl$_returnType$1
instanceKlass kotlin/reflect/jvm/internal/KCallableImpl$_parameters$1
instanceKlass kotlin/reflect/jvm/internal/KCallableImpl$_annotations$1
instanceKlass kotlin/reflect/jvm/internal/KClassImpl$data$1
ciInstanceKlass kotlin/jvm/internal/Lambda 1 1 64 1 7 1 1 7 1 100 1 100 1 1 1 12 10 1 1 12 9 1 1 1 1 1 1 1 1 100 1 1 12 10 1 8 1 100 1 1 12 10 1 1 3 3 3 1 1 3 1 1 1 1 1 1 1 1 1 1 1 1 1 1 1 1
ciInstanceKlass kotlin/reflect/jvm/internal/KClassImpl$data$1 1 1 62 3 3 3 3 3 100 7 100 7 7 9 10 10 10 12 12 12 12 12 1 1 1 1 1 1 1 1 1 1 1 1 1 1 1 1 1 1 1 1 1 1 1 1 1 1 1 1 1 1 1 1 1 1 1 1 1 1 1 1 1 1
ciInstanceKlass kotlin/reflect/jvm/internal/ReflectProperties 1 1 77 8 8 8 8 8 100 100 100 100 100 7 7 7 100 10 10 10 10 10 10 12 12 12 12 12 12 1 1 1 1 1 1 1 1 1 1 1 1 1 1 1 1 1 1 1 1 1 1 1 1 1 1 1 1 1 1 1 1 1 1 1 1 1 1 1 1 1 1 1 1 1 1 1 1 1 1
instanceKlass kotlin/reflect/jvm/internal/ReflectProperties$LazySoftVal
instanceKlass kotlin/reflect/jvm/internal/ReflectProperties$LazyVal
ciInstanceKlass kotlin/reflect/jvm/internal/ReflectProperties$Val 1 1 50 7 100 7 7 9 10 10 10 12 12 12 1 1 1 1 1 1 1 1 1 1 1 1 1 1 1 1 1 1 1 1 1 1 1 1 1 1 1 1 1 1 1 1 1 1 1 1 1 1
staticfield kotlin/reflect/jvm/internal/ReflectProperties$Val NULL_VALUE Ljava/lang/Object; kotlin/reflect/jvm/internal/ReflectProperties$Val$1
ciInstanceKlass kotlin/reflect/jvm/internal/ReflectProperties$LazyVal 1 1 78 8 8 8 8 100 100 100 7 100 7 7 9 9 10 10 10 10 10 10 11 12 12 12 12 12 12 12 12 12 1 1 1 1 1 1 1 1 1 1 1 1 1 1 1 1 1 1 1 1 1 1 1 1 1 1 1 1 1 1 1 1 1 1 1 1 1 1 1 1 1 1 1 1 1 1 1 1
ciInstanceKlass kotlin/reflect/jvm/internal/pcollections/MapEntry 1 1 61 8 100 7 100 7 9 9 10 10 10 10 10 10 10 12 12 12 12 12 12 12 12 1 1 1 1 1 1 1 1 1 1 1 1 1 1 1 1 1 1 1 1 1 1 1 1 1 1 1 1 1 1 1 1 1 1 1 1 1 1
ciInstanceKlass kotlin/properties/ReadOnlyProperty 1 0 34 1 100 1 1 100 1 1 1 1 1 1 3 3 3 1 1 3 1 1 1 1 1 1 1 1 1 1 1 1 1 1 1 1
instanceKlass kotlin/collections/CollectionsKt__CollectionsKt
ciInstanceKlass kotlin/collections/CollectionsKt__CollectionsJVMKt 1 1 218 1 100 1 100 1 1 1 1 1 7 1 12 10 1 8 1 7 1 1 12 10 1 1 1 1 1 1 1 1 1 1 1 8 1 12 10 1 100 1 1 12 10 1 100 1 1 12 11 1 1 12 10 1 1 1 1 12 10 1 1 1 1 7 1 1 12 10 1 7 1 1 12 10 1 1 8 12 10 1 1 1 1 1 8 1 1 12 10 1 8 1 1 1 1 1 1 1 12 10 1 1 12 10 1 1 1 1 1 1 1 8 1 12 10 1 1 1 1 1 1 1 8 1 100 1 12 10 1 1 1 1 8 12 10 1 1 1 1 1 1 12 10 7 1 1 12 10 1 7 1 1 12 10 1 8 1 1 1 1 1 1 100 1 1 12 10 1 12 10 1 100 1 8 1 12 10 1 1 1 12 10 1 8 1 10 1 1 1 1 3 3 3 1 3 1 3 1 1 1 1 1 1 1 1 1 1 1 1 1 1 1 1 1 1 1 1 1
instanceKlass kotlin/collections/CollectionsKt__IterablesKt
ciInstanceKlass kotlin/collections/CollectionsKt__CollectionsKt 1 1 377 1 100 1 100 1 1 1 1 1 8 1 7 1 1 12 10 1 7 1 1 12 10 1 7 1 1 1 1 1 1 7 1 1 12 9 1 7 1 1 1 1 8 1 7 1 12 10 1 7 12 10 1 1 1 1 1 1 7 1 12 10 1 1 1 1 12 10 1 1 1 1 1 1 12 10 1 1 1 100 1 12 10 1 1 1 1 8 1 12 10 1 100 1 1 12 10 1 100 1 1 12 11 1 1 12 10 1 1 1 1 1 1 1 1 1 1 1 1 1 1 1 1 1 8 1 12 10 1 1 12 10 1 1 12 10 1 1 1 1 1 7 1 12 11 1 12 10 1 1 1 1 1 11 1 1 1 1 1 1 1 12 11 1 1 1 1 1 1 1 1 1 1 1 1 1 8 1 100 1 12 11 1 1 1 1 1 1 12 11 1 1 1 1 1 8 1 1 12 10 1 1 12 10 1 1 1 1 1 1 1 1 12 11 1 1 1 1 1 1 12 10 1 100 1 100 1 1 12 10 1 1 1 1 1 1 1 1 1 1 1 12 10 1 1 1 8 1 100 1 1 12 11 1 1 12 10 1 1 1 1 8 1 100 1 12 10 1 12 10 1 1 1 1 1 1 1 1 1 8 1 100 1 12 10 1 1 100 1 100 10 1 8 1 1 12 10 1 12 10 1 8 1 8 1 1 12 10 1 12 10 1 100 1 8 10 1 8 1 8 1 1 1 100 1 8 10 1 1 8 10 1 1 1 1 3 3 3 1 3 1 3 1 1 1 1 1 1 1 1 1 1 1 1 1 1 1 1 1 1 1 1 1 1 1 1 1 1 1 1 1 1 1 1 1 1 1
instanceKlass kotlin/collections/CollectionsKt
ciInstanceKlass kotlin/collections/CollectionsKt___CollectionsKt 1 1 1597 1 100 1 100 1 1 1 1 1 8 1 7 1 1 12 10 1 7 1 1 12 11 1 1 1 1 1 1 1 1 1 1 1 1 1 1 1 1 7 1 12 11 1 7 1 1 12 10 1 1 1 1 1 1 1 1 100 1 1 12 10 1 7 1 1 12 10 1 1 1 1 1 1 1 8 1 1 12 10 1 100 1 1 12 10 1 1 12 11 1 7 1 1 12 11 1 7 1 1 12 11 1 1 12 11 1 1 1 1 1 7 1 1 1 1 1 12 10 1 1 1 1 1 8 1 7 1 12 10 1 1 1 1 1 1 1 1 1 1 1 1 1 12 11 1 1 12 11 1 100 1 12 11 1 12 11 1 1 1 1 1 12 10 1 100 1 8 1 12 10 1 1 12 11 1 8 1 8 1 1 1 1 1 1 1 8 1 8 1 1 1 1 1 1 1 1 1 1 1 12 11 1 1 12 10 1 1 12 10 1 1 1 1 1 1 1 1 1 1 1 11 1 1 1 1 1 12 11 1 12 10 1 1 1 1 1 8 1 12 11 1 1 1 1 1 1 1 1 100 1 1 12 9 1 12 10 1 1 1 8 11 11 1 1 12 10 12 10 1 1 1 1 1 1 12 10 1 1 12 10 1 100 1 8 10 1 1 8 1 8 1 1 1 1 1 1 1 1 7 12 10 1 8 1 1 12 10 1 12 10 1 8 1 1 12 10 10 1 1 12 10 1 1 12 10 12 10 1 1 12 10 1 7 10 1 7 1 12 10 10 1 1 12 10 1 1 1 1 1 1 1 1 1 1 7 1 1 12 10 1 12 10 1 1 1 1 1 1 1 1 1 1 1 1 1 1 11 1 1 1 1 1 1 1 1 1 100 1 12 11 1 1 1 1 1 1 1 1 1 1 1 1 1 1 1 8 1 1 1 1 1 1 1 8 1 1 12 10 1 1 1 1 1 1 1 1 1 1 1 1 1 1 1 1 12 10 1 1 1 1 1 1 1 1 1 1 1 1 1 8 1 100 10 1 1 12 10 1 12 10 1 12 10 1 1 12 11 1 1 1 1 1 1 12 10 1 7 10 12 10 1 1 1 1 1 1 11 11 1 1 1 1 1 1 1 1 1 1 12 10 1 1 12 10 1 1 1 1 1 1 12 11 1 1 1 1 1 1 1 8 1 100 1 12 10 1 100 1 1 12 10 1 1 1 1 100 10 1 1 1 1 1 100 1 1 12 10 1 1 1 1 100 1 1 12 11 1 100 1 7 1 1 12 10 1 1 12 10 12 10 1 1 1 1 1 1 1 1 1 1 1 1 12 10 1 1 1 1 1 1 1 1 1 8 1 12 10 1 1 1 1 1 1 1 1 1 1 11 1 1 100 1 1 1 1 1 12 10 1 1 1 100 1 1 1 1 100 1 1 12 10 1 1 1 100 1 1 1 1 1 12 10 1 1 1 100 1 1 1 1 1 12 10 1 1 1 100 1 1 1 1 1 100 1 1 1 1 1 12 10 1 1 1 100 1 1 1 1 1 12 10 1 1 1 100 1 1 1 1 7 1 12 10 1 100 10 1 100 1 100 1 12 10 1 12 10 1 12 11 1 1 1 1 1 1 1 1 1 8 1 1 1 1 1 1 1 8 1 1 1 1 1 1 1 1 1 1 1 1 8 1 1 1 1 1 1 1 1 1 1 1 1 1 1 1 7 10 12 10 1 1 12 10 1 1 1 1 12 10 1 1 1 1 7 1 1 12 10 1 1 12 10 1 7 10 1 7 10 1 1 12 10 1 1 1 1 1 12 10 1 1 1 1 1 1 1 1 1 1 1 7 1 12 10 1 1 1 1 1 1 1 1 1 1 1 1 1 1 1 1 1 1 1 1 10 12 11 11 1 1 1 1 1 1 1 1 1 1 1 1 1 1 1 1 1 1 1 1 1 1 1 1 1 1 1 100 1 12 10 1 100 1 1 1 1 1 1 1 1 1 1 1 1 1 1 1 1 1 1 1 1 1 1 1 1 1 1 1 1 1 1 1 1 1 1 1 1 1 1 1 1 1 1 1 1 1 1 1 1 1 1 1 1 7 1 7 1 12 10 1 7 1 12 10 1 1 1 12 10 1 1 1 10 10 1 1 1 1 1 1 1 1 8 1 12 10 1 1 1 1 12 10 1 10 1 1 1 1 1 1 1 1 1 1 1 1 1 1 1 1 12 10 1 1 1 1 1 1 1 1 8 1 1 1 1 1 1 1 1 100 1 12 11 1 1 1 1 1 1 1 1 1 1 1 1 12 11 1 1 1 1 1 1 8 1 1 1 1 1 1 1 1 1 10 1 7 1 1 12 10 1 1 1 1 12 10 1 1 1 12 11 1 1 1 1 1 1 1 1 1 1 1 1 1 1 1 1 1 1 1 1 1 1 1 100 1 12 10 1 1 1 1 100 1 12 10 1 1 1 1 1 12 11 1 1 1 1 1 1 1 1 1 1 1 1 1 1 1 1 1 12 10 1 12 10 1 1 1 1 1 1 1 1 1 1 1 1 1 1 1 1 1 1 1 1 1 1 1 1 1 1 1 1 1 1 1 1 1 1 1 1 1 1 1 1 1 1 1 100 1 8 10 1 1 1 1 1 1 1 1 1 1 1 1 1 1 1 1 1 8 1 1 1 1 1 1 1 1 1 1 1 1 1 1 1 1 1 1 1 1 1 1 1 1 1 1 1 1 1 1 1 1 1 1 1 1 1 1 1 1 1 1 1 1 1 1 1 1 1 1 1 1 1 1 1 1 1 1 1 1 1 1 1 1 1 1 1 1 1 1 1 1 1 1 1 1 1 1 1 1 1 1 1 1 100 1 12 10 1 12 10 1 1 1 100 1 12 10 12 10 1 1 1 8 1 12 10 1 12 10 1 1 1 1 1 1 1 12 10 1 1 1 1 12 10 1 1 1 1 1 1 1 1 1 8 1 12 10 1 1 1 1 100 1 1 1 1 12 10 1 1 1 1 100 1 12 10 11 1 1 12 10 1 1 1 1 1 12 10 1 1 1 1 1 12 10 1 1 1 12 10 1 12 10 1 12 10 1 1 12 10 1 1 1 1 12 10 1 1 1 100 1 1 12 10 1 12 10 1 1 12 10 1 1 1 1 1 1 1 1 1 1 1 1 100 12 10 1 12 10 1 1 1 1 1 1 12 10 1 7 1 1 12 10 1 1 1 1 1 1 1 1 1 1 1 1 1 1 1 1 1 1 1 1 1 1 1 1 1 1 1 1 1 1 1 1 1 8 1 8 1 8 1 8 1 8 1 7 1 12 11 1 7 1 1 12 10 1 1 1 1 1 1 1 8 1 7 1 8 1 8 12 10 1 1 1 1 8 1 12 10 1 1 1 12 10 1 1 1 1 1 1 7 10 1 1 1 6 0 1 1 1 1 1 1 1 1 1 1 1 1 1 1 1 1 1 1 1 10 1 1 1 1 3 3 3 1 3 1 3 1 1 1 1 1 1 1 1 1 1 1 1 1 1 1 1 1 1 1 1 1 1 1 1 1 1 1 1 1 1 1 1 1 1 1 1 1 1 1 1 1 1 1 1 1 1
ciInstanceKlass kotlin/collections/CollectionsKt 0 0 34 1 100 1 100 1 1 12 10 1 1 1 1 3 3 3 1 3 1 3 1 1 1 1 1 1 1 1 1 1 1 1 1 1
ciInstanceKlass kotlin/collections/EmptyList 1 1 194 1 7 1 7 1 7 1 100 1 100 1 100 1 1 12 10 1 1 1 1 1 1 1 12 11 1 1 1 1 1 1 1 1 8 1 1 1 1 8 1 7 1 1 12 10 1 1 1 1 8 1 7 11 1 1 1 1 100 1 100 10 1 8 1 1 12 10 1 12 10 1 12 10 12 10 1 12 10 1 1 1 1 1 1 1 1 7 1 1 12 9 1 7 1 1 1 100 1 1 8 1 1 1 8 1 8 1 1 1 1 12 9 1 1 100 1 8 10 1 1 1 1 1 1 1 1 1 1 1 12 10 1 7 12 10 12 10 1 12 10 12 10 1 1 1 1 1 1 8 1 7 1 12 10 1 1 1 12 10 1 10 1 1 5 0 1 1 3 3 3 1 1 3 1 1 1 1 1 1 1 1 1 1 1 1 1 1 1 1 1 1 1 1
staticfield kotlin/collections/EmptyList INSTANCE Lkotlin/collections/EmptyList; kotlin/collections/EmptyList
ciInstanceKlass kotlin/reflect/jvm/internal/impl/name/FqNameUnsafe 1 1 232 8 8 8 8 8 8 8 8 8 8 8 8 8 8 8 8 8 8 8 8 8 8 100 100 100 7 100 7 7 100 100 7 7 7 7 7 7 9 9 9 9 9 9 9 9 10 10 10 10 10 10 10 10 10 10 10 10 10 10 10 10 10 10 10 10 10 10 10 10 10 10 10 10 10 10 10 10 10 12 12 12 12 12 12 12 12 12 12 12 12 12 12 12 12 12 12 12 12 12 12 12 12 12 12 12 12 12 12 12 12 12 12 12 12 1 1 1 1 1 1 1 1 1 1 1 1 1 1 1 1 1 1 1 1 1 1 1 1 1 1 1 1 1 1 1 1 1 1 1 1 1 1 1 1 1 1 1 1 1 1 1 1 1 1 1 1 1 1 1 1 1 1 1 1 1 1 1 1 1 1 1 1 1 1 1 1 1 1 1 1 1 1 1 1 1 1 1 1 1 1 1 1 1 1 1 1 1 1 1 1 1 1 1 1 1 1 1 1 1 1 1 1 1 1 1 1 1 1 1 1 1
staticfield kotlin/reflect/jvm/internal/impl/name/FqNameUnsafe ROOT_NAME Lkotlin/reflect/jvm/internal/impl/name/Name; kotlin/reflect/jvm/internal/impl/name/Name
staticfield kotlin/reflect/jvm/internal/impl/name/FqNameUnsafe SPLIT_BY_DOTS Ljava/util/regex/Pattern; java/util/regex/Pattern
staticfield kotlin/reflect/jvm/internal/impl/name/FqNameUnsafe STRING_TO_NAME Lkotlin/jvm/functions/Function1; kotlin/reflect/jvm/internal/impl/name/FqNameUnsafe$1
ciInstanceKlass kotlin/collections/EmptyMap 1 1 146 1 7 1 7 1 100 1 100 1 100 1 1 12 10 1 1 1 1 1 1 1 12 11 1 1 1 1 1 1 1 1 8 1 1 1 1 1 1 8 1 100 1 1 12 10 1 1 1 1 1 1 1 7 1 1 12 9 1 7 1 1 1 1 1 7 1 12 9 1 7 1 1 12 9 1 1 100 1 8 1 12 10 1 1 1 1 1 1 1 1 12 10 1 100 12 10 1 12 10 1 12 10 1 12 10 1 12 10 1 12 10 1 10 1 1 5 0 1 1 3 3 3 1 1 3 1 1 1 1 1 1 1 1 1 1 1 1 1 1 1 1 1 1 1 1
staticfield kotlin/collections/EmptyMap INSTANCE Lkotlin/collections/EmptyMap; kotlin/collections/EmptyMap
instanceKlass org/jetbrains/kotlin/descriptors/InvalidModuleException
instanceKlass java/nio/file/ClosedFileSystemException
ciInstanceKlass java/lang/IllegalStateException 0 0 35 10 100 12 1 1 1 10 12 1 10 12 1 10 12 1 100 1 1 1 1 5 0 1 1 1 1 1 1 1 1 1 1 1 1
ciInstanceKlass java/lang/AssertionError 0 0 79 10 100 12 1 1 1 10 12 1 10 100 12 1 1 1 10 100 1 100 1 10 12 1 1 10 12 1 10 12 1 10 12 1 10 12 1 10 12 1 10 12 1 10 12 1 1 1 1 5 0 1 1 1 1 1 1 1 1 1 1 100 1 1 1 1 1 1 1 1 1 1 1 1 1 1 1 1 1
ciInstanceKlass java/util/LinkedHashMap$LinkedKeyIterator 1 1 45 9 7 12 1 1 1 10 7 12 1 1 1 10 12 1 1 10 7 12 1 1 1 100 1 1 1 1 1 1 1 1 1 1 1 1 1 1 1 100 1 1 1 1 1
ciInstanceKlass java/util/Collections$SingletonList 1 1 131 10 7 12 1 1 1 9 7 12 1 1 1 10 7 12 1 1 1 10 12 1 1 100 1 100 1 10 8 1 10 12 1 1 10 12 1 8 1 10 12 1 1 10 12 1 11 100 12 1 1 1 100 1 10 10 12 1 1 10 7 12 1 1 1 100 1 100 1 1 1 1 5 0 1 1 1 1 1 1 1 1 1 1 1 1 1 1 1 1 1 1 1 1 1 1 1 1 1 1 1 1 1 1 1 1 1 1 1 1 1 1 1 1 1 1 1 1 1 1 1 1 1 1 1 1 1 1 1 1 1
ciInstanceKlass java/util/LinkedHashMap$LinkedValues 1 1 116 9 7 12 1 1 1 10 7 12 1 1 1 9 7 12 1 1 1 10 12 1 7 1 10 12 1 10 12 1 1 100 1 10 100 12 1 1 1 7 1 10 12 1 1 10 12 1 100 1 10 9 12 1 9 12 1 1 9 100 12 1 1 1 11 100 12 1 1 1 9 12 1 100 1 10 1 1 1 1 1 1 1 1 1 1 1 1 1 1 1 1 1 1 1 1 1 1 1 1 1 1 1 1 1 1 1 1 1 1 1 1 1 1 1 1
ciInstanceKlass java/util/LinkedHashMap$LinkedValueIterator 1 1 46 9 7 12 1 1 1 10 7 12 1 1 1 10 12 1 1 9 7 12 1 1 1 100 1 1 1 1 1 1 1 1 1 1 1 1 1 1 1 1 100 1 1 1 1 1
ciInstanceKlass kotlin/sequences/FlatteningSequence$iterator$1 1 1 124 1 7 1 1 7 1 7 1 100 1 1 1 1 1 12 9 1 12 10 1 7 1 1 12 10 1 7 1 1 12 11 1 12 9 1 1 1 1 1 1 1 1 1 1 12 9 1 1 1 1 1 1 1 1 1 12 10 1 100 10 1 7 1 1 12 10 12 11 1 12 11 1 1 12 10 1 12 10 1 7 1 1 12 11 1 1 1 1 1 100 1 8 1 12 10 1 1 1 1 1 3 3 3 1 1 3 1 1 1 1 1 1 1 1 1 1 1 1 1 1 1 1 1
ciInstanceKlass org/jetbrains/kotlin/name/Name 1 1 153 1 7 1 1 7 1 100 1 1 1 1 1 1 1 1 1 1 12 10 1 12 10 12 9 12 9 1 1 1 1 1 7 1 1 100 1 100 10 1 8 1 1 12 10 1 12 10 1 12 10 1 12 10 12 10 1 1 1 12 10 1 1 12 10 1 1 12 10 1 1 1 12 10 1 1 1 12 10 1 1 1 12 10 1 8 1 12 10 1 1 12 10 1 1 1 1 1 100 1 8 10 1 12 10 12 10 1 1 1 1 12 10 1 1 1 1 12 10 1 1 12 10 1 8 1 8 1 100 8 8 8 8 8 8 8 8 8 8 1 1 12 10 1 100 1 1 1 1 1 1 1 1
ciInstanceKlass org/jetbrains/kotlin/storage/NotNullLazyValue 1 1 50 1 100 1 1 100 1 100 1 1 1 3 3 3 1 1 3 1 1 1 1 1 1 1 1 1 1 1 1 1 1 8 1 1 1 1 1 1 1 1 1 100 1 8 1 1 12 10 1 1
ciInstanceKlass org/jetbrains/kotlin/descriptors/DeclarationDescriptor 1 0 24 1 100 1 100 1 100 1 100 1 1 1 1 1 1 1 1 1 1 1 1 1 1 1
ciInstanceKlass org/jetbrains/kotlin/descriptors/ClassifierDescriptor 1 1 56 1 100 1 100 1 100 1 1 1 1 1 1 1 1 1 12 11 1 1 1 1 1 1 1 1 1 100 1 8 1 1 12 10 1 1 1 8 1 1 1 8 1 1 1 8 1 1 1 8 1 1 1 8 1 1
instanceKlass org/jetbrains/kotlin/types/WrappedType
instanceKlass org/jetbrains/kotlin/types/UnwrappedType
ciInstanceKlass org/jetbrains/kotlin/types/KotlinType 1 1 130 1 7 1 7 1 100 1 100 1 1 1 3 3 3 1 1 3 1 1 1 1 1 1 1 1 1 1 1 1 1 1 1 1 1 1 1 1 1 1 1 1 1 1 1 1 1 1 1 1 1 1 1 1 1 1 1 1 1 1 1 1 1 1 1 12 10 1 1 1 12 10 1 7 1 12 10 1 1 1 1 1 7 1 1 12 10 12 10 12 10 12 10 12 10 1 12 9 12 10 1 1 1 1 7 1 1 12 9 12 10 1 1 12 10 1 1 10 1 1 1 1 1 1 1 1 1 1 1 1
instanceKlass org/jetbrains/kotlin/types/FlexibleType
instanceKlass org/jetbrains/kotlin/types/SimpleType
ciInstanceKlass org/jetbrains/kotlin/types/UnwrappedType 1 1 55 1 7 1 7 1 1 1 3 3 3 1 1 3 1 1 1 1 1 1 1 1 1 1 1 1 1 1 1 1 1 1 1 1 1 12 10 1 1 1 1 1 1 1 12 10 1 1 1 1 1 1 1 1 1
instanceKlass org/jetbrains/kotlin/types/checker/NewCapturedType
instanceKlass org/jetbrains/kotlin/types/AbstractStubType
instanceKlass org/jetbrains/kotlin/resolve/calls/inference/CapturedType
instanceKlass org/jetbrains/kotlin/types/SimpleTypeImpl
instanceKlass org/jetbrains/kotlin/types/DelegatingSimpleType
instanceKlass org/jetbrains/kotlin/types/error/ErrorType
ciInstanceKlass org/jetbrains/kotlin/types/SimpleType 1 1 162 1 7 1 7 1 100 1 100 1 1 1 3 3 3 1 1 3 1 1 1 1 1 1 1 1 1 1 1 1 1 1 1 1 1 1 1 1 1 12 10 1 1 1 1 1 1 1 1 7 12 10 1 1 12 10 1 7 1 1 12 11 1 7 1 1 12 11 1 1 12 11 1 100 1 100 1 8 1 100 1 1 12 9 1 1 12 10 1 8 1 100 1 1 12 10 1 1 12 10 1 12 10 1 1 12 10 1 7 1 12 11 1 100 1 100 1 8 1 100 1 8 1 8 1 100 1 1 12 10 1 12 10 1 8 1 12 10 12 10 1 8 1 7 1 1 12 10 1 1 1 1 1 1 1 1 1 1 1 1 1 1
ciInstanceKlass org/jetbrains/kotlin/descriptors/ModuleDescriptor 1 0 92 1 100 1 100 1 100 1 1 1 3 3 3 1 1 3 1 1 1 1 1 1 1 1 1 1 1 1 1 1 1 1 1 1 1 1 1 1 1 1 1 1 1 1 1 1 1 1 1 1 1 1 1 1 1 1 1 1 1 1 1 1 1 1 1 1 1 1 1 1 100 1 100 1 1 1 1 1 1 1 1 1 1 1 1 1 1 1 1 1 1 1
instanceKlass org/jetbrains/kotlin/storage/LockBasedStorageManager$4
instanceKlass org/jetbrains/kotlin/storage/LockBasedStorageManager$3
ciInstanceKlass org/jetbrains/kotlin/storage/LockBasedStorageManager$LockBasedNotNullLazyValue 1 1 97 1 7 1 1 7 1 100 1 1 7 1 1 1 1 1 1 1 1 1 1 12 10 12 10 1 1 1 1 1 1 1 1 1 1 1 12 10 12 9 1 100 1 8 1 12 10 1 100 1 1 1 1 1 1 7 1 1 12 10 1 8 1 8 1 100 1 100 8 8 8 8 8 1 1 12 10 1 100 1 12 10 1 100 10 1 100 1 1 1 1 1 1 1 1 1 1
staticfield org/jetbrains/kotlin/storage/LockBasedStorageManager$LockBasedNotNullLazyValue $assertionsDisabled Z 1
instanceKlass org/jetbrains/kotlin/descriptors/impl/FieldDescriptorImpl
instanceKlass org/jetbrains/kotlin/descriptors/impl/DeclarationDescriptorImpl
ciInstanceKlass org/jetbrains/kotlin/descriptors/annotations/AnnotatedImpl 1 1 61 1 7 1 7 1 100 1 1 1 1 1 1 1 1 12 10 1 12 10 12 9 1 1 1 1 1 100 1 8 1 8 1 100 1 100 8 8 8 8 1 1 12 10 1 100 1 12 10 1 100 10 1 100 1 1 1 1 1 1 1
instanceKlass org/jetbrains/kotlin/descriptors/impl/AbstractReceiverParameterDescriptor
instanceKlass org/jetbrains/kotlin/descriptors/impl/LazyPackageViewDescriptorImpl
instanceKlass org/jetbrains/kotlin/descriptors/impl/DeclarationDescriptorNonRootImpl
instanceKlass org/jetbrains/kotlin/descriptors/impl/ModuleDescriptorImpl
ciInstanceKlass org/jetbrains/kotlin/descriptors/impl/DeclarationDescriptorImpl 1 1 148 1 7 1 7 1 100 1 1 1 1 1 1 1 1 12 10 1 12 10 12 9 1 1 1 1 1 1 1 100 1 1 1 1 1 1 1 12 10 1 1 1 1 1 1 12 10 1 7 1 7 1 12 10 1 7 1 1 12 9 1 12 10 1 1 12 10 1 8 1 7 1 1 12 10 1 7 1 12 10 1 8 1 7 1 1 12 10 1 7 1 1 12 10 1 8 12 10 1 100 1 8 12 11 1 12 10 1 1 1 1 1 8 1 8 1 100 8 8 8 8 8 8 8 8 1 1 12 10 1 100 1 12 10 1 100 10 1 100 1 1 1 1 1 1 1 1 1
ciInstanceKlass org/jetbrains/kotlin/descriptors/impl/ModuleDescriptorImpl 1 1 498 1 7 1 7 1 100 1 1 1 3 3 3 1 1 3 1 1 1 1 1 1 1 1 1 1 1 1 1 1 1 1 1 1 1 1 1 1 1 1 1 1 1 1 1 1 1 1 1 1 1 1 1 1 1 1 1 1 1 1 1 1 1 1 1 1 1 1 1 1 1 1 1 1 1 1 1 1 1 1 1 1 1 1 1 1 1 1 1 1 1 1 1 1 1 1 1 1 1 1 1 7 1 7 1 1 7 1 7 1 7 1 1 7 1 7 1 7 1 1 1 1 1 1 1 1 1 1 8 1 7 1 1 12 10 8 8 8 1 12 9 1 1 12 10 1 12 10 12 9 12 9 12 9 12 9 1 7 1 12 10 1 100 1 100 12 10 1 8 1 1 12 10 1 12 10 1 12 10 1 12 10 1 7 12 9 1 12 9 1 1 12 10 12 10 1 1 12 9 12 9 12 9 1 12 10 1 7 1 7 1 1 12 11 12 9 10 1 7 1 7 1 1 12 10 12 9 1 1 1 7 1 1 12 10 12 10 12 9 1 100 1 8 12 10 1 8 10 1 7 1 12 10 1 100 1 1 12 10 1 12 9 1 1 12 10 1 7 1 12 11 1 1 1 1 1 8 1 8 1 100 12 10 1 100 1 100 10 1 100 1 1 12 11 1 100 1 12 11 1 1 12 11 1 1 12 10 1 100 1 1 12 11 1 100 1 1 1 1 1 1 1 1 1 1 1 1 1 1 1 1 12 11 1 1 1 12 11 1 1 8 12 10 1 7 1 1 12 11 1 7 1 1 8 12 10 12 11 1 1 7 1 12 11 1 7 1 8 1 7 1 12 9 1 8 1 8 1 8 1 7 1 1 12 10 1 12 10 1 1 1 7 1 12 10 1 12 10 1 1 8 1 7 1 7 1 12 10 1 12 10 12 10 1 1 8 1 12 11 1 1 12 10 12 10 12 11 11 1 12 10 10 1 8 1 12 10 1 8 12 10 1 8 1 8 1 12 10 1 8 1 12 11 1 1 1 12 10 1 1 1 1 12 10 1 1 1 1 1 12 10 1 1 1 1 1 1 1 1 1 1 1 1 1 1 1 1 1 1 1 1 1 1 1 1 1 1 1
ciInstanceKlass org/jetbrains/kotlin/descriptors/annotations/Annotations 1 1 75 1 7 1 1 100 1 100 1 100 1 1 1 3 3 3 1 1 3 1 1 1 1 1 1 1 1 1 1 1 1 1 1 1 1 7 1 100 1 1 1 1 1 1 1 1 1 1 1 1 1 1 1 12 9 12 9 1 1 1 1 1 1 1 1 1 100 1 8 1 1 12 10 1 1
staticfield org/jetbrains/kotlin/descriptors/annotations/Annotations Companion Lorg/jetbrains/kotlin/descriptors/annotations/Annotations$Companion; org/jetbrains/kotlin/descriptors/annotations/Annotations$Companion
ciInstanceKlass org/jetbrains/kotlin/descriptors/annotations/Annotations$Companion 1 1 77 1 7 1 7 1 1 1 3 3 3 1 1 3 1 1 1 1 1 1 1 1 1 1 1 1 1 1 1 7 1 1 7 1 1 1 12 10 1 12 9 1 1 8 1 7 1 1 12 10 1 7 1 1 12 11 1 7 1 12 10 1 1 10 12 9 10 1 1 1 1 1 1 1 1 1 1
staticfield org/jetbrains/kotlin/descriptors/annotations/Annotations$Companion $$INSTANCE Lorg/jetbrains/kotlin/descriptors/annotations/Annotations$Companion; org/jetbrains/kotlin/descriptors/annotations/Annotations$Companion
staticfield org/jetbrains/kotlin/descriptors/annotations/Annotations$Companion EMPTY Lorg/jetbrains/kotlin/descriptors/annotations/Annotations; org/jetbrains/kotlin/descriptors/annotations/Annotations$Companion$EMPTY$1
ciInstanceKlass org/jetbrains/kotlin/descriptors/annotations/Annotations$Companion$EMPTY$1 1 1 96 1 7 1 7 1 100 1 1 100 1 1 3 3 3 1 1 3 1 1 1 1 1 1 1 1 1 1 1 1 1 1 1 7 1 1 1 12 10 1 1 1 1 1 1 8 1 7 1 1 12 10 1 1 1 7 1 1 12 10 1 7 12 11 1 1 8 1 1 1 12 10 1 1 1 1 1 1 12 10 1 12 10 1 100 1 1 1 1 1 1 1 1 1 1 1
ciInstanceKlass org/jetbrains/kotlin/descriptors/ModuleCapability 1 1 51 1 7 1 1 7 1 1 1 3 3 3 1 1 3 1 1 1 1 1 1 1 1 1 1 1 1 1 1 1 8 1 7 1 1 12 10 1 12 10 12 9 1 1 1 1 1 1 1 1 1
instanceKlass org/jetbrains/kotlin/descriptors/impl/AbstractTypeAliasDescriptor
instanceKlass org/jetbrains/kotlin/descriptors/impl/PropertyAccessorDescriptorImpl
instanceKlass org/jetbrains/kotlin/descriptors/impl/AbstractTypeParameterDescriptor
instanceKlass org/jetbrains/kotlin/descriptors/impl/VariableDescriptorImpl
instanceKlass org/jetbrains/kotlin/descriptors/impl/FunctionDescriptorImpl
instanceKlass org/jetbrains/kotlin/descriptors/impl/PackageFragmentDescriptorImpl
ciInstanceKlass org/jetbrains/kotlin/descriptors/impl/DeclarationDescriptorNonRootImpl 1 1 98 1 7 1 7 1 100 1 1 1 1 1 1 1 1 1 1 12 10 1 12 10 12 9 12 9 1 1 1 1 1 1 1 1 1 12 10 1 7 1 1 100 1 1 1 100 12 10 1 8 1 8 1 100 1 100 1 100 8 8 8 8 8 8 8 8 8 1 1 12 10 1 100 1 12 10 1 100 10 1 100 1 1 1 1 1 1 1 1 100 1 8 1 1 12 10 1 1
ciInstanceKlass org/jetbrains/kotlin/descriptors/PackageViewDescriptor 1 0 54 1 100 1 100 1 100 1 1 1 3 3 3 1 1 3 1 1 1 1 1 1 1 1 1 1 1 1 1 1 1 1 1 1 1 1 1 1 1 1 1 1 100 1 1 1 1 1 1 1 1 1 1 1
ciInstanceKlass org/jetbrains/kotlin/types/LazyWrappedType 1 1 104 1 7 1 7 1 1 1 3 3 3 1 1 3 1 1 1 1 1 1 1 1 1 1 1 1 1 1 1 1 1 1 1 1 1 1 1 100 1 1 1 1 1 1 8 1 7 1 1 12 10 8 1 12 10 12 9 12 9 1 7 1 1 12 11 12 9 1 1 7 1 1 12 11 1 7 1 12 11 1 1 8 1 12 10 1 100 12 10 1 12 10 1 1 1 1 1 1 1 1 1 1 1 1
ciInstanceKlass org/jetbrains/kotlin/descriptors/ClassDescriptor 1 1 119 1 100 1 100 1 100 1 100 1 1 1 1 1 1 1 1 1 1 1 1 1 1 1 1 1 1 1 1 1 1 1 1 1 1 1 1 1 1 1 1 1 1 1 1 1 1 1 1 1 1 1 1 1 1 1 1 1 1 1 12 11 1 1 1 1 1 1 1 1 1 1 1 100 1 8 1 1 12 10 1 1 1 8 1 1 1 8 1 1 1 8 1 1 1 8 1 1 1 8 1 1 1 8 1 1 1 8 1 1 8 1 1 8 1 1 8 1 1
instanceKlass org/jetbrains/kotlin/descriptors/impl/LazySubstitutingClassDescriptor
instanceKlass org/jetbrains/kotlin/descriptors/impl/AbstractClassDescriptor
ciInstanceKlass org/jetbrains/kotlin/descriptors/impl/ModuleAwareClassDescriptor 1 1 199 1 7 1 7 1 100 1 1 1 3 3 3 1 1 3 1 1 1 1 1 1 1 1 1 1 1 1 1 1 1 1 1 1 1 7 1 1 1 12 10 1 1 1 1 1 1 1 12 10 12 9 1 1 1 1 1 1 1 1 1 1 100 1 8 1 1 12 10 1 1 1 8 1 1 1 8 1 1 1 8 1 1 1 8 1 1 1 8 1 1 8 1 1 8 1 1 8 1 1 1 8 1 1 1 8 1 1 1 8 1 1 8 1 1 1 8 1 1 8 1 1 8 1 1 1 8 1 1 8 1 1 8 1 1 1 8 1 1 1 8 1 1 8 1 1 1 8 1 1 8 1 1 8 1 1 8 1 1 1 8 1 1 1 8 1 1 1 8 1 1 1 8 1 1 1 8 1 1 1 8 1 1 1 8 1 1 8 1 1 8 1 1 8 1 1 1 8 1
staticfield org/jetbrains/kotlin/descriptors/impl/ModuleAwareClassDescriptor Companion Lorg/jetbrains/kotlin/descriptors/impl/ModuleAwareClassDescriptor$Companion; org/jetbrains/kotlin/descriptors/impl/ModuleAwareClassDescriptor$Companion
ciInstanceKlass org/jetbrains/kotlin/resolve/scopes/MemberScope 1 1 70 1 7 1 100 1 100 1 1 1 3 3 3 1 1 3 1 1 1 1 1 1 1 1 1 1 1 1 1 1 1 1 1 1 1 1 1 1 1 1 1 7 1 100 1 100 1 1 1 1 1 1 1 1 1 1 1 1 1 12 9 12 9 1 1 1 1 1 1 1
staticfield org/jetbrains/kotlin/resolve/scopes/MemberScope Companion Lorg/jetbrains/kotlin/resolve/scopes/MemberScope$Companion; org/jetbrains/kotlin/resolve/scopes/MemberScope$Companion
ciInstanceKlass org/jetbrains/kotlin/types/TypeConstructor 1 0 31 1 100 1 100 1 100 1 1 1 1 1 1 1 1 1 1 1 1 1 1 1 1 1 1 1 1 1 1 1 1
ciInstanceKlass org/jetbrains/kotlin/descriptors/impl/ModuleAwareClassDescriptor$Companion 1 1 95 1 7 1 7 1 1 1 3 3 3 1 1 3 1 1 1 1 1 1 1 1 1 1 1 1 1 1 1 1 1 1 7 1 1 12 10 1 1 1 1 8 1 7 1 1 12 10 8 1 100 1 100 1 1 12 10 1 12 11 1 8 1 12 10 1 100 1 1 8 1 100 1 1 12 10 1 12 11 1 8 1 1 10 1 1 1 1 1 1 1 1 1 1 1
ciInstanceKlass org/jetbrains/kotlin/resolve/DescriptorUtils 1 1 954 1 7 1 7 1 1 7 1 7 1 1 7 1 7 1 1 1 1 1 1 1 12 10 1 1 1 1 1 1 1 1 12 10 1 7 1 1 12 11 1 1 1 1 1 1 1 7 1 12 10 1 12 10 1 1 12 11 1 1 1 7 1 1 12 11 1 7 1 1 12 9 1 1 1 1 12 10 1 7 1 1 12 10 1 12 10 1 7 1 1 1 1 12 10 1 7 1 7 1 12 10 1 12 9 1 7 12 11 1 7 11 12 9 1 100 1 100 10 1 8 1 1 12 10 1 12 10 1 1 12 10 1 12 10 12 10 1 1 12 11 1 1 12 10 1 1 1 12 10 1 7 12 10 12 10 1 1 1 1 1 100 10 1 100 1 12 10 12 10 1 1 12 10 1 1 1 1 1 7 1 12 11 1 1 1 1 1 12 11 1 7 1 1 12 11 1 1 1 7 11 1 12 11 1 1 1 1 1 12 10 1 1 12 10 1 1 1 1 1 1 12 10 1 1 1 1 1 7 1 12 10 1 1 1 1 7 1 1 12 10 1 7 1 1 12 11 1 7 12 10 1 1 1 1 8 1 1 1 1 12 11 1 1 1 12 10 1 1 1 1 1 1 1 1 12 11 1 12 11 1 1 12 11 1 7 1 12 11 1 1 12 11 1 1 12 11 1 1 12 10 1 1 1 1 1 1 12 11 1 12 10 12 11 11 1 1 1 1 7 1 1 12 9 1 1 12 10 12 11 1 1 12 9 1 12 9 1 1 12 11 1 7 1 1 12 9 1 12 10 1 7 1 12 9 10 1 1 100 1 12 9 1 1 1 1 12 9 1 1 12 9 1 1 12 9 1 1 12 10 1 1 12 11 1 1 1 1 100 1 1 12 10 1 1 12 10 11 1 12 9 1 1 1 1 1 100 10 1 1 12 10 1 7 1 12 10 1 100 1 12 11 1 1 1 1 1 1 1 1 1 1 7 1 1 12 10 1 12 10 1 1 1 1 1 12 10 1 8 1 1 1 1 1 12 10 1 12 9 1 100 12 10 1 12 9 1 12 9 10 1 12 9 1 1 1 1 1 12 10 1 1 12 11 1 8 1 8 1 8 1 8 1 1 12 10 1 100 1 1 1 1 1 1 1 1 100 1 1 12 11 1 1 1 1 12 11 1 11 12 10 12 10 1 1 1 1 12 11 1 1 12 9 1 100 1 8 1 12 10 1 1 1 1 1 1 12 10 1 1 1 1 7 1 12 11 1 7 1 12 10 1 7 1 12 10 1 12 10 1 7 1 1 12 9 1 12 10 1 1 12 11 1 12 10 1 7 1 1 12 9 1 12 10 1 1 1 1 1 1 12 10 1 12 11 1 1 12 9 1 1 1 1 7 10 1 12 11 1 1 12 10 1 1 1 1 1 7 1 12 11 11 11 1 1 1 1 1 7 10 1 12 9 1 12 9 1 12 9 1 8 12 10 1 1 12 11 1 1 1 1 1 12 10 12 10 1 1 1 1 12 10 1 12 10 1 1 1 100 1 1 12 11 1 100 11 1 12 11 1 100 1 100 1 12 10 1 100 1 1 1 1 1 1 1 1 7 1 1 12 11 12 9 1 7 1 1 12 11 1 1 1 1 1 7 1 1 12 11 1 7 1 1 12 11 1 7 1 1 12 11 1 100 1 1 12 9 1 1 7 1 1 12 9 1 12 9 1 1 12 10 1 1 12 11 1 1 1 1 1 12 10 1 8 1 100 1 1 100 1 1 12 9 1 1 12 11 1 12 11 11 1 1 1 1 1 12 11 1 100 12 11 11 1 8 1 1 1 7 11 1 11 1 12 10 1 1 12 11 11 1 8 10 8 1 1 12 11 8 1 1 12 11 1 100 11 1 12 10 1 1 1 1 12 10 1 8 10 1 8 1 8 1 100 8 8 8 8 8 8 8 8 8 8 8 8 8 8 8 8 8 8 8 8 8 8 8 8 8 8 8 8 8 8 8 8 8 8 8 8 8 8 8 8 8 8 8 8 8 8 8 8 8 8 8 8 8 8 8 8 8 8 8 8 8 8 8 8 8 8 8 8 8 8 8 8 8 8 8 8 8 8 8 8 8 1 1 12 10 1 100 10 1 100 1 1 1 1 1 1 1 1 1 1
staticfield org/jetbrains/kotlin/resolve/DescriptorUtils JVM_NAME Lorg/jetbrains/kotlin/name/FqName; org/jetbrains/kotlin/name/FqName
staticfield org/jetbrains/kotlin/resolve/DescriptorUtils $assertionsDisabled Z 1
ciInstanceKlass org/jetbrains/kotlin/resolve/descriptorUtil/DescriptorUtilsKt 1 1 1324 1 7 1 100 1 1 1 3 3 3 1 3 1 3 1 1 1 1 1 1 1 1 1 1 1 1 1 1 1 1 1 1 1 1 1 1 1 1 1 1 1 1 1 1 1 1 1 1 1 1 1 1 1 1 1 1 1 1 1 1 1 1 1 1 1 1 1 1 1 1 1 1 1 1 1 1 1 1 1 1 1 1 1 1 1 1 1 1 1 1 1 1 1 1 1 1 1 1 1 1 1 1 1 1 1 1 1 1 1 1 1 1 1 1 1 1 1 1 1 1 1 1 1 1 1 1 1 1 1 1 1 1 1 1 1 1 1 1 1 1 1 1 1 1 1 1 1 1 1 1 1 1 1 1 1 1 1 1 1 1 1 1 1 1 1 1 1 1 1 1 1 1 1 1 1 1 1 1 1 7 1 1 100 1 7 1 1 100 1 7 1 1 7 1 100 1 100 1 1 7 1 7 1 100 1 1 7 1 1 7 1 100 1 100 1 7 1 100 1 100 1 1 7 1 7 1 1 100 1 100 1 100 1 100 1 100 1 7 1 1 8 1 7 1 1 12 10 1 7 1 1 12 11 1 1 1 100 1 1 12 11 1 7 1 7 1 1 12 11 1 8 1 12 10 1 7 1 1 12 11 1 8 1 1 7 1 12 10 1 8 1 12 10 1 8 1 1 7 1 1 12 11 1 1 12 10 1 8 1 1 12 10 1 7 1 12 11 1 1 8 8 1 7 1 1 12 10 1 7 1 1 12 9 1 8 1 100 1 1 12 10 1 1 12 10 1 8 1 1 12 11 1 7 1 1 12 11 1 1 12 10 1 8 1 7 1 1 12 11 1 1 7 1 100 1 12 11 1 100 1 100 1 12 10 1 8 1 1 12 10 1 12 10 1 1 12 10 1 12 10 1 1 7 12 10 1 1 1 1 1 1 1 1 12 11 1 7 1 7 12 11 1 12 11 1 12 10 1 1 12 10 1 1 1 12 10 1 12 10 1 1 1 12 11 1 7 1 12 10 1 1 1 12 9 1 1 12 10 11 1 8 1 1 12 9 1 8 1 12 10 1 1 1 1 12 10 1 1 12 11 1 7 1 7 1 1 100 1 1 12 10 1 100 1 12 10 1 1 12 10 1 11 1 1 12 11 1 100 1 1 12 10 1 1 8 1 12 9 1 1 1 1 1 12 10 1 7 1 1 12 11 1 7 1 1 12 11 1 7 1 12 11 1 1 12 11 1 7 1 1 12 10 10 1 1 12 11 1 12 10 1 1 1 12 10 12 10 1 12 10 1 8 1 1 1 8 1 7 1 7 10 11 1 1 12 11 1 7 1 12 10 1 1 1 1 1 1 1 1 1 1 1 1 1 1 1 1 1 1 1 1 1 1 1 1 12 11 1 8 1 100 1 12 11 1 1 1 12 11 1 1 1 12 11 1 1 12 9 11 1 12 11 1 100 11 1 1 1 7 1 1 12 10 1 16 1 1 12 10 15 16 1 7 1 1 12 10 15 1 1 12 18 1 1 12 9 1 7 1 1 12 10 1 8 1 7 1 12 10 1 1 1 100 1 1 12 11 1 12 9 1 100 1 1 12 11 1 1 12 9 1 1 1 12 9 1 12 10 1 7 1 100 1 1 1 12 11 12 9 1 100 1 1 12 11 1 100 1 12 10 1 7 1 12 10 1 8 1 1 12 10 1 100 1 100 1 12 10 1 1 12 10 1 1 1 1 1 1 1 1 1 1 1 12 10 1 1 12 10 1 1 1 12 10 12 10 1 12 9 1 1 1 1 12 9 1 7 1 1 12 10 1 12 10 1 1 12 10 1 1 12 10 1 7 1 12 10 1 12 10 1 1 1 1 8 10 1 1 12 10 15 1 16 1 12 18 1 12 10 1 1 12 10 1 1 1 1 1 1 12 10 1 8 1 1 12 11 1 1 1 1 1 12 11 1 1 12 10 1 12 11 1 8 1 1 12 10 1 12 10 1 1 12 10 1 1 12 10 1 1 1 1 1 7 10 1 1 12 10 1 1 1 1 1 1 12 11 1 8 11 1 7 1 1 12 11 1 1 1 1 1 1 1 1 1 8 8 1 12 10 1 100 11 12 10 1 12 10 1 1 1 12 9 1 1 1 8 1 100 10 10 1 12 10 1 8 1 100 1 1 12 10 1 100 1 1 12 9 1 1 12 10 1 1 1 1 100 11 1 12 10 1 8 1 1 12 10 1 12 9 11 1 12 11 1 100 1 1 12 9 1 12 11 1 12 11 1 1 12 11 1 1 1 1 7 11 1 1 1 1 12 9 1 7 10 1 1 12 10 1 1 1 1 1 12 10 1 1 12 10 1 8 11 1 12 9 1 1 12 11 1 1 8 1 12 10 1 12 10 1 1 8 1 12 10 1 11 1 1 1 12 11 1 1 12 10 1 100 1 1 1 7 1 12 11 12 10 1 1 12 11 1 100 11 1 12 11 1 1 12 11 1 100 11 1 1 12 10 1 1 1 1 1 8 1 7 11 1 8 12 10 1 12 11 1 12 10 1 11 1 8 1 100 1 12 10 1 1 1 1 7 1 1 12 10 1 1 12 11 1 100 1 12 10 1 1 12 10 1 12 9 1 1 1 1 1 12 10 1 1 7 11 1 12 10 1 12 10 1 8 1 1 1 12 11 1 8 1 12 9 1 1 12 10 1 12 11 1 12 9 11 1 12 9 1 12 9 1 1 1 1 1 1 8 1 100 1 12 10 12 10 1 1 1 1 1 1 1 12 11 1 100 1 100 1 1 1 100 1 11 1 1 12 10 1 12 10 1 12 11 1 1 1 1 1 1 1 12 10 1 1 1 12 11 1 8 1 12 10 1 1 12 10 1 8 11 1 8 1 12 10 1 1 1 1 12 11 12 10 1 12 11 1 8 1 12 10 1 1 1 1 1 1 8 1 1 12 10 1 8 1 1 1 1 1 1 1 1 1 1 1 1 1
staticfield org/jetbrains/kotlin/resolve/descriptorUtil/DescriptorUtilsKt RETENTION_PARAMETER_NAME Lorg/jetbrains/kotlin/name/Name; org/jetbrains/kotlin/name/Name
ciInstanceKlass org/jetbrains/kotlin/types/checker/KotlinTypeRefinerKt 1 1 127 1 7 1 100 1 1 1 3 3 3 1 3 1 3 1 1 1 1 1 1 1 1 1 1 1 1 1 1 1 1 1 1 1 1 1 1 1 8 1 100 1 1 12 10 8 1 100 1 100 1 1 12 10 1 1 12 10 1 100 1 100 1 1 12 11 1 100 1 100 1 1 12 11 1 1 12 11 1 100 1 100 1 1 12 10 1 1 12 11 1 100 1 1 1 1 1 1 1 1 1 1 1 1 1 1 12 9 1 1 7 1 8 1 12 10 1 1 1 1 1 1 1 1 1 1 1
staticfield org/jetbrains/kotlin/types/checker/KotlinTypeRefinerKt REFINER_CAPABILITY Lorg/jetbrains/kotlin/descriptors/ModuleCapability; org/jetbrains/kotlin/descriptors/ModuleCapability
instanceKlass org/jetbrains/kotlin/types/checker/KotlinTypeRefiner$Default
ciInstanceKlass org/jetbrains/kotlin/types/checker/KotlinTypeRefiner 1 1 78 1 100 1 7 1 1 1 1 1 1 3 3 3 1 1 3 1 1 1 1 1 1 1 1 1 1 1 1 1 1 1 1 1 1 1 1 1 1 1 1 1 1 1 1 1 1 1 1 1 1 1 1 100 1 12 10 1 1 1 1 1 1 1 1 1 1 1 1 1 1 1 1 1 1 1 1 1
ciInstanceKlass org/jetbrains/kotlin/types/checker/KotlinTypeRefiner$Default 1 1 128 1 7 1 7 1 1 1 3 3 3 1 1 3 1 1 1 1 1 1 1 1 1 1 1 1 1 1 1 1 1 1 1 1 1 1 1 1 1 1 1 1 1 1 1 1 1 1 1 1 1 12 10 1 1 1 8 1 7 1 1 12 10 1 7 1 1 8 1 7 1 1 12 11 1 7 1 1 12 11 1 8 1 12 10 1 1 8 1 8 1 8 1 8 1 8 1 100 1 1 12 11 1 100 1 1 12 10 1 7 1 12 10 1 100 1 10 12 9 1 1 1 1 1 1 1 1 1
staticfield org/jetbrains/kotlin/types/checker/KotlinTypeRefiner$Default INSTANCE Lorg/jetbrains/kotlin/types/checker/KotlinTypeRefiner$Default; org/jetbrains/kotlin/types/checker/KotlinTypeRefiner$Default
ciInstanceKlass org/jetbrains/kotlin/types/TypeProjection 1 0 23 1 100 1 100 1 100 1 1 1 1 1 1 1 1 1 1 1 1 1 1 1 1
ciInstanceKlass org/jetbrains/kotlin/types/error/ErrorUtils 1 1 377 1 7 1 7 1 1 1 3 3 3 1 1 3 1 1 1 1 1 1 1 1 1 1 1 1 1 1 1 1 1 1 1 1 1 1 1 1 1 1 1 1 1 1 1 1 1 1 1 1 1 1 1 1 1 1 1 1 1 1 1 1 1 1 1 1 1 1 1 1 1 1 1 1 1 1 7 1 1 1 1 1 12 10 1 12 9 12 9 12 9 12 9 1 12 9 1 8 1 7 1 1 12 10 1 7 1 1 12 11 1 100 1 12 11 1 12 10 1 1 12 11 1 7 1 1 12 11 1 7 1 1 12 11 1 1 12 11 1 7 11 1 12 11 1 100 1 12 11 1 7 1 1 1 1 1 1 1 8 8 12 9 1 7 1 1 12 10 1 7 12 10 1 7 1 12 10 1 7 1 7 10 1 1 7 1 12 10 12 10 8 12 10 1 8 12 10 1 7 1 1 1 7 1 12 9 1 7 1 1 12 10 12 10 1 7 1 12 10 1 7 1 12 10 1 1 7 12 10 1 12 10 1 7 1 12 11 11 1 1 12 10 1 7 1 1 12 11 1 7 1 1 12 10 1 1 12 10 1 7 1 12 9 1 8 1 12 10 1 7 1 7 1 1 12 10 1 1 12 10 1 100 1 12 9 1 8 1 100 10 1 100 1 8 1 12 10 1 1 12 10 1 1 1 1 1 10 1 7 1 12 9 1 7 1 7 1 1 12 9 1 12 10 1 8 1 1 12 10 1 8 1 12 10 1 7 1 1 12 10 1 8 1 12 10 1 12 9 12 10 1 12 9 1 7 10 1 7 12 9 1 7 1 1 12 10 1 1 1 1 1 1 1 1 1 1 1
staticfield org/jetbrains/kotlin/types/error/ErrorUtils INSTANCE Lorg/jetbrains/kotlin/types/error/ErrorUtils; org/jetbrains/kotlin/types/error/ErrorUtils
staticfield org/jetbrains/kotlin/types/error/ErrorUtils errorModule Lorg/jetbrains/kotlin/descriptors/ModuleDescriptor; org/jetbrains/kotlin/types/error/ErrorModuleDescriptor
staticfield org/jetbrains/kotlin/types/error/ErrorUtils errorClass Lorg/jetbrains/kotlin/types/error/ErrorClassDescriptor; org/jetbrains/kotlin/types/error/ErrorClassDescriptor
staticfield org/jetbrains/kotlin/types/error/ErrorUtils errorTypeForLoopInSupertypes Lorg/jetbrains/kotlin/types/KotlinType; org/jetbrains/kotlin/types/error/ErrorType
staticfield org/jetbrains/kotlin/types/error/ErrorUtils errorPropertyType Lorg/jetbrains/kotlin/types/KotlinType; org/jetbrains/kotlin/types/error/ErrorType
staticfield org/jetbrains/kotlin/types/error/ErrorUtils errorProperty Lorg/jetbrains/kotlin/descriptors/PropertyDescriptor; org/jetbrains/kotlin/types/error/ErrorPropertyDescriptor
staticfield org/jetbrains/kotlin/types/error/ErrorUtils errorPropertyGroup Ljava/util/Set; java/util/Collections$SingletonSet
ciInstanceKlass org/jetbrains/kotlin/types/error/ErrorScopeKind 1 1 131 1 7 1 1 7 1 1 1 3 3 3 1 1 3 1 1 1 1 1 1 1 1 1 1 1 1 1 1 1 1 1 1 1 1 1 1 1 1 1 1 1 12 10 12 9 1 1 1 1 1 1 12 9 1 100 1 1 12 10 100 1 1 1 12 10 1 1 12 9 12 9 12 9 12 9 12 9 12 9 12 9 12 9 12 9 12 9 1 1 8 1 8 12 10 8 1 8 8 1 8 8 1 8 8 1 8 8 1 8 8 1 8 8 1 8 8 1 8 8 1 8 12 10 1 1 1 1 1 1 1
staticfield org/jetbrains/kotlin/types/error/ErrorScopeKind CAPTURED_TYPE_SCOPE Lorg/jetbrains/kotlin/types/error/ErrorScopeKind; org/jetbrains/kotlin/types/error/ErrorScopeKind
staticfield org/jetbrains/kotlin/types/error/ErrorScopeKind INTEGER_LITERAL_TYPE_SCOPE Lorg/jetbrains/kotlin/types/error/ErrorScopeKind; org/jetbrains/kotlin/types/error/ErrorScopeKind
staticfield org/jetbrains/kotlin/types/error/ErrorScopeKind ERASED_RECEIVER_TYPE_SCOPE Lorg/jetbrains/kotlin/types/error/ErrorScopeKind; org/jetbrains/kotlin/types/error/ErrorScopeKind
staticfield org/jetbrains/kotlin/types/error/ErrorScopeKind SCOPE_FOR_ABBREVIATION_TYPE Lorg/jetbrains/kotlin/types/error/ErrorScopeKind; org/jetbrains/kotlin/types/error/ErrorScopeKind
staticfield org/jetbrains/kotlin/types/error/ErrorScopeKind STUB_TYPE_SCOPE Lorg/jetbrains/kotlin/types/error/ErrorScopeKind; org/jetbrains/kotlin/types/error/ErrorScopeKind
staticfield org/jetbrains/kotlin/types/error/ErrorScopeKind NON_CLASSIFIER_SUPER_TYPE_SCOPE Lorg/jetbrains/kotlin/types/error/ErrorScopeKind; org/jetbrains/kotlin/types/error/ErrorScopeKind
staticfield org/jetbrains/kotlin/types/error/ErrorScopeKind ERROR_TYPE_SCOPE Lorg/jetbrains/kotlin/types/error/ErrorScopeKind; org/jetbrains/kotlin/types/error/ErrorScopeKind
staticfield org/jetbrains/kotlin/types/error/ErrorScopeKind UNSUPPORTED_TYPE_SCOPE Lorg/jetbrains/kotlin/types/error/ErrorScopeKind; org/jetbrains/kotlin/types/error/ErrorScopeKind
staticfield org/jetbrains/kotlin/types/error/ErrorScopeKind SCOPE_FOR_ERROR_CLASS Lorg/jetbrains/kotlin/types/error/ErrorScopeKind; org/jetbrains/kotlin/types/error/ErrorScopeKind
staticfield org/jetbrains/kotlin/types/error/ErrorScopeKind SCOPE_FOR_ERROR_RESOLUTION_CANDIDATE Lorg/jetbrains/kotlin/types/error/ErrorScopeKind; org/jetbrains/kotlin/types/error/ErrorScopeKind
staticfield org/jetbrains/kotlin/types/error/ErrorScopeKind $VALUES [Lorg/jetbrains/kotlin/types/error/ErrorScopeKind; 10 [Lorg/jetbrains/kotlin/types/error/ErrorScopeKind;
instanceKlass org/jetbrains/kotlin/types/error/ThrowingScope
ciInstanceKlass org/jetbrains/kotlin/types/error/ErrorScope 1 1 225 1 7 1 7 1 100 1 1 1 3 3 3 1 1 3 1 1 1 1 1 1 1 1 1 1 1 1 1 1 1 1 1 1 1 1 1 1 1 1 1 1 1 1 1 1 1 1 1 1 1 1 1 1 1 1 1 1 1 1 1 1 8 1 7 1 1 12 10 8 1 12 10 12 9 1 7 12 10 1 7 1 1 12 10 1 7 1 1 12 10 1 8 1 12 10 12 9 1 1 1 8 8 1 100 1 100 1 1 12 9 1 12 10 1 100 1 1 12 10 1 8 1 12 10 1 100 1 1 1 1 1 1 7 1 1 12 9 1 1 12 10 1 1 7 1 1 12 10 1 7 1 12 10 1 7 1 1 12 10 1 1 8 8 1 100 1 1 12 10 1 100 1 1 1 12 10 1 1 1 100 10 1 8 1 1 12 10 1 12 10 12 10 1 8 1 1 12 10 1 100 1 12 10 1 8 1 100 1 1 12 10 1 12 10 12 10 1 1 1 1 1 1 1 1
instanceKlass org/jetbrains/kotlin/util/AttributeArrayOwner
ciInstanceKlass org/jetbrains/kotlin/util/AbstractArrayMapOwner 1 1 86 1 7 1 1 7 1 100 1 100 1 1 1 3 3 3 1 1 3 1 1 1 1 1 1 1 1 1 1 1 1 1 1 1 1 1 1 1 1 1 1 1 1 1 1 1 1 1 1 100 1 12 10 1 1 1 1 1 1 1 12 10 1 7 12 10 1 1 1 12 10 1 1 12 10 1 1 1 1 1 1 1 1 1 1 1
instanceKlass org/jetbrains/kotlin/types/TypeAttributes
ciInstanceKlass org/jetbrains/kotlin/util/AttributeArrayOwner 1 1 158 1 7 1 1 7 1 1 1 3 3 3 1 1 3 1 1 1 1 1 1 1 1 1 1 1 1 1 1 1 1 1 1 1 1 1 1 1 100 1 100 1 1 1 1 1 8 1 7 1 1 12 10 12 10 12 9 1 1 1 7 1 1 12 9 1 8 1 12 10 1 7 12 10 1 8 8 1 1 12 10 1 7 1 1 12 10 1 1 12 10 1 100 1 7 1 12 10 1 8 1 12 10 10 1 1 12 10 1 1 12 10 1 1 1 1 1 1 1 1 1 12 10 1 8 1 1 12 10 10 1 1 12 10 1 100 1 1 12 10 1 12 10 1 12 10 1 1 1 1 1 1 1 1 1 1 1 1
ciInstanceKlass org/jetbrains/kotlin/types/TypeAttributes 1 1 242 1 7 1 1 7 1 7 1 100 1 1 1 3 3 3 1 1 3 1 1 1 1 1 1 1 1 1 1 1 1 1 1 1 1 1 1 1 1 1 1 1 1 1 1 1 1 1 7 1 1 1 1 1 1 12 10 1 7 1 1 12 11 1 7 1 1 12 11 1 1 12 11 1 7 1 1 12 10 1 1 12 10 1 1 1 1 7 1 1 12 10 12 10 1 8 1 7 1 1 12 10 1 12 10 1 7 10 12 9 1 1 12 10 1 7 11 1 7 1 1 12 10 1 1 12 10 1 7 1 1 12 10 1 12 10 1 100 1 1 12 10 1 1 12 10 1 1 1 1 1 1 1 1 1 1 1 12 10 1 1 12 10 1 1 1 1 8 1 1 12 10 1 1 1 12 10 12 10 1 1 12 10 1 12 10 1 11 1 1 12 10 1 100 1 12 11 1 12 11 1 12 10 1 1 1 1 1 1 1 1 1 1 1 1 7 1 1 12 9 1 1 1 1 1 12 10 1 1 12 10 1 1 1 1 1 1 1 1 1 1 1
staticfield org/jetbrains/kotlin/types/TypeAttributes Companion Lorg/jetbrains/kotlin/types/TypeAttributes$Companion; org/jetbrains/kotlin/types/TypeAttributes$Companion
staticfield org/jetbrains/kotlin/types/TypeAttributes Empty Lorg/jetbrains/kotlin/types/TypeAttributes; org/jetbrains/kotlin/types/TypeAttributes
instanceKlass org/jetbrains/kotlin/types/TypeAttributes$Companion
ciInstanceKlass org/jetbrains/kotlin/util/TypeRegistry 1 1 140 1 7 1 1 7 1 1 1 3 3 3 1 1 3 1 1 1 1 1 1 1 1 1 1 1 1 1 1 1 1 1 1 1 1 1 1 1 1 1 1 1 1 1 1 1 1 1 7 1 1 1 12 10 1 7 10 12 9 1 7 1 12 10 12 9 1 1 1 8 1 7 1 1 12 10 1 100 1 12 10 1 12 10 1 1 1 1 100 1 8 1 12 10 12 10 1 1 1 7 1 12 10 1 1 1 12 10 1 7 1 12 10 1 1 1 1 100 1 1 12 10 1 8 1 12 10 1 1 1 1 1 1 1 1 1 1 1 1 1
ciInstanceKlass org/jetbrains/kotlin/types/TypeAttributes$Companion 1 1 167 1 7 1 1 7 1 1 1 3 3 3 1 1 3 1 1 1 1 1 1 1 1 1 1 1 1 1 1 1 1 1 1 1 1 1 1 1 1 1 7 1 1 12 10 1 1 1 8 1 7 1 1 12 10 1 100 1 100 1 1 12 10 1 1 12 10 1 8 1 1 12 10 1 100 1 1 1 1 1 1 8 1 12 10 8 8 1 7 1 1 12 10 1 7 1 7 1 12 11 1 7 1 1 12 10 1 1 12 10 1 1 12 10 1 8 1 12 10 1 100 10 1 1 1 1 1 1 12 10 1 1 8 1 7 1 1 12 11 12 10 1 12 10 1 1 1 1 1 12 10 1 1 10 1 1 1 1 1 1 1 1 1 1 1 1 1
instanceKlass org/jetbrains/kotlin/util/OneElementArrayMap
instanceKlass org/jetbrains/kotlin/util/EmptyArrayMap
ciInstanceKlass org/jetbrains/kotlin/util/ArrayMap 1 1 72 1 7 1 1 7 1 100 1 100 1 1 1 3 3 3 1 1 3 1 1 1 1 1 1 1 1 1 1 1 1 1 1 1 1 1 1 1 1 1 1 12 10 1 1 1 1 1 1 1 1 1 1 1 100 1 8 1 12 10 1 10 1 1 1 1 1 1 1 1 1 1
ciInstanceKlass org/jetbrains/kotlin/util/EmptyArrayMap 1 1 82 1 7 1 7 1 1 1 3 3 3 1 1 3 1 1 1 1 1 1 1 1 1 1 1 1 1 1 1 1 1 1 7 1 1 1 1 12 10 1 1 8 1 100 1 1 12 10 1 100 12 10 1 1 1 1 1 1 10 1 7 1 1 100 12 10 1 1 12 10 1 10 12 9 1 1 1 1 1 1 1 1
staticfield org/jetbrains/kotlin/util/EmptyArrayMap INSTANCE Lorg/jetbrains/kotlin/util/EmptyArrayMap; org/jetbrains/kotlin/util/EmptyArrayMap
ciInstanceKlass org/jetbrains/kotlin/types/KotlinTypeFactory 1 1 412 1 7 1 7 1 1 1 3 3 3 1 1 3 1 1 1 1 1 1 1 1 1 1 1 1 1 1 1 1 1 1 1 1 1 1 1 1 1 1 1 1 1 1 1 1 1 1 1 1 1 1 1 1 1 1 1 1 1 7 1 7 1 1 7 1 100 1 100 1 1 100 1 100 1 100 1 7 1 100 1 7 1 7 1 1 1 1 1 12 10 1 1 12 9 1 1 1 7 1 1 12 11 1 7 1 1 12 11 1 7 1 1 12 10 1 7 1 100 1 7 1 7 1 7 1 7 1 1 12 10 1 1 12 10 1 1 12 11 1 7 1 1 12 10 1 12 9 1 1 12 10 1 1 12 10 1 100 1 7 1 1 12 9 1 7 1 1 12 11 1 100 1 1 12 10 1 8 1 7 1 1 12 10 1 7 1 1 12 10 1 7 1 100 1 12 10 1 100 1 100 10 1 8 1 1 12 10 1 12 10 1 8 10 1 12 10 1 1 1 1 1 1 1 1 8 1 12 10 8 8 10 1 1 12 10 11 1 8 12 9 12 10 1 12 10 1 7 1 12 10 1 1 1 12 10 1 1 1 8 1 100 1 12 9 1 12 10 1 12 9 1 12 10 1 12 9 1 1 12 10 1 1 12 10 1 1 1 1 1 1 12 10 12 10 1 12 10 1 1 12 11 1 1 12 11 1 8 1 1 1 1 1 1 1 8 1 7 1 12 10 1 12 10 1 7 1 12 10 1 1 1 8 1 1 1 8 11 1 8 12 10 1 1 8 8 1 1 12 10 1 12 10 1 1 12 10 1 12 10 12 10 1 8 8 1 1 12 10 1 7 1 7 1 12 10 1 1 7 1 12 10 1 12 9 1 8 12 10 1 1 1 1 12 10 1 1 10 1 12 9 1 1 1 1 1 1 1 1 1 1 1
staticfield org/jetbrains/kotlin/types/KotlinTypeFactory INSTANCE Lorg/jetbrains/kotlin/types/KotlinTypeFactory; org/jetbrains/kotlin/types/KotlinTypeFactory
staticfield org/jetbrains/kotlin/types/KotlinTypeFactory EMPTY_REFINED_TYPE_FACTORY Lkotlin/jvm/functions/Function1; org/jetbrains/kotlin/types/KotlinTypeFactory$EMPTY_REFINED_TYPE_FACTORY$1
ciInstanceKlass org/jetbrains/kotlin/types/SimpleTypeImpl 1 1 184 1 7 1 7 1 1 1 3 3 3 1 1 3 1 1 1 1 1 1 1 1 1 1 1 1 1 1 1 1 1 1 1 1 1 1 1 1 1 1 1 1 1 1 1 1 1 1 1 1 1 1 1 1 1 7 1 7 1 1 1 1 1 1 1 1 1 8 1 7 1 1 12 10 8 8 8 12 10 12 9 12 9 12 9 12 9 12 9 12 10 1 7 1 7 1 100 1 100 10 1 8 1 1 12 10 1 12 10 1 12 10 12 10 1 1 12 10 1 12 10 1 1 1 1 12 9 1 12 10 1 8 1 12 10 1 7 1 12 10 1 12 10 1 7 1 12 10 1 7 10 1 8 1 100 1 1 12 11 1 12 10 1 7 1 12 10 1 12 10 1 1 100 1 1 1 1 1 1 1 1 1 1 1
ciInstanceKlass org/jetbrains/kotlin/descriptors/TypeParameterDescriptor 1 1 74 1 100 1 100 1 100 1 100 1 1 1 1 1 1 1 1 1 1 1 1 1 1 1 1 1 1 1 12 11 1 1 1 1 1 1 1 1 1 1 1 100 1 8 1 1 12 10 1 1 1 8 1 1 1 8 1 1 1 8 1 1 1 8 1 1 1 8 1 1 1 8 1 1
ciInstanceKlass org/jetbrains/kotlin/resolve/lazy/descriptors/LazyPackageDescriptor 1 1 93 1 7 1 7 1 100 1 1 1 1 1 1 1 1 1 1 12 10 1 12 10 12 9 1 7 1 12 10 12 9 1 1 1 1 1 1 1 1 1 1 1 100 1 1 1 100 1 12 10 1 1 1 100 1 8 1 8 1 100 1 100 1 100 8 8 8 8 8 8 8 8 1 1 12 10 1 100 1 12 10 1 100 10 1 100 1 1 1 1 1 1 1
ciInstanceKlass org/jetbrains/kotlin/descriptors/TypeAliasDescriptor 1 0 117 1 100 1 100 1 100 1 1 1 3 3 3 1 1 3 1 1 1 1 1 1 1 1 1 1 1 1 1 1 1 1 1 1 1 1 1 1 1 1 1 1 1 1 1 1 1 100 1 8 1 1 12 10 1 1 1 8 1 1 1 8 1 1 1 8 1 1 1 8 1 1 1 8 1 1 1 8 1 1 1 8 1 1 1 8 1 1 1 8 1 1 1 8 1 1 1 8 1 1 1 8 1 1 8 1 1 1 8 1 1 8 1 1 8 1 1
instanceKlass org/jetbrains/kotlin/types/FlexibleTypeWithEnhancement
instanceKlass org/jetbrains/kotlin/load/java/lazy/types/RawTypeImpl
instanceKlass org/jetbrains/kotlin/types/FlexibleTypeImpl
instanceKlass org/jetbrains/kotlin/types/DynamicType
ciInstanceKlass org/jetbrains/kotlin/types/FlexibleType 1 1 129 1 7 1 7 1 100 1 100 1 1 1 3 3 3 1 1 3 1 1 1 1 1 1 1 1 1 1 1 1 1 1 1 1 1 1 1 1 1 1 1 1 1 1 1 1 1 1 1 1 1 1 1 1 1 1 1 1 1 1 1 1 1 1 1 1 1 1 1 1 1 1 1 8 1 7 1 1 12 10 8 1 12 10 12 9 12 9 1 1 100 1 8 1 12 10 1 7 12 10 12 10 1 12 10 12 10 12 10 1 1 100 1 12 9 1 1 12 10 1 1 1 1 1 1 1 1 1 1
ciInstanceKlass org/jetbrains/kotlin/resolve/scopes/LazyScopeAdapter 1 1 97 1 7 1 7 1 1 1 3 3 3 1 1 3 1 1 1 1 1 1 1 1 1 1 1 1 1 1 1 1 1 1 7 1 1 1 1 1 8 1 7 1 1 12 10 8 1 12 10 1 12 10 1 7 1 7 1 1 12 11 12 9 1 1 1 1 7 1 12 9 8 1 12 10 12 10 1 7 1 1 12 11 1 7 1 12 10 1 1 1 1 1 1 1 1 1 1
ciInstanceKlass org/jetbrains/kotlin/serialization/deserialization/descriptors/DeserializedClassDescriptor 1 1 1088 1 7 1 7 1 100 1 1 1 3 3 3 1 1 3 1 1 1 1 1 1 1 1 1 1 1 1 1 1 1 1 1 1 1 1 1 1 1 1 1 1 1 1 1 1 1 1 1 1 1 1 1 1 1 1 1 1 1 1 1 1 1 1 1 1 1 1 1 1 1 1 1 1 1 1 1 1 1 1 1 1 1 1 1 1 1 1 1 1 1 1 1 1 1 1 1 1 1 1 1 1 1 1 1 1 1 1 1 1 1 1 1 1 1 1 1 1 1 1 1 1 1 1 1 1 1 1 1 1 1 1 1 1 1 1 1 1 7 1 100 1 1 7 1 1 7 1 7 1 1 7 1 1 7 1 1 100 1 1 7 1 7 1 1 100 1 1 7 1 7 1 1 7 1 7 1 7 1 7 1 7 1 7 1 7 1 7 1 7 1 7 1 7 1 100 1 7 1 1 7 1 7 1 7 1 7 1 7 1 7 1 7 1 1 100 1 1 1 1 1 1 1 1 1 1 8 1 7 1 1 12 10 8 8 8 8 1 7 1 1 12 10 1 1 12 10 1 7 1 1 12 10 1 7 1 1 12 10 1 12 10 12 9 12 9 12 9 12 9 1 7 1 1 12 9 1 1 12 9 1 12 10 1 1 12 10 1 12 10 12 9 1 12 9 1 7 1 1 12 10 12 9 1 12 9 1 1 12 10 12 9 1 7 1 12 10 1 8 1 12 10 1 7 1 1 12 10 1 8 1 12 10 1 12 9 1 1 12 10 1 8 1 1 12 10 1 1 12 10 12 9 1 7 1 12 9 1 7 1 7 1 12 10 1 7 1 12 9 12 9 1 12 10 12 9 1 12 9 1 1 12 10 1 7 1 1 12 10 1 7 1 1 12 11 1 12 10 1 7 1 12 10 12 9 10 12 9 1 12 10 12 9 10 1 7 1 7 1 1 12 11 12 9 10 1 1 12 11 12 9 10 12 9 10 12 9 10 12 9 1 1 12 10 1 12 10 1 100 1 100 12 9 1 12 10 1 1 12 9 1 12 10 1 7 1 1 12 10 1 12 9 1 12 10 1 7 10 1 12 10 12 9 1 1 1 12 10 1 1 12 9 1 7 1 12 10 1 12 10 1 1 7 1 1 1 1 12 9 1 8 1 12 9 1 8 1 12 9 1 8 1 100 1 1 12 10 1 12 9 1 8 1 12 9 1 8 1 12 9 1 8 1 12 10 8 1 1 1 12 9 1 1 12 10 1 12 9 1 100 1 1 12 10 1 1 12 10 1 100 1 100 1 1 12 10 1 7 1 12 10 1 8 1 7 1 1 12 11 1 7 1 12 11 1 1 12 11 1 12 9 10 1 100 1 1 12 10 1 7 1 1 12 10 1 1 1 1 1 1 1 1 1 1 1 1 1 1 1 7 1 12 11 1 1 12 10 1 7 12 10 1 7 1 1 12 10 1 1 12 10 1 1 12 10 1 7 1 12 11 1 1 7 1 12 10 1 8 1 1 12 11 1 7 1 1 12 10 1 12 10 8 1 1 1 1 1 1 1 1 1 1 1 1 1 1 1 7 11 1 1 7 1 1 12 10 1 1 12 10 1 7 1 1 12 10 1 100 1 1 12 10 1 100 1 12 10 1 100 1 12 10 1 1 1 1 1 1 12 10 1 12 10 1 1 12 10 12 10 1 7 1 1 12 9 1 7 1 1 12 10 1 1 8 1 1 12 10 1 7 1 12 11 1 1 100 1 12 9 1 12 10 1 12 10 1 8 1 12 11 1 100 1 8 1 12 10 1 1 12 10 1 100 1 12 9 1 1 12 10 1 1 1 1 1 1 1 1 1 1 1 1 1 1 1 1 100 1 12 10 1 12 10 1 100 1 100 10 1 8 1 1 12 10 1 12 10 1 12 10 1 12 10 1 100 1 100 12 10 12 10 1 8 1 1 1 1 12 10 1 12 10 1 12 10 1 12 10 1 12 10 1 100 1 8 10 10 1 12 11 1 8 1 1 12 10 1 100 12 11 1 8 1 8 1 100 1 1 12 10 1 1 12 10 1 1 12 10 1 100 1 12 11 1 8 1 1 12 11 1 8 1 12 10 1 100 1 100 1 12 10 1 1 1 1 1 1 1 1 1 1 1 1 1 1 1 1 12 10 1 8 1 8 1 12 10 1 12 10 1 1 12 10 1 100 1 1 12 10 1 12 11 1 1 12 10 1 12 10 1 8 1 12 10 1 100 1 12 10 1 8 1 8 1 1 12 10 1 12 10 1 1 1 1 1 1 1 1 1 1 8 12 10 1 8 8 1 100 1 8 10 1 1 1 12 10 1 1 12 10 1 100 1 1 12 11 12 10 1 12 10 1 1 1 1 1 1 1 1 1 12 10 1 1 12 10 1 1 12 10 1 12 10 1 1 12 10 1 1 1 1 1 1 1 1 1 1 1
ciInstanceKlass org/jetbrains/kotlin/serialization/deserialization/descriptors/DeserializedClassDescriptor$DeserializedClassTypeConstructor 1 1 304 1 7 1 7 1 1 1 3 3 3 1 1 3 1 1 1 1 1 1 1 1 1 1 1 1 1 1 1 1 1 1 1 1 1 1 1 7 1 1 7 1 7 1 100 1 1 100 1 1 7 1 100 1 1 7 1 7 1 1 1 1 1 1 12 9 1 1 12 10 1 7 1 1 12 10 1 12 10 12 10 1 7 1 7 1 1 12 11 12 9 1 1 1 1 1 12 10 1 1 12 10 1 7 1 1 12 10 1 7 1 7 1 7 1 1 12 10 1 12 10 1 7 1 1 12 11 1 7 1 1 12 11 1 1 12 11 1 1 12 10 1 7 1 1 12 10 1 1 12 11 1 7 1 1 12 10 1 7 1 1 12 10 1 7 1 7 1 1 12 11 1 1 12 10 12 10 1 7 1 1 12 10 1 7 1 12 11 1 12 11 1 1 12 10 1 100 1 7 1 100 1 1 12 10 1 100 1 1 12 10 1 100 1 1 12 10 1 100 1 1 12 10 1 7 10 1 100 1 1 12 11 1 1 12 10 1 1 1 1 1 1 1 1 1 1 1 1 1 1 1 1 1 1 1 1 1 1 1 1 1 1 1 1 1 1 1 1 1 1 1 7 1 12 11 1 10 12 10 1 8 1 7 1 1 12 10 1 1 12 9 1 12 10 1 1 1 1 1 1 1 1 1 1
instanceKlass org/jetbrains/kotlin/descriptors/impl/TypeParameterDescriptorImpl
instanceKlass org/jetbrains/kotlin/descriptors/impl/AbstractLazyTypeParameterDescriptor
ciInstanceKlass org/jetbrains/kotlin/descriptors/impl/AbstractTypeParameterDescriptor 1 1 193 1 7 1 7 1 7 1 1 7 1 1 7 1 7 1 1 1 1 1 1 1 1 1 1 1 1 1 1 1 1 1 1 12 10 1 12 10 12 9 12 9 12 9 1 12 10 1 7 1 1 12 11 12 9 1 12 10 12 9 12 9 1 1 1 1 1 1 1 1 1 1 1 1 1 1 1 1 1 1 1 1 1 100 1 1 1 1 1 1 1 12 10 1 12 10 1 100 1 7 1 1 12 11 1 7 1 1 1 7 1 1 1 12 10 1 1 1 1 1 1 1 1 1 1 100 1 1 12 11 1 1 1 1 1 1 1 1 12 10 1 1 1 8 1 8 1 100 1 100 1 100 8 8 8 8 8 8 8 8 8 8 8 8 8 8 8 8 8 1 1 12 10 1 100 1 12 10 1 100 10 1 100 1 1 1 1 1 1 1 1 1 1
instanceKlass org/jetbrains/kotlin/load/java/lazy/descriptors/LazyJavaTypeParameterDescriptor
instanceKlass org/jetbrains/kotlin/serialization/deserialization/descriptors/DeserializedTypeParameterDescriptor
ciInstanceKlass org/jetbrains/kotlin/descriptors/impl/AbstractLazyTypeParameterDescriptor 1 1 107 1 100 1 7 1 1 1 1 1 1 12 10 12 10 1 1 1 1 1 1 1 1 1 1 1 1 1 1 1 1 1 1 1 1 1 1 1 8 1 100 1 12 10 1 8 1 100 1 100 1 8 1 1 12 10 1 100 1 12 9 1 100 1 12 10 1 1 12 10 1 8 1 12 10 12 10 1 1 12 10 1 1 12 10 1 8 8 8 8 8 8 8 8 8 8 1 100 1 12 10 1 1 1 1 1 1
ciInstanceKlass org/jetbrains/kotlin/serialization/deserialization/descriptors/DeserializedTypeParameterDescriptor 1 1 286 1 7 1 7 1 1 1 3 3 3 1 1 3 1 1 1 1 1 1 1 1 1 1 1 1 1 1 1 1 1 1 1 1 1 1 1 1 7 1 100 1 1 7 1 7 1 1 100 1 1 7 1 7 1 1 7 1 7 1 1 1 8 1 7 1 1 12 10 8 1 7 1 1 12 10 1 1 12 10 1 12 9 1 1 12 10 1 1 12 10 1 1 12 10 1 7 1 12 10 1 7 1 1 12 9 1 1 12 10 1 8 1 12 10 1 1 12 10 1 1 12 10 1 7 1 1 12 9 1 12 9 1 12 10 12 9 12 9 1 7 1 12 10 1 7 1 12 10 12 9 1 1 1 1 1 1 12 10 1 7 1 1 12 10 1 7 1 12 11 1 7 1 7 1 1 12 10 1 7 1 1 12 10 1 7 1 1 12 10 1 7 1 1 12 10 1 7 1 1 12 10 1 12 10 1 7 1 1 12 11 1 7 1 7 1 12 11 1 1 12 11 1 12 10 1 1 12 11 1 1 1 1 1 1 1 1 1 1 1 1 1 1 8 1 100 1 100 1 12 10 1 8 1 1 12 10 1 12 10 1 1 12 10 1 12 10 12 10 1 12 10 1 1 1 1 1 1 1 1 1 1 1 1 1 1
ciInstanceKlass org/jetbrains/kotlin/resolve/lazy/descriptors/LazyClassDescriptor$LazyClassTypeConstructor 1 1 299 1 7 1 7 1 1 7 1 1 100 1 100 1 1 1 1 1 1 1 1 12 9 1 1 12 10 1 7 1 1 12 11 1 12 10 1 16 1 1 12 10 15 16 1 7 1 1 12 10 15 1 1 12 18 1 7 1 1 12 11 12 9 1 1 1 1 1 1 12 10 1 1 12 10 1 100 1 1 1 100 1 1 12 10 1 100 1 1 12 11 1 100 1 1 12 11 1 1 12 10 1 1 1 1 1 1 1 1 1 1 12 11 1 7 1 1 12 9 1 7 1 1 12 11 1 1 100 1 1 12 10 1 100 1 1 12 10 1 100 1 100 1 1 12 9 1 100 1 1 12 10 1 100 1 1 12 11 1 1 1 100 1 12 10 1 7 1 1 12 11 1 100 1 100 1 12 11 1 12 11 1 100 1 1 12 10 1 100 1 1 12 9 1 1 12 11 1 12 11 1 100 11 1 12 9 1 1 1 1 1 1 1 1 1 1 1 1 1 1 1 1 1 12 11 1 100 1 1 1 7 12 11 1 1 1 1 1 1 12 10 1 100 12 10 12 10 1 7 1 1 12 10 1 8 1 8 1 100 1 100 1 100 8 8 8 8 8 8 8 8 8 8 8 8 1 1 12 10 1 100 1 12 10 1 100 10 1 100 1 1 1 1 1 1 1 1 1 1
ciInstanceKlass org/jetbrains/kotlin/resolve/lazy/descriptors/LazyClassDescriptor 1 1 1436 1 7 1 7 1 7 1 100 1 1 7 1 1 100 1 7 1 100 1 7 1 7 1 7 1 1 7 1 7 1 1 7 1 7 1 1 7 1 7 1 100 1 100 1 1 1 1 1 1 1 1 1 1 1 1 1 1 1 1 1 1 1 1 1 1 1 1 1 1 1 1 1 1 1 1 1 1 1 1 1 1 1 1 1 1 1 1 1 1 1 1 1 1 1 1 1 1 1 1 1 1 1 1 1 12 10 1 7 1 1 12 11 1 7 1 1 12 11 1 7 1 1 12 10 1 12 10 12 9 12 9 1 1 12 11 1 7 1 1 12 9 1 7 1 1 12 11 1 7 1 12 9 1 7 1 1 12 10 1 1 12 11 1 7 1 1 12 11 12 9 1 1 12 10 12 9 1 1 12 11 12 9 1 7 1 12 9 1 7 1 12 10 1 7 1 1 12 9 1 100 12 9 1 12 10 12 9 1 7 1 12 10 12 9 1 1 12 11 1 12 10 1 16 1 1 12 10 15 16 1 7 1 1 12 10 15 1 1 12 18 1 1 12 11 12 9 1 7 1 12 9 1 7 1 1 12 9 1 12 9 1 1 12 10 15 1 12 18 1 7 1 1 12 10 1 7 1 12 9 1 12 9 1 7 1 1 12 10 1 100 12 9 1 7 1 1 12 9 1 1 12 10 1 1 12 10 12 9 1 12 9 12 9 1 12 9 12 9 1 7 1 1 12 10 12 9 1 12 10 1 7 12 11 12 9 1 12 10 12 9 1 12 10 12 9 1 7 1 12 10 1 7 1 1 12 10 1 7 1 7 1 1 12 10 1 7 1 1 12 11 1 12 10 1 12 11 1 7 1 1 12 11 1 12 10 1 12 10 12 9 1 12 9 1 1 12 10 1 12 11 12 9 10 1 1 12 10 15 16 1 12 18 1 1 12 11 12 9 1 16 1 1 12 10 15 1 16 1 12 18 1 1 12 11 12 9 1 1 12 10 15 16 18 1 1 12 11 12 9 1 7 1 1 12 11 1 1 12 10 15 16 18 1 12 10 12 9 1 1 12 10 15 16 1 12 18 12 9 1 1 12 10 15 1 12 18 12 9 1 7 1 1 12 9 1 7 1 1 12 11 1 1 12 10 15 1 16 1 12 18 12 9 1 1 12 10 15 1 12 18 12 9 1 1 1 1 1 1 1 1 1 1 1 1 1 1 1 1 1 1 1 1 12 10 1 1 12 11 1 12 10 1 12 10 1 1 1 1 12 10 1 100 1 8 1 7 1 1 12 10 1 1 12 9 1 7 1 1 12 9 1 12 10 1 1 1 1 12 9 1 1 12 11 1 7 1 1 12 11 1 1 12 10 15 1 16 1 12 18 1 1 12 10 1 1 1 12 10 1 1 1 1 12 11 1 7 1 1 12 11 1 12 11 1 7 1 1 12 11 1 7 1 12 10 1 7 12 11 1 12 10 1 12 10 1 12 10 1 12 10 1 1 7 11 1 1 1 12 10 1 1 12 10 1 1 12 10 15 16 1 12 18 1 7 1 1 12 10 1 1 1 1 7 12 10 1 100 1 1 1 12 10 1 1 1 1 7 11 1 1 1 1 12 11 1 100 1 1 12 11 1 12 10 1 1 1 1 1 12 10 1 12 11 1 1 12 10 15 1 16 1 12 18 1 12 10 1 1 1 12 10 1 1 12 10 1 7 1 1 12 10 12 9 1 100 10 1 7 1 7 1 1 12 9 1 1 12 11 1 1 12 11 12 10 1 100 10 1 8 1 1 12 10 1 12 10 1 1 12 10 1 12 10 1 1 1 1 1 12 11 1 7 1 1 12 11 1 100 1 1 12 10 1 12 9 1 12 9 1 12 9 1 12 10 1 12 10 1 1 1 1 7 1 1 12 10 1 1 12 10 1 12 10 1 12 10 12 10 12 10 1 1 1 1 1 1 1 1 1 1 100 1 100 1 12 9 1 1 12 11 1 100 1 1 12 11 1 7 1 12 10 1 12 10 1 12 11 1 100 1 12 9 1 100 10 1 1 12 10 1 12 11 1 100 11 1 1 12 11 1 100 1 1 12 11 1 1 12 11 1 1 12 10 15 16 1 1 12 18 1 7 1 12 11 1 7 1 1 12 10 1 1 12 11 1 100 1 1 12 10 1 1 1 1 1 1 1 1 1 1 1 1 12 11 12 11 12 11 1 100 1 1 12 11 1 12 10 1 7 1 1 12 11 11 1 1 1 1 1 1 1 1 8 1 8 1 8 1 100 1 8 10 10 1 1 12 10 12 10 1 7 12 10 10 1 12 10 12 10 1 12 10 12 10 1 12 10 12 10 12 10 1 12 10 12 10 10 1 1 12 10 12 10 1 12 10 12 10 12 10 12 10 1 12 10 1 12 11 1 12 11 1 1 12 11 1 7 1 12 11 1 12 11 1 100 1 12 11 12 10 1 1 1 1 1 1 1 1 12 10 1 7 1 12 10 1 1 12 10 1 1 12 11 1 7 1 1 12 10 12 9 1 12 10 1 1 1 100 1 12 10 1 1 1 7 1 1 12 10 1 12 11 1 12 9 1 7 1 1 12 10 1 12 10 1 1 1 10 10 1 1 12 10 15 1 16 1 12 18 16 1 7 1 12 10 15 1 16 1 1 12 18 1 12 11 1 12 9 1 100 1 12 10 1 100 12 10 1 1 12 10 1 12 9 1 1 1 1 1 1 1 1 1 1 12 10 1 100 1 1 12 11 1 100 1 1 12 10 1 12 10 1 100 1 1 12 10 1 1 1 1 1 1 12 9 1 1 12 11 1 100 1 1 12 10 12 10 1 12 11 1 7 1 12 10 1 1 12 11 1 100 12 9 1 100 1 1 12 9 1 100 1 1 12 10 1 1 12 11 1 12 9 1 12 9 1 12 9 10 1 12 9 12 10 1 100 10 10 1 100 1 12 10 11 1 1 1 1 1 1 1 1 1 1 1 1 12 10 1 1 12 11 1 1 12 10 1 1 1 100 1 1 12 10 1 8 1 7 1 1 12 10 1 1 1 1 1 7 1 12 10 12 10 15 16 18 1 8 1 8 1 100 1 100 8 8 8 8 8 8 8 8 8 8 8 8 8 8 8 8 8 8 8 8 8 8 8 8 8 8 8 8 8 8 8 8 8 8 8 8 1 1 12 10 1 100 1 12 10 1 100 10 1 100 1 1 1 1 1 1 1 1 1 1 1
staticfield org/jetbrains/kotlin/resolve/lazy/descriptors/LazyClassDescriptor VALID_SUPERTYPE Lkotlin/jvm/functions/Function1; org/jetbrains/kotlin/resolve/lazy/descriptors/LazyClassDescriptor$$Lambda$155+0x0000029301467418
staticfield org/jetbrains/kotlin/resolve/lazy/descriptors/LazyClassDescriptor $assertionsDisabled Z 1
ciInstanceKlass kotlin/collections/ReversedList 1 1 93 1 7 1 1 7 1 1 1 1 1 8 1 7 1 1 12 10 1 12 10 1 12 9 1 1 1 1 1 7 1 12 11 1 1 1 1 7 1 1 12 10 12 11 1 1 1 12 11 1 1 12 11 1 1 1 12 11 1 1 1 1 1 1 12 10 12 11 1 1 1 3 3 3 1 1 3 1 1 1 1 1 1 1 1 1 1 1 1 1 1 1 1
ciInstanceKlass org/jetbrains/kotlin/load/java/lazy/descriptors/LazyJavaClassDescriptor 1 1 712 1 7 1 7 1 7 1 1 1 3 3 3 1 1 3 1 1 1 1 1 1 1 1 1 1 1 1 1 1 1 1 1 1 1 1 1 1 1 1 1 1 1 1 1 1 1 1 1 1 1 1 1 1 1 1 1 1 1 1 1 1 1 1 1 1 1 1 1 1 1 1 1 1 1 1 1 1 1 1 1 1 1 1 1 1 1 1 1 1 1 1 1 1 1 1 1 1 1 1 1 1 1 1 1 1 1 1 7 1 7 1 7 1 7 1 7 1 7 1 7 1 7 1 7 1 1 1 1 1 1 1 1 1 1 8 1 7 1 1 12 10 8 8 1 7 1 1 12 10 1 7 1 1 12 11 1 1 12 10 1 7 1 1 12 10 1 7 1 7 1 1 12 11 1 7 1 12 10 12 9 12 9 12 9 1 7 1 7 1 7 1 1 12 10 12 9 1 1 12 10 1 7 1 7 1 1 12 11 1 1 12 11 1 7 1 12 9 1 100 1 12 10 1 8 1 1 12 10 1 12 10 1 12 10 1 100 1 12 10 1 12 10 1 7 1 7 1 1 12 10 12 9 1 1 12 11 1 7 1 12 9 1 12 11 1 12 9 1 12 11 1 12 9 1 12 9 12 9 1 12 9 1 12 9 1 12 11 1 12 11 1 12 11 1 1 12 10 12 9 1 12 11 12 9 1 12 11 1 12 11 12 9 10 12 9 1 7 1 12 10 12 9 1 12 9 1 1 12 10 1 7 1 1 12 11 10 1 7 1 1 12 10 12 9 1 7 1 7 1 12 10 12 9 1 7 1 12 10 12 9 1 7 1 7 1 1 12 10 12 9 10 1 7 1 1 12 11 12 9 1 1 1 1 12 10 1 1 7 1 1 12 11 1 7 1 1 12 11 1 1 7 1 12 9 1 1 12 10 1 100 1 12 9 1 8 1 12 10 1 7 1 1 12 10 1 100 1 1 7 1 8 1 1 12 10 1 1 1 1 12 10 1 8 1 12 10 1 1 1 12 10 1 7 1 12 11 1 1 1 1 12 10 1 7 1 1 12 11 1 1 12 11 1 7 1 7 10 1 7 1 1 12 11 1 7 1 12 11 1 12 11 1 7 11 1 12 11 1 12 11 1 100 1 1 12 11 11 12 9 11 1 7 1 12 10 1 7 1 12 11 1 100 1 12 10 1 12 10 1 7 1 12 10 1 1 12 11 1 100 12 10 1 1 1 1 1 1 1 1 1 1 1 1 1 1 1 1 1 1 1 1 1 1 1 1 1 1 12 10 1 12 10 10 1 1 12 9 1 100 1 1 12 9 1 100 1 1 12 10 1 12 11 1 100 1 100 1 1 12 10 1 100 1 100 1 1 12 10 1 100 10 1 100 1 1 12 10 1 12 10 1 1 1 1 1 1 1 1 1 1 1 1 1 1 1 1 1 1 1 8 1 100 1 100 1 1 12 10 1 8 1 1 12 10 1 1 12 10 1 1 12 10 12 10 12 10 1 1 1 1 1 1 1 1 1 12 10 12 9 1 7 1 8 1 8 1 8 1 8 1 8 1 8 8 1 7 1 1 12 10 1 1 1 1 1 1 1 1 1 1 1
staticfield org/jetbrains/kotlin/load/java/lazy/descriptors/LazyJavaClassDescriptor Companion Lorg/jetbrains/kotlin/load/java/lazy/descriptors/LazyJavaClassDescriptor$Companion; org/jetbrains/kotlin/load/java/lazy/descriptors/LazyJavaClassDescriptor$Companion
staticfield org/jetbrains/kotlin/load/java/lazy/descriptors/LazyJavaClassDescriptor PUBLIC_METHOD_NAMES_IN_OBJECT Ljava/util/Set; java/util/LinkedHashSet
ciInstanceKlass org/jetbrains/kotlin/load/java/lazy/descriptors/LazyJavaClassDescriptor$LazyJavaClassTypeConstructor 1 1 509 1 7 1 7 1 1 1 3 3 3 1 1 3 1 1 1 1 1 1 1 1 1 1 1 1 1 1 1 1 1 1 1 1 1 1 1 1 1 1 7 1 1 7 1 7 1 7 1 1 1 1 1 1 1 12 9 1 1 12 10 1 7 1 1 12 10 1 12 10 12 10 1 7 1 7 1 1 12 11 12 9 1 1 1 1 7 1 1 12 11 1 7 1 1 1 1 12 10 1 7 1 12 11 1 7 1 7 1 1 12 11 1 12 10 1 12 10 1 1 12 11 1 7 1 7 1 1 12 11 1 12 11 1 7 1 1 12 10 1 7 1 7 1 1 12 9 1 7 1 1 12 10 1 7 1 1 12 10 1 1 12 10 1 7 1 1 12 10 1 7 1 1 12 10 1 1 12 10 1 7 1 12 11 1 7 1 1 12 10 1 7 1 1 12 10 1 7 1 1 12 10 1 1 12 10 1 7 1 7 1 1 12 10 1 7 1 1 12 10 1 1 12 11 1 7 1 1 12 9 1 7 1 1 12 10 1 7 1 1 12 10 1 12 11 1 1 12 10 1 12 10 1 7 1 7 1 1 12 10 11 1 100 1 8 1 1 12 10 1 1 12 11 11 1 1 12 11 1 1 12 10 1 1 12 10 1 7 1 1 12 11 1 12 10 1 1 12 10 1 1 1 1 1 1 1 1 1 1 1 1 1 1 1 1 1 1 1 1 1 1 1 1 12 10 1 100 1 12 10 1 100 1 1 12 9 1 1 12 10 1 7 1 1 12 9 1 7 1 7 1 1 12 10 1 1 12 10 1 7 1 1 12 9 1 7 1 1 12 10 1 12 11 12 11 11 10 1 8 1 12 10 1 7 1 7 11 1 12 10 1 1 12 10 1 100 1 12 10 1 100 1 12 10 1 12 9 1 1 12 10 1 7 1 1 12 10 1 1 1 1 1 1 1 1 1 1 1 1 1 1 1 1 12 10 1 7 1 12 9 8 1 7 1 1 12 11 1 100 1 1 12 11 1 100 1 12 11 1 1 12 10 1 100 1 12 10 1 100 1 100 1 100 1 1 12 10 1 12 10 1 1 1 1 12 10 1 1 12 10 1 100 1 12 10 1 8 1 7 1 1 1 1 1 1 1 1 1 1
ciInstanceKlass org/jetbrains/kotlin/load/java/lazy/descriptors/LazyJavaClassMemberScope 1 1 1756 1 7 1 7 1 1 1 3 3 3 1 1 3 1 1 1 1 1 1 1 1 1 1 1 1 1 1 1 1 1 1 1 1 1 1 1 1 1 1 1 1 1 1 1 1 1 1 1 1 1 1 1 1 1 1 1 1 1 1 1 1 1 1 1 1 1 1 1 1 1 1 1 1 1 1 1 1 1 1 1 1 1 1 1 1 1 1 1 1 1 1 1 1 1 1 1 1 1 1 1 1 1 1 1 1 1 1 1 1 1 1 1 1 1 1 1 1 1 1 1 1 1 1 1 1 1 1 1 1 1 1 1 1 1 1 1 1 1 1 1 1 1 1 1 1 1 1 1 1 1 1 1 1 1 1 1 7 1 7 1 7 1 7 1 7 1 7 1 7 1 7 1 1 7 1 7 1 7 1 7 1 7 1 1 7 1 7 1 1 7 1 1 7 1 7 1 7 1 7 1 7 1 7 1 100 1 7 1 1 100 1 100 1 7 1 7 1 7 1 1 7 1 7 1 1 7 1 1 1 1 1 1 1 1 1 8 1 7 1 1 12 10 8 8 1 12 10 12 9 12 9 12 9 1 7 1 1 12 10 1 12 10 1 7 1 7 1 1 12 11 12 9 1 12 10 12 9 1 12 10 12 9 10 12 9 10 1 7 1 1 12 11 12 9 1 1 12 10 1 1 7 1 1 12 9 1 12 10 1 1 8 12 10 1 7 1 1 12 11 1 7 1 1 12 11 1 8 1 12 10 1 7 1 7 1 12 10 1 7 1 1 12 11 1 100 1 7 1 1 12 11 1 1 12 11 1 7 1 1 12 10 1 7 1 1 12 11 1 7 1 1 12 10 1 12 10 1 7 1 12 11 1 7 1 12 11 1 12 10 1 12 11 1 12 10 1 1 12 10 1 1 12 10 1 7 1 1 12 10 1 7 1 12 11 1 1 1 1 1 1 1 1 1 1 1 1 1 1 1 1 1 1 1 12 9 1 1 12 10 1 1 12 10 1 7 1 7 1 1 12 11 1 7 1 7 1 1 12 10 1 8 1 7 1 12 10 1 1 12 10 1 12 10 1 1 12 10 1 12 10 1 1 12 11 1 1 12 10 1 7 1 1 1 1 7 1 12 11 1 7 1 1 12 11 1 12 10 1 7 1 1 12 9 1 7 1 1 12 10 11 1 100 1 100 1 1 12 10 1 1 12 11 1 7 1 1 12 10 1 12 11 1 1 12 10 1 100 1 1 12 11 1 100 1 1 12 10 1 7 1 1 12 11 1 12 10 1 1 12 10 1 7 1 1 1 1 1 1 1 1 8 1 12 11 1 7 1 12 10 1 11 1 8 1 7 1 1 12 10 1 12 11 1 7 1 12 10 1 7 1 12 10 1 12 10 1 12 11 1 1 12 10 1 8 1 7 1 1 12 10 12 10 12 10 12 10 1 1 1 1 1 1 7 1 12 9 8 1 1 12 10 12 10 10 1 1 12 10 11 1 12 10 1 1 1 1 1 1 1 1 1 1 1 1 1 1 1 1 1 1 1 1 12 11 1 1 12 10 1 7 1 1 12 10 1 1 1 1 1 1 1 7 1 7 1 1 12 10 1 100 1 1 1 1 1 1 12 9 1 1 12 10 11 1 12 10 12 10 1 1 1 1 1 1 1 1 1 1 12 10 1 12 11 1 12 10 1 1 1 1 1 1 12 11 8 1 1 12 10 1 7 1 12 11 1 12 10 1 1 12 11 1 7 1 7 1 1 12 10 1 7 1 12 10 1 1 12 10 1 100 1 7 1 1 12 9 1 1 12 10 1 1 12 11 1 1 12 10 1 1 12 11 1 12 10 1 1 12 11 1 100 11 1 12 11 1 1 12 11 1 100 1 12 10 1 1 1 1 1 1 1 1 1 12 11 1 12 11 1 12 11 1 1 12 10 1 1 1 1 1 7 1 12 9 1 12 10 1 12 11 1 8 1 1 1 12 9 1 1 12 10 1 1 12 10 1 8 1 1 12 9 1 12 9 1 12 10 1 1 1 1 1 1 12 11 1 1 12 10 1 7 1 7 1 12 9 1 1 12 10 1 100 1 1 12 10 1 12 10 11 1 8 1 12 10 1 1 1 1 1 1 1 1 12 10 1 8 1 12 11 11 1 7 1 12 9 1 12 11 11 1 1 12 11 1 1 1 1 12 10 1 8 1 1 12 10 1 8 1 12 10 1 12 11 1 1 1 1 1 7 1 1 12 10 12 10 12 10 1 1 12 11 1 1 1 1 8 1 12 10 1 7 11 1 12 10 1 12 9 1 1 12 10 1 12 10 1 100 1 1 12 9 1 1 12 10 1 7 1 1 12 11 1 7 1 1 12 10 1 8 12 10 1 12 10 10 1 1 12 10 1 1 1 1 1 1 1 1 1 1 1 1 1 12 10 11 1 12 10 1 8 1 12 10 1 1 1 1 1 1 12 10 1 7 1 1 12 10 1 12 10 1 12 10 1 1 12 10 1 1 1 12 10 1 8 1 1 1 1 8 1 1 1 1 1 12 11 1 12 11 1 1 1 11 1 8 11 1 8 1 8 1 7 1 1 12 10 1 7 1 1 12 9 1 7 1 1 12 10 1 1 12 11 1 1 1 1 1 1 1 1 1 12 10 1 7 1 1 12 9 1 7 1 12 11 1 1 12 11 1 1 12 11 1 12 10 1 1 12 11 1 1 1 1 7 1 7 1 1 12 10 1 1 12 10 1 8 1 12 10 1 12 9 1 1 12 10 1 100 1 12 9 1 12 10 1 1 12 10 1 1 12 10 1 100 1 7 1 1 12 11 1 1 1 1 1 1 12 10 11 10 1 12 10 1 7 1 1 12 10 10 12 10 1 8 1 1 11 1 12 10 11 1 1 1 12 10 1 12 9 1 1 12 10 1 1 1 12 11 1 7 1 1 12 10 11 1 7 1 12 10 1 8 1 7 1 1 12 10 1 8 1 12 10 1 7 1 7 1 1 12 10 1 1 12 10 1 7 1 1 12 10 12 10 1 1 12 10 1 1 7 1 12 9 1 100 10 1 8 1 1 12 10 1 12 10 1 8 1 8 1 8 12 10 1 100 10 1 7 1 12 10 10 1 12 11 1 1 12 11 1 1 12 10 1 1 12 10 10 1 8 1 8 1 12 10 1 8 11 1 12 11 1 1 12 10 1 100 10 1 100 10 1 1 1 1 1 1 1 1 1 1 1 1 1 1 12 11 1 1 12 10 1 1 1 1 1 1 1 1 1 1 12 11 1 7 1 1 12 10 1 1 8 8 8 1 1 12 10 1 1 12 11 1 8 10 1 8 1 12 10 10 1 8 1 12 10 1 8 1 12 10 1 12 10 1 8 1 12 10 1 1 1 7 1 1 12 10 1 8 1 1 1 8 1 12 11 1 1 12 10 1 7 11 1 1 12 10 1 8 11 1 100 1 1 12 10 1 100 1 1 12 11 1 12 10 11 1 12 10 1 12 10 1 7 1 1 12 11 1 1 1 1 1 12 11 1 12 11 12 10 1 100 10 1 11 1 8 1 7 1 12 9 1 12 9 8 1 100 1 1 12 11 1 7 1 12 9 1 7 1 12 10 1 12 10 1 12 10 1 8 12 11 1 7 1 1 12 10 1 12 11 1 100 1 12 10 11 1 1 1 1 1 1 1 1 1 1 1 1 1 1 1 1 7 1 12 10 1 8 1 12 11 11 1 1 1 7 1 1 12 10 1 8 1 12 10 1 1 12 10 1 7 11 1 7 1 10 1 10 1 1 7 1 12 11 10 1 12 11 1 12 10 1 12 11 1 1 1 1 12 10 1 7 1 1 12 10 1 8 1 12 11 1 1 12 10 12 10 1 1 12 10 1 1 12 10 1 1 1 1 12 10 1 1 12 10 1 12 10 1 1 1 1 1 1 1 1 1 1 1 1 1 1 1
ciInstanceKlass org/jetbrains/kotlin/types/IntersectionTypeConstructor 1 1 311 1 7 1 7 1 7 1 100 1 1 1 3 3 3 1 1 3 1 1 1 1 1 1 1 1 1 1 1 1 1 1 1 1 1 1 1 1 1 1 1 1 1 1 1 1 1 1 1 1 1 1 1 1 1 1 1 1 1 1 7 1 7 1 1 100 1 100 1 7 1 7 1 7 1 1 1 1 1 1 8 1 7 1 1 12 10 1 12 10 1 7 1 1 12 11 1 7 1 1 12 9 1 8 1 100 1 12 10 1 7 12 10 12 9 1 12 10 12 9 1 1 1 1 10 12 9 1 1 1 7 1 12 10 1 1 1 1 12 9 1 8 1 1 12 10 1 1 1 1 12 10 1 100 1 1 12 11 1 100 1 1 12 10 12 11 1 8 1 12 10 1 1 1 12 10 1 1 8 1 100 1 100 1 12 10 1 100 1 1 12 10 1 8 1 100 1 8 1 8 10 1 7 1 1 12 10 1 1 1 1 1 1 12 9 12 10 1 1 1 12 10 1 1 1 12 9 1 1 12 10 12 10 1 12 10 1 7 1 1 12 10 1 1 8 12 10 1 100 1 1 12 10 1 12 10 11 1 100 1 12 11 1 12 10 1 12 11 1 100 1 12 10 1 12 10 1 1 1 1 1 1 1 1 1 1 1 1 1 1 1 1 1 1 1 12 10 1 12 10 1 1 1 1 1 1 1 1 1 1 1
instanceKlass org/jetbrains/kotlin/resolve/calls/tower/MemberScopeTowerLevel$approximateCapturedTypes$wrappedSubstitution$1
instanceKlass org/jetbrains/kotlin/resolve/FunctionDescriptorUtil$1
instanceKlass org/jetbrains/kotlin/resolve/calls/inference/DescriptorRelatedInferenceUtilsKt$substituteAndApproximateTypes$wrappedSubstitution$1
instanceKlass org/jetbrains/kotlin/resolve/calls/inference/DescriptorRelatedInferenceUtilsKt$substitute$wrappedSubstitution$1
instanceKlass org/jetbrains/kotlin/load/java/lazy/types/RawSubstitution
instanceKlass org/jetbrains/kotlin/types/TypeSubstitution$replaceWithNonApproximating$1
instanceKlass org/jetbrains/kotlin/types/DisjointKeysUnionTypeSubstitution
instanceKlass org/jetbrains/kotlin/types/TypeSubstitution$Companion$EMPTY$1
instanceKlass org/jetbrains/kotlin/types/IndexedParametersSubstitution
instanceKlass org/jetbrains/kotlin/types/DelegatedTypeSubstitution
instanceKlass org/jetbrains/kotlin/types/TypeConstructorSubstitution
ciInstanceKlass org/jetbrains/kotlin/types/TypeSubstitution 1 1 100 1 7 1 7 1 1 1 3 3 3 1 1 3 1 1 1 1 1 1 1 1 1 1 1 1 1 1 1 1 1 1 1 1 1 1 1 1 1 1 7 1 7 1 7 1 1 1 1 1 12 10 1 1 1 1 8 1 7 1 1 12 10 8 1 1 8 1 1 7 1 1 12 10 1 8 1 12 10 1 1 12 10 1 1 12 10 12 9 10 12 9 1 1 1 1 1 1 1 1
staticfield org/jetbrains/kotlin/types/TypeSubstitution Companion Lorg/jetbrains/kotlin/types/TypeSubstitution$Companion; org/jetbrains/kotlin/types/TypeSubstitution$Companion
staticfield org/jetbrains/kotlin/types/TypeSubstitution EMPTY Lorg/jetbrains/kotlin/types/TypeSubstitution; org/jetbrains/kotlin/types/TypeSubstitution$Companion$EMPTY$1
instanceKlass org/jetbrains/kotlin/types/StarProjectionImplKt$buildStarProjectionTypeByTypeParameters$1
instanceKlass org/jetbrains/kotlin/types/TypeConstructorSubstitution$Companion$createByConstructorsMap$1
ciInstanceKlass org/jetbrains/kotlin/types/TypeConstructorSubstitution 1 1 99 1 7 1 7 1 1 1 3 3 3 1 1 3 1 1 1 1 1 1 1 1 1 1 1 1 1 1 7 1 1 1 12 10 1 1 1 8 1 7 1 1 12 10 1 7 1 1 12 10 1 12 10 1 1 1 1 1 12 9 12 10 1 1 1 1 1 1 1 12 10 1 1 12 10 1 1 1 12 10 1 1 1 1 12 10 1 1 12 10 1 1 1 1 1 1 1 1 1
staticfield org/jetbrains/kotlin/types/TypeConstructorSubstitution Companion Lorg/jetbrains/kotlin/types/TypeConstructorSubstitution$Companion; org/jetbrains/kotlin/types/TypeConstructorSubstitution$Companion
ciInstanceKlass org/jetbrains/kotlin/types/IndexedParametersSubstitution 1 1 153 1 7 1 7 1 1 1 3 3 3 1 1 3 1 1 1 1 1 1 1 1 1 1 1 1 1 1 1 1 1 1 1 1 1 1 1 1 1 1 1 1 8 1 7 1 1 12 10 8 1 12 10 12 9 12 9 12 9 1 7 1 12 9 1 100 10 1 8 1 1 12 10 1 12 10 1 8 1 1 12 10 1 100 1 12 10 1 1 1 1 12 10 1 8 1 7 1 7 1 1 12 11 7 1 7 7 12 10 1 1 1 1 1 1 1 1 8 1 7 1 1 12 10 1 7 1 1 12 11 1 1 12 11 1 12 11 1 1 12 10 1 1 1 1 1 1 1 1 1 1 1 1
ciInstanceKlass org/jetbrains/kotlin/types/TypeConstructorSubstitution$Companion 1 1 196 1 7 1 7 1 1 1 3 3 3 1 1 3 1 1 1 1 1 1 1 1 1 1 1 1 1 1 1 1 1 1 1 1 1 1 7 1 1 7 1 100 1 12 10 1 1 1 1 1 1 8 1 7 1 1 12 10 1 12 10 1 1 1 1 12 10 1 1 1 12 10 1 8 1 7 1 1 12 10 1 1 12 10 1 12 10 1 8 8 1 7 1 12 11 1 8 1 12 10 1 7 1 1 12 10 1 7 1 1 12 11 1 100 1 100 1 100 1 1 12 10 1 12 10 1 100 1 1 12 11 1 100 1 12 11 1 1 12 11 1 12 11 1 1 12 11 1 1 12 10 1 100 1 1 12 10 12 10 1 7 1 7 1 12 10 1 1 1 1 1 1 1 1 1 1 1 1 1 1 1 1 10 1 1 1 1 1 1 1 1 1 1 1 1 1
ciInstanceKlass org/jetbrains/kotlin/types/TypeAttributesKt 1 1 115 1 100 1 100 1 1 1 3 3 3 1 3 1 3 1 1 1 1 1 1 1 1 1 1 1 7 1 7 1 1 1 1 8 1 7 1 1 12 10 1 7 1 1 12 9 1 12 10 1 1 1 1 12 10 1 1 8 1 7 1 12 10 1 1 12 10 1 7 1 7 1 1 12 10 1 7 1 1 12 11 1 7 1 1 12 11 1 12 11 1 7 1 1 12 10 1 12 10 1 1 1 1 1 1 1 1 1 1 1 1 1 1 1 1
ciInstanceKlass org/jetbrains/kotlin/types/AnnotationsTypeAttributeKt 1 1 133 1 7 1 100 1 1 1 3 3 3 1 3 1 3 1 1 1 1 1 1 1 1 1 1 1 1 1 1 1 1 7 1 7 1 1 7 1 7 1 1 1 1 1 1 8 1 7 1 1 12 10 12 9 12 9 1 7 1 1 12 11 1 7 1 12 10 1 12 10 1 12 9 1 12 10 1 1 1 1 7 1 7 8 1 7 1 1 12 10 8 1 8 1 1 12 10 1 7 1 1 12 10 1 12 9 1 1 12 10 1 1 12 10 1 8 1 12 10 1 1 1 1 1 1 1 1 1 1 1 1 1 1
staticfield org/jetbrains/kotlin/types/AnnotationsTypeAttributeKt $$delegatedProperties [Lkotlin/reflect/KProperty; 1 [Lkotlin/reflect/KProperty;
staticfield org/jetbrains/kotlin/types/AnnotationsTypeAttributeKt annotationsAttribute$delegate Lkotlin/properties/ReadOnlyProperty; org/jetbrains/kotlin/util/NullableArrayMapAccessor
instanceKlass org/jetbrains/kotlin/types/AnnotationsTypeAttribute
ciInstanceKlass org/jetbrains/kotlin/types/TypeAttribute 1 1 54 1 100 1 1 7 1 100 1 1 1 3 3 3 1 1 3 1 1 1 1 1 1 1 1 1 1 1 1 1 1 1 1 1 1 1 1 1 12 10 1 1 1 1 1 1 1 1 1 1 1 1 1 1
ciInstanceKlass org/jetbrains/kotlin/types/AnnotationsTypeAttribute 1 1 101 1 7 1 1 7 1 1 1 3 3 3 1 1 3 1 1 1 1 1 1 1 1 1 1 1 1 1 1 1 1 1 1 1 1 1 1 1 1 1 8 1 7 1 1 12 10 1 12 10 12 9 1 1 1 1 1 12 10 1 100 1 1 12 10 12 10 1 1 1 7 1 1 12 10 1 1 1 1 100 12 10 1 12 10 12 10 12 10 1 12 10 1 1 1 1 1 1 1 1 1
instanceKlass org/jetbrains/kotlin/util/NullableArrayMapAccessor
ciInstanceKlass org/jetbrains/kotlin/util/AbstractArrayMapOwner$AbstractArrayMapAccessor 1 1 82 1 7 1 1 7 1 1 1 3 3 3 1 1 3 1 1 1 1 1 1 1 1 1 1 1 1 1 1 1 1 1 1 1 1 1 1 7 1 1 1 1 1 1 8 1 7 1 1 12 10 1 12 10 12 9 12 9 1 1 1 1 8 1 1 12 10 1 7 1 1 12 10 1 1 1 1 1 1 1 1 1
ciInstanceKlass org/jetbrains/kotlin/util/NullableArrayMapAccessor 1 1 76 1 7 1 1 7 1 100 1 1 1 3 3 3 1 1 3 1 1 1 1 1 1 1 1 1 1 1 1 1 1 1 1 1 1 1 1 1 1 7 1 1 1 1 8 1 7 1 1 12 10 12 10 1 1 1 1 8 8 1 1 12 10 1 12 10 1 1 1 1 1 1 1 1 1 1
ciInstanceKlass org/jetbrains/kotlin/util/TypeRegistry$getId$1 1 1 91 1 7 1 1 7 1 100 1 1 7 1 1 12 1 1 3 3 3 1 3 1 3 1 1 1 1 1 1 1 1 1 1 1 1 1 1 1 1 1 1 12 9 1 12 10 1 1 1 1 1 8 1 7 1 1 12 10 1 1 12 10 1 7 1 1 12 10 1 7 1 1 12 10 1 1 7 12 10 1 1 1 1 1 1 1 1 1 1 1 1
ciInstanceKlass org/jetbrains/kotlin/descriptors/annotations/CompositeAnnotations 1 1 173 1 7 1 7 1 7 1 1 1 3 3 3 1 1 3 1 1 1 1 1 1 1 1 1 1 1 1 1 1 1 1 1 1 1 1 7 1 7 1 1 1 1 1 8 1 7 1 1 12 10 1 12 10 12 9 1 1 7 1 1 12 10 12 10 1 1 1 7 1 7 12 11 1 12 11 1 7 1 12 11 1 1 12 11 11 1 1 1 1 1 1 1 1 1 8 1 7 1 1 12 10 1 7 11 1 100 12 11 1 1 1 1 1 1 1 12 10 1 7 1 7 1 1 12 10 1 1 12 10 1 100 1 1 1 100 10 12 11 1 1 12 10 1 100 1 1 1 1 1 1 1 1 1 1 1 1 12 9 1 12 10 1 1 1 1 1 1 1 1 1 1 1
ciInstanceKlass org/jetbrains/kotlin/descriptors/impl/ModuleAwareClassDescriptorKt 1 1 64 1 100 1 100 1 1 1 3 3 3 1 3 1 3 1 1 1 1 1 1 1 1 1 1 1 1 1 7 1 7 1 1 1 1 8 1 7 1 1 12 10 8 1 12 9 1 12 10 1 1 8 1 12 10 1 1 1 1 1 1 1 1 1
ciInstanceKlass org/jetbrains/kotlin/types/KotlinTypeFactory$simpleType$1 1 1 116 1 7 1 1 7 1 100 1 1 100 1 1 12 1 1 3 3 3 1 3 1 3 1 1 1 1 1 1 1 1 1 100 1 1 1 1 1 1 1 1 1 1 1 1 1 12 9 12 9 12 9 12 9 1 12 10 1 1 1 1 1 8 1 100 1 1 12 10 1 1 12 9 1 1 12 10 1 1 12 10 1 100 1 100 1 1 12 10 1 1 12 10 10 1 1 1 1 1 1 12 10 1 1 1 1 1 1 1 1 1 1 1 1 1 1
ciInstanceKlass org/jetbrains/kotlin/types/TypeSubstitutionKt 1 1 194 1 7 1 100 1 1 1 3 3 3 1 3 1 3 1 1 1 1 1 1 1 1 1 1 1 1 1 1 1 1 1 100 1 100 1 1 1 1 1 1 8 1 7 1 1 12 10 8 8 8 1 7 1 1 12 11 1 7 1 1 12 10 1 1 12 10 1 1 12 10 1 7 11 1 12 9 1 12 10 1 100 1 7 1 1 12 10 1 1 12 10 1 7 1 1 12 10 1 12 10 1 12 10 1 7 1 1 12 10 1 100 1 7 1 100 1 1 12 10 1 1 1 1 1 1 12 10 1 8 10 1 1 12 10 1 1 12 10 1 12 10 1 1 12 10 1 10 1 1 100 1 100 10 1 8 1 1 12 10 1 12 10 1 1 12 10 10 1 12 10 1 1 1 12 10 1 1 1 1 1 12 10 1 1 1 1 1 1 1 1 1 1 1
ciInstanceKlass org/jetbrains/kotlin/load/java/lazy/descriptors/LazyJavaTypeParameterDescriptor 1 1 249 1 7 1 7 1 1 1 3 3 3 1 1 3 1 1 1 1 1 1 1 1 1 1 1 1 1 1 1 1 1 1 1 1 1 1 1 1 1 1 8 1 7 1 1 12 10 8 8 1 7 1 1 12 10 1 7 1 7 1 12 10 1 7 1 7 1 1 12 11 1 7 1 1 12 9 1 7 1 1 12 9 1 1 12 10 1 7 1 1 12 10 1 12 10 12 9 12 9 1 1 1 1 12 10 1 1 12 11 1 7 1 1 12 11 1 1 12 10 1 100 1 1 12 11 1 100 1 1 12 10 1 8 1 12 10 1 12 10 1 8 1 100 1 1 12 10 1 7 1 1 12 10 1 7 1 7 1 1 12 10 1 12 10 1 1 12 11 1 7 1 12 11 1 1 12 11 1 7 1 1 12 10 1 7 1 7 1 1 12 9 1 7 1 7 1 1 12 10 1 7 1 1 12 10 1 1 12 11 1 7 1 1 1 1 1 1 1 1 1 1 1 1 1 1 8 1 1 12 10 1 7 1 1 12 10 1 1 8 1 1 1 1 1 1 1 1 1 1
ciInstanceKlass org/jetbrains/kotlin/types/NullableSimpleType 1 1 54 1 100 1 7 1 1 1 3 3 3 1 1 3 1 1 1 1 1 1 1 1 1 1 1 1 1 1 1 8 1 7 1 1 12 10 12 10 1 1 1 10 1 12 10 1 100 1 1 1 1 1 1 1
ciInstanceKlass org/jetbrains/kotlin/types/FlexibleTypeImpl 1 1 262 1 7 1 7 1 100 1 1 1 3 3 3 1 1 3 1 1 1 1 1 1 1 1 1 1 1 1 1 1 1 1 1 1 1 1 1 1 1 1 1 1 1 1 1 1 1 1 1 1 1 1 1 1 1 7 1 1 1 1 1 1 8 1 7 1 1 12 10 8 12 10 1 1 12 9 12 9 1 12 10 1 7 1 100 1 1 12 10 1 100 1 12 9 1 100 12 10 1 8 1 1 12 10 1 12 10 1 12 10 1 100 1 12 10 1 12 10 1 8 1 1 12 10 1 8 1 8 1 100 1 1 12 9 1 1 12 11 1 8 1 8 1 1 1 1 1 12 10 1 7 1 1 12 10 1 7 1 1 12 11 1 7 1 8 1 1 12 10 1 100 1 12 10 1 7 1 1 12 10 1 100 10 1 7 1 1 12 10 1 1 8 1 12 10 1 8 8 1 100 1 12 11 1 12 10 1 100 1 1 12 10 1 8 1 100 1 1 12 10 1 1 12 10 1 1 1 8 1 100 1 100 1 1 12 10 1 8 1 12 10 10 1 12 10 1 1 1 12 10 12 9 1 1 1 1 1 1 1 1 1 1
staticfield org/jetbrains/kotlin/types/FlexibleTypeImpl Companion Lorg/jetbrains/kotlin/types/FlexibleTypeImpl$Companion; org/jetbrains/kotlin/types/FlexibleTypeImpl$Companion
ciInstanceKlass org/jetbrains/kotlin/descriptors/impl/AbstractTypeParameterDescriptor$TypeParameterTypeConstructor 1 1 169 1 7 1 7 1 1 7 1 1 1 1 1 1 1 1 1 1 12 10 12 9 1 12 10 12 9 1 1 1 1 1 1 1 1 1 12 10 1 100 1 1 1 7 1 12 10 1 1 1 1 1 1 1 1 100 1 12 10 1 100 1 1 1 1 12 10 1 100 12 10 1 1 1 100 1 1 12 10 1 1 1 1 1 1 12 10 1 1 1 1 1 1 1 100 1 1 12 9 1 100 1 100 1 1 12 10 1 1 1 7 1 7 1 1 12 9 1 1 12 10 1 1 1 8 1 8 1 100 1 100 8 8 8 8 8 8 8 8 8 8 8 8 8 8 1 1 12 10 1 100 1 12 10 1 100 10 1 100 1 1 1 1 1 1 1 1 1 1
ciInstanceKlass org/jetbrains/kotlin/load/java/lazy/types/RawTypeImpl 1 1 387 1 7 1 7 1 100 1 1 1 3 3 3 1 1 3 1 1 1 1 1 1 1 1 1 1 1 1 1 1 1 1 1 1 1 1 1 1 1 1 1 1 1 1 1 1 1 1 1 1 1 100 1 12 10 1 7 1 1 12 9 1 7 1 1 12 11 1 7 1 1 12 9 1 100 1 12 10 1 8 1 1 12 10 1 12 10 1 8 1 1 12 10 1 100 1 12 10 1 1 1 1 8 1 7 1 1 12 10 8 12 10 1 12 10 1 1 12 10 1 100 1 1 12 11 1 100 1 100 1 8 1 100 10 1 12 10 1 100 1 12 10 1 100 1 12 11 1 8 1 12 10 1 1 1 8 1 7 1 12 10 1 12 10 10 1 1 12 10 1 8 8 1 100 1 1 12 10 1 100 1 1 12 11 1 8 1 8 1 12 10 1 100 1 1 12 10 1 100 1 12 11 1 100 1 1 12 10 1 1 12 10 1 1 12 10 1 100 1 8 1 100 1 1 12 9 1 100 1 100 1 1 12 10 1 1 12 10 1 100 11 1 1 12 11 1 100 1 12 11 1 1 12 11 1 100 1 12 10 1 12 10 1 1 12 10 1 1 12 10 1 1 12 10 1 1 1 1 1 1 1 1 1 1 1 1 1 1 1 1 1 1 1 8 1 100 1 100 1 1 12 10 1 8 1 12 10 1 8 1 100 1 1 12 10 1 8 1 1 1 10 1 100 1 1 12 10 1 12 10 1 100 1 1 12 10 1 1 12 11 1 1 1 1 1 1 1 1 1 1 1 1 1 1 12 10 1 1 12 10 1 12 10 1 1 12 10 1 7 1 12 10 1 12 10 1 1 1 1 1 1 1 1 1 1 1 1
ciInstanceKlass org/jetbrains/kotlin/load/java/typeEnhancement/NotNullTypeParameterImpl 1 1 164 1 7 1 7 1 100 1 1 1 3 3 3 1 1 3 1 1 1 1 1 1 1 1 1 1 1 1 1 1 1 1 1 1 1 1 1 1 1 1 1 1 1 1 8 1 7 1 1 12 10 1 12 10 12 9 1 1 8 1 7 1 1 12 10 1 7 1 12 10 1 7 1 12 10 1 7 1 7 1 12 10 1 7 1 12 10 1 12 10 1 7 1 1 12 10 1 7 1 12 10 1 1 12 10 1 100 1 100 10 1 8 1 1 12 10 1 12 10 1 1 12 10 1 100 10 1 12 10 1 1 1 12 10 12 10 1 1 1 8 12 10 1 12 10 1 1 1 12 10 1 1 10 1 12 10 1 1 1 1 1 1 1 1
ciInstanceKlass org/jetbrains/kotlin/descriptors/annotations/FilteredAnnotations 1 1 165 1 7 1 7 1 100 1 1 1 3 3 3 1 1 3 1 1 1 1 1 1 1 1 1 1 1 1 1 1 1 1 1 1 1 1 1 1 1 100 1 1 1 1 1 1 1 8 1 7 1 1 12 10 8 1 12 10 12 9 12 9 12 9 1 1 12 10 1 8 1 100 1 1 12 11 1 100 1 1 12 10 12 11 1 1 12 11 1 100 1 1 1 7 1 7 10 1 7 12 11 1 7 1 12 11 1 1 12 11 1 12 10 1 1 12 11 1 7 11 1 1 1 1 1 1 1 1 1 1 1 1 12 11 1 1 1 1 1 1 1 12 11 1 1 1 1 1 1 1 1 12 10 1 1 1 1 1 1 1 1 1 1 1 1
ciInstanceKlass org/jetbrains/kotlin/util/OneElementArrayMap 1 1 93 1 7 1 1 7 1 1 1 3 3 3 1 1 3 1 1 1 1 1 1 1 1 1 1 1 1 1 1 1 1 1 1 1 1 1 1 1 1 1 7 1 1 1 1 1 8 1 7 1 1 12 10 1 12 10 12 9 12 9 1 1 1 1 100 1 12 10 1 1 1 100 1 1 12 10 1 1 1 12 10 1 7 1 1 1 1 1 1 1 1 1 1
ciInstanceKlass org/jetbrains/kotlin/types/SimpleTypeWithAttributes 1 1 62 1 7 1 7 1 1 1 3 3 3 1 1 3 1 1 1 1 1 1 1 1 1 1 1 1 1 1 1 1 8 1 7 1 1 12 10 8 1 12 10 12 9 1 1 1 12 10 12 10 1 12 10 1 100 1 1 1 1 1 1 1
ciInstanceKlass org/jetbrains/kotlin/descriptors/annotations/AnnotationsImpl 1 1 94 1 7 1 7 1 100 1 1 1 3 3 3 1 1 3 1 1 1 1 1 1 1 1 1 1 1 1 1 1 7 1 1 1 1 1 1 8 1 7 1 1 12 10 1 12 10 12 9 1 1 1 7 12 11 1 1 12 11 1 12 10 1 1 1 1 12 10 1 1 1 1 1 12 10 1 1 1 1 1 1 1 12 10 1 1 1 1 1 1 1 1 1 1
ciInstanceKlass org/jetbrains/kotlin/serialization/deserialization/descriptors/DeserializedTypeAliasDescriptor 1 1 290 1 7 1 7 1 100 1 1 1 3 3 3 1 1 3 1 1 1 1 1 1 1 1 1 1 1 1 1 1 1 1 1 1 1 1 1 1 1 1 1 1 1 1 1 1 1 1 1 1 1 1 1 1 1 1 1 1 1 1 1 1 1 1 1 1 1 1 1 1 1 1 1 1 1 1 1 1 1 1 1 1 1 1 100 1 100 1 1 1 1 1 1 1 1 8 1 7 1 1 12 10 8 8 8 8 8 8 8 8 1 7 1 1 12 9 8 1 12 10 1 12 10 12 9 12 9 12 9 12 9 12 9 12 9 1 1 12 9 1 100 8 1 1 12 10 12 9 1 7 8 12 9 8 1 1 8 1 12 10 1 7 1 7 1 1 12 10 12 9 1 12 10 12 9 1 12 10 12 10 1 7 1 7 1 1 12 10 1 1 12 10 1 7 1 1 12 11 1 7 8 1 8 1 100 1 1 12 10 1 100 12 10 1 1 12 10 1 1 12 10 1 1 12 10 1 1 12 10 12 10 12 10 12 10 12 10 12 10 12 10 1 1 12 10 12 10 1 100 1 1 12 9 1 1 12 10 1 8 1 100 1 1 12 10 12 10 1 1 8 1 100 1 1 7 1 12 10 1 100 1 1 1 1 1 1 1 1 1 1
ciInstanceKlass org/jetbrains/kotlin/types/error/ThrowingScope 1 1 160 1 100 1 7 1 1 1 3 3 3 1 1 3 1 1 1 1 1 1 1 1 1 1 1 1 1 1 1 1 1 1 1 1 1 1 1 1 1 1 1 1 1 1 1 1 1 1 1 1 1 1 1 1 8 1 7 1 1 12 10 8 1 7 1 1 12 10 1 7 12 10 1 1 8 8 1 100 1 100 1 12 10 1 1 12 10 1 1 12 10 1 8 1 12 10 12 10 1 12 10 1 1 1 1 1 1 1 8 8 1 1 1 10 1 1 1 8 1 12 10 1 8 1 100 1 1 12 10 1 100 1 12 10 1 8 1 100 1 1 12 10 1 12 10 1 100 12 10 1 12 10 1 1 1 1 1 1 1 1
ciInstanceKlass org/jetbrains/kotlin/util/OneElementArrayMap$iterator$1 1 1 77 1 7 1 1 7 1 100 1 100 1 1 7 1 1 12 1 1 3 3 3 1 1 3 1 1 1 1 1 1 1 1 1 1 1 1 1 1 1 1 12 9 1 12 10 12 9 1 1 1 1 1 1 1 12 10 1 100 10 1 1 100 1 8 1 12 10 1 1 1 1 1 1 1 1 1 1
ciMethodData java/lang/Object <init> ()V 2 3132727 orig 80 1 0 0 0 0 0 0 0 0 0 0 0 0 0 0 0 0 0 0 0 0 0 0 0 0 0 0 0 0 0 0 0 0 0 0 0 0 0 0 0 0 0 0 0 0 0 0 0 0 0 0 0 0 0 0 0 0 0 0 0 0 0 0 0 0 0 0 0 0 0 0 0 0 0 0 0 0 0 0 0 data 4 0x0 0x9 0x1 0x0 oops 0 methods 0
ciMethodData java/lang/StringLatin1 hashCode ([B)I 2 29655 orig 80 0 0 0 0 0 0 0 0 0 0 0 0 0 0 0 0 0 0 0 0 0 0 0 0 0 0 0 0 0 0 0 0 0 0 0 0 0 0 0 0 0 0 0 0 0 0 0 0 0 0 0 0 0 0 0 0 0 0 0 0 0 0 0 0 0 0 0 0 0 0 0 0 0 0 0 0 0 0 0 0 data 14 0xd0007 0x3de 0x38 0x63d7 0x250003 0x63d7 0xffffffffffffffe0 0x0 0x0 0x0 0x0 0x9 0x1 0x0 oops 0 methods 0
ciMethodData java/lang/String hashCode ()I 2 5672 orig 80 0 0 0 0 0 0 0 0 0 0 0 0 0 0 0 0 0 0 0 0 0 0 0 0 0 0 0 0 0 0 0 0 0 0 0 0 0 0 0 0 0 0 0 0 0 0 0 0 0 0 0 0 0 0 0 0 0 0 0 0 0 0 0 0 0 0 0 0 0 0 0 0 0 0 0 0 0 0 0 0 data 42 0x60007 0xe43 0x108 0x5e6 0xd0007 0x30 0xe8 0x5b6 0x110005 0x5b6 0x0 0x0 0x0 0x0 0x0 0x140007 0x1 0x48 0x5b5 0x1b0002 0x5b5 0x1e0003 0x5b5 0x28 0x250002 0x1 0x2a0007 0x5b5 0x38 0x1 0x320003 0x1 0x18 0x0 0x0 0x0 0x0 0x0 0x0 0x9 0x1 0xe oops 0 methods 0
ciMethodData java/lang/String isLatin1 ()Z 2 1294504 orig 80 0 0 0 0 0 0 0 0 0 0 0 0 147 2 0 0 0 0 0 0 0 0 0 0 0 0 0 0 0 0 0 0 0 0 0 0 0 0 0 0 0 0 0 0 0 0 0 0 0 0 0 0 0 0 0 0 0 0 0 0 0 0 0 0 0 0 0 0 0 0 0 0 0 0 0 0 0 0 0 0 data 18 0x30007 0x0 0x58 0x13beb7 0xa0007 0x10 0x38 0x13bea7 0xe0003 0x13bea7 0x18 0x0 0x0 0x0 0x0 0x9 0x1 0x0 oops 0 methods 0
ciMethodData java/lang/StringUTF16 hashCode ([B)I 1 45 orig 80 0 0 0 0 0 0 0 0 0 0 0 0 147 2 0 0 0 0 0 0 0 0 0 0 0 0 0 0 0 0 0 0 0 0 0 0 0 0 0 0 0 0 0 0 0 0 0 0 0 0 0 0 0 0 0 0 0 0 0 0 0 0 0 0 0 0 0 0 0 0 0 0 0 0 0 0 0 0 0 0 data 18 0xb0007 0x3 0x48 0x2d 0x140002 0x2d 0x1c0003 0x2d 0xffffffffffffffd0 0x0 0x0 0x0 0x0 0x0 0x0 0x9 0x1 0x0 oops 0 methods 0
ciMethodData java/lang/String equals (Ljava/lang/Object;)Z 2 5417 orig 80 0 0 0 0 0 0 0 0 0 0 0 0 147 2 0 0 0 0 0 0 0 0 0 0 0 0 0 0 0 0 0 0 0 0 0 0 0 0 0 0 0 0 0 0 0 0 0 0 0 0 0 0 0 0 0 0 0 0 0 0 0 0 0 0 0 0 0 0 0 0 0 0 0 0 0 0 0 0 0 0 data 49 0x20007 0x1024 0x20 0x3e0 0x80104 0x0 0x0 0x2936eeb2d80 0x101f 0x0 0x0 0xb0007 0x5 0xe0 0x101f 0xf0004 0x0 0x0 0x2936eeb2d80 0x101f 0x0 0x0 0x160007 0x0 0x40 0x101f 0x210007 0x0 0x68 0x101f 0x2c0002 0x101f 0x2f0007 0x43f 0x38 0xbe0 0x330003 0xbe0 0x18 0x0 0x0 0x0 0x0 0x0 0x0 0x9 0x2 0x0 0x0 oops 2 7 java/lang/String 18 java/lang/String methods 0
ciMethodData java/util/AbstractCollection <init> ()V 2 546574 orig 80 0 0 0 0 0 0 0 0 0 0 0 0 147 2 0 0 0 0 0 0 0 0 0 0 0 0 0 0 0 0 0 0 0 0 0 0 0 0 0 0 0 0 0 0 0 0 0 0 0 0 0 0 0 0 0 0 0 0 0 0 0 0 0 0 0 0 0 0 0 0 0 0 0 0 0 0 0 0 0 0 data 7 0x10002 0x8560a 0x0 0x0 0x9 0x1 0x0 oops 0 methods 0
ciMethodData java/util/concurrent/ConcurrentHashMap tabAt ([Ljava/util/concurrent/ConcurrentHashMap$Node;I)Ljava/util/concurrent/ConcurrentHashMap$Node; 2 5729 orig 80 0 0 0 0 0 0 0 0 0 0 0 0 147 2 0 0 0 0 0 0 0 0 0 0 0 0 0 0 0 0 0 0 0 0 0 0 0 0 0 0 0 0 0 0 0 0 0 0 0 0 0 0 0 0 0 0 0 0 0 0 0 0 0 0 0 0 0 0 0 0 0 0 0 0 0 0 0 0 0 0 data 27 0xf000b 0x155d 0x0 0x0 0x0 0x0 0x0 0x2 0x1 0x29375059a10 0x120104 0x0 0x0 0x29375059960 0xa34 0x293763f6340 0x370 0x0 0x0 0x0 0x0 0x0 0x0 0x9 0x2 0xffffffffffffffff 0x0 oops 3 9 [Ljava/util/concurrent/ConcurrentHashMap$Node; 13 java/util/concurrent/ConcurrentHashMap$Node 15 java/util/concurrent/ConcurrentHashMap$ForwardingNode methods 0
ciMethodData java/util/concurrent/ConcurrentHashMap spread (I)I 2 25010 orig 80 0 0 0 0 0 0 0 0 0 0 0 0 147 2 0 0 0 0 0 0 0 0 0 0 0 0 0 0 0 0 0 0 0 0 0 0 0 0 0 0 0 0 0 0 0 0 0 0 0 0 0 0 0 0 0 0 0 0 0 0 0 0 0 0 0 0 0 0 0 0 0 0 0 0 0 0 0 0 0 0 data 5 0x0 0x0 0x9 0x1 0x0 oops 0 methods 0
ciMethodData java/util/concurrent/ConcurrentHashMap get (Ljava/lang/Object;)Ljava/lang/Object; 2 10541 orig 80 1 0 0 0 0 0 0 0 0 0 0 0 147 2 0 0 0 0 0 0 0 0 0 0 0 0 0 0 0 0 0 0 0 0 0 0 0 0 0 1 0 0 0 0 0 0 0 0 0 0 0 0 0 0 0 0 0 0 0 0 0 0 0 0 0 0 0 0 0 0 0 0 0 0 0 0 0 0 0 0 data 101 0x10005 0xfc1 0x0 0x2936eeb2d80 0x17af 0x2937505d990 0xbd 0x40002 0x282d 0xf0007 0x2eb 0x290 0x2542 0x170007 0x0 0x270 0x2542 0x220002 0x2542 0x270007 0x9d3 0x240 0x1b6f 0x330007 0x93b 0xb8 0x1234 0x3e0007 0x40c 0x98 0xe28 0x430007 0x0 0x108 0xe28 0x490005 0x6d0 0x0 0x2936eeb2d80 0x678 0x2936eeb5190 0xe0 0x4c0007 0x0 0xb0 0xe28 0x560007 0x93b 0x90 0x0 0x5d0005 0x0 0x0 0x0 0x0 0x0 0x0 0x630007 0x0 0x38 0x0 0x6b0003 0x0 0x18 0x760007 0x48d 0xd8 0x65a 0x7f0007 0x1aa 0xffffffffffffffe0 0x4b0 0x8a0007 0x1d7 0x98 0x2d9 0x8f0007 0x0 0xffffffffffffffa0 0x2d9 0x950005 0x3c 0x0 0x2936eeb2d80 0x29a 0x2936eeb5190 0x3 0x8000000600980007 0x2 0xffffffffffffff48 0x2d8 0x0 0x0 0x0 0x0 0x0 0x0 0x9 0x2 0x0 0x0 oops 6 3 java/lang/String 5 jdk/internal/module/ModuleReferenceImpl 38 java/lang/String 40 java/lang/invoke/MethodType 83 java/lang/String 85 java/lang/invoke/MethodType methods 0
ciMethodData java/lang/ref/Reference <init> (Ljava/lang/Object;Ljava/lang/ref/ReferenceQueue;)V 2 22320 orig 80 0 0 0 0 0 0 0 0 0 0 0 0 147 2 0 0 0 0 0 0 0 0 0 0 0 0 0 0 0 0 0 0 0 0 0 0 0 0 0 0 0 0 0 0 0 0 0 0 0 0 0 0 0 0 0 0 0 0 0 0 0 0 0 0 0 0 0 0 0 0 0 0 0 0 0 0 0 0 0 0 data 20 0x10002 0x5630 0xb0007 0x3e1a 0x38 0x1816 0x110003 0x1816 0x18 0x0 0x0 0x0 0x0 0x0 0x0 0x9 0x3 0x6 0x0 0x0 oops 0 methods 0
ciMethodData java/lang/Class getName ()Ljava/lang/String; 2 28670 orig 80 0 0 0 0 0 0 0 0 0 0 0 0 147 2 0 0 0 0 0 0 0 0 0 0 0 0 0 0 0 0 0 0 0 0 0 0 0 0 0 0 0 0 0 0 0 0 0 0 0 0 0 0 0 0 0 0 0 0 0 0 0 0 0 0 0 0 0 0 0 0 0 0 0 0 0 0 0 0 0 0 data 23 0x60007 0x1d7d 0x38 0x5181 0xa0003 0x5181 0x50 0xe0005 0x1d7d 0x0 0x0 0x0 0x0 0x0 0x0 0x0 0x0 0x0 0x0 0x0 0x9 0x1 0x0 oops 0 methods 0
ciMethodData java/util/AbstractList <init> ()V 2 344298 orig 80 0 0 0 0 0 0 0 0 0 0 0 0 147 2 0 0 0 0 0 0 0 0 0 0 0 0 0 0 0 0 0 0 0 0 0 0 0 0 0 0 0 0 0 0 0 0 0 0 0 0 0 0 0 0 0 0 0 0 0 0 0 0 0 0 0 0 0 0 0 0 0 0 0 0 0 0 0 0 0 0 data 9 0x10002 0x540d6 0x0 0x0 0x0 0x0 0x9 0x1 0x6 oops 0 methods 0
ciMethodData java/lang/ref/Reference <init> (Ljava/lang/Object;)V 2 6317 orig 80 0 0 0 0 0 0 0 0 0 0 0 0 147 2 0 0 0 0 0 0 0 0 0 0 0 0 0 0 0 0 0 0 0 0 0 0 0 0 0 0 0 0 0 0 0 0 0 0 0 0 0 0 0 0 0 0 0 0 0 0 0 0 0 0 0 0 0 0 0 0 0 0 0 0 0 0 0 0 0 0 data 8 0x30002 0x1864 0x0 0x0 0x9 0x2 0x0 0x0 oops 0 methods 0
ciMethodData java/lang/Object equals (Ljava/lang/Object;)Z 2 57433 orig 80 0 0 0 0 0 0 0 0 0 0 0 0 147 2 0 0 0 0 0 0 0 0 0 0 0 0 0 0 0 0 0 0 0 0 0 0 0 0 0 0 0 0 0 0 0 0 0 0 0 0 0 0 0 0 0 0 0 0 0 0 0 0 0 0 0 0 0 0 0 0 0 0 0 0 0 0 0 0 0 0 data 17 0x20007 0x896c 0x38 0x556a 0x60003 0x556a 0x18 0x0 0x0 0x0 0x0 0x0 0x0 0x9 0x2 0x0 0x0 oops 0 methods 0
ciMethodData java/lang/ref/WeakReference <init> (Ljava/lang/Object;)V 2 3375 orig 80 0 0 0 0 0 0 0 0 0 0 0 0 147 2 0 0 0 0 0 0 0 0 0 0 0 0 0 0 0 0 0 0 0 0 0 0 0 0 0 0 0 0 0 0 0 0 0 0 0 0 0 0 0 0 0 0 0 0 0 0 0 0 0 0 0 0 0 0 0 0 0 0 0 0 0 0 0 0 0 0 data 8 0x20002 0xd16 0x0 0x0 0x9 0x2 0x0 0x0 oops 0 methods 0
ciMethod java/util/Collections$SingletonList <init> (Ljava/lang/Object;)V 484 0 25950 0 0
ciMethod java/util/Collections$SingletonList size ()I 276 0 1236 0 0
ciMethodData java/util/ArrayList isEmpty ()Z 2 41931 orig 80 0 0 0 0 0 0 0 0 0 0 0 0 147 2 0 0 0 0 0 0 0 0 0 0 0 0 0 0 0 0 0 0 0 0 0 0 0 0 0 0 0 0 0 0 0 0 0 0 0 0 0 0 0 0 0 0 0 0 0 0 0 0 0 0 0 0 0 0 0 0 0 0 0 0 0 0 0 0 0 0 data 13 0x40007 0x87b7 0x38 0x1b12 0x80003 0x1b12 0x18 0x0 0x0 0x0 0x9 0x1 0x0 oops 0 methods 0
ciMethodData java/util/Collections singletonList (Ljava/lang/Object;)Ljava/util/List; 2 25950 orig 80 0 0 0 0 0 0 0 0 0 0 0 0 147 2 0 0 0 0 0 0 0 0 0 0 0 0 0 0 0 0 0 0 0 0 0 0 0 0 0 0 0 0 0 0 0 0 0 0 0 0 0 0 0 0 0 0 0 0 0 0 0 0 0 0 0 0 0 0 0 0 0 0 0 0 0 0 0 0 0 0 data 8 0x50002 0x646c 0x0 0x0 0x0 0x9 0x1 0x0 oops 0 methods 0
ciMethodData java/util/Collections$SingletonList <init> (Ljava/lang/Object;)V 2 25950 orig 80 0 0 0 0 0 0 0 0 0 0 0 0 147 2 0 0 0 0 0 0 0 0 0 0 0 0 0 0 0 0 0 0 0 0 0 0 0 0 0 0 0 0 0 0 0 0 0 0 0 0 0 0 0 0 0 0 0 0 0 0 0 0 0 0 0 0 0 0 0 0 0 0 0 0 0 0 0 0 0 0 data 10 0x10002 0x646c 0x0 0x0 0x0 0x0 0x9 0x2 0x6 0x0 oops 0 methods 0
ciMethodData java/util/AbstractCollection isEmpty ()Z 2 20008 orig 80 0 0 0 0 0 0 0 0 0 0 0 0 147 2 0 0 0 0 0 0 0 0 0 0 0 0 0 0 0 0 0 0 0 0 0 0 0 0 0 0 0 0 0 0 0 0 0 0 0 0 0 0 0 0 0 0 0 0 0 0 0 0 0 0 0 0 0 0 0 0 0 0 0 0 0 0 0 0 0 0 data 23 0x10005 0x4748 0x0 0x2937533f840 0x16 0x2937533f8f0 0x5a 0x40007 0x39b6 0x38 0x12f2 0x80003 0x12f2 0x18 0x0 0x0 0x0 0x0 0x0 0x0 0x9 0x1 0xffffffffffffffff oops 2 3 java/util/HashMap$EntrySet 5 java/util/Collections$SingletonSet methods 0
ciMethodData java/util/Collections$SingletonList size ()I 2 1236 orig 80 0 0 0 0 0 0 0 0 0 0 0 0 147 2 0 0 0 0 0 0 0 0 0 0 0 0 0 0 0 0 0 0 0 0 0 0 0 0 0 0 0 0 0 0 0 0 0 0 0 0 0 0 0 0 0 0 0 0 0 0 0 0 0 0 0 0 0 0 0 0 0 0 0 0 0 0 0 0 0 0 data 4 0x0 0x9 0x1 0x0 oops 0 methods 0
ciMethod kotlin/jvm/internal/Intrinsics checkNotNull (Ljava/lang/Object;)V 526 0 120958 0 96
ciMethod kotlin/jvm/internal/Intrinsics checkNotNull (Ljava/lang/Object;Ljava/lang/String;)V 772 0 172085 0 96
ciMethod kotlin/jvm/internal/Intrinsics throwJavaNpe ()V 0 0 1 0 -1
ciMethod kotlin/jvm/internal/Intrinsics throwJavaNpe (Ljava/lang/String;)V 0 0 1 0 -1
ciMethod kotlin/jvm/internal/Intrinsics checkNotNullExpressionValue (Ljava/lang/Object;Ljava/lang/String;)V 892 0 5768 0 96
ciMethod kotlin/jvm/internal/Intrinsics checkNotNullParameter (Ljava/lang/Object;Ljava/lang/String;)V 604 0 7628971 0 96
ciMethod kotlin/jvm/internal/Intrinsics throwParameterIsNullNPE (Ljava/lang/String;)V 0 0 1 0 -1
ciMethod kotlin/jvm/internal/Intrinsics areEqual (Ljava/lang/Object;Ljava/lang/Object;)Z 782 0 362034 0 128
ciMethod kotlin/jvm/functions/Function1 invoke (Ljava/lang/Object;)Ljava/lang/Object; 0 0 1 0 -1
ciMethod kotlin/jvm/internal/Reflection getOrCreateKotlinClass (Ljava/lang/Class;)Lkotlin/reflect/KClass; 774 0 3326 0 0
ciMethod kotlin/reflect/jvm/internal/ReflectionFactoryImpl getOrCreateKotlinClass (Ljava/lang/Class;)Lkotlin/reflect/KClass; 788 0 3326 0 0
ciMethod kotlin/jvm/internal/ReflectionFactory getOrCreateKotlinClass (Ljava/lang/Class;)Lkotlin/reflect/KClass; 0 0 1 0 -1
ciMethod kotlin/reflect/jvm/internal/KDeclarationContainerImpl <init> ()V 216 0 108 0 0
ciMethod kotlin/reflect/jvm/internal/KClassCacheKt getOrCreateKotlinClass (Ljava/lang/Class;)Lkotlin/reflect/jvm/internal/KClassImpl; 802 0 6098 0 0
ciMethod kotlin/reflect/jvm/internal/pcollections/HashPMap <init> (Lkotlin/reflect/jvm/internal/pcollections/IntTreePMap;I)V 178 0 89 0 -1
ciMethod kotlin/reflect/jvm/internal/pcollections/HashPMap get (Ljava/lang/Object;)Ljava/lang/Object; 860 0 6098 0 0
ciMethod kotlin/reflect/jvm/internal/pcollections/HashPMap plus (Ljava/lang/Object;Ljava/lang/Object;)Lkotlin/reflect/jvm/internal/pcollections/HashPMap; 34 0 88 0 0
ciMethod kotlin/reflect/jvm/internal/pcollections/HashPMap getEntries (I)Lkotlin/reflect/jvm/internal/pcollections/ConsPStack; 590 0 6186 0 0
ciMethod kotlin/reflect/jvm/internal/pcollections/HashPMap keyIndexIn (Lkotlin/reflect/jvm/internal/pcollections/ConsPStack;Ljava/lang/Object;)I 176 0 88 0 -1
ciMethod kotlin/reflect/jvm/internal/pcollections/IntTreePMap get (I)Ljava/lang/Object; 592 0 6186 0 0
ciMethod kotlin/reflect/jvm/internal/pcollections/IntTreePMap plus (ILjava/lang/Object;)Lkotlin/reflect/jvm/internal/pcollections/IntTreePMap; 176 0 88 0 -1
ciMethod kotlin/reflect/jvm/internal/pcollections/IntTree get (J)Ljava/lang/Object; 992 0 8106 0 384
ciMethod kotlin/reflect/jvm/internal/pcollections/ConsPStack empty ()Lkotlin/reflect/jvm/internal/pcollections/ConsPStack; 12 0 158 0 0
ciMethod kotlin/reflect/jvm/internal/pcollections/ConsPStack size ()I 320 0 160 0 0
ciMethod kotlin/reflect/jvm/internal/pcollections/ConsPStack plus (Ljava/lang/Object;)Lkotlin/reflect/jvm/internal/pcollections/ConsPStack; 176 0 88 0 -1
ciMethod kotlin/reflect/jvm/internal/pcollections/ConsPStack minus (I)Lkotlin/reflect/jvm/internal/pcollections/ConsPStack; 18 0 9 0 -1
ciMethod kotlin/reflect/jvm/internal/KClassImpl <init> (Ljava/lang/Class;)V 34 0 96 0 0
ciMethod kotlin/reflect/jvm/internal/KClassImpl getJClass ()Ljava/lang/Class; 458 0 229 0 0
ciMethod kotlin/reflect/jvm/internal/KClassImpl$data$1 <init> (Lkotlin/reflect/jvm/internal/KClassImpl;)V 192 0 96 0 0
ciMethod kotlin/jvm/internal/Lambda <init> (I)V 778 0 131897 0 64
ciMethod kotlin/reflect/jvm/internal/ReflectProperties lazy (Lkotlin/jvm/functions/Function0;)Lkotlin/reflect/jvm/internal/ReflectProperties$LazyVal; 516 0 1585 0 0
ciMethod kotlin/reflect/jvm/internal/ReflectProperties $$$reportNull$$$0 (I)V 0 0 1 0 -1
ciMethod kotlin/reflect/jvm/internal/ReflectProperties$LazyVal <init> (Lkotlin/jvm/functions/Function0;)V 528 0 1585 0 0
ciMethod kotlin/reflect/jvm/internal/ReflectProperties$LazyVal $$$reportNull$$$0 (I)V 0 0 1 0 -1
ciMethod kotlin/reflect/jvm/internal/ReflectProperties$Val <init> ()V 1024 0 4317 0 0
ciMethod kotlin/reflect/jvm/internal/pcollections/MapEntry <init> (Ljava/lang/Object;Ljava/lang/Object;)V 176 0 88 0 -1
ciMethodData kotlin/jvm/internal/Intrinsics checkNotNullParameter (Ljava/lang/Object;Ljava/lang/String;)V 2 7629021 orig 80 0 0 0 0 0 0 0 0 0 0 0 0 147 2 0 0 0 0 0 0 0 0 0 0 0 0 0 0 0 0 0 0 0 0 0 0 0 0 0 0 0 0 0 0 0 0 0 0 0 0 0 0 0 0 0 0 0 0 0 0 0 0 0 0 0 0 0 0 0 0 0 0 0 0 0 0 0 0 0 0 data 16 0x10007 0x7467ab 0x30 0x0 0x50002 0x0 0x0 0x0 0x0 0x0 0x0 0x0 0x9 0x2 0x0 0xffffffffffffffff oops 0 methods 0
ciMethodData kotlin/jvm/internal/Lambda <init> (I)V 2 131897 orig 80 0 0 0 0 0 0 0 0 0 0 0 0 147 2 0 0 0 0 0 0 0 0 0 0 0 0 0 0 0 0 0 0 0 0 0 0 0 0 0 0 0 0 0 0 0 0 0 0 0 0 0 0 0 0 0 0 0 0 0 0 0 0 0 0 0 0 0 0 0 0 0 0 0 0 0 0 0 0 0 0 data 10 0x10002 0x201b4 0x0 0x0 0x0 0x0 0x9 0x2 0x6 0x0 oops 0 methods 0
ciMethodData kotlin/jvm/internal/Intrinsics checkNotNullExpressionValue (Ljava/lang/Object;Ljava/lang/String;)V 2 5768 orig 80 0 0 0 0 0 0 0 0 0 0 0 0 147 2 0 0 0 0 0 0 0 0 0 0 0 0 0 0 0 0 0 0 0 0 0 0 0 0 0 0 0 0 0 0 0 0 0 0 0 0 0 0 0 0 0 0 0 0 0 0 0 0 0 0 0 0 0 0 0 0 0 0 0 0 0 0 0 0 0 0 data 48 0x10007 0x14ca 0x130 0x0 0xc0002 0x0 0x100005 0x0 0x0 0x0 0x0 0x0 0x0 0x150005 0x0 0x0 0x0 0x0 0x0 0x0 0x180005 0x0 0x0 0x0 0x0 0x0 0x0 0x1b0002 0x0 0x1e0002 0x0 0x210004 0x0 0x0 0x0 0x0 0x0 0x0 0x0 0x0 0x0 0x0 0x0 0x0 0x9 0x2 0x0 0xffffffffffffffff oops 0 methods 0
ciMethodData kotlin/reflect/jvm/internal/ReflectProperties$Val <init> ()V 2 4317 orig 80 0 0 0 0 0 0 0 0 0 0 0 0 0 0 0 0 0 0 0 0 0 0 0 0 0 0 0 0 0 0 0 0 0 0 0 0 0 0 0 0 0 0 0 0 0 0 0 0 0 0 0 0 0 0 0 0 0 0 0 0 0 0 0 0 0 0 0 0 0 0 0 0 0 0 0 0 0 0 0 0 data 7 0x10002 0xede 0x0 0x0 0x9 0x1 0x0 oops 0 methods 0
ciMethodData kotlin/reflect/jvm/internal/ReflectProperties lazy (Lkotlin/jvm/functions/Function0;)Lkotlin/reflect/jvm/internal/ReflectProperties$LazyVal; 2 1585 orig 80 0 0 0 0 0 0 0 0 0 0 0 0 147 2 0 0 0 0 0 0 0 0 0 0 0 0 0 0 0 0 0 0 0 0 0 0 0 0 0 0 0 0 0 0 0 0 0 0 0 0 0 0 0 0 0 0 0 0 0 0 0 0 0 0 0 0 0 0 0 0 0 0 0 0 0 0 0 0 0 0 data 17 0x10007 0x52f 0x30 0x0 0x50002 0x0 0xd0002 0x52f 0x0 0x0 0x0 0x0 0x0 0x0 0x9 0x1 0x0 oops 0 methods 0
ciMethodData kotlin/reflect/jvm/internal/ReflectProperties$LazyVal <init> (Lkotlin/jvm/functions/Function0;)V 2 1585 orig 80 0 0 0 0 0 0 0 0 0 0 0 0 147 2 0 0 0 0 0 0 0 0 0 0 0 0 0 0 0 0 0 0 0 0 0 0 0 0 0 0 0 0 0 0 0 0 0 0 0 0 0 0 0 0 0 0 0 0 0 0 0 0 0 0 0 0 0 0 0 0 0 0 0 0 0 0 0 0 0 0 data 18 0x10007 0x529 0x30 0x0 0x50002 0x0 0x90002 0x529 0x0 0x0 0x0 0x0 0x0 0x0 0x9 0x2 0x6 0x0 oops 0 methods 0
ciMethodData kotlin/reflect/jvm/internal/pcollections/IntTree get (J)Ljava/lang/Object; 2 8106 orig 80 0 0 0 0 0 0 0 0 0 0 0 0 147 2 0 0 0 0 0 0 0 0 0 0 0 0 0 0 0 0 0 0 0 0 0 0 0 0 0 0 0 0 0 0 0 0 0 0 0 0 0 0 0 0 0 0 0 0 0 0 0 0 0 0 0 0 0 0 0 0 0 0 0 0 0 0 0 0 0 0 data 37 0x40007 0x1d5e 0x20 0x5c 0xf0007 0x10ce 0x58 0xc90 0x1c0005 0xc90 0x0 0x0 0x0 0x0 0x0 0x260007 0x47e 0x58 0xc50 0x330005 0xc50 0x0 0x0 0x0 0x0 0x0 0x0 0x0 0x0 0x0 0x0 0x0 0x9 0x3 0x0 0x0 0x0 oops 0 methods 0
ciMethodData kotlin/reflect/jvm/internal/pcollections/HashPMap getEntries (I)Lkotlin/reflect/jvm/internal/pcollections/ConsPStack; 2 6186 orig 80 0 0 0 0 0 0 0 0 0 0 0 0 147 2 0 0 0 0 0 0 0 0 0 0 0 0 0 0 0 0 0 0 0 0 0 0 0 0 0 0 0 0 0 0 0 0 0 0 0 0 0 0 0 0 0 0 0 0 0 0 0 0 0 0 0 0 0 0 0 0 0 0 0 0 0 0 0 0 0 0 data 30 0x50005 0x1703 0x0 0x0 0x0 0x0 0x0 0x80104 0x0 0x0 0x29374175a10 0x166b 0x0 0x0 0xd0007 0x166b 0x30 0x98 0x100002 0x98 0x0 0x0 0x0 0x0 0x0 0x0 0x9 0x2 0x0 0x0 oops 1 10 kotlin/reflect/jvm/internal/pcollections/ConsPStack methods 0
ciMethodData kotlin/reflect/jvm/internal/pcollections/IntTreePMap get (I)Ljava/lang/Object; 2 6186 orig 80 0 0 0 0 0 0 0 0 0 0 0 0 147 2 0 0 0 0 0 0 0 0 0 0 0 0 0 0 0 0 0 0 0 0 0 0 0 0 0 0 0 0 0 0 0 0 0 0 0 0 0 0 0 0 0 0 0 0 0 0 0 0 0 0 0 0 0 0 0 0 0 0 0 0 0 0 0 0 0 0 data 17 0x60005 0x1702 0x0 0x0 0x0 0x0 0x0 0x0 0x0 0x0 0x0 0x0 0x0 0x9 0x2 0x0 0x0 oops 0 methods 0
ciMethodData kotlin/reflect/jvm/internal/pcollections/ConsPStack empty ()Lkotlin/reflect/jvm/internal/pcollections/ConsPStack; 1 158 orig 80 0 0 0 0 0 0 0 0 0 0 0 0 147 2 0 0 0 0 0 0 0 0 0 0 0 0 0 0 0 0 0 0 0 0 0 0 0 0 0 0 0 0 0 0 0 0 0 0 0 0 0 0 0 0 0 0 0 0 0 0 0 0 0 0 0 0 0 0 0 0 0 0 0 0 0 0 0 0 0 0 data 4 0x0 0x0 0x9 0x0 oops 0 methods 0
ciMethod kotlin/properties/ReadOnlyProperty getValue (Ljava/lang/Object;Lkotlin/reflect/KProperty;)Ljava/lang/Object; 0 0 1 0 -1
ciMethod kotlin/collections/CollectionsKt___CollectionsKt lastOrNull (Ljava/util/List;)Ljava/lang/Object; 3516 0 15262 0 0
ciMethod kotlin/collections/CollectionsKt___CollectionsKt toList (Ljava/lang/Iterable;)Ljava/util/List; 512 0 21171 0 3808
ciMethod kotlin/collections/CollectionsKt___CollectionsKt toMutableList (Ljava/lang/Iterable;)Ljava/util/List; 2 0 59 0 -1
ciMethod kotlin/collections/CollectionsKt___CollectionsKt toMutableList (Ljava/util/Collection;)Ljava/util/List; 1042 0 3125 0 -1
ciMethod kotlin/collections/CollectionsKt___CollectionsKt plus (Ljava/util/Collection;Ljava/lang/Object;)Ljava/util/List; 2726 0 1365 0 0
ciMethod kotlin/collections/CollectionsKt__CollectionsKt emptyList ()Ljava/util/List; 792 0 147935 0 -1
ciMethod kotlin/collections/CollectionsKt__CollectionsKt optimizeReadOnlyList (Ljava/util/List;)Ljava/util/List; 4096 0 2232 0 -1
ciMethod kotlin/collections/CollectionsKt__CollectionsJVMKt listOf (Ljava/lang/Object;)Ljava/util/List; 478 0 24504 0 160
ciMethod kotlin/collections/EmptyMap get (Ljava/lang/Object;)Ljava/lang/Void; 256 0 56729 0 0
ciMethod kotlin/collections/EmptyMap get (Ljava/lang/Object;)Ljava/lang/Object; 794 0 57000 0 64
ciMethodData kotlin/jvm/internal/Intrinsics areEqual (Ljava/lang/Object;Ljava/lang/Object;)Z 2 362054 orig 80 1 0 0 0 0 0 0 0 0 0 0 0 147 2 0 0 0 0 0 0 0 0 0 0 0 0 0 0 0 0 0 0 0 0 0 0 0 0 0 1 0 0 0 0 0 0 0 0 0 0 0 0 0 0 0 0 0 0 0 0 0 0 0 0 0 0 0 0 0 0 0 0 0 0 0 0 0 0 0 0 data 31 0x10007 0x53886 0x70 0x4c39 0x8000000600050007 0x4aef 0x38 0x14b 0x90003 0x14b 0x68 0xd0003 0x4aef 0x50 0x120005 0x51d70 0x0 0x2936eeb2e10 0x1b0c 0x293744438a0 0xa 0x0 0x0 0x0 0x0 0x0 0x0 0x9 0x2 0xffffffffffffffff 0xffffffffffffffff oops 2 17 java/lang/Class 19 kotlin/reflect/jvm/internal/impl/name/FqNameUnsafe methods 0
ciMethodData kotlin/jvm/internal/Reflection getOrCreateKotlinClass (Ljava/lang/Class;)Lkotlin/reflect/KClass; 2 3326 orig 80 0 0 0 0 0 0 0 0 0 0 0 0 147 2 0 0 0 0 0 0 0 0 0 0 0 0 0 0 0 0 0 0 0 0 0 0 0 0 0 0 0 0 0 0 0 0 0 0 0 0 0 0 0 0 0 0 0 0 0 0 0 0 0 0 0 0 0 0 0 0 0 0 0 0 0 0 0 0 0 0 data 16 0x40005 0x0 0x0 0x29376f61290 0xb7b 0x0 0x0 0x0 0x0 0x0 0x0 0x0 0x0 0x9 0x1 0x0 oops 1 3 kotlin/reflect/jvm/internal/ReflectionFactoryImpl methods 0
ciMethodData kotlin/reflect/jvm/internal/ReflectionFactoryImpl getOrCreateKotlinClass (Ljava/lang/Class;)Lkotlin/reflect/KClass; 2 3326 orig 80 0 0 0 0 0 0 0 0 0 0 0 0 147 2 0 0 0 0 0 0 0 0 0 0 0 0 0 0 0 0 0 0 0 0 0 0 0 0 0 0 0 0 0 0 0 0 0 0 0 0 0 0 0 0 0 0 0 0 0 0 0 0 0 0 0 0 0 0 0 0 0 0 0 0 0 0 0 0 0 0 data 12 0x10002 0xb74 0x0 0x0 0x0 0x0 0x0 0x0 0x9 0x2 0x0 0x0 oops 0 methods 0
ciMethodData kotlin/reflect/jvm/internal/KClassCacheKt getOrCreateKotlinClass (Ljava/lang/Class;)Lkotlin/reflect/jvm/internal/KClassImpl; 2 6098 orig 80 0 0 0 0 0 0 0 0 0 0 0 0 147 2 0 0 0 0 0 0 0 0 0 0 0 0 0 0 0 0 0 0 0 0 0 0 0 0 0 0 0 0 0 0 0 0 0 0 0 0 0 0 0 0 0 0 0 0 0 0 0 0 0 0 0 0 0 0 0 0 0 0 0 0 0 0 0 0 0 0 data 176 0x30002 0x1641 0x70005 0x1641 0x0 0x0 0x0 0x0 0x0 0xf0005 0x1641 0x0 0x0 0x0 0x0 0x0 0x140104 0x0 0x0 0x2936eeb3e80 0x1603 0x0 0x0 0x170007 0x3e 0x168 0x1603 0x1b0004 0x0 0x0 0x2936eeb3e80 0x1603 0x0 0x0 0x1e0005 0x0 0x0 0x2936eeb3e80 0x1603 0x0 0x0 0x210104 0x0 0x0 0x29376f620a0 0x15fa 0x0 0x0 0x2a0007 0x15fa 0x38 0x9 0x2e0003 0x9 0x50 0x330005 0x15fa 0x0 0x0 0x0 0x0 0x0 0x370002 0x1603 0x3a0007 0x9 0x2c8 0x15fa 0x400007 0x3e 0x2a8 0x0 0x440004 0x0 0x0 0x0 0x0 0x0 0x0 0x490004 0x0 0x0 0x0 0x0 0x0 0x0 0x580007 0x0 0x130 0x0 0x660005 0x0 0x0 0x0 0x0 0x0 0x0 0x690004 0x0 0x0 0x0 0x0 0x0 0x0 0x740007 0x0 0x38 0x0 0x780003 0x0 0x50 0x7d0005 0x0 0x0 0x0 0x0 0x0 0x0 0x810002 0x0 0x840007 0x0 0xfffffffffffffef0 0x0 0x8b0004 0x0 0x0 0x0 0x0 0x0 0x0 0x9e0002 0x0 0xa60002 0x0 0xb40002 0x0 0xb70004 0x0 0x0 0x0 0x0 0x0 0x0 0xbe0005 0x0 0x0 0x0 0x0 0x0 0x0 0xc70002 0x0 0xd70002 0x47 0xe40002 0x47 0xe70005 0x47 0x0 0x0 0x0 0x0 0x0 0xf00002 0x47 0x0 0x0 0x0 0x0 0x0 0x0 0x0 0x9 0x1 0x0 oops 4 19 java/lang/ref/WeakReference 30 java/lang/ref/WeakReference 37 java/lang/ref/WeakReference 44 kotlin/reflect/jvm/internal/KClassImpl methods 0
ciMethodData kotlin/reflect/jvm/internal/pcollections/HashPMap get (Ljava/lang/Object;)Ljava/lang/Object; 2 6098 orig 80 0 0 0 0 0 0 0 0 0 0 0 0 147 2 0 0 0 0 0 0 0 0 0 0 0 0 0 0 0 0 0 0 0 0 0 0 0 0 0 0 0 0 0 0 0 0 0 0 0 0 0 0 0 0 0 0 0 0 0 0 0 0 0 0 0 0 0 0 0 0 0 0 0 0 0 0 0 0 0 0 data 55 0x20005 0x0 0x0 0x2936eeb2d80 0x1624 0x0 0x0 0x50002 0x1624 0xa0007 0x0 0x120 0x1624 0xe0005 0x1624 0x0 0x0 0x0 0x0 0x0 0x110007 0x3e 0xc8 0x15e6 0x180004 0x0 0x0 0x293741764e0 0x15e6 0x0 0x0 0x210005 0x0 0x0 0x2936eeb2d80 0x15e6 0x0 0x0 0x240007 0x0 0x20 0x15e6 0x310003 0x0 0xfffffffffffffef8 0x0 0x0 0x0 0x0 0x0 0x0 0x9 0x2 0x0 0x0 oops 3 3 java/lang/String 27 kotlin/reflect/jvm/internal/pcollections/MapEntry 34 java/lang/String methods 0
ciMethodData kotlin/reflect/jvm/internal/KClassImpl <init> (Ljava/lang/Class;)V 1 96 orig 80 0 0 0 0 0 0 0 0 0 0 0 0 147 2 0 0 0 0 0 0 0 0 0 0 0 0 0 0 0 0 0 0 0 0 0 0 0 0 0 0 0 0 0 0 0 0 0 0 0 0 0 0 0 0 0 0 0 0 0 0 0 0 0 0 0 0 0 0 0 0 0 0 0 0 0 0 0 0 0 0 data 27 0x30002 0x4f 0x70002 0x4f 0x150002 0x4f 0x180004 0x0 0x0 0x293769bf660 0x4f 0x0 0x0 0x1b0002 0x4f 0x220002 0x4f 0x0 0x0 0x0 0x0 0x0 0x0 0x9 0x2 0x6 0x0 oops 1 9 kotlin/reflect/jvm/internal/KClassImpl$data$1 methods 0
ciMethodData kotlin/reflect/jvm/internal/pcollections/HashPMap plus (Ljava/lang/Object;Ljava/lang/Object;)Lkotlin/reflect/jvm/internal/pcollections/HashPMap; 1 88 orig 80 0 0 0 0 0 0 0 0 0 0 0 0 147 2 0 0 0 0 0 0 0 0 0 0 0 0 0 0 0 0 0 0 0 0 0 0 0 0 0 0 0 0 0 0 0 0 0 0 0 0 0 0 0 0 0 0 0 0 0 0 0 0 0 0 0 0 0 0 0 0 0 0 0 0 0 0 0 0 0 0 data 72 0x20005 0x0 0x0 0x2936eeb2d80 0x47 0x0 0x0 0x50002 0x47 0xa0005 0x47 0x0 0x0 0x0 0x0 0x0 0x110002 0x47 0x190007 0x3e 0x58 0x9 0x1f0005 0x9 0x0 0x0 0x0 0x0 0x0 0x2a0002 0x47 0x2d0005 0x47 0x0 0x0 0x0 0x0 0x0 0x3a0005 0x0 0x0 0x2936eeb2d80 0x47 0x0 0x0 0x3e0005 0x47 0x0 0x0 0x0 0x0 0x0 0x490005 0x47 0x0 0x0 0x0 0x0 0x0 0x4d0002 0x47 0x0 0x0 0x0 0x0 0x0 0x0 0x9 0x3 0x0 0xffffffffffffffff 0x0 oops 2 3 java/lang/String 41 java/lang/String methods 0
ciMethodData kotlin/jvm/internal/Intrinsics checkNotNull (Ljava/lang/Object;)V 2 120958 orig 80 0 0 0 0 0 0 0 0 0 0 0 0 147 2 0 0 0 0 0 0 0 0 0 0 0 0 0 0 0 0 0 0 0 0 0 0 0 0 0 0 0 0 0 0 0 0 0 0 0 0 0 0 0 0 0 0 0 0 0 0 0 0 0 0 0 0 0 0 0 0 0 0 0 0 0 0 0 0 0 0 data 15 0x10007 0x1d777 0x30 0x0 0x40002 0x0 0x0 0x0 0x0 0x0 0x0 0x0 0x9 0x1 0x0 oops 0 methods 0
ciMethodData kotlin/collections/CollectionsKt___CollectionsKt toList (Ljava/lang/Iterable;)Ljava/util/List; 2 21171 orig 80 0 0 0 0 0 0 0 0 0 0 0 0 147 2 0 0 0 0 0 0 0 0 0 0 0 0 0 0 0 0 0 0 0 0 0 0 0 0 0 0 0 0 0 0 0 0 0 0 0 0 0 0 0 0 0 0 0 0 0 0 0 0 0 0 0 0 0 0 0 0 0 0 0 0 0 0 0 0 0 0 data 109 0x30002 0x51b3 0x70004 0xffffffffffffffff 0x0 0x2937574ec40 0x4b2 0x2936eeb6090 0x375e 0xa0007 0x1 0x2b8 0x51b2 0xe0004 0x0 0x0 0x2937574ec40 0x4b2 0x2936eeb6090 0x375e 0x110005 0x15a2 0x0 0x2937574ec40 0x4b2 0x2936eeb6090 0x375e 0x160008 0x6 0x6c8 0x1e0 0x3105 0x40 0x19e5 0x68 0x2c0002 0x3105 0x2f0003 0x3105 0x1d8 0x330004 0xfffffffffffffd04 0x0 0x2936eeb6090 0x1175 0x293755cc740 0x2c5 0x360007 0x2fc 0xa8 0x16e9 0x3a0004 0x0 0x0 0x2936eeb6090 0x1175 0x293755cc740 0x2c5 0x3e0005 0x2af 0x0 0x2936eeb6090 0x1175 0x293755cc740 0x2c5 0x430003 0x16e9 0x88 0x470005 0x2 0x0 0x2937509e480 0x1b 0x2937509e530 0x2df 0x4c0005 0x2 0x0 0x2937509e5e0 0x1b 0x2937509e690 0x2df 0x510002 0x19e5 0x540003 0x19e5 0x60 0x580004 0x0 0x0 0x2936eeb6090 0x69e 0x2937509e480 0xd 0x5b0002 0x6c8 0x600002 0x1 0x630002 0x1 0x0 0x0 0x0 0x0 0x0 0x0 0x9 0x1 0xffffffffffffffff oops 18 5 kotlin/collections/EmptyList 7 java/util/ArrayList 16 kotlin/collections/EmptyList 18 java/util/ArrayList 23 kotlin/collections/EmptyList 25 java/util/ArrayList 43 java/util/ArrayList 45 java/util/Collections$SingletonList 54 java/util/ArrayList 56 java/util/Collections$SingletonList 61 java/util/ArrayList 63 java/util/Collections$SingletonList 71 java/util/LinkedHashMap$LinkedValues 73 java/util/LinkedHashSet 78 java/util/LinkedHashMap$LinkedValueIterator 80 java/util/LinkedHashMap$LinkedKeyIterator 90 java/util/ArrayList 92 java/util/LinkedHashMap$LinkedValues methods 0
ciMethodData kotlin/collections/CollectionsKt__CollectionsJVMKt listOf (Ljava/lang/Object;)Ljava/util/List; 2 24504 orig 80 0 0 0 0 0 0 0 0 0 0 0 0 147 2 0 0 0 0 0 0 0 0 0 0 0 0 0 0 0 0 0 0 0 0 0 0 0 0 0 0 0 0 0 0 0 0 0 0 0 0 0 0 0 0 0 0 0 0 0 0 0 0 0 0 0 0 0 0 0 0 0 0 0 0 0 0 0 0 0 0 data 13 0x10002 0x5ec9 0x70002 0x5ec9 0x0 0x0 0x0 0x0 0x0 0x0 0x9 0x1 0x0 oops 0 methods 0
ciMethodData kotlin/jvm/internal/Intrinsics checkNotNull (Ljava/lang/Object;Ljava/lang/String;)V 2 172085 orig 80 0 0 0 0 0 0 0 0 0 0 0 0 147 2 0 0 0 0 0 0 0 0 0 0 0 0 0 0 0 0 0 0 0 0 0 0 0 0 0 0 0 0 0 0 0 0 0 0 0 0 0 0 0 0 0 0 0 0 0 0 0 0 0 0 0 0 0 0 0 0 0 0 0 0 0 0 0 0 0 0 data 16 0x10007 0x29eb3 0x30 0x0 0x50002 0x0 0x0 0x0 0x0 0x0 0x0 0x0 0x9 0x2 0x0 0xffffffffffffffff oops 0 methods 0
ciMethodData kotlin/collections/EmptyMap get (Ljava/lang/Object;)Ljava/lang/Object; 2 57000 orig 80 0 0 0 0 0 0 0 0 0 0 0 0 147 2 0 0 0 0 0 0 0 0 0 0 0 0 0 0 0 0 0 0 0 0 0 0 0 0 0 0 0 0 0 0 0 0 0 0 0 0 0 0 0 0 0 0 0 0 0 0 0 0 0 0 0 0 0 0 0 0 0 0 0 0 0 0 0 0 0 0 data 17 0x20005 0xdd1b 0x0 0x0 0x0 0x0 0x0 0x0 0x0 0x0 0x0 0x0 0x0 0x9 0x2 0x0 0x0 oops 0 methods 0
ciMethodData kotlin/collections/EmptyMap get (Ljava/lang/Object;)Ljava/lang/Void; 2 56729 orig 80 0 0 0 0 0 0 0 0 0 0 0 0 147 2 0 0 0 0 0 0 0 0 0 0 0 0 0 0 0 0 0 0 0 0 0 0 0 0 0 0 0 0 0 0 0 0 0 0 0 0 0 0 0 0 0 0 0 0 0 0 0 0 0 0 0 0 0 0 0 0 0 0 0 0 0 0 0 0 0 0 data 5 0x0 0x9 0x2 0x0 0x0 oops 0 methods 0
ciMethod org/jetbrains/kotlin/name/Name toString ()Ljava/lang/String; 260 0 130 0 0
ciMethod org/jetbrains/kotlin/storage/NotNullLazyValue invoke ()Ljava/lang/Object; 0 0 1 0 -1
ciMethod org/jetbrains/kotlin/descriptors/DeclarationDescriptor getContainingDeclaration ()Lorg/jetbrains/kotlin/descriptors/DeclarationDescriptor; 0 0 1 0 -1
ciMethod org/jetbrains/kotlin/descriptors/ClassifierDescriptor getDefaultType ()Lorg/jetbrains/kotlin/types/SimpleType; 0 0 1 0 -1
ciMethod org/jetbrains/kotlin/types/KotlinType getConstructor ()Lorg/jetbrains/kotlin/types/TypeConstructor; 0 0 1 0 -1
ciMethod org/jetbrains/kotlin/types/KotlinType getArguments ()Ljava/util/List; 0 0 1 0 -1
ciMethod org/jetbrains/kotlin/types/KotlinType isMarkedNullable ()Z 0 0 1 0 -1
ciMethod org/jetbrains/kotlin/types/KotlinType getMemberScope ()Lorg/jetbrains/kotlin/resolve/scopes/MemberScope; 0 0 1 0 -1
ciMethod org/jetbrains/kotlin/types/KotlinType getAttributes ()Lorg/jetbrains/kotlin/types/TypeAttributes; 0 0 1 0 -1
ciMethod org/jetbrains/kotlin/types/KotlinType getAnnotations ()Lorg/jetbrains/kotlin/descriptors/annotations/Annotations; 4104 0 52169 0 320
ciMethod org/jetbrains/kotlin/types/KotlinType unwrap ()Lorg/jetbrains/kotlin/types/UnwrappedType; 0 0 1 0 -1
ciMethod org/jetbrains/kotlin/types/SimpleType replaceAttributes (Lorg/jetbrains/kotlin/types/TypeAttributes;)Lorg/jetbrains/kotlin/types/SimpleType; 0 0 1 0 -1
ciMethod org/jetbrains/kotlin/types/UnwrappedType unwrap ()Lorg/jetbrains/kotlin/types/UnwrappedType; 512 0 2473 0 64
ciMethod org/jetbrains/kotlin/descriptors/ModuleDescriptor getCapability (Lorg/jetbrains/kotlin/descriptors/ModuleCapability;)Ljava/lang/Object; 0 0 1 0 -1
ciMethod org/jetbrains/kotlin/descriptors/impl/ModuleDescriptorImpl getCapability (Lorg/jetbrains/kotlin/descriptors/ModuleCapability;)Ljava/lang/Object; 4102 0 56208 0 128
ciMethod org/jetbrains/kotlin/descriptors/impl/DeclarationDescriptorImpl getName ()Lorg/jetbrains/kotlin/name/Name; 768 0 93431 0 96
ciMethod org/jetbrains/kotlin/descriptors/impl/DeclarationDescriptorImpl $$$reportNull$$$0 (I)V 0 0 1 0 -1
ciMethod org/jetbrains/kotlin/descriptors/annotations/Annotations isEmpty ()Z 0 0 1 0 -1
ciMethod org/jetbrains/kotlin/descriptors/annotations/Annotations iterator ()Ljava/util/Iterator; 0 0 1 0 -1
ciMethod org/jetbrains/kotlin/descriptors/annotations/Annotations$Companion getEMPTY ()Lorg/jetbrains/kotlin/descriptors/annotations/Annotations; 770 0 52094 0 64
ciMethod org/jetbrains/kotlin/descriptors/PackageViewDescriptor getModule ()Lorg/jetbrains/kotlin/descriptors/ModuleDescriptor; 0 0 1 0 -1
ciMethod org/jetbrains/kotlin/descriptors/ClassDescriptor getUnsubstitutedMemberScope ()Lorg/jetbrains/kotlin/resolve/scopes/MemberScope; 0 0 1 0 -1
ciMethod org/jetbrains/kotlin/descriptors/impl/ModuleAwareClassDescriptor getUnsubstitutedMemberScope (Lorg/jetbrains/kotlin/types/checker/KotlinTypeRefiner;)Lorg/jetbrains/kotlin/resolve/scopes/MemberScope; 0 0 1 0 -1
ciMethod org/jetbrains/kotlin/types/TypeConstructor getParameters ()Ljava/util/List; 0 0 1 0 -1
ciMethod org/jetbrains/kotlin/types/TypeConstructor getDeclarationDescriptor ()Lorg/jetbrains/kotlin/descriptors/ClassifierDescriptor; 0 0 1 0 -1
ciMethod org/jetbrains/kotlin/descriptors/impl/ModuleAwareClassDescriptor$Companion getRefinedUnsubstitutedMemberScopeIfPossible$descriptors (Lorg/jetbrains/kotlin/descriptors/ClassDescriptor;Lorg/jetbrains/kotlin/types/checker/KotlinTypeRefiner;)Lorg/jetbrains/kotlin/resolve/scopes/MemberScope; 2278 0 1337 0 0
ciMethod org/jetbrains/kotlin/descriptors/impl/ModuleAwareClassDescriptor$Companion getRefinedMemberScopeIfPossible$descriptors (Lorg/jetbrains/kotlin/descriptors/ClassDescriptor;Lorg/jetbrains/kotlin/types/TypeSubstitution;Lorg/jetbrains/kotlin/types/checker/KotlinTypeRefiner;)Lorg/jetbrains/kotlin/resolve/scopes/MemberScope; 4128 0 5652 0 -1
ciMethod org/jetbrains/kotlin/resolve/DescriptorUtils getContainingModule (Lorg/jetbrains/kotlin/descriptors/DeclarationDescriptor;)Lorg/jetbrains/kotlin/descriptors/ModuleDescriptor; 516 0 24396 0 320
ciMethod org/jetbrains/kotlin/resolve/DescriptorUtils getContainingModuleOrNull (Lorg/jetbrains/kotlin/descriptors/DeclarationDescriptor;)Lorg/jetbrains/kotlin/descriptors/ModuleDescriptor; 516 1120 23476 0 320
ciMethod org/jetbrains/kotlin/resolve/DescriptorUtils $$$reportNull$$$0 (I)V 0 0 1 0 -1
ciMethod org/jetbrains/kotlin/resolve/descriptorUtil/DescriptorUtilsKt getModule (Lorg/jetbrains/kotlin/descriptors/DeclarationDescriptor;)Lorg/jetbrains/kotlin/descriptors/ModuleDescriptor; 3412 0 61080 0 0
ciMethod org/jetbrains/kotlin/resolve/descriptorUtil/DescriptorUtilsKt getKotlinTypeRefiner (Lorg/jetbrains/kotlin/descriptors/ModuleDescriptor;)Lorg/jetbrains/kotlin/types/checker/KotlinTypeRefiner; 512 0 10385 0 0
ciMethod org/jetbrains/kotlin/types/checker/KotlinTypeRefinerKt getREFINER_CAPABILITY ()Lorg/jetbrains/kotlin/descriptors/ModuleCapability; 512 0 56761 0 0
ciMethod org/jetbrains/kotlin/types/error/ErrorUtils createErrorScope (Lorg/jetbrains/kotlin/types/error/ErrorScopeKind;Z[Ljava/lang/String;)Lorg/jetbrains/kotlin/types/error/ErrorScope; 12 0 231 0 0
ciMethod org/jetbrains/kotlin/types/error/ErrorScope <init> (Lorg/jetbrains/kotlin/types/error/ErrorScopeKind;[Ljava/lang/String;)V 474 0 231 0 -1
ciMethod org/jetbrains/kotlin/types/TypeAttributes <init> (Ljava/util/List;)V 4096 4094 2581 0 0
ciMethod org/jetbrains/kotlin/types/TypeAttributes <init> (Lorg/jetbrains/kotlin/types/TypeAttribute;)V 908 0 454 0 0
ciMethod org/jetbrains/kotlin/types/TypeAttributes contains (Lorg/jetbrains/kotlin/types/TypeAttribute;)Z 898 0 454 0 0
ciMethod org/jetbrains/kotlin/types/TypeAttributes plus (Lorg/jetbrains/kotlin/types/TypeAttribute;)Lorg/jetbrains/kotlin/types/TypeAttributes; 1188 0 1010 0 0
ciMethod org/jetbrains/kotlin/types/TypeAttributes remove (Lorg/jetbrains/kotlin/types/TypeAttribute;)Lorg/jetbrains/kotlin/types/TypeAttributes; 0 0 5 0 0
ciMethod org/jetbrains/kotlin/types/TypeAttributes getTypeRegistry ()Lorg/jetbrains/kotlin/util/TypeRegistry; 820 0 794 0 0
ciMethod org/jetbrains/kotlin/types/TypeAttributes access$getEmpty$cp ()Lorg/jetbrains/kotlin/types/TypeAttributes; 512 0 15953 0 0
ciMethod org/jetbrains/kotlin/types/TypeAttributes <init> (Ljava/util/List;Lkotlin/jvm/internal/DefaultConstructorMarker;)V 48 0 1118 0 0
ciMethod org/jetbrains/kotlin/util/AttributeArrayOwner <init> (Lorg/jetbrains/kotlin/util/ArrayMap;)V 564 0 558 0 0
ciMethod org/jetbrains/kotlin/util/AttributeArrayOwner getArrayMap ()Lorg/jetbrains/kotlin/util/ArrayMap; 258 0 129 0 0
ciMethod org/jetbrains/kotlin/util/AttributeArrayOwner <init> ()V 564 0 558 0 0
ciMethod org/jetbrains/kotlin/util/AttributeArrayOwner registerComponent (Lkotlin/reflect/KClass;Ljava/lang/Object;)V 4134 0 2580 0 0
ciMethod org/jetbrains/kotlin/util/AbstractArrayMapOwner <init> ()V 564 0 558 0 0
ciMethod org/jetbrains/kotlin/util/AbstractArrayMapOwner getArrayMap ()Lorg/jetbrains/kotlin/util/ArrayMap; 0 0 1 0 -1
ciMethod org/jetbrains/kotlin/util/AbstractArrayMapOwner getTypeRegistry ()Lorg/jetbrains/kotlin/util/TypeRegistry; 0 0 1 0 -1
ciMethod org/jetbrains/kotlin/util/AbstractArrayMapOwner isEmpty ()Z 4480 0 19506 0 128
ciMethod org/jetbrains/kotlin/types/TypeAttributes$Companion customComputeIfAbsent (Ljava/util/concurrent/ConcurrentHashMap;Lkotlin/reflect/KClass;Lkotlin/jvm/functions/Function1;)I 4252 0 3591 0 0
ciMethod org/jetbrains/kotlin/types/TypeAttributes$Companion getEmpty ()Lorg/jetbrains/kotlin/types/TypeAttributes; 512 0 15953 0 0
ciMethod org/jetbrains/kotlin/types/TypeAttributes$Companion create (Ljava/util/List;)Lorg/jetbrains/kotlin/types/TypeAttributes; 1994 0 2336 0 0
ciMethod org/jetbrains/kotlin/util/TypeRegistry getId (Lkotlin/reflect/KClass;)I 4150 0 3591 0 0
ciMethod org/jetbrains/kotlin/util/TypeRegistry customComputeIfAbsent (Ljava/util/concurrent/ConcurrentHashMap;Lkotlin/reflect/KClass;Lkotlin/jvm/functions/Function1;)I 0 0 1 0 -1
ciMethod org/jetbrains/kotlin/util/EmptyArrayMap getSize ()I 256 0 128 0 0
ciMethod org/jetbrains/kotlin/util/EmptyArrayMap get (I)Ljava/lang/Void; 256 0 12037 0 0
ciMethod org/jetbrains/kotlin/util/EmptyArrayMap get (I)Ljava/lang/Object; 4120 0 13969 0 64
ciMethod org/jetbrains/kotlin/util/ArrayMap <init> ()V 772 0 770 0 0
ciMethod org/jetbrains/kotlin/util/ArrayMap getSize ()I 0 0 1 0 -1
ciMethod org/jetbrains/kotlin/util/ArrayMap set (ILjava/lang/Object;)V 0 0 1 0 -1
ciMethod org/jetbrains/kotlin/util/ArrayMap get (I)Ljava/lang/Object; 0 0 1 0 -1
ciMethod org/jetbrains/kotlin/util/ArrayMap <init> (Lkotlin/jvm/internal/DefaultConstructorMarker;)V 772 0 770 0 0
ciMethod org/jetbrains/kotlin/types/KotlinTypeFactory computeMemberScope (Lorg/jetbrains/kotlin/types/TypeConstructor;Ljava/util/List;Lorg/jetbrains/kotlin/types/checker/KotlinTypeRefiner;)Lorg/jetbrains/kotlin/resolve/scopes/MemberScope; 4110 0 7168 0 0
ciMethod org/jetbrains/kotlin/types/KotlinTypeFactory simpleType (Lorg/jetbrains/kotlin/types/TypeAttributes;Lorg/jetbrains/kotlin/types/TypeConstructor;Ljava/util/List;ZLorg/jetbrains/kotlin/types/checker/KotlinTypeRefiner;)Lorg/jetbrains/kotlin/types/SimpleType; 4104 0 11035 0 0
ciMethod org/jetbrains/kotlin/types/KotlinTypeFactory simpleType$default (Lorg/jetbrains/kotlin/types/TypeAttributes;Lorg/jetbrains/kotlin/types/TypeConstructor;Ljava/util/List;ZLorg/jetbrains/kotlin/types/checker/KotlinTypeRefiner;ILjava/lang/Object;)Lorg/jetbrains/kotlin/types/SimpleType; 4098 0 11035 0 0
ciMethod org/jetbrains/kotlin/types/KotlinTypeFactory simpleTypeWithNonTrivialMemberScope (Lorg/jetbrains/kotlin/types/TypeAttributes;Lorg/jetbrains/kotlin/types/TypeConstructor;Ljava/util/List;ZLorg/jetbrains/kotlin/resolve/scopes/MemberScope;Lkotlin/jvm/functions/Function1;)Lorg/jetbrains/kotlin/types/SimpleType; 4108 0 7845 0 0
ciMethod org/jetbrains/kotlin/types/KotlinTypeFactory flexibleType (Lorg/jetbrains/kotlin/types/SimpleType;Lorg/jetbrains/kotlin/types/SimpleType;)Lorg/jetbrains/kotlin/types/UnwrappedType; 4096 0 5877 0 0
ciMethod org/jetbrains/kotlin/types/SimpleTypeImpl <init> (Lorg/jetbrains/kotlin/types/TypeConstructor;Ljava/util/List;ZLorg/jetbrains/kotlin/resolve/scopes/MemberScope;Lkotlin/jvm/functions/Function1;)V 4190 0 8574 0 -1
ciMethod org/jetbrains/kotlin/types/SimpleTypeImpl getConstructor ()Lorg/jetbrains/kotlin/types/TypeConstructor; 276 0 138 0 0
ciMethod org/jetbrains/kotlin/types/SimpleTypeImpl isMarkedNullable ()Z 256 0 128 0 0
ciMethod org/jetbrains/kotlin/types/SimpleTypeImpl getMemberScope ()Lorg/jetbrains/kotlin/resolve/scopes/MemberScope; 256 0 128 0 0
ciMethod org/jetbrains/kotlin/types/SimpleTypeImpl getAttributes ()Lorg/jetbrains/kotlin/types/TypeAttributes; 4098 0 13014 0 64
ciMethod org/jetbrains/kotlin/descriptors/TypeParameterDescriptor isCapturedFromOuterDeclaration ()Z 0 0 1 0 -1
ciMethod org/jetbrains/kotlin/descriptors/TypeParameterDescriptor getDefaultType ()Lorg/jetbrains/kotlin/types/SimpleType; 0 0 1 0 -1
ciMethod org/jetbrains/kotlin/descriptors/TypeAliasDescriptor getName ()Lorg/jetbrains/kotlin/name/Name; 0 0 1 0 -1
ciMethod org/jetbrains/kotlin/types/FlexibleType getLowerBound ()Lorg/jetbrains/kotlin/types/SimpleType; 286 0 143 0 0
ciMethod org/jetbrains/kotlin/types/FlexibleType getUpperBound ()Lorg/jetbrains/kotlin/types/SimpleType; 280 0 140 0 0
ciMethod org/jetbrains/kotlin/descriptors/impl/AbstractTypeParameterDescriptor isCapturedFromOuterDeclaration ()Z 256 0 6224 0 0
ciMethod org/jetbrains/kotlin/descriptors/impl/AbstractTypeParameterDescriptor getDefaultType ()Lorg/jetbrains/kotlin/types/SimpleType; 1198 0 1277 0 0
ciMethod org/jetbrains/kotlin/descriptors/impl/AbstractTypeParameterDescriptor $$$reportNull$$$0 (I)V 0 0 1 0 -1
ciMethod org/jetbrains/kotlin/types/IntersectionTypeConstructor createScopeForKotlinType ()Lorg/jetbrains/kotlin/resolve/scopes/MemberScope; 12 0 6 0 -1
ciMethod org/jetbrains/kotlin/types/IndexedParametersSubstitution <init> ([Lorg/jetbrains/kotlin/descriptors/TypeParameterDescriptor;[Lorg/jetbrains/kotlin/types/TypeProjection;Z)V 4104 0 14429 0 -1
ciMethod org/jetbrains/kotlin/types/IndexedParametersSubstitution <init> ([Lorg/jetbrains/kotlin/descriptors/TypeParameterDescriptor;[Lorg/jetbrains/kotlin/types/TypeProjection;ZILkotlin/jvm/internal/DefaultConstructorMarker;)V 772 0 7636 0 -1
ciMethod org/jetbrains/kotlin/types/IndexedParametersSubstitution <init> (Ljava/util/List;Ljava/util/List;)V 4298 0 9527 0 0
ciMethod org/jetbrains/kotlin/types/TypeConstructorSubstitution$Companion create (Lorg/jetbrains/kotlin/types/TypeConstructor;Ljava/util/List;)Lorg/jetbrains/kotlin/types/TypeSubstitution; 4096 0 9263 0 0
ciMethod org/jetbrains/kotlin/types/TypeAttributesKt replaceAnnotations (Lorg/jetbrains/kotlin/types/TypeAttributes;Lorg/jetbrains/kotlin/descriptors/annotations/Annotations;)Lorg/jetbrains/kotlin/types/TypeAttributes; 374 0 5477 0 0
ciMethod org/jetbrains/kotlin/types/AnnotationsTypeAttributeKt getAnnotationsAttribute (Lorg/jetbrains/kotlin/types/TypeAttributes;)Lorg/jetbrains/kotlin/types/AnnotationsTypeAttribute; 966 0 53908 0 0
ciMethod org/jetbrains/kotlin/types/AnnotationsTypeAttributeKt getAnnotations (Lorg/jetbrains/kotlin/types/TypeAttributes;)Lorg/jetbrains/kotlin/descriptors/annotations/Annotations; 4138 0 54392 0 256
ciMethod org/jetbrains/kotlin/types/AnnotationsTypeAttribute <init> (Lorg/jetbrains/kotlin/descriptors/annotations/Annotations;)V 48 0 2128 0 0
ciMethod org/jetbrains/kotlin/types/AnnotationsTypeAttribute getAnnotations ()Lorg/jetbrains/kotlin/descriptors/annotations/Annotations; 40 0 20 0 0
ciMethod org/jetbrains/kotlin/types/AnnotationsTypeAttribute getKey ()Lkotlin/reflect/KClass; 628 0 818 0 0
ciMethod org/jetbrains/kotlin/types/TypeAttribute <init> ()V 48 0 2128 0 0
ciMethod org/jetbrains/kotlin/types/TypeAttribute getKey ()Lkotlin/reflect/KClass; 0 0 1 0 -1
ciMethod org/jetbrains/kotlin/util/NullableArrayMapAccessor getValue (Lorg/jetbrains/kotlin/util/AbstractArrayMapOwner;Lkotlin/reflect/KProperty;)Ljava/lang/Object; 756 0 53818 0 0
ciMethod org/jetbrains/kotlin/util/NullableArrayMapAccessor getValue (Ljava/lang/Object;Lkotlin/reflect/KProperty;)Ljava/lang/Object; 756 0 53818 0 0
ciMethod org/jetbrains/kotlin/util/AbstractArrayMapOwner$AbstractArrayMapAccessor extractValue (Lorg/jetbrains/kotlin/util/AbstractArrayMapOwner;)Ljava/lang/Object; 756 0 53818 0 0
ciMethod org/jetbrains/kotlin/util/TypeRegistry$getId$1 <init> (Lorg/jetbrains/kotlin/util/TypeRegistry;)V 786 0 1909 0 0
ciMethodData org/jetbrains/kotlin/resolve/DescriptorUtils getContainingModule (Lorg/jetbrains/kotlin/descriptors/DeclarationDescriptor;)Lorg/jetbrains/kotlin/descriptors/ModuleDescriptor; 2 24396 orig 80 0 0 0 0 0 0 0 0 0 0 0 0 147 2 0 0 0 0 0 0 0 0 0 0 0 0 0 0 0 0 0 0 0 0 0 0 0 0 0 0 0 0 0 0 0 0 0 0 0 0 0 0 0 0 0 0 0 0 0 0 0 0 0 0 0 0 0 0 0 0 0 0 0 0 0 0 0 0 0 0 data 56 0x10007 0x5e4a 0x30 0x0 0x60002 0x0 0xa0002 0x5e4a 0x110007 0x5e4a 0x108 0x0 0x150007 0x0 0xe8 0x0 0x200002 0x0 0x250005 0x0 0x0 0x0 0x0 0x0 0x0 0x290005 0x0 0x0 0x0 0x0 0x0 0x0 0x2c0005 0x0 0x0 0x0 0x0 0x0 0x0 0x2f0002 0x0 0x350007 0x5e4a 0x30 0x0 0x3a0002 0x0 0x0 0x0 0x0 0x0 0x0 0x0 0x9 0x1 0x0 oops 0 methods 0
ciMethodData org/jetbrains/kotlin/resolve/DescriptorUtils getContainingModuleOrNull (Lorg/jetbrains/kotlin/descriptors/DeclarationDescriptor;)Lorg/jetbrains/kotlin/descriptors/ModuleDescriptor; 2 60346 orig 80 0 0 0 0 0 0 0 0 0 0 0 0 147 2 0 0 0 0 0 0 0 0 0 0 0 0 0 0 0 0 0 0 0 0 0 0 0 0 0 0 0 0 0 0 0 0 0 0 0 0 0 0 0 0 0 0 0 0 0 0 0 0 0 0 0 0 0 0 0 0 0 0 0 0 0 0 0 0 0 0 data 72 0x10007 0x5ab2 0x30 0x0 0x60002 0x0 0xa0007 0x0 0x1c8 0x1443c 0xe0004 0xffffffffffff1676 0x0 0x29373c16590 0x5e 0x29373c16640 0x4a 0x110007 0xe98a 0x58 0x5ab2 0x150004 0x0 0x0 0x29373c166f0 0x5ab2 0x0 0x0 0x1a0004 0xffffffffffff1676 0x0 0x29373c16590 0x5e 0x29373c16640 0x4a 0x1d0007 0xe98a 0x90 0x0 0x210004 0x0 0x0 0x0 0x0 0x0 0x0 0x240005 0x0 0x0 0x0 0x0 0x0 0x0 0x2b0005 0xc46d 0x0 0x29373c16590 0x165f 0x29373c16640 0xebe 0x310003 0xe98a 0xfffffffffffffe50 0x0 0x0 0x0 0x0 0x0 0x0 0x9 0x1 0x0 oops 7 13 org/jetbrains/kotlin/resolve/lazy/descriptors/LazyClassDescriptor 15 org/jetbrains/kotlin/resolve/lazy/descriptors/LazyPackageDescriptor 24 org/jetbrains/kotlin/descriptors/impl/ModuleDescriptorImpl 31 org/jetbrains/kotlin/resolve/lazy/descriptors/LazyClassDescriptor 33 org/jetbrains/kotlin/resolve/lazy/descriptors/LazyPackageDescriptor 56 org/jetbrains/kotlin/resolve/lazy/descriptors/LazyClassDescriptor 58 org/jetbrains/kotlin/resolve/lazy/descriptors/LazyPackageDescriptor methods 0
ciMethodData org/jetbrains/kotlin/descriptors/annotations/Annotations$Companion getEMPTY ()Lorg/jetbrains/kotlin/descriptors/annotations/Annotations; 2 52106 orig 80 0 0 0 0 0 0 0 0 0 0 0 0 147 2 0 0 0 0 0 0 0 0 0 0 0 0 0 0 0 0 0 0 0 0 0 0 0 0 0 0 0 0 0 0 0 0 0 0 0 0 0 0 0 0 0 0 0 0 0 0 0 0 0 0 0 0 0 0 0 0 0 0 0 0 0 0 0 0 0 0 data 5 0x0 0x0 0x9 0x1 0x0 oops 0 methods 0
ciMethodData org/jetbrains/kotlin/types/UnwrappedType unwrap ()Lorg/jetbrains/kotlin/types/UnwrappedType; 2 2473 orig 80 0 0 0 0 0 0 0 0 0 0 0 0 147 2 0 0 0 0 0 0 0 0 0 0 0 0 0 0 0 0 0 0 0 0 0 0 0 0 0 0 0 0 0 0 0 0 0 0 0 0 0 0 0 0 0 0 0 0 0 0 0 0 0 0 0 0 0 0 0 0 0 0 0 0 0 0 0 0 0 0 data 5 0x0 0x0 0x9 0x1 0x0 oops 0 methods 0
ciMethod org/jetbrains/kotlin/descriptors/impl/ModuleAwareClassDescriptorKt getRefinedUnsubstitutedMemberScopeIfPossible (Lorg/jetbrains/kotlin/descriptors/ClassDescriptor;Lorg/jetbrains/kotlin/types/checker/KotlinTypeRefiner;)Lorg/jetbrains/kotlin/resolve/scopes/MemberScope; 194 0 539 0 0
ciMethod org/jetbrains/kotlin/descriptors/impl/ModuleAwareClassDescriptorKt getRefinedMemberScopeIfPossible (Lorg/jetbrains/kotlin/descriptors/ClassDescriptor;Lorg/jetbrains/kotlin/types/TypeSubstitution;Lorg/jetbrains/kotlin/types/checker/KotlinTypeRefiner;)Lorg/jetbrains/kotlin/resolve/scopes/MemberScope; 458 0 4618 0 0
ciMethod org/jetbrains/kotlin/types/KotlinTypeFactory$simpleType$1 <init> (Lorg/jetbrains/kotlin/types/TypeConstructor;Ljava/util/List;Lorg/jetbrains/kotlin/types/TypeAttributes;Z)V 170 0 6480 0 0
ciMethodData org/jetbrains/kotlin/descriptors/impl/DeclarationDescriptorImpl getName ()Lorg/jetbrains/kotlin/name/Name; 2 93473 orig 80 0 0 0 0 0 0 0 0 0 0 0 0 147 2 0 0 0 0 0 0 0 0 0 0 0 0 0 0 0 0 0 0 0 0 0 0 0 0 0 0 0 0 0 0 0 0 0 0 0 0 0 0 0 0 0 0 0 0 0 0 0 0 0 0 0 0 0 0 0 0 0 0 0 0 0 0 0 0 0 0 data 15 0x50007 0x16ba1 0x30 0x0 0x90002 0x0 0x0 0x0 0x0 0x0 0x0 0x0 0x9 0x1 0x0 oops 0 methods 0
ciMethodData org/jetbrains/kotlin/types/TypeAttributes$Companion getEmpty ()Lorg/jetbrains/kotlin/types/TypeAttributes; 2 15953 orig 80 0 0 0 0 0 0 0 0 0 0 0 0 147 2 0 0 0 0 0 0 0 0 0 0 0 0 0 0 0 0 0 0 0 0 0 0 0 0 0 0 0 0 0 0 0 0 0 0 0 0 0 0 0 0 0 0 0 0 0 0 0 0 0 0 0 0 0 0 0 0 0 0 0 0 0 0 0 0 0 0 data 11 0x2 0x3d51 0x0 0x0 0x0 0x0 0x0 0x0 0x9 0x1 0x0 oops 0 methods 0
ciMethodData org/jetbrains/kotlin/types/TypeAttributes access$getEmpty$cp ()Lorg/jetbrains/kotlin/types/TypeAttributes; 2 15953 orig 80 0 0 0 0 0 0 0 0 0 0 0 0 147 2 0 0 0 0 0 0 0 0 0 0 0 0 0 0 0 0 0 0 0 0 0 0 0 0 0 0 0 0 0 0 0 0 0 0 0 0 0 0 0 0 0 0 0 0 0 0 0 0 0 0 0 0 0 0 0 0 0 0 0 0 0 0 0 0 0 0 data 4 0x0 0x0 0x9 0x0 oops 0 methods 0
ciMethod org/jetbrains/kotlin/types/FlexibleTypeImpl <init> (Lorg/jetbrains/kotlin/types/SimpleType;Lorg/jetbrains/kotlin/types/SimpleType;)V 436 0 3407 0 -1
ciMethod org/jetbrains/kotlin/types/TypeSubstitutionKt replace (Lorg/jetbrains/kotlin/types/KotlinType;Ljava/util/List;Lorg/jetbrains/kotlin/descriptors/annotations/Annotations;Ljava/util/List;)Lorg/jetbrains/kotlin/types/KotlinType; 8632 0 15147 0 0
ciMethod org/jetbrains/kotlin/types/TypeSubstitutionKt replace$default (Lorg/jetbrains/kotlin/types/KotlinType;Ljava/util/List;Lorg/jetbrains/kotlin/descriptors/annotations/Annotations;Ljava/util/List;ILjava/lang/Object;)Lorg/jetbrains/kotlin/types/KotlinType; 4242 0 16717 0 0
ciMethod org/jetbrains/kotlin/types/TypeSubstitutionKt replace (Lorg/jetbrains/kotlin/types/SimpleType;Ljava/util/List;Lorg/jetbrains/kotlin/types/TypeAttributes;)Lorg/jetbrains/kotlin/types/SimpleType; 344 0 4838 0 0
ciMethod org/jetbrains/kotlin/types/TypeSubstitutionKt replace (Lorg/jetbrains/kotlin/types/KotlinType;Ljava/util/List;Lorg/jetbrains/kotlin/descriptors/annotations/Annotations;)Lorg/jetbrains/kotlin/types/KotlinType; 4248 0 16714 0 -1
ciMethodData org/jetbrains/kotlin/types/checker/KotlinTypeRefinerKt getREFINER_CAPABILITY ()Lorg/jetbrains/kotlin/descriptors/ModuleCapability; 2 56761 orig 80 0 0 0 0 0 0 0 0 0 0 0 0 147 2 0 0 0 0 0 0 0 0 0 0 0 0 0 0 0 0 0 0 0 0 0 0 0 0 0 0 0 0 0 0 0 0 0 0 0 0 0 0 0 0 0 0 0 0 0 0 0 0 0 0 0 0 0 0 0 0 0 0 0 0 0 0 0 0 0 0 data 4 0x0 0x0 0x9 0x0 oops 0 methods 0
ciMethodData org/jetbrains/kotlin/resolve/descriptorUtil/DescriptorUtilsKt getKotlinTypeRefiner (Lorg/jetbrains/kotlin/descriptors/ModuleDescriptor;)Lorg/jetbrains/kotlin/types/checker/KotlinTypeRefiner; 2 10385 orig 80 0 0 0 0 0 0 0 0 0 0 0 0 147 2 0 0 0 0 0 0 0 0 0 0 0 0 0 0 0 0 0 0 0 0 0 0 0 0 0 0 0 0 0 0 0 0 0 0 0 0 0 0 0 0 0 0 0 0 0 0 0 0 0 0 0 0 0 0 0 0 0 0 0 0 0 0 0 0 0 0 data 83 0x30002 0x2791 0x70002 0x2791 0xa0005 0x0 0x0 0x29373c166f0 0x2791 0x0 0x0 0xf0104 0x0 0x0 0x0 0x0 0x0 0x0 0x130007 0x2791 0xa8 0x0 0x160005 0x0 0x0 0x0 0x0 0x0 0x0 0x190004 0x0 0x0 0x0 0x0 0x0 0x0 0x1c0003 0x0 0x18 0x230104 0x0 0x0 0x0 0x0 0x0 0x0 0x260007 0x2791 0xa8 0x0 0x2a0004 0x0 0x0 0x0 0x0 0x0 0x0 0x2d0005 0x0 0x0 0x0 0x0 0x0 0x0 0x300003 0x0 0x50 0x360004 0x0 0x0 0x0 0x0 0x0 0x0 0x0 0x0 0x0 0x0 0x0 0x0 0x9 0x1 0x0 oops 1 7 org/jetbrains/kotlin/descriptors/impl/ModuleDescriptorImpl methods 0
ciMethodData org/jetbrains/kotlin/resolve/descriptorUtil/DescriptorUtilsKt getModule (Lorg/jetbrains/kotlin/descriptors/DeclarationDescriptor;)Lorg/jetbrains/kotlin/descriptors/ModuleDescriptor; 2 61080 orig 80 0 0 0 0 0 0 0 0 0 0 0 0 147 2 0 0 0 0 0 0 0 0 0 0 0 0 0 0 0 0 0 0 0 0 0 0 0 0 0 0 0 0 0 0 0 0 0 0 0 0 0 0 0 0 0 0 0 0 0 0 0 0 0 0 0 0 0 0 0 0 0 0 0 0 0 0 0 0 0 0 data 15 0x30002 0xe801 0x70002 0xe801 0xe0002 0xe801 0x0 0x0 0x0 0x0 0x0 0x0 0x9 0x1 0x0 oops 0 methods 0
ciMethodData org/jetbrains/kotlin/util/EmptyArrayMap getSize ()I 1 128 orig 80 0 0 0 0 0 0 0 0 0 0 0 0 147 2 0 0 0 0 0 0 0 0 0 0 0 0 0 0 0 0 0 0 0 0 0 0 0 0 0 0 0 0 0 0 0 0 0 0 0 0 0 0 0 0 0 0 0 0 0 0 0 0 0 0 0 0 0 0 0 0 0 0 0 0 0 0 0 0 0 0 data 4 0x0 0x9 0x1 0x0 oops 0 methods 0
ciMethodData org/jetbrains/kotlin/util/AbstractArrayMapOwner isEmpty ()Z 2 19512 orig 80 0 0 0 0 0 0 0 0 0 0 0 0 147 2 0 0 0 0 0 0 0 0 0 0 0 0 0 0 0 0 0 0 0 0 0 0 0 0 0 0 0 0 0 0 0 0 0 0 0 0 0 0 0 0 0 0 0 0 0 0 0 0 0 0 0 0 0 0 0 0 0 0 0 0 0 0 0 0 0 0 data 30 0x10005 0x42f7 0x0 0x2937574af60 0x81 0x0 0x0 0x40005 0x0 0x0 0x29376264830 0xc28 0x29376264780 0x3750 0x70007 0xc28 0x38 0x3750 0xb0003 0x3750 0x18 0x0 0x0 0x0 0x0 0x0 0x0 0x9 0x1 0x0 oops 3 3 org/jetbrains/kotlin/types/TypeAttributes 10 org/jetbrains/kotlin/util/OneElementArrayMap 12 org/jetbrains/kotlin/util/EmptyArrayMap methods 0
ciMethod org/jetbrains/kotlin/util/OneElementArrayMap <init> (Ljava/lang/Object;I)V 820 0 794 0 0
ciMethod org/jetbrains/kotlin/util/OneElementArrayMap getIndex ()I 0 0 1 0 0
ciMethod org/jetbrains/kotlin/util/OneElementArrayMap getSize ()I 260 0 130 0 0
ciMethod org/jetbrains/kotlin/util/OneElementArrayMap get (I)Ljava/lang/Object; 4162 0 5270 0 0
ciMethod org/jetbrains/kotlin/types/SimpleTypeWithAttributes <init> (Lorg/jetbrains/kotlin/types/SimpleType;Lorg/jetbrains/kotlin/types/TypeAttributes;)V 148 0 1992 0 -1
ciMethodData org/jetbrains/kotlin/types/SimpleTypeImpl getAttributes ()Lorg/jetbrains/kotlin/types/TypeAttributes; 2 13014 orig 80 0 0 0 0 0 0 0 0 0 0 0 0 147 2 0 0 0 0 0 0 0 0 0 0 0 0 0 0 0 0 0 0 0 0 0 0 0 0 0 0 0 0 0 0 0 0 0 0 0 0 0 0 0 0 0 0 0 0 0 0 0 0 0 0 0 0 0 0 0 0 0 0 0 0 0 0 0 0 0 0 data 16 0x30005 0x2ad5 0x0 0x0 0x0 0x0 0x0 0x0 0x0 0x0 0x0 0x0 0x0 0x9 0x1 0x0 oops 0 methods 0
ciMethodData org/jetbrains/kotlin/descriptors/impl/ModuleDescriptorImpl getCapability (Lorg/jetbrains/kotlin/descriptors/ModuleCapability;)Ljava/lang/Object; 2 56208 orig 80 0 0 0 0 0 0 0 0 0 0 0 0 147 2 0 0 0 0 0 0 0 0 0 0 0 0 0 0 0 0 0 0 0 0 0 0 0 0 0 0 0 0 0 0 0 0 0 0 0 0 0 0 0 0 0 0 0 0 0 0 0 0 0 0 0 0 0 0 0 0 0 0 0 0 0 0 0 0 0 0 data 23 0x40002 0xd38d 0xc0005 0x0 0x0 0x293764b0060 0xd38d 0x0 0x0 0x120007 0x0 0x20 0xd38d 0x0 0x0 0x0 0x0 0x0 0x0 0x9 0x2 0x0 0x0 oops 1 5 kotlin/collections/EmptyMap methods 0
ciMethodData kotlin/collections/CollectionsKt___CollectionsKt lastOrNull (Ljava/util/List;)Ljava/lang/Object; 2 15262 orig 80 0 0 0 0 0 0 0 0 0 0 0 0 147 2 0 0 0 0 0 0 0 0 0 0 0 0 0 0 0 0 0 0 0 0 0 0 0 0 0 0 0 0 0 0 0 0 0 0 0 0 0 0 0 0 0 0 0 0 0 0 0 0 0 0 0 0 0 0 0 0 0 0 0 0 0 0 0 0 0 0 data 39 0x30002 0x350f 0x70005 0x2966 0x0 0x293749f3fb0 0x1 0x2937574ec40 0xba8 0xc0007 0x2699 0x38 0xe76 0x100003 0xe76 0x88 0x150005 0x126c 0x0 0x293749f3fb0 0x1 0x293755cc740 0x142c 0x1c0005 0x126c 0x0 0x293749f3fb0 0x1 0x293755cc740 0x142c 0x0 0x0 0x0 0x0 0x0 0x0 0x9 0x1 0x0 oops 6 5 kotlin/collections/ReversedList 7 kotlin/collections/EmptyList 19 kotlin/collections/ReversedList 21 java/util/Collections$SingletonList 26 kotlin/collections/ReversedList 28 java/util/Collections$SingletonList methods 0
ciMethodData org/jetbrains/kotlin/types/KotlinTypeFactory simpleType$default (Lorg/jetbrains/kotlin/types/TypeAttributes;Lorg/jetbrains/kotlin/types/TypeConstructor;Ljava/util/List;ZLorg/jetbrains/kotlin/types/checker/KotlinTypeRefiner;ILjava/lang/Object;)Lorg/jetbrains/kotlin/types/SimpleType; 2 11035 orig 80 0 0 0 0 0 0 0 0 0 0 0 0 147 2 0 0 0 0 0 0 0 0 0 0 0 0 0 0 0 0 0 0 0 0 0 0 0 0 0 0 0 0 0 0 0 0 0 0 0 0 0 0 0 0 0 0 0 0 0 0 0 0 0 0 0 0 0 0 0 0 0 0 0 0 0 0 0 0 0 0 data 21 0x50007 0x0 0x20 0x231a 0x110002 0x231a 0x0 0x0 0x0 0x0 0x0 0x0 0x9 0x7 0x0 0xffffffffffffffff 0xffffffffffffffff 0x0 0xffffffffffffffff 0x0 0x0 oops 0 methods 0
ciMethodData org/jetbrains/kotlin/types/KotlinTypeFactory simpleType (Lorg/jetbrains/kotlin/types/TypeAttributes;Lorg/jetbrains/kotlin/types/TypeConstructor;Ljava/util/List;ZLorg/jetbrains/kotlin/types/checker/KotlinTypeRefiner;)Lorg/jetbrains/kotlin/types/SimpleType; 2 11035 orig 80 0 0 0 0 0 0 0 0 0 0 0 0 147 2 0 0 0 0 0 0 0 0 0 0 0 0 0 0 0 0 0 0 0 0 0 0 0 0 0 0 0 0 0 0 0 0 0 0 0 0 0 0 0 0 0 0 0 0 0 0 0 0 0 0 0 0 0 0 0 0 0 0 0 0 0 0 0 0 0 0 data 87 0x30002 0x2317 0x90002 0x2317 0xf0002 0x2317 0x130005 0x2317 0x0 0x0 0x0 0x0 0x0 0x160007 0x58e 0x180 0x1d89 0x1a0005 0x1242 0x0 0x2937574ec40 0xa18 0x293755cc740 0x12f 0x1f0007 0x131e 0x128 0xa6b 0x230007 0x4b 0x108 0xa20 0x270005 0x42c 0x0 0x29373745d40 0x480 0x29373745df0 0x174 0x2c0007 0x0 0xb0 0xa20 0x300005 0x42c 0x0 0x29373745d40 0x480 0x29373745df0 0x174 0x360002 0xa20 0x390005 0x4a7 0x0 0x29373745ea0 0x480 0x29373745f50 0xf9 0x410002 0xa20 0x540002 0x18f7 0x5f0002 0x18fb 0x620004 0x0 0x0 0x2937495eba0 0x4 0x0 0x0 0x650002 0x18fb 0x0 0x0 0x0 0x0 0x0 0x0 0x9 0x5 0x0 0x0 0x0 0x0 0x0 oops 9 20 kotlin/collections/EmptyList 22 java/util/Collections$SingletonList 35 org/jetbrains/kotlin/load/java/lazy/descriptors/LazyJavaClassDescriptor$LazyJavaClassTypeConstructor 37 org/jetbrains/kotlin/descriptors/impl/AbstractTypeParameterDescriptor$TypeParameterTypeConstructor 46 org/jetbrains/kotlin/load/java/lazy/descriptors/LazyJavaClassDescriptor$LazyJavaClassTypeConstructor 48 org/jetbrains/kotlin/descriptors/impl/AbstractTypeParameterDescriptor$TypeParameterTypeConstructor 55 org/jetbrains/kotlin/load/java/lazy/descriptors/LazyJavaClassDescriptor 57 org/jetbrains/kotlin/load/java/lazy/descriptors/LazyJavaTypeParameterDescriptor 68 org/jetbrains/kotlin/types/KotlinTypeFactory$simpleType$1 methods 0
ciMethodData org/jetbrains/kotlin/types/KotlinTypeFactory computeMemberScope (Lorg/jetbrains/kotlin/types/TypeConstructor;Ljava/util/List;Lorg/jetbrains/kotlin/types/checker/KotlinTypeRefiner;)Lorg/jetbrains/kotlin/resolve/scopes/MemberScope; 2 7168 orig 80 0 0 0 0 0 0 0 0 0 0 0 0 147 2 0 0 0 0 0 0 0 0 0 0 0 0 0 0 0 0 0 0 0 0 0 0 0 0 0 0 0 0 0 0 0 0 0 0 0 0 0 0 0 0 0 0 0 0 0 0 0 0 0 0 0 0 0 0 0 0 0 0 0 0 0 0 0 0 0 0 data 239 0x10005 0x179 0x0 0x2937449dd00 0x7a9 0x29373745d40 0xad7 0xe0004 0xffffffffffffec5a 0x0 0x2937449ddb0 0x43 0x29373745ea0 0xb0 0x110007 0x13a6 0xe0 0x53 0x160004 0x0 0x0 0x29373745f50 0x46 0x2937449de60 0xd 0x190005 0x0 0x0 0x29373745f50 0x46 0x2937449de60 0xd 0x1e0005 0x0 0x0 0x2937574ecf0 0x53 0x0 0x0 0x210003 0x53 0x5e0 0x260004 0xffffffffffffffd2 0x0 0x2937449ddb0 0x7a9 0x29373745ea0 0xad7 0x290007 0x2e 0x1e8 0x1378 0x2e0007 0x0 0x78 0x1378 0x340004 0x0 0x0 0x2937449ddb0 0x7a9 0x29373745ea0 0xad7 0x370002 0x1378 0x3a0002 0x1378 0x400005 0x3b 0x0 0x2936eeb6090 0x125e 0x293755cc740 0xdf 0x450007 0x11ba 0x80 0x1be 0x4a0004 0x0 0x0 0x2937449ddb0 0xc2 0x29373745ea0 0xfc 0x4f0002 0x1be 0x520003 0x1be 0x458 0x570004 0x0 0x0 0x29373745ea0 0x9db 0x2937449ddb0 0x6e7 0x5f0005 0x11ba 0x0 0x0 0x0 0x0 0x0 0x640002 0x11be 0x670003 0x11be 0x3c0 0x6c0004 0x0 0x0 0x2937449df10 0x2e 0x0 0x0 0x6f0007 0x0 0x170 0x2e 0x810004 0x0 0x0 0x2937449df10 0x2e 0x0 0x0 0x840005 0x0 0x0 0x2937449df10 0x2e 0x0 0x0 0x890005 0x2e 0x0 0x0 0x0 0x0 0x0 0x8f0002 0x2e 0x920004 0x0 0x0 0x2936eeb2d80 0x2e 0x0 0x0 0x950002 0x2e 0x980004 0x0 0x0 0x0 0x0 0x0 0x0 0x9b0003 0x2e 0x218 0x9f0004 0x0 0x0 0x0 0x0 0x0 0x0 0xa20007 0x0 0x90 0x0 0xa60004 0x0 0x0 0x0 0x0 0x0 0x0 0xa90005 0x0 0x0 0x0 0x0 0x0 0x0 0xb50002 0x0 0xba0005 0x0 0x0 0x0 0x0 0x0 0x0 0xbf0005 0x0 0x0 0x0 0x0 0x0 0x0 0xc40005 0x0 0x0 0x0 0x0 0x0 0x0 0xc80005 0x0 0x0 0x0 0x0 0x0 0x0 0xcb0005 0x0 0x0 0x0 0x0 0x0 0x0 0xce0002 0x0 0x0 0x0 0x0 0x0 0x0 0x0 0x9 0x4 0x0 0x0 0x0 0x0 oops 23 3 org/jetbrains/kotlin/serialization/deserialization/descriptors/DeserializedClassDescriptor$DeserializedClassTypeConstructor 5 org/jetbrains/kotlin/load/java/lazy/descriptors/LazyJavaClassDescriptor$LazyJavaClassTypeConstructor 10 org/jetbrains/kotlin/serialization/deserialization/descriptors/DeserializedClassDescriptor 12 org/jetbrains/kotlin/load/java/lazy/descriptors/LazyJavaClassDescriptor 21 org/jetbrains/kotlin/load/java/lazy/descriptors/LazyJavaTypeParameterDescriptor 23 org/jetbrains/kotlin/serialization/deserialization/descriptors/DeserializedTypeParameterDescriptor 28 org/jetbrains/kotlin/load/java/lazy/descriptors/LazyJavaTypeParameterDescriptor 30 org/jetbrains/kotlin/serialization/deserialization/descriptors/DeserializedTypeParameterDescriptor 35 org/jetbrains/kotlin/types/SimpleTypeImpl 45 org/jetbrains/kotlin/serialization/deserialization/descriptors/DeserializedClassDescriptor 47 org/jetbrains/kotlin/load/java/lazy/descriptors/LazyJavaClassDescriptor 60 org/jetbrains/kotlin/serialization/deserialization/descriptors/DeserializedClassDescriptor 62 org/jetbrains/kotlin/load/java/lazy/descriptors/LazyJavaClassDescriptor 71 java/util/ArrayList 73 java/util/Collections$SingletonList 82 org/jetbrains/kotlin/serialization/deserialization/descriptors/DeserializedClassDescriptor 84 org/jetbrains/kotlin/load/java/lazy/descriptors/LazyJavaClassDescriptor 94 org/jetbrains/kotlin/load/java/lazy/descriptors/LazyJavaClassDescriptor 96 org/jetbrains/kotlin/serialization/deserialization/descriptors/DeserializedClassDescriptor 113 org/jetbrains/kotlin/serialization/deserialization/descriptors/DeserializedTypeAliasDescriptor 124 org/jetbrains/kotlin/serialization/deserialization/descriptors/DeserializedTypeAliasDescriptor 131 org/jetbrains/kotlin/serialization/deserialization/descriptors/DeserializedTypeAliasDescriptor 147 java/lang/String methods 0
ciMethodData org/jetbrains/kotlin/types/KotlinTypeFactory$simpleType$1 <init> (Lorg/jetbrains/kotlin/types/TypeConstructor;Ljava/util/List;Lorg/jetbrains/kotlin/types/TypeAttributes;Z)V 2 6495 orig 80 0 0 0 0 0 0 0 0 0 0 0 0 147 2 0 0 0 0 0 0 0 0 0 0 0 0 0 0 0 0 0 0 0 0 0 0 0 0 0 0 0 0 0 0 0 0 0 0 0 0 0 0 0 0 0 0 0 0 0 0 0 0 0 0 0 0 0 0 0 0 0 0 0 0 0 0 0 0 0 0 data 13 0x170002 0x190a 0x0 0x0 0x0 0x0 0x9 0x5 0x1e 0x0 0x0 0x0 0x0 oops 0 methods 0
ciMethodData org/jetbrains/kotlin/types/KotlinTypeFactory simpleTypeWithNonTrivialMemberScope (Lorg/jetbrains/kotlin/types/TypeAttributes;Lorg/jetbrains/kotlin/types/TypeConstructor;Ljava/util/List;ZLorg/jetbrains/kotlin/resolve/scopes/MemberScope;Lkotlin/jvm/functions/Function1;)Lorg/jetbrains/kotlin/types/SimpleType; 2 7860 orig 80 0 0 0 0 0 0 0 0 0 0 0 0 147 2 0 0 0 0 0 0 0 0 0 0 0 0 0 0 0 0 0 0 0 0 0 0 0 0 0 0 0 0 0 0 0 0 0 0 0 0 0 0 0 0 0 0 0 0 0 0 0 0 0 0 0 0 0 0 0 0 0 0 0 0 0 0 0 0 0 0 data 63 0x30002 0x16ae 0x90002 0x16ae 0xf0002 0x16ae 0x170002 0x16ae 0x1f0002 0x16ae 0x2d0002 0x16ae 0x360005 0x16ae 0x0 0x0 0x0 0x0 0x0 0x390007 0x37f 0x70 0x132f 0x3e0004 0x0 0x0 0x2937574ecf0 0x4c 0x0 0x0 0x410003 0x132f 0x98 0x4a0004 0x0 0x0 0x2937574ecf0 0x35 0x0 0x0 0x4e0002 0x37f 0x510004 0x0 0x0 0x2937574eda0 0x35 0x0 0x0 0x0 0x0 0x0 0x0 0x0 0x0 0x9 0x6 0x0 0x0 0x0 0x0 0x0 0x0 oops 3 26 org/jetbrains/kotlin/types/SimpleTypeImpl 36 org/jetbrains/kotlin/types/SimpleTypeImpl 45 org/jetbrains/kotlin/types/SimpleTypeWithAttributes methods 0
ciMethodData org/jetbrains/kotlin/types/KotlinType getAnnotations ()Lorg/jetbrains/kotlin/descriptors/annotations/Annotations; 2 52180 orig 80 0 0 0 0 0 0 0 0 0 0 0 0 147 2 0 0 0 0 0 0 0 0 0 0 0 0 0 0 0 0 0 0 0 0 0 0 0 0 0 0 0 0 0 0 0 0 0 0 0 0 0 0 0 0 0 0 0 0 0 0 0 0 0 0 0 0 0 0 0 0 0 0 0 0 0 0 0 0 0 0 data 18 0x10005 0x2d5b 0x0 0x2937574ecf0 0x8087 0x2937574ee50 0x15ee 0x40002 0xc3d0 0x0 0x0 0x0 0x0 0x0 0x0 0x9 0x1 0xffffffffffffffff oops 2 3 org/jetbrains/kotlin/types/SimpleTypeImpl 5 org/jetbrains/kotlin/types/NullableSimpleType methods 0
ciMethodData org/jetbrains/kotlin/types/AnnotationsTypeAttributeKt getAnnotations (Lorg/jetbrains/kotlin/types/TypeAttributes;)Lorg/jetbrains/kotlin/descriptors/annotations/Annotations; 2 54392 orig 80 0 0 0 0 0 0 0 0 0 0 0 0 147 2 0 0 0 0 0 0 0 0 0 0 0 0 0 0 0 0 0 0 0 0 0 0 0 0 0 0 0 0 0 0 0 0 0 0 0 0 0 0 0 0 0 0 0 0 0 0 0 0 0 0 0 0 0 0 0 0 0 0 0 0 0 0 0 0 0 0 data 35 0x30002 0xcc63 0x70002 0xcc63 0xb0007 0xbc52 0x78 0x1011 0xe0005 0x1011 0x0 0x0 0x0 0x0 0x0 0x120007 0x1011 0x58 0x0 0x190005 0xbc52 0x0 0x0 0x0 0x0 0x0 0x0 0x0 0x0 0x0 0x0 0x0 0x9 0x1 0xffffffffffffffff oops 0 methods 0
ciMethodData org/jetbrains/kotlin/types/AnnotationsTypeAttributeKt getAnnotationsAttribute (Lorg/jetbrains/kotlin/types/TypeAttributes;)Lorg/jetbrains/kotlin/types/AnnotationsTypeAttribute; 2 53908 orig 80 0 0 0 0 0 0 0 0 0 0 0 0 147 2 0 0 0 0 0 0 0 0 0 0 0 0 0 0 0 0 0 0 0 0 0 0 0 0 0 0 0 0 0 0 0 0 0 0 0 0 0 0 0 0 0 0 0 0 0 0 0 0 0 0 0 0 0 0 0 0 0 0 0 0 0 0 0 0 0 0 data 25 0x30002 0xd0bc 0xf0005 0x0 0x0 0x2937453a4d0 0xd0bc 0x0 0x0 0x140104 0x0 0x0 0x293745382c0 0x1016 0x0 0x0 0x0 0x0 0x0 0x0 0x0 0x0 0x9 0x1 0xffffffffffffffff oops 2 5 org/jetbrains/kotlin/util/NullableArrayMapAccessor 12 org/jetbrains/kotlin/types/AnnotationsTypeAttribute methods 0
ciMethodData org/jetbrains/kotlin/util/NullableArrayMapAccessor getValue (Ljava/lang/Object;Lkotlin/reflect/KProperty;)Ljava/lang/Object; 2 53818 orig 80 0 0 0 0 0 0 0 0 0 0 0 0 147 2 0 0 0 0 0 0 0 0 0 0 0 0 0 0 0 0 0 0 0 0 0 0 0 0 0 0 0 0 0 0 0 0 0 0 0 0 0 0 0 0 0 0 0 0 0 0 0 0 0 0 0 0 0 0 0 0 0 0 0 0 0 0 0 0 0 0 data 25 0x20004 0x0 0x0 0x2937574af60 0x91 0x0 0x0 0x60005 0xd0c0 0x0 0x0 0x0 0x0 0x0 0x0 0x0 0x0 0x0 0x0 0x0 0x9 0x3 0x0 0x0 0x0 oops 1 3 org/jetbrains/kotlin/types/TypeAttributes methods 0
ciMethodData org/jetbrains/kotlin/util/NullableArrayMapAccessor getValue (Lorg/jetbrains/kotlin/util/AbstractArrayMapOwner;Lkotlin/reflect/KProperty;)Ljava/lang/Object; 2 53818 orig 80 0 0 0 0 0 0 0 0 0 0 0 0 147 2 0 0 0 0 0 0 0 0 0 0 0 0 0 0 0 0 0 0 0 0 0 0 0 0 0 0 0 0 0 0 0 0 0 0 0 0 0 0 0 0 0 0 0 0 0 0 0 0 0 0 0 0 0 0 0 0 0 0 0 0 0 0 0 0 0 0 data 22 0x30002 0xd0c0 0x90002 0xd0c0 0xe0005 0xd0c0 0x0 0x0 0x0 0x0 0x0 0x0 0x0 0x0 0x0 0x0 0x0 0x9 0x3 0x0 0x0 0x0 oops 0 methods 0
ciMethodData org/jetbrains/kotlin/util/AbstractArrayMapOwner$AbstractArrayMapAccessor extractValue (Lorg/jetbrains/kotlin/util/AbstractArrayMapOwner;)Ljava/lang/Object; 2 53818 orig 80 0 0 0 0 0 0 0 0 0 0 0 0 147 2 0 0 0 0 0 0 0 0 0 0 0 0 0 0 0 0 0 0 0 0 0 0 0 0 0 0 0 0 0 0 0 0 0 0 0 0 0 0 0 0 0 0 0 0 0 0 0 0 0 0 0 0 0 0 0 0 0 0 0 0 0 0 0 0 0 0 data 26 0x30002 0xd0c0 0x70005 0xd02f 0x0 0x2937574af60 0x91 0x0 0x0 0xe0005 0x0 0x0 0x29376264780 0xc0aa 0x29376264830 0x1016 0x0 0x0 0x0 0x0 0x0 0x0 0x9 0x2 0x0 0x0 oops 3 5 org/jetbrains/kotlin/types/TypeAttributes 12 org/jetbrains/kotlin/util/EmptyArrayMap 14 org/jetbrains/kotlin/util/OneElementArrayMap methods 0
ciMethodData org/jetbrains/kotlin/util/EmptyArrayMap get (I)Ljava/lang/Object; 2 13969 orig 80 0 0 0 0 0 0 0 0 0 0 0 0 147 2 0 0 0 0 0 0 0 0 0 0 0 0 0 0 0 0 0 0 0 0 0 0 0 0 0 0 0 0 0 0 0 0 0 0 0 0 0 0 0 0 0 0 0 0 0 0 0 0 0 0 0 0 0 0 0 0 0 0 0 0 0 0 0 0 0 0 data 17 0x20005 0x2e85 0x0 0x0 0x0 0x0 0x0 0x0 0x0 0x0 0x0 0x0 0x0 0x9 0x2 0x0 0x0 oops 0 methods 0
ciMethodData org/jetbrains/kotlin/util/EmptyArrayMap get (I)Ljava/lang/Void; 2 12037 orig 80 0 0 0 0 0 0 0 0 0 0 0 0 147 2 0 0 0 0 0 0 0 0 0 0 0 0 0 0 0 0 0 0 0 0 0 0 0 0 0 0 0 0 0 0 0 0 0 0 0 0 0 0 0 0 0 0 0 0 0 0 0 0 0 0 0 0 0 0 0 0 0 0 0 0 0 0 0 0 0 0 data 5 0x0 0x9 0x2 0x0 0x0 oops 0 methods 0
ciMethodData org/jetbrains/kotlin/types/AnnotationsTypeAttribute <init> (Lorg/jetbrains/kotlin/descriptors/annotations/Annotations;)V 2 2128 orig 80 0 0 0 0 0 0 0 0 0 0 0 0 147 2 0 0 0 0 0 0 0 0 0 0 0 0 0 0 0 0 0 0 0 0 0 0 0 0 0 0 0 0 0 0 0 0 0 0 0 0 0 0 0 0 0 0 0 0 0 0 0 0 0 0 0 0 0 0 0 0 0 0 0 0 0 0 0 0 0 0 data 14 0x30002 0x838 0x70002 0x838 0x0 0x0 0x0 0x0 0x0 0x0 0x9 0x2 0x6 0x0 oops 0 methods 0
ciMethodData org/jetbrains/kotlin/types/TypeAttribute <init> ()V 2 2128 orig 80 0 0 0 0 0 0 0 0 0 0 0 0 147 2 0 0 0 0 0 0 0 0 0 0 0 0 0 0 0 0 0 0 0 0 0 0 0 0 0 0 0 0 0 0 0 0 0 0 0 0 0 0 0 0 0 0 0 0 0 0 0 0 0 0 0 0 0 0 0 0 0 0 0 0 0 0 0 0 0 0 data 7 0x10002 0x838 0x0 0x0 0x9 0x1 0x0 oops 0 methods 0
ciMethodData org/jetbrains/kotlin/types/TypeAttributes$Companion create (Ljava/util/List;)Lorg/jetbrains/kotlin/types/TypeAttributes; 2 2336 orig 80 0 0 0 0 0 0 0 0 0 0 0 0 147 2 0 0 0 0 0 0 0 0 0 0 0 0 0 0 0 0 0 0 0 0 0 0 0 0 0 0 0 0 0 0 0 0 0 0 0 0 0 0 0 0 0 0 0 0 0 0 0 0 0 0 0 0 0 0 0 0 0 0 0 0 0 0 0 0 0 0 data 35 0x30002 0x546 0x70005 0x0 0x0 0x2936eeb6090 0x100 0x293755cc740 0x446 0xc0007 0x446 0x70 0x100 0x100005 0x100 0x0 0x0 0x0 0x0 0x0 0x130003 0x100 0x28 0x1c0002 0x446 0x0 0x0 0x0 0x0 0x0 0x0 0x9 0x2 0x0 0xffffffffffffffff oops 2 5 java/util/ArrayList 7 java/util/Collections$SingletonList methods 0
ciMethodData org/jetbrains/kotlin/types/TypeAttributes <init> (Ljava/util/List;Lkotlin/jvm/internal/DefaultConstructorMarker;)V 2 1118 orig 80 0 0 0 0 0 0 0 0 0 0 0 0 147 2 0 0 0 0 0 0 0 0 0 0 0 0 0 0 0 0 0 0 0 0 0 0 0 0 0 0 0 0 0 0 0 0 0 0 0 0 0 0 0 0 0 0 0 0 0 0 0 0 0 0 0 0 0 0 0 0 0 0 0 0 0 0 0 0 0 0 data 9 0x20002 0x446 0x0 0x0 0x9 0x3 0x0 0x0 0x0 oops 0 methods 0
ciMethodData org/jetbrains/kotlin/types/TypeAttributes <init> (Ljava/util/List;)V 1 2581 orig 80 0 0 0 0 0 0 0 0 0 0 0 0 147 2 0 0 0 0 0 0 0 0 0 0 0 0 0 0 0 0 0 0 0 0 0 0 0 0 0 0 0 0 0 0 0 0 0 0 0 0 0 0 0 0 0 0 0 0 0 0 0 0 0 0 0 0 0 0 0 0 0 0 0 0 0 0 0 0 0 0 data 61 0x10002 0x215 0x60005 0x0 0x0 0x293755cc740 0x205 0x2936eeb6090 0x10 0xd0005 0x0 0x0 0x293755d0e50 0x40a 0x293742692b0 0x20 0x120007 0x215 0x118 0x215 0x160005 0x0 0x0 0x293755d0e50 0x205 0x293742692b0 0x10 0x1b0004 0x0 0x0 0x293745382c0 0x215 0x0 0x0 0x210005 0x113 0x0 0x293745382c0 0x102 0x0 0x0 0x250005 0x215 0x0 0x0 0x0 0x0 0x0 0x280003 0x215 0xfffffffffffffec8 0x0 0x0 0x0 0x0 0x0 0x0 0x9 0x2 0x0 0x0 oops 8 5 java/util/Collections$SingletonList 7 java/util/ArrayList 12 java/util/Collections$1 14 java/util/ArrayList$Itr 23 java/util/Collections$1 25 java/util/ArrayList$Itr 30 org/jetbrains/kotlin/types/AnnotationsTypeAttribute 37 org/jetbrains/kotlin/types/AnnotationsTypeAttribute methods 0
ciMethodData org/jetbrains/kotlin/types/IndexedParametersSubstitution <init> ([Lorg/jetbrains/kotlin/descriptors/TypeParameterDescriptor;[Lorg/jetbrains/kotlin/types/TypeProjection;Z)V 2 14429 orig 80 0 0 0 0 0 0 0 0 0 0 0 0 147 2 0 0 0 0 0 0 0 0 0 0 0 0 0 0 0 0 0 0 0 0 0 0 0 0 0 0 0 0 0 0 0 0 0 0 0 0 0 0 0 0 0 0 0 0 0 0 0 0 0 0 0 0 0 0 0 0 0 0 0 0 0 0 0 0 0 0 data 74 0x30002 0x3059 0x90002 0x3059 0xd0002 0x3059 0x2a0007 0x0 0x38 0x3059 0x2e0003 0x3059 0x18 0x370007 0x3059 0x178 0x0 0x3c0007 0x0 0x158 0x0 0x460002 0x0 0x4b0005 0x0 0x0 0x0 0x0 0x0 0x0 0x530005 0x0 0x0 0x0 0x0 0x0 0x0 0x580005 0x0 0x0 0x0 0x0 0x0 0x0 0x600005 0x0 0x0 0x0 0x0 0x0 0x0 0x630005 0x0 0x0 0x0 0x0 0x0 0x0 0x6e0002 0x0 0x0 0x0 0x0 0x0 0x0 0x0 0x0 0x0 0x9 0x4 0xe 0x0 0x0 0x0 oops 0 methods 0
ciMethodData org/jetbrains/kotlin/types/SimpleTypeImpl <init> (Lorg/jetbrains/kotlin/types/TypeConstructor;Ljava/util/List;ZLorg/jetbrains/kotlin/resolve/scopes/MemberScope;Lkotlin/jvm/functions/Function1;)V 2 8589 orig 80 0 0 0 0 0 0 0 0 0 0 0 0 147 2 0 0 0 0 0 0 0 0 0 0 0 0 0 0 0 0 0 0 0 0 0 0 0 0 0 0 0 0 0 0 0 0 0 0 0 0 0 0 0 0 0 0 0 0 0 0 0 0 0 0 0 0 0 0 0 0 0 0 0 0 0 0 0 0 0 0 data 114 0x30002 0x195e 0x90002 0x195e 0x100002 0x195e 0x170002 0x195e 0x1b0002 0x195e 0x3b0005 0x195e 0x0 0x0 0x0 0x0 0x0 0x3e0004 0xffffffffffffe6f0 0x0 0x2937509bd10 0x6 0x2937509bdc0 0x6 0x410007 0x1910 0x258 0x4e 0x450005 0x4e 0x0 0x0 0x0 0x0 0x0 0x480004 0x0 0x0 0x293765c0d70 0x4e 0x0 0x0 0x4b0007 0x4e 0x1c8 0x0 0x560002 0x0 0x5b0005 0x0 0x0 0x0 0x0 0x0 0x0 0x5f0005 0x0 0x0 0x0 0x0 0x0 0x0 0x620005 0x0 0x0 0x0 0x0 0x0 0x0 0x670005 0x0 0x0 0x0 0x0 0x0 0x0 0x6b0005 0x0 0x0 0x0 0x0 0x0 0x0 0x6e0005 0x0 0x0 0x0 0x0 0x0 0x0 0x710005 0x0 0x0 0x0 0x0 0x0 0x0 0x740002 0x0 0x0 0x0 0x0 0x0 0x0 0x0 0x0 0x9 0x6 0x1c 0x0 0x0 0x0 0x0 0x0 oops 3 20 org/jetbrains/kotlin/load/java/lazy/descriptors/LazyJavaClassMemberScope 22 org/jetbrains/kotlin/resolve/scopes/LazyScopeAdapter 38 org/jetbrains/kotlin/types/error/ThrowingScope methods 0
ciMethodData org/jetbrains/kotlin/types/TypeConstructorSubstitution$Companion create (Lorg/jetbrains/kotlin/types/TypeConstructor;Ljava/util/List;)Lorg/jetbrains/kotlin/types/TypeSubstitution; 2 9263 orig 80 0 0 0 0 0 0 0 0 0 0 0 0 147 2 0 0 0 0 0 0 0 0 0 4 0 0 0 0 0 0 0 0 0 0 0 0 0 0 0 0 0 0 0 0 0 0 0 0 0 0 0 0 0 0 0 0 0 0 0 0 0 0 0 0 0 0 0 0 0 0 0 0 0 0 0 0 0 0 0 0 data 184 0x30002 0x1c2f 0x90002 0x1c2f 0xd0005 0xd61 0x0 0x293749f1520 0xee 0x29373745d40 0xde0 0x150002 0x1c2f 0x1a0002 0x1c2f 0x1d0104 0x0 0x0 0x29373745f50 0xc09 0x2937449de60 0xac9 0x210007 0x45f 0xa8 0x17d0 0x8000000700240005 0x102 0x0 0x29373745f50 0xc09 0x2937449de60 0xac9 0x2a0007 0x17d4 0x38 0x0 0x2e0003 0x0 0x30 0x320003 0x17d4 0x18 0x370007 0x1c33 0x3c8 0x0 0x3c0005 0x0 0x0 0x0 0x0 0x0 0x0 0x440002 0x0 0x470004 0x0 0x0 0x0 0x0 0x0 0x0 0x5d0002 0x0 0x600002 0x0 0x630004 0x0 0x0 0x0 0x0 0x0 0x0 0x6d0005 0x0 0x0 0x0 0x0 0x0 0x0 0x760005 0x0 0x0 0x0 0x0 0x0 0x0 0x7b0007 0x0 0x118 0x0 0x800005 0x0 0x0 0x0 0x0 0x0 0x0 0x8b0004 0x0 0x0 0x0 0x0 0x0 0x0 0x970005 0x0 0x0 0x0 0x0 0x0 0x0 0x9f0005 0x0 0x0 0x0 0x0 0x0 0x0 0xa50003 0x0 0xfffffffffffffec8 0xaa0004 0x0 0x0 0x0 0x0 0x0 0x0 0xb10004 0x0 0x0 0x0 0x0 0x0 0x0 0xb50004 0x0 0x0 0x0 0x0 0x0 0x0 0xb80002 0x0 0xbb0004 0x0 0x0 0x0 0x0 0x0 0x0 0xbe0002 0x0 0xc40002 0x0 0xc70004 0x0 0x0 0x0 0x0 0x0 0x0 0xd10002 0x1c33 0xd40004 0x0 0x0 0x293749f0450 0x7 0x0 0x0 0x0 0x0 0x0 0x0 0x0 0x0 0x9 0x3 0x0 0x0 0x0 oops 7 7 org/jetbrains/kotlin/resolve/lazy/descriptors/LazyClassDescriptor$LazyClassTypeConstructor 9 org/jetbrains/kotlin/load/java/lazy/descriptors/LazyJavaClassDescriptor$LazyJavaClassTypeConstructor 18 org/jetbrains/kotlin/load/java/lazy/descriptors/LazyJavaTypeParameterDescriptor 20 org/jetbrains/kotlin/serialization/deserialization/descriptors/DeserializedTypeParameterDescriptor 29 org/jetbrains/kotlin/load/java/lazy/descriptors/LazyJavaTypeParameterDescriptor 31 org/jetbrains/kotlin/serialization/deserialization/descriptors/DeserializedTypeParameterDescriptor 169 org/jetbrains/kotlin/types/IndexedParametersSubstitution methods 0
ciMethodData org/jetbrains/kotlin/descriptors/impl/AbstractTypeParameterDescriptor isCapturedFromOuterDeclaration ()Z 2 6224 orig 80 0 0 0 0 0 0 0 0 0 0 0 0 147 2 0 0 0 0 0 0 0 0 0 0 0 0 0 0 0 0 0 0 0 0 0 0 0 0 0 0 0 0 0 0 0 0 0 0 0 0 0 0 0 0 0 0 0 0 0 0 0 0 0 0 0 0 0 0 0 0 0 0 0 0 0 0 0 0 0 0 data 4 0x0 0x9 0x1 0x0 oops 0 methods 0
ciMethodData org/jetbrains/kotlin/types/IndexedParametersSubstitution <init> (Ljava/util/List;Ljava/util/List;)V 2 9548 orig 80 0 0 0 0 0 0 0 0 0 0 0 0 147 2 0 0 0 0 0 0 0 0 0 0 0 0 0 0 0 0 0 0 0 0 0 0 0 0 0 0 0 0 0 0 0 0 0 0 0 0 0 0 0 0 0 0 0 0 0 0 0 0 0 0 0 0 0 0 0 0 0 0 0 0 0 0 0 0 0 0 data 59 0x30002 0x1ce7 0x90002 0x1ce7 0xe0004 0x0 0x0 0x2937509ed70 0x106 0x2937574ec40 0x2c1 0x1e0005 0x1920 0x0 0x2937509ed70 0x106 0x2937574ec40 0x2c1 0x230004 0x0 0x0 0x293765bcc80 0x1ce7 0x0 0x0 0x270004 0x0 0x0 0x2937574ec40 0x4cb 0x2936eeb6090 0x1708 0x370005 0x114 0x0 0x2937574ec40 0x4cb 0x2936eeb6090 0x1708 0x3c0004 0x0 0x0 0x293765bcf80 0x1ce7 0x0 0x0 0x420002 0x1ce7 0x0 0x0 0x0 0x0 0x0 0x0 0x9 0x3 0xe 0xffffffffffffffff 0xffffffffffffffff oops 10 7 java/util/Collections$EmptyList 9 kotlin/collections/EmptyList 14 java/util/Collections$EmptyList 16 kotlin/collections/EmptyList 21 [Lorg/jetbrains/kotlin/descriptors/TypeParameterDescriptor; 28 kotlin/collections/EmptyList 30 java/util/ArrayList 35 kotlin/collections/EmptyList 37 java/util/ArrayList 42 [Lorg/jetbrains/kotlin/types/TypeProjection; methods 0
ciMethodData org/jetbrains/kotlin/types/SimpleTypeWithAttributes <init> (Lorg/jetbrains/kotlin/types/SimpleType;Lorg/jetbrains/kotlin/types/TypeAttributes;)V 2 1992 orig 80 0 0 0 0 0 0 0 0 0 0 0 0 147 2 0 0 0 0 0 0 0 0 0 0 0 0 0 0 0 0 0 0 0 0 0 0 0 0 0 0 0 0 0 0 0 0 0 0 0 0 0 0 0 0 0 0 0 0 0 0 0 0 0 0 0 0 0 0 0 0 0 0 0 0 0 0 0 0 0 0 data 17 0x30002 0x77e 0x90002 0x77e 0xe0002 0x77e 0x0 0x0 0x0 0x0 0x0 0x0 0x9 0x3 0xc 0x0 0x0 oops 0 methods 0
ciMethodData org/jetbrains/kotlin/types/KotlinTypeFactory flexibleType (Lorg/jetbrains/kotlin/types/SimpleType;Lorg/jetbrains/kotlin/types/SimpleType;)Lorg/jetbrains/kotlin/types/UnwrappedType; 2 5883 orig 80 0 0 0 0 0 0 0 0 0 0 0 0 147 2 0 0 0 0 0 0 0 0 0 0 0 0 0 0 0 0 0 0 0 0 0 0 0 0 0 0 0 0 0 0 0 0 0 0 0 0 0 0 0 0 0 0 0 0 0 0 0 0 0 0 0 0 0 0 0 0 0 0 0 0 0 0 0 0 0 0 data 36 0x40002 0xefb 0xb0002 0xefb 0x100002 0xefb 0x130007 0xce2 0x58 0x219 0x170004 0x0 0x0 0x2937509c680 0x7 0x2937574eda0 0xf 0x210002 0xce2 0x240004 0x0 0x0 0x2937574f060 0x6b 0x0 0x0 0x0 0x0 0x0 0x0 0x0 0x0 0x9 0x2 0xffffffffffffffff 0xffffffffffffffff oops 3 13 org/jetbrains/kotlin/load/java/typeEnhancement/NotNullTypeParameterImpl 15 org/jetbrains/kotlin/types/SimpleTypeWithAttributes 22 org/jetbrains/kotlin/types/FlexibleTypeImpl methods 0
ciMethodData org/jetbrains/kotlin/types/IndexedParametersSubstitution <init> ([Lorg/jetbrains/kotlin/descriptors/TypeParameterDescriptor;[Lorg/jetbrains/kotlin/types/TypeProjection;ZILkotlin/jvm/internal/DefaultConstructorMarker;)V 2 7657 orig 80 0 0 0 0 0 0 0 0 0 0 0 0 147 2 0 0 0 0 0 0 0 0 0 0 0 0 0 0 0 0 0 0 0 0 0 0 0 0 0 0 0 0 0 0 0 0 0 0 0 0 0 0 0 0 0 0 0 0 0 0 0 0 0 0 0 0 0 0 0 0 0 0 0 0 0 0 0 0 0 0 data 16 0x40007 0x0 0x20 0x1c67 0xd0002 0x1c67 0x0 0x0 0x9 0x6 0xe 0x0 0x0 0x0 0x0 0x0 oops 0 methods 0
ciMethodData org/jetbrains/kotlin/descriptors/impl/AbstractTypeParameterDescriptor getDefaultType ()Lorg/jetbrains/kotlin/types/SimpleType; 1 1277 orig 80 0 0 0 0 0 0 0 0 0 0 0 0 147 2 0 0 0 0 0 0 0 0 0 0 0 0 0 0 0 0 0 0 0 0 0 0 0 0 0 0 0 0 0 0 0 0 0 0 0 0 0 0 0 0 0 0 0 0 0 0 0 0 0 0 0 0 0 0 0 0 0 0 0 0 0 0 0 0 0 0 data 29 0x40005 0x0 0x0 0x293744a11c0 0x2af 0x0 0x0 0x90004 0x0 0x0 0x2937574ecf0 0x2af 0x0 0x0 0xd0007 0x2af 0x30 0x0 0x120002 0x0 0x0 0x0 0x0 0x0 0x0 0x0 0x9 0x1 0x0 oops 2 3 org/jetbrains/kotlin/storage/LockBasedStorageManager$LockBasedNotNullLazyValue 10 org/jetbrains/kotlin/types/SimpleTypeImpl methods 0
ciMethodData org/jetbrains/kotlin/types/TypeSubstitutionKt replace (Lorg/jetbrains/kotlin/types/KotlinType;Ljava/util/List;Lorg/jetbrains/kotlin/descriptors/annotations/Annotations;)Lorg/jetbrains/kotlin/types/KotlinType; 2 16714 orig 80 0 0 0 0 0 0 0 0 0 0 0 0 147 2 0 0 0 0 0 0 0 0 0 0 0 0 0 0 0 0 0 0 0 0 0 0 0 0 0 0 0 0 0 0 0 0 0 0 0 0 0 0 0 0 0 0 0 0 0 0 0 0 0 0 0 0 0 0 0 0 0 0 0 0 0 0 0 0 0 0 data 19 0x30002 0x38fe 0x90002 0x38fe 0xf0002 0x38fe 0x180002 0x38fe 0x0 0x0 0x0 0x0 0x0 0x0 0x9 0x3 0xffffffffffffffff 0xffffffffffffffff 0xffffffffffffffff oops 0 methods 0
ciMethodData org/jetbrains/kotlin/util/OneElementArrayMap get (I)Ljava/lang/Object; 2 5270 orig 80 0 0 0 0 0 0 0 0 0 0 0 0 147 2 0 0 0 0 0 0 0 0 0 0 0 0 0 0 0 0 0 0 0 0 0 0 0 0 0 0 0 0 0 0 0 0 0 0 0 0 0 0 0 0 0 0 0 0 0 0 0 0 0 0 0 0 0 0 0 0 0 0 0 0 0 0 0 0 0 0 data 15 0x50007 0x0 0x38 0xc75 0xc0003 0xc75 0x18 0x0 0x0 0x0 0x0 0x9 0x2 0x0 0x0 oops 0 methods 0
ciMethodData org/jetbrains/kotlin/descriptors/impl/ModuleAwareClassDescriptorKt getRefinedUnsubstitutedMemberScopeIfPossible (Lorg/jetbrains/kotlin/descriptors/ClassDescriptor;Lorg/jetbrains/kotlin/types/checker/KotlinTypeRefiner;)Lorg/jetbrains/kotlin/resolve/scopes/MemberScope; 1 539 orig 80 0 0 0 0 0 0 0 0 0 0 0 0 147 2 0 0 0 0 0 0 0 0 0 0 0 0 0 0 0 0 0 0 0 0 0 0 0 0 0 0 0 0 0 0 0 0 0 0 0 0 0 0 0 0 0 0 0 0 0 0 0 0 0 0 0 0 0 0 0 0 0 0 0 0 0 0 0 0 0 0 data 21 0x30002 0x1ba 0x90002 0x1ba 0x110005 0x1ba 0x0 0x0 0x0 0x0 0x0 0x0 0x0 0x0 0x0 0x0 0x0 0x9 0x2 0xffffffffffffffff 0xffffffffffffffff oops 0 methods 0
ciMethodData org/jetbrains/kotlin/descriptors/impl/ModuleAwareClassDescriptor$Companion getRefinedUnsubstitutedMemberScopeIfPossible$descriptors (Lorg/jetbrains/kotlin/descriptors/ClassDescriptor;Lorg/jetbrains/kotlin/types/checker/KotlinTypeRefiner;)Lorg/jetbrains/kotlin/resolve/scopes/MemberScope; 1 1337 orig 80 0 0 0 0 0 0 0 0 0 0 0 0 147 2 0 0 0 0 0 0 0 0 0 0 0 0 0 0 0 0 0 0 0 0 0 0 0 0 0 0 0 0 0 0 0 0 0 0 0 0 0 0 0 0 0 0 0 0 0 0 0 0 0 0 0 0 0 0 0 0 0 0 0 0 0 0 0 0 0 0 data 60 0x30002 0x101 0x90002 0x101 0xd0004 0x0 0x0 0x2937449ddb0 0x3f 0x29373745ea0 0xc2 0x100007 0x0 0x70 0x101 0x140004 0x0 0x0 0x2937449ddb0 0x3f 0x29373745ea0 0xc2 0x170003 0x101 0x18 0x1c0007 0x0 0x78 0x101 0x200005 0x0 0x0 0x2937449ddb0 0x3f 0x29373745ea0 0xc2 0x240007 0x101 0x68 0x0 0x290005 0x0 0x0 0x0 0x0 0x0 0x0 0x310002 0x0 0x0 0x0 0x0 0x0 0x0 0x0 0x9 0x3 0x0 0xffffffffffffffff 0xffffffffffffffff oops 6 7 org/jetbrains/kotlin/serialization/deserialization/descriptors/DeserializedClassDescriptor 9 org/jetbrains/kotlin/load/java/lazy/descriptors/LazyJavaClassDescriptor 18 org/jetbrains/kotlin/serialization/deserialization/descriptors/DeserializedClassDescriptor 20 org/jetbrains/kotlin/load/java/lazy/descriptors/LazyJavaClassDescriptor 32 org/jetbrains/kotlin/serialization/deserialization/descriptors/DeserializedClassDescriptor 34 org/jetbrains/kotlin/load/java/lazy/descriptors/LazyJavaClassDescriptor methods 0
ciMethodData org/jetbrains/kotlin/descriptors/impl/ModuleAwareClassDescriptorKt getRefinedMemberScopeIfPossible (Lorg/jetbrains/kotlin/descriptors/ClassDescriptor;Lorg/jetbrains/kotlin/types/TypeSubstitution;Lorg/jetbrains/kotlin/types/checker/KotlinTypeRefiner;)Lorg/jetbrains/kotlin/resolve/scopes/MemberScope; 2 4633 orig 80 0 0 0 0 0 0 0 0 0 0 0 0 147 2 0 0 0 0 0 0 0 0 0 0 0 0 0 0 0 0 0 0 0 0 0 0 0 0 0 0 0 0 0 0 0 0 0 0 0 0 0 0 0 0 0 0 0 0 0 0 0 0 0 0 0 0 0 0 0 0 0 0 0 0 0 0 0 0 0 0 data 24 0x30002 0x1134 0x90002 0x1134 0xf0002 0x1134 0x180005 0x1134 0x0 0x0 0x0 0x0 0x0 0x0 0x0 0x0 0x0 0x0 0x0 0x9 0x3 0xffffffffffffffff 0xffffffffffffffff 0xffffffffffffffff oops 0 methods 0
ciMethodData org/jetbrains/kotlin/types/error/ErrorUtils createErrorScope (Lorg/jetbrains/kotlin/types/error/ErrorScopeKind;Z[Ljava/lang/String;)Lorg/jetbrains/kotlin/types/error/ErrorScope; 1 231 orig 80 0 0 0 0 0 0 0 0 0 0 0 0 147 2 0 0 0 0 0 0 0 0 0 0 0 0 0 0 0 0 0 0 0 0 0 0 0 0 0 0 0 0 0 0 0 0 0 0 0 0 0 0 0 0 0 0 0 0 0 0 0 0 0 0 0 0 0 0 0 0 0 0 0 0 0 0 0 0 0 0 data 51 0x30002 0xe1 0x90002 0xe1 0xd0007 0x91 0xc8 0x50 0x180002 0x50 0x1b0004 0x0 0x0 0x2937374b590 0x50 0x0 0x0 0x1e0002 0x50 0x210004 0x0 0x0 0x293765c0d70 0x50 0x0 0x0 0x240003 0x50 0x70 0x2f0002 0x91 0x320004 0x0 0x0 0x2937374b590 0x91 0x0 0x0 0x350002 0x91 0x0 0x0 0x0 0x0 0x0 0x0 0x9 0x3 0x0 0x0 0xffffffffffffffff oops 3 13 [Ljava/lang/String; 22 org/jetbrains/kotlin/types/error/ThrowingScope 34 [Ljava/lang/String; methods 0
ciMethodData org/jetbrains/kotlin/types/TypeSubstitutionKt replace$default (Lorg/jetbrains/kotlin/types/KotlinType;Ljava/util/List;Lorg/jetbrains/kotlin/descriptors/annotations/Annotations;Ljava/util/List;ILjava/lang/Object;)Lorg/jetbrains/kotlin/types/KotlinType; 2 16718 orig 80 0 0 0 0 0 0 0 0 0 0 0 0 0 0 0 0 0 0 0 0 0 0 0 0 0 0 0 0 0 0 0 0 0 0 0 0 0 0 0 0 0 0 0 0 0 0 0 0 0 0 0 0 0 0 0 0 0 0 0 0 0 0 0 0 0 0 0 0 0 0 0 0 0 0 0 0 0 0 0 0 data 42 0x40007 0x3906 0x58 0x0 0x80005 0x0 0x0 0x0 0x0 0x0 0x0 0x100007 0x3903 0x58 0x3 0x140005 0x0 0x0 0x293779821e0 0x2 0x29377982290 0x1 0x1c0007 0x3 0x20 0x3903 0x250002 0x3906 0x0 0x0 0x0 0x0 0x0 0x0 0x9 0x6 0xffffffffffffffff 0xffffffffffffffff 0xffffffffffffffff 0xffffffffffffffff 0x0 0x0 oops 2 18 org/jetbrains/kotlin/types/LazyWrappedType 20 org/jetbrains/kotlin/load/java/lazy/types/RawTypeImpl methods 0
ciMethodData org/jetbrains/kotlin/types/TypeSubstitutionKt replace (Lorg/jetbrains/kotlin/types/KotlinType;Ljava/util/List;Lorg/jetbrains/kotlin/descriptors/annotations/Annotations;Ljava/util/List;)Lorg/jetbrains/kotlin/types/KotlinType; 2 15148 orig 80 2 0 0 0 0 0 0 0 0 0 0 0 0 0 0 0 0 0 0 0 0 0 0 0 0 0 0 0 0 0 0 0 0 0 0 0 0 0 0 1 0 0 0 0 0 0 0 0 0 0 0 0 0 0 0 0 0 0 0 0 0 0 0 0 0 0 0 0 0 0 0 0 0 0 0 0 0 0 0 0 data 188 0x30002 0x2a51 0x90002 0x2a51 0xf0002 0x2a51 0x150002 0x2a51 0x190005 0x12 0x0 0x2937574ec40 0x1e80 0x2936eeb6090 0xbbf 0x1e0007 0x205e 0x78 0x9f3 0x230005 0x8 0x0 0x2937574ecf0 0x8ed 0x2937574eda0 0xfe 0x260007 0x97b 0x78 0x78 0x2b0005 0x23a 0x0 0x2937574ecf0 0x163c 0x2937574ee50 0x860 0x2e0007 0x0 0x20 0x20d6 0x340005 0x3 0x0 0x2937574ecf0 0x8cb 0x2937574eda0 0xad 0x380004 0xfffffffffffff685 0x0 0x2937574ef00 0x4a 0x2937574efb0 0x3 0x3b0007 0x97b 0xc8 0x0 0x3f0005 0x0 0x0 0x0 0x0 0x0 0x0 0x440007 0x0 0x70 0x0 0x4a0005 0x0 0x0 0x0 0x0 0x0 0x0 0x4d0003 0x0 0x18 0x510002 0x97b 0x570005 0x3 0x0 0x2937574ecf0 0x8cb 0x2937574eda0 0xad 0x5e0004 0xfffffffffffff687 0x0 0x2937574ecf0 0x48 0x2937574eda0 0x3 0x8000000600610007 0x979 0x180 0x3 0x660004 0x0 0x0 0x2937574f060 0x2 0x29377982290 0x1 0x690005 0x3 0x0 0x0 0x0 0x0 0x0 0x6f0002 0x3 0x740004 0x0 0x0 0x2937574f060 0x2 0x29377982290 0x1 0x770005 0x3 0x0 0x0 0x0 0x0 0x0 0x7d0002 0x3 0x800002 0x3 0x830004 0x0 0x0 0x2937574f060 0x3 0x0 0x0 0x860003 0x3 0x118 0x8b0004 0x0 0x0 0x2937574ecf0 0x8cb 0x2937574eda0 0xad 0x8e0007 0x0 0xb8 0x979 0x930004 0x0 0x0 0x2937574ecf0 0x8cb 0x2937574eda0 0xad 0x990002 0x979 0x9c0004 0x0 0x0 0x2937574ecf0 0x4c 0x2937574eda0 0x3 0x9f0003 0x97d 0x28 0xa60002 0x0 0x0 0x0 0x0 0x0 0x0 0x0 0x9 0x4 0x0 0x0 0x0 0x0 oops 25 11 kotlin/collections/EmptyList 13 java/util/ArrayList 22 org/jetbrains/kotlin/types/SimpleTypeImpl 24 org/jetbrains/kotlin/types/SimpleTypeWithAttributes 33 org/jetbrains/kotlin/types/SimpleTypeImpl 35 org/jetbrains/kotlin/types/NullableSimpleType 44 org/jetbrains/kotlin/types/SimpleTypeImpl 46 org/jetbrains/kotlin/types/SimpleTypeWithAttributes 51 org/jetbrains/kotlin/descriptors/annotations/Annotations$Companion$EMPTY$1 53 org/jetbrains/kotlin/descriptors/annotations/CompositeAnnotations 85 org/jetbrains/kotlin/types/SimpleTypeImpl 87 org/jetbrains/kotlin/types/SimpleTypeWithAttributes 92 org/jetbrains/kotlin/types/SimpleTypeImpl 94 org/jetbrains/kotlin/types/SimpleTypeWithAttributes 103 org/jetbrains/kotlin/types/FlexibleTypeImpl 105 org/jetbrains/kotlin/load/java/lazy/types/RawTypeImpl 119 org/jetbrains/kotlin/types/FlexibleTypeImpl 121 org/jetbrains/kotlin/load/java/lazy/types/RawTypeImpl 137 org/jetbrains/kotlin/types/FlexibleTypeImpl 147 org/jetbrains/kotlin/types/SimpleTypeImpl 149 org/jetbrains/kotlin/types/SimpleTypeWithAttributes 158 org/jetbrains/kotlin/types/SimpleTypeImpl 160 org/jetbrains/kotlin/types/SimpleTypeWithAttributes 167 org/jetbrains/kotlin/types/SimpleTypeImpl 169 org/jetbrains/kotlin/types/SimpleTypeWithAttributes methods 0
ciMethodData org/jetbrains/kotlin/types/TypeAttributesKt replaceAnnotations (Lorg/jetbrains/kotlin/types/TypeAttributes;Lorg/jetbrains/kotlin/descriptors/annotations/Annotations;)Lorg/jetbrains/kotlin/types/TypeAttributes; 2 5481 orig 80 0 0 0 0 0 0 0 0 0 0 0 0 147 2 0 0 0 0 0 0 0 0 0 0 0 0 0 0 0 0 0 0 0 0 0 0 0 0 0 0 0 0 0 0 0 0 0 0 0 0 0 0 0 0 0 0 0 0 0 0 0 0 0 0 0 0 0 0 0 0 0 0 0 0 0 0 0 0 0 0 data 89 0x30002 0x14ae 0x90002 0x14ae 0xd0002 0x14ae 0x110007 0x462 0x20 0x104c 0x170002 0x462 0x1b0007 0x45d 0xb0 0x5 0x240004 0x0 0x0 0x0 0x0 0x0 0x0 0x270005 0x5 0x0 0x0 0x0 0x0 0x0 0x2c0007 0x5 0x20 0x0 0x330005 0x90 0x0 0x2937574efb0 0x3d0 0x29374269150 0x2 0x380005 0x3 0x0 0x29374269200 0x3d0 0x293742692b0 0x8f 0x3d0007 0x2 0x78 0x460 0x410005 0x3 0x0 0x2937574efb0 0x3d0 0x2937574b030 0x8d 0x460007 0x3d3 0x20 0x8d 0x510002 0x3d5 0x540004 0x0 0x0 0x293745382c0 0x8 0x0 0x0 0x570005 0x3d5 0x0 0x0 0x0 0x0 0x0 0x0 0x0 0x0 0x0 0x0 0x0 0x9 0x2 0xffffffffffffffff 0xffffffffffffffff oops 7 37 org/jetbrains/kotlin/descriptors/annotations/CompositeAnnotations 39 org/jetbrains/kotlin/descriptors/annotations/AnnotationsImpl 44 kotlin/sequences/FlatteningSequence$iterator$1 46 java/util/ArrayList$Itr 55 org/jetbrains/kotlin/descriptors/annotations/CompositeAnnotations 57 org/jetbrains/kotlin/descriptors/annotations/FilteredAnnotations 68 org/jetbrains/kotlin/types/AnnotationsTypeAttribute methods 0
ciMethodData org/jetbrains/kotlin/types/TypeSubstitutionKt replace (Lorg/jetbrains/kotlin/types/SimpleType;Ljava/util/List;Lorg/jetbrains/kotlin/types/TypeAttributes;)Lorg/jetbrains/kotlin/types/SimpleType; 2 4855 orig 80 0 0 0 0 0 0 0 0 0 0 0 0 147 2 0 0 0 0 0 0 0 0 0 0 0 0 0 0 0 0 0 0 0 0 0 0 0 0 0 0 0 0 0 0 0 0 0 0 0 0 0 0 0 0 0 0 0 0 0 0 0 0 0 0 0 0 0 0 0 0 0 0 0 0 0 0 0 0 0 0 data 73 0x30002 0x124b 0x90002 0x124b 0xf0002 0x124b 0x130005 0x5 0x0 0x2936eeb6090 0x1245 0x2937574ec40 0x1 0x180007 0x1248 0x78 0x3 0x1d0005 0x0 0x0 0x2937574ecf0 0x3 0x0 0x0 0x200007 0x0 0x20 0x3 0x260005 0x0 0x0 0x2936eeb6090 0x1243 0x293755cc740 0x5 0x2b0007 0x1248 0x58 0x0 0x300005 0x0 0x0 0x0 0x0 0x0 0x0 0x360005 0x2a 0x0 0x2937574ecf0 0x1149 0x2937574eda0 0xd5 0x3b0005 0x2a 0x0 0x2937574ecf0 0x1149 0x2937574eda0 0xd5 0x420002 0x1248 0x0 0x0 0x0 0x0 0x0 0x0 0x9 0x3 0xffffffffffffffff 0xffffffffffffffff 0x0 oops 9 9 java/util/ArrayList 11 kotlin/collections/EmptyList 20 org/jetbrains/kotlin/types/SimpleTypeImpl 31 java/util/ArrayList 33 java/util/Collections$SingletonList 49 org/jetbrains/kotlin/types/SimpleTypeImpl 51 org/jetbrains/kotlin/types/SimpleTypeWithAttributes 56 org/jetbrains/kotlin/types/SimpleTypeImpl 58 org/jetbrains/kotlin/types/SimpleTypeWithAttributes methods 0
ciMethodData org/jetbrains/kotlin/util/AttributeArrayOwner <init> ()V 1 558 orig 80 0 0 0 0 0 0 0 0 0 0 0 0 147 2 0 0 0 0 0 0 0 0 0 0 0 0 0 0 0 0 0 0 0 0 0 0 0 0 0 0 0 0 0 0 0 0 0 0 0 0 0 0 0 0 0 0 0 0 0 0 0 0 0 0 0 0 0 0 0 0 0 0 0 0 0 0 0 0 0 0 data 20 0x70002 0x114 0xa0004 0x0 0x0 0x29376264780 0x1 0x0 0x0 0xd0002 0x114 0x0 0x0 0x0 0x0 0x0 0x0 0x9 0x1 0x0 oops 1 5 org/jetbrains/kotlin/util/EmptyArrayMap methods 0
ciMethodData org/jetbrains/kotlin/util/AttributeArrayOwner <init> (Lorg/jetbrains/kotlin/util/ArrayMap;)V 1 558 orig 80 0 0 0 0 0 0 0 0 0 0 0 0 147 2 0 0 0 0 0 0 0 0 0 0 0 0 0 0 0 0 0 0 0 0 0 0 0 0 0 0 0 0 0 0 0 0 0 0 0 0 0 0 0 0 0 0 0 0 0 0 0 0 0 0 0 0 0 0 0 0 0 0 0 0 0 0 0 0 0 0 data 14 0x30002 0x114 0x70002 0x114 0x0 0x0 0x0 0x0 0x0 0x0 0x9 0x2 0x0 0x0 oops 0 methods 0
ciMethodData org/jetbrains/kotlin/util/AbstractArrayMapOwner <init> ()V 1 558 orig 80 0 0 0 0 0 0 0 0 0 0 0 0 147 2 0 0 0 0 0 0 0 0 0 0 0 0 0 0 0 0 0 0 0 0 0 0 0 0 0 0 0 0 0 0 0 0 0 0 0 0 0 0 0 0 0 0 0 0 0 0 0 0 0 0 0 0 0 0 0 0 0 0 0 0 0 0 0 0 0 0 data 7 0x10002 0x114 0x0 0x0 0x9 0x1 0x0 oops 0 methods 0
ciMethodData org/jetbrains/kotlin/types/AnnotationsTypeAttribute getKey ()Lkotlin/reflect/KClass; 1 818 orig 80 0 0 0 0 0 0 0 0 0 0 0 0 147 2 0 0 0 0 0 0 0 0 0 0 0 0 0 0 0 0 0 0 0 0 0 0 0 0 0 0 0 0 0 0 0 0 0 0 0 0 0 0 0 0 0 0 0 0 0 0 0 0 0 0 0 0 0 0 0 0 0 0 0 0 0 0 0 0 0 0 data 11 0x20002 0x1f8 0x0 0x0 0x0 0x0 0x0 0x0 0x9 0x1 0x0 oops 0 methods 0
ciMethodData org/jetbrains/kotlin/util/AttributeArrayOwner registerComponent (Lkotlin/reflect/KClass;Ljava/lang/Object;)V 1 2580 orig 80 0 0 0 0 0 0 0 0 0 0 0 0 147 2 0 0 0 0 0 0 0 0 0 0 0 0 0 0 0 0 0 0 0 0 0 0 0 0 0 0 0 0 0 0 0 0 0 0 0 0 0 0 0 0 0 0 0 0 0 0 0 0 0 0 0 0 0 0 0 0 0 0 0 0 0 0 0 0 0 0 data 120 0x30002 0x201 0x90002 0x201 0xd0005 0x180 0x0 0x2937574af60 0x81 0x0 0x0 0x110005 0x201 0x0 0x0 0x0 0x0 0x0 0x190005 0x0 0x0 0x29376264780 0x201 0x0 0x0 0x1c0008 0x6 0x0 0x260 0x201 0x40 0x0 0x88 0x3b0002 0x201 0x3e0004 0x0 0x0 0x29376264830 0x81 0x0 0x0 0x4c0002 0x0 0x4f0004 0x0 0x0 0x0 0x0 0x0 0x0 0x560005 0x0 0x0 0x0 0x0 0x0 0x0 0x5a0007 0x0 0x68 0x0 0x640002 0x0 0x670004 0x0 0x0 0x0 0x0 0x0 0x0 0x730002 0x0 0x760004 0x0 0x0 0x0 0x0 0x0 0x0 0x820005 0x0 0x0 0x0 0x0 0x0 0x0 0x870005 0x0 0x0 0x0 0x0 0x0 0x0 0x8a0005 0x0 0x0 0x0 0x0 0x0 0x0 0x930005 0x0 0x0 0x0 0x0 0x0 0x0 0x0 0x0 0x0 0x0 0x0 0x0 0x0 0x9 0x3 0x0 0x0 0x0 oops 3 7 org/jetbrains/kotlin/types/TypeAttributes 21 org/jetbrains/kotlin/util/EmptyArrayMap 38 org/jetbrains/kotlin/util/OneElementArrayMap methods 0
ciMethodData org/jetbrains/kotlin/util/TypeRegistry getId (Lkotlin/reflect/KClass;)I 2 3591 orig 80 0 0 0 0 0 0 0 0 0 0 0 0 147 2 0 0 0 0 0 0 0 0 0 0 0 0 0 0 0 0 0 0 0 0 0 0 0 0 0 0 0 0 0 0 0 0 0 0 0 0 0 0 0 0 0 0 0 0 0 0 0 0 0 0 0 0 0 0 0 0 0 0 0 0 0 0 0 0 0 0 data 28 0x30002 0x5ec 0x110002 0x5ec 0x140004 0x0 0x0 0x0 0x0 0x0 0x0 0x170005 0x0 0x0 0x29374264ef0 0x5ec 0x0 0x0 0x0 0x0 0x0 0x0 0x0 0x0 0x9 0x2 0x0 0x0 oops 1 14 org/jetbrains/kotlin/types/TypeAttributes$Companion methods 0
ciMethodData org/jetbrains/kotlin/util/TypeRegistry$getId$1 <init> (Lorg/jetbrains/kotlin/util/TypeRegistry;)V 2 1909 orig 80 0 0 0 0 0 0 0 0 0 0 0 0 147 2 0 0 0 0 0 0 0 0 0 0 0 0 0 0 0 0 0 0 0 0 0 0 0 0 0 0 0 0 0 0 0 0 0 0 0 0 0 0 0 0 0 0 0 0 0 0 0 0 0 0 0 0 0 0 0 0 0 0 0 0 0 0 0 0 0 0 data 10 0x70002 0x5ec 0x0 0x0 0x0 0x0 0x9 0x2 0x6 0x0 oops 0 methods 0
ciMethodData org/jetbrains/kotlin/types/TypeAttributes$Companion customComputeIfAbsent (Ljava/util/concurrent/ConcurrentHashMap;Lkotlin/reflect/KClass;Lkotlin/jvm/functions/Function1;)I 2 3591 orig 80 0 0 0 0 0 0 0 0 0 0 0 0 147 2 0 0 0 0 0 0 0 0 0 0 0 0 0 0 0 0 0 0 0 0 0 0 0 0 0 0 0 0 0 0 0 0 0 0 0 0 0 0 0 0 0 0 0 0 0 0 0 0 0 0 0 0 0 0 0 0 0 0 0 0 0 0 0 0 0 0 data 117 0x30002 0x5b9 0x90002 0x5b9 0xf0002 0x5b9 0x140005 0x0 0x0 0x2936eeb5f50 0x5b9 0x0 0x0 0x170004 0x0 0x0 0x2936eeb6a60 0x5b9 0x0 0x0 0x1e0007 0x5b9 0x270 0x0 0x2d0005 0x0 0x0 0x0 0x0 0x0 0x0 0x300004 0x0 0x0 0x0 0x0 0x0 0x0 0x340007 0x0 0x148 0x0 0x3a0005 0x0 0x0 0x0 0x0 0x0 0x0 0x430004 0x0 0x0 0x0 0x0 0x0 0x0 0x460005 0x0 0x0 0x0 0x0 0x0 0x0 0x520002 0x0 0x550005 0x0 0x0 0x0 0x0 0x0 0x0 0x5b0004 0x0 0x0 0x0 0x0 0x0 0x0 0x610002 0x0 0x640004 0x0 0x0 0x0 0x0 0x0 0x0 0x670005 0x0 0x0 0x0 0x0 0x0 0x0 0x710003 0x0 0x50 0x7e0005 0x5b9 0x0 0x0 0x0 0x0 0x0 0x0 0x0 0x0 0x0 0x0 0x0 0x9 0x4 0x0 0x0 0x0 0x0 oops 2 9 java/util/concurrent/ConcurrentHashMap 16 java/lang/Integer methods 0
ciMethodData org/jetbrains/kotlin/util/ArrayMap <init> (Lkotlin/jvm/internal/DefaultConstructorMarker;)V 1 770 orig 80 0 0 0 0 0 0 0 0 0 0 0 0 147 2 0 0 0 0 0 0 0 0 0 0 0 0 0 0 0 0 0 0 0 0 0 0 0 0 0 0 0 0 0 0 0 0 0 0 0 0 0 0 0 0 0 0 0 0 0 0 0 0 0 0 0 0 0 0 0 0 0 0 0 0 0 0 0 0 0 0 data 8 0x10002 0x180 0x0 0x0 0x9 0x2 0x0 0x0 oops 0 methods 0
ciMethodData org/jetbrains/kotlin/util/ArrayMap <init> ()V 1 770 orig 80 0 0 0 0 0 0 0 0 0 0 0 0 147 2 0 0 0 0 0 0 0 0 0 0 0 0 0 0 0 0 0 0 0 0 0 0 0 0 0 0 0 0 0 0 0 0 0 0 0 0 0 0 0 0 0 0 0 0 0 0 0 0 0 0 0 0 0 0 0 0 0 0 0 0 0 0 0 0 0 0 data 7 0x10002 0x180 0x0 0x0 0x9 0x1 0x0 oops 0 methods 0
ciMethodData org/jetbrains/kotlin/types/TypeAttributes getTypeRegistry ()Lorg/jetbrains/kotlin/util/TypeRegistry; 1 794 orig 80 0 0 0 0 0 0 0 0 0 0 0 0 147 2 0 0 0 0 0 0 0 0 0 0 0 0 0 0 0 0 0 0 0 0 0 0 0 0 0 0 0 0 0 0 0 0 0 0 0 0 0 0 0 0 0 0 0 0 0 0 0 0 0 0 0 0 0 0 0 0 0 0 0 0 0 0 0 0 0 0 data 16 0x30004 0x0 0x0 0x0 0x0 0x0 0x0 0x0 0x0 0x0 0x0 0x0 0x0 0x9 0x1 0x0 oops 0 methods 0
ciMethodData org/jetbrains/kotlin/util/OneElementArrayMap <init> (Ljava/lang/Object;I)V 1 794 orig 80 0 0 0 0 0 0 0 0 0 0 0 0 147 2 0 0 0 0 0 0 0 0 0 0 0 0 0 0 0 0 0 0 0 0 0 0 0 0 0 0 0 0 0 0 0 0 0 0 0 0 0 0 0 0 0 0 0 0 0 0 0 0 0 0 0 0 0 0 0 0 0 0 0 0 0 0 0 0 0 0 data 15 0x30002 0x180 0x80002 0x180 0x0 0x0 0x0 0x0 0x0 0x0 0x9 0x3 0x6 0x0 0x0 oops 0 methods 0
ciMethodData org/jetbrains/kotlin/types/TypeAttributes remove (Lorg/jetbrains/kotlin/types/TypeAttribute;)Lorg/jetbrains/kotlin/types/TypeAttributes; 1 5 orig 80 0 0 0 0 0 0 0 0 0 0 0 0 147 2 0 0 0 0 0 0 0 0 0 0 0 0 0 0 0 0 0 0 0 0 0 0 0 0 0 0 0 0 0 0 0 0 0 0 0 0 0 0 0 0 0 0 0 0 0 0 0 0 0 0 0 0 0 0 0 0 0 0 0 0 0 0 0 0 0 0 data 140 0x30002 0x5 0x70005 0x5 0x0 0x0 0x0 0x0 0x0 0xa0007 0x5 0x20 0x0 0x100005 0x5 0x0 0x0 0x0 0x0 0x0 0x130004 0x0 0x0 0x29376264830 0x5 0x0 0x0 0x210002 0x5 0x240004 0x0 0x0 0x2936eeb6090 0x5 0x0 0x0 0x2e0005 0x0 0x0 0x29376264830 0x5 0x0 0x0 0x370005 0x0 0x0 0x2937509ceb0 0xa 0x0 0x0 0x3c0007 0x5 0x148 0x5 0x410005 0x0 0x0 0x2937509ceb0 0x5 0x0 0x0 0x4a0004 0x0 0x0 0x293745382c0 0x5 0x0 0x0 0x550002 0x5 0x580007 0x5 0x38 0x0 0x5c0003 0x0 0x18 0x600007 0x5 0xfffffffffffffef0 0x0 0x670005 0x0 0x0 0x0 0x0 0x0 0x0 0x6d0003 0x0 0xfffffffffffffe98 0x720004 0x0 0x0 0x2936eeb6090 0x5 0x0 0x0 0x780005 0x0 0x0 0x2936eeb6090 0x5 0x0 0x0 0x7e0005 0x5 0x0 0x0 0x0 0x0 0x0 0x810005 0x0 0x0 0x29376264830 0x5 0x0 0x0 0x840007 0x5 0x20 0x0 0x8d0005 0x5 0x0 0x0 0x0 0x0 0x0 0x0 0x0 0x0 0x0 0x0 0x0 0x9 0x2 0x0 0x0 oops 9 23 org/jetbrains/kotlin/util/OneElementArrayMap 32 java/util/ArrayList 39 org/jetbrains/kotlin/util/OneElementArrayMap 46 org/jetbrains/kotlin/util/OneElementArrayMap$iterator$1 57 org/jetbrains/kotlin/util/OneElementArrayMap$iterator$1 64 org/jetbrains/kotlin/types/AnnotationsTypeAttribute 94 java/util/ArrayList 101 java/util/ArrayList 115 org/jetbrains/kotlin/util/OneElementArrayMap methods 0
ciMethodData org/jetbrains/kotlin/types/TypeAttributes plus (Lorg/jetbrains/kotlin/types/TypeAttribute;)Lorg/jetbrains/kotlin/types/TypeAttributes; 1 1010 orig 80 0 0 0 0 0 0 0 0 0 0 0 0 147 2 0 0 0 0 0 0 0 0 0 0 0 0 0 0 0 0 0 0 0 0 0 0 0 0 0 0 0 0 0 0 0 0 0 0 0 0 0 0 0 0 0 0 0 0 0 0 0 0 0 0 0 0 0 0 0 0 0 0 0 0 0 0 0 0 0 0 data 61 0x30002 0x1a1 0x80005 0x1a1 0x0 0x0 0x0 0x0 0x0 0xb0007 0x1a1 0x20 0x0 0x110005 0x1a1 0x0 0x0 0x0 0x0 0x0 0x140007 0x0 0x30 0x1a1 0x1c0002 0x1a1 0x210004 0x0 0x0 0x0 0x0 0x0 0x0 0x240002 0x0 0x270004 0x0 0x0 0x0 0x0 0x0 0x0 0x2b0002 0x0 0x330005 0x0 0x0 0x0 0x0 0x0 0x0 0x0 0x0 0x0 0x0 0x0 0x0 0x9 0x2 0x0 0x0 oops 0 methods 0
ciMethodData org/jetbrains/kotlin/types/TypeAttributes contains (Lorg/jetbrains/kotlin/types/TypeAttribute;)Z 1 454 orig 80 0 0 0 0 0 0 0 0 0 0 0 0 147 2 0 0 0 0 0 0 0 0 0 0 0 0 0 0 0 0 0 0 0 0 0 0 0 0 0 0 0 0 0 0 0 0 0 0 0 0 0 0 0 0 0 0 0 0 0 0 0 0 0 0 0 0 0 0 0 0 0 0 0 0 0 0 0 0 0 0 data 47 0x30002 0x5 0xa0005 0x0 0x0 0x293745382c0 0x5 0x0 0x0 0xd0005 0x5 0x0 0x0 0x0 0x0 0x0 0x120005 0x5 0x0 0x0 0x0 0x0 0x0 0x160005 0x0 0x0 0x29376264780 0x5 0x0 0x0 0x190007 0x5 0x38 0x0 0x1d0003 0x0 0x18 0x0 0x0 0x0 0x0 0x0 0x0 0x9 0x2 0x0 0x0 oops 2 5 org/jetbrains/kotlin/types/AnnotationsTypeAttribute 26 org/jetbrains/kotlin/util/EmptyArrayMap methods 0
ciMethodData org/jetbrains/kotlin/types/TypeAttributes <init> (Lorg/jetbrains/kotlin/types/TypeAttribute;)V 1 454 orig 80 0 0 0 0 0 0 0 0 0 0 0 0 147 2 0 0 0 0 0 0 0 0 0 0 0 0 0 0 0 0 0 0 0 0 0 0 0 0 0 0 0 0 0 0 0 0 0 0 0 0 0 0 0 0 0 0 0 0 0 0 0 0 0 0 0 0 0 0 0 0 0 0 0 0 0 0 0 0 0 0 data 14 0x20002 0x0 0x50002 0x0 0x0 0x0 0x0 0x0 0x0 0x0 0x9 0x2 0x0 0x0 oops 0 methods 0
ciMethodData kotlin/collections/CollectionsKt___CollectionsKt plus (Ljava/util/Collection;Ljava/lang/Object;)Ljava/util/List; 1 1378 orig 80 0 0 0 0 0 0 0 0 0 0 0 0 147 2 0 0 0 0 0 0 0 0 0 0 0 0 0 0 0 0 0 0 0 0 0 0 0 0 0 0 0 0 0 0 0 0 0 0 0 0 0 0 0 0 0 0 0 0 0 0 0 0 0 0 0 0 0 0 0 0 0 0 0 0 0 0 0 0 0 0 data 42 0x30002 0x80 0xb0005 0x0 0x0 0x2936eeb6090 0x80 0x0 0x0 0x120002 0x80 0x180005 0x0 0x0 0x2936eeb6090 0x80 0x0 0x0 0x1e0005 0x0 0x0 0x2936eeb6090 0x80 0x0 0x0 0x230004 0x0 0x0 0x2936eeb6090 0x80 0x0 0x0 0x0 0x0 0x0 0x0 0x0 0x0 0x9 0x2 0xffffffffffffffff 0xffffffffffffffff oops 4 5 java/util/ArrayList 14 java/util/ArrayList 21 java/util/ArrayList 28 java/util/ArrayList methods 0
ciMethod org/jetbrains/kotlin/types/error/ThrowingScope <init> (Lorg/jetbrains/kotlin/types/error/ErrorScopeKind;[Ljava/lang/String;)V 164 0 80 0 -1
compile org/jetbrains/kotlin/types/TypeSubstitutionKt replace (Lorg/jetbrains/kotlin/types/KotlinType;Ljava/util/List;Lorg/jetbrains/kotlin/descriptors/annotations/Annotations;)Lorg/jetbrains/kotlin/types/KotlinType; -1 4 inline 339 0 -1 org/jetbrains/kotlin/types/TypeSubstitutionKt replace (Lorg/jetbrains/kotlin/types/KotlinType;Ljava/util/List;Lorg/jetbrains/kotlin/descriptors/annotations/Annotations;)Lorg/jetbrains/kotlin/types/KotlinType; 1 3 kotlin/jvm/internal/Intrinsics checkNotNullParameter (Ljava/lang/Object;Ljava/lang/String;)V 1 9 kotlin/jvm/internal/Intrinsics checkNotNullParameter (Ljava/lang/Object;Ljava/lang/String;)V 1 15 kotlin/jvm/internal/Intrinsics checkNotNullParameter (Ljava/lang/Object;Ljava/lang/String;)V 1 24 org/jetbrains/kotlin/types/TypeSubstitutionKt replace$default (Lorg/jetbrains/kotlin/types/KotlinType;Ljava/util/List;Lorg/jetbrains/kotlin/descriptors/annotations/Annotations;Ljava/util/List;ILjava/lang/Object;)Lorg/jetbrains/kotlin/types/KotlinType; 2 37 org/jetbrains/kotlin/types/TypeSubstitutionKt replace (Lorg/jetbrains/kotlin/types/KotlinType;Ljava/util/List;Lorg/jetbrains/kotlin/descriptors/annotations/Annotations;Ljava/util/List;)Lorg/jetbrains/kotlin/types/KotlinType; 3 3 kotlin/jvm/internal/Intrinsics checkNotNullParameter (Ljava/lang/Object;Ljava/lang/String;)V 3 9 kotlin/jvm/internal/Intrinsics checkNotNullParameter (Ljava/lang/Object;Ljava/lang/String;)V 3 15 kotlin/jvm/internal/Intrinsics checkNotNullParameter (Ljava/lang/Object;Ljava/lang/String;)V 3 21 kotlin/jvm/internal/Intrinsics checkNotNullParameter (Ljava/lang/Object;Ljava/lang/String;)V 3 43 org/jetbrains/kotlin/types/KotlinType getAnnotations ()Lorg/jetbrains/kotlin/descriptors/annotations/Annotations; 4 4 org/jetbrains/kotlin/types/AnnotationsTypeAttributeKt getAnnotations (Lorg/jetbrains/kotlin/types/TypeAttributes;)Lorg/jetbrains/kotlin/descriptors/annotations/Annotations; 5 3 kotlin/jvm/internal/Intrinsics checkNotNullParameter (Ljava/lang/Object;Ljava/lang/String;)V 5 7 org/jetbrains/kotlin/types/AnnotationsTypeAttributeKt getAnnotationsAttribute (Lorg/jetbrains/kotlin/types/TypeAttributes;)Lorg/jetbrains/kotlin/types/AnnotationsTypeAttribute; 6 3 kotlin/jvm/internal/Intrinsics checkNotNullParameter (Ljava/lang/Object;Ljava/lang/String;)V 6 15 org/jetbrains/kotlin/util/NullableArrayMapAccessor getValue (Ljava/lang/Object;Lkotlin/reflect/KProperty;)Ljava/lang/Object; 7 6 org/jetbrains/kotlin/util/NullableArrayMapAccessor getValue (Lorg/jetbrains/kotlin/util/AbstractArrayMapOwner;Lkotlin/reflect/KProperty;)Ljava/lang/Object; 8 3 kotlin/jvm/internal/Intrinsics checkNotNullParameter (Ljava/lang/Object;Ljava/lang/String;)V 8 9 kotlin/jvm/internal/Intrinsics checkNotNullParameter (Ljava/lang/Object;Ljava/lang/String;)V 8 14 org/jetbrains/kotlin/util/AbstractArrayMapOwner$AbstractArrayMapAccessor extractValue (Lorg/jetbrains/kotlin/util/AbstractArrayMapOwner;)Ljava/lang/Object; 9 3 kotlin/jvm/internal/Intrinsics checkNotNullParameter (Ljava/lang/Object;Ljava/lang/String;)V 9 7 org/jetbrains/kotlin/util/AttributeArrayOwner getArrayMap ()Lorg/jetbrains/kotlin/util/ArrayMap; 9 14 org/jetbrains/kotlin/util/EmptyArrayMap get (I)Ljava/lang/Object; 10 2 org/jetbrains/kotlin/util/EmptyArrayMap get (I)Ljava/lang/Void; 9 14 org/jetbrains/kotlin/util/OneElementArrayMap get (I)Ljava/lang/Object; 5 14 org/jetbrains/kotlin/types/AnnotationsTypeAttribute getAnnotations ()Lorg/jetbrains/kotlin/descriptors/annotations/Annotations; 5 25 org/jetbrains/kotlin/descriptors/annotations/Annotations$Companion getEMPTY ()Lorg/jetbrains/kotlin/descriptors/annotations/Annotations; 3 52 org/jetbrains/kotlin/types/SimpleTypeImpl getAttributes ()Lorg/jetbrains/kotlin/types/TypeAttributes; 4 3 org/jetbrains/kotlin/types/TypeAttributes$Companion getEmpty ()Lorg/jetbrains/kotlin/types/TypeAttributes; 5 0 org/jetbrains/kotlin/types/TypeAttributes access$getEmpty$cp ()Lorg/jetbrains/kotlin/types/TypeAttributes; 3 81 org/jetbrains/kotlin/types/TypeAttributesKt replaceAnnotations (Lorg/jetbrains/kotlin/types/TypeAttributes;Lorg/jetbrains/kotlin/descriptors/annotations/Annotations;)Lorg/jetbrains/kotlin/types/TypeAttributes; 4 3 kotlin/jvm/internal/Intrinsics checkNotNullParameter (Ljava/lang/Object;Ljava/lang/String;)V 4 9 kotlin/jvm/internal/Intrinsics checkNotNullParameter (Ljava/lang/Object;Ljava/lang/String;)V 4 13 org/jetbrains/kotlin/types/AnnotationsTypeAttributeKt getAnnotations (Lorg/jetbrains/kotlin/types/TypeAttributes;)Lorg/jetbrains/kotlin/descriptors/annotations/Annotations; 5 3 kotlin/jvm/internal/Intrinsics checkNotNullParameter (Ljava/lang/Object;Ljava/lang/String;)V 5 7 org/jetbrains/kotlin/types/AnnotationsTypeAttributeKt getAnnotationsAttribute (Lorg/jetbrains/kotlin/types/TypeAttributes;)Lorg/jetbrains/kotlin/types/AnnotationsTypeAttribute; 6 3 kotlin/jvm/internal/Intrinsics checkNotNullParameter (Ljava/lang/Object;Ljava/lang/String;)V 6 15 org/jetbrains/kotlin/util/NullableArrayMapAccessor getValue (Ljava/lang/Object;Lkotlin/reflect/KProperty;)Ljava/lang/Object; 7 6 org/jetbrains/kotlin/util/NullableArrayMapAccessor getValue (Lorg/jetbrains/kotlin/util/AbstractArrayMapOwner;Lkotlin/reflect/KProperty;)Ljava/lang/Object; 8 3 kotlin/jvm/internal/Intrinsics checkNotNullParameter (Ljava/lang/Object;Ljava/lang/String;)V 8 9 kotlin/jvm/internal/Intrinsics checkNotNullParameter (Ljava/lang/Object;Ljava/lang/String;)V 8 14 org/jetbrains/kotlin/util/AbstractArrayMapOwner$AbstractArrayMapAccessor extractValue (Lorg/jetbrains/kotlin/util/AbstractArrayMapOwner;)Ljava/lang/Object; 9 3 kotlin/jvm/internal/Intrinsics checkNotNullParameter (Ljava/lang/Object;Ljava/lang/String;)V 9 7 org/jetbrains/kotlin/util/AttributeArrayOwner getArrayMap ()Lorg/jetbrains/kotlin/util/ArrayMap; 9 14 org/jetbrains/kotlin/util/EmptyArrayMap get (I)Ljava/lang/Object; 10 2 org/jetbrains/kotlin/util/EmptyArrayMap get (I)Ljava/lang/Void; 9 14 org/jetbrains/kotlin/util/OneElementArrayMap get (I)Ljava/lang/Object; 5 14 org/jetbrains/kotlin/types/AnnotationsTypeAttribute getAnnotations ()Lorg/jetbrains/kotlin/descriptors/annotations/Annotations; 5 25 org/jetbrains/kotlin/descriptors/annotations/Annotations$Companion getEMPTY ()Lorg/jetbrains/kotlin/descriptors/annotations/Annotations; 4 23 org/jetbrains/kotlin/types/AnnotationsTypeAttributeKt getAnnotationsAttribute (Lorg/jetbrains/kotlin/types/TypeAttributes;)Lorg/jetbrains/kotlin/types/AnnotationsTypeAttribute; 5 3 kotlin/jvm/internal/Intrinsics checkNotNullParameter (Ljava/lang/Object;Ljava/lang/String;)V 5 15 org/jetbrains/kotlin/util/NullableArrayMapAccessor getValue (Ljava/lang/Object;Lkotlin/reflect/KProperty;)Ljava/lang/Object; 6 6 org/jetbrains/kotlin/util/NullableArrayMapAccessor getValue (Lorg/jetbrains/kotlin/util/AbstractArrayMapOwner;Lkotlin/reflect/KProperty;)Ljava/lang/Object; 7 3 kotlin/jvm/internal/Intrinsics checkNotNullParameter (Ljava/lang/Object;Ljava/lang/String;)V 7 9 kotlin/jvm/internal/Intrinsics checkNotNullParameter (Ljava/lang/Object;Ljava/lang/String;)V 7 14 org/jetbrains/kotlin/util/AbstractArrayMapOwner$AbstractArrayMapAccessor extractValue (Lorg/jetbrains/kotlin/util/AbstractArrayMapOwner;)Ljava/lang/Object; 8 3 kotlin/jvm/internal/Intrinsics checkNotNullParameter (Ljava/lang/Object;Ljava/lang/String;)V 8 7 org/jetbrains/kotlin/util/AttributeArrayOwner getArrayMap ()Lorg/jetbrains/kotlin/util/ArrayMap; 8 14 org/jetbrains/kotlin/util/EmptyArrayMap get (I)Ljava/lang/Object; 9 2 org/jetbrains/kotlin/util/EmptyArrayMap get (I)Ljava/lang/Void; 8 14 org/jetbrains/kotlin/util/OneElementArrayMap get (I)Ljava/lang/Object; 4 81 org/jetbrains/kotlin/types/AnnotationsTypeAttribute <init> (Lorg/jetbrains/kotlin/descriptors/annotations/Annotations;)V 5 3 kotlin/jvm/internal/Intrinsics checkNotNullParameter (Ljava/lang/Object;Ljava/lang/String;)V 5 7 org/jetbrains/kotlin/types/TypeAttribute <init> ()V 6 1 java/lang/Object <init> ()V 4 87 org/jetbrains/kotlin/types/TypeAttributes plus (Lorg/jetbrains/kotlin/types/TypeAttribute;)Lorg/jetbrains/kotlin/types/TypeAttributes; 5 3 kotlin/jvm/internal/Intrinsics checkNotNullParameter (Ljava/lang/Object;Ljava/lang/String;)V 5 8 org/jetbrains/kotlin/types/TypeAttributes contains (Lorg/jetbrains/kotlin/types/TypeAttribute;)Z 6 3 kotlin/jvm/internal/Intrinsics checkNotNullParameter (Ljava/lang/Object;Ljava/lang/String;)V 6 10 org/jetbrains/kotlin/types/AnnotationsTypeAttribute getKey ()Lkotlin/reflect/KClass; 7 2 kotlin/jvm/internal/Reflection getOrCreateKotlinClass (Ljava/lang/Class;)Lkotlin/reflect/KClass; 8 4 kotlin/reflect/jvm/internal/ReflectionFactoryImpl getOrCreateKotlinClass (Ljava/lang/Class;)Lkotlin/reflect/KClass; 9 1 kotlin/reflect/jvm/internal/KClassCacheKt getOrCreateKotlinClass (Ljava/lang/Class;)Lkotlin/reflect/jvm/internal/KClassImpl; 10 3 kotlin/jvm/internal/Intrinsics checkNotNullParameter (Ljava/lang/Object;Ljava/lang/String;)V 10 7 java/lang/Class getName ()Ljava/lang/String; 10 15 kotlin/reflect/jvm/internal/pcollections/HashPMap get (Ljava/lang/Object;)Ljava/lang/Object; 11 2 java/lang/String hashCode ()I 12 17 java/lang/String isLatin1 ()Z 12 27 java/lang/StringLatin1 hashCode ([B)I 11 5 kotlin/reflect/jvm/internal/pcollections/HashPMap getEntries (I)Lkotlin/reflect/jvm/internal/pcollections/ConsPStack; 12 5 kotlin/reflect/jvm/internal/pcollections/IntTreePMap get (I)Ljava/lang/Object; 13 6 kotlin/reflect/jvm/internal/pcollections/IntTree get (J)Ljava/lang/Object; 14 28 kotlin/reflect/jvm/internal/pcollections/IntTree get (J)Ljava/lang/Object; 14 51 kotlin/reflect/jvm/internal/pcollections/IntTree get (J)Ljava/lang/Object; 12 16 kotlin/reflect/jvm/internal/pcollections/ConsPStack empty ()Lkotlin/reflect/jvm/internal/pcollections/ConsPStack; 11 14 kotlin/reflect/jvm/internal/pcollections/ConsPStack size ()I 11 33 java/lang/String equals (Ljava/lang/Object;)Z 10 51 kotlin/reflect/jvm/internal/KClassImpl getJClass ()Ljava/lang/Class; 10 55 kotlin/jvm/internal/Intrinsics areEqual (Ljava/lang/Object;Ljava/lang/Object;)Z 11 18 java/lang/Object equals (Ljava/lang/Object;)Z 10 215 kotlin/reflect/jvm/internal/KClassImpl <init> (Ljava/lang/Class;)V 11 3 kotlin/jvm/internal/Intrinsics checkNotNullParameter (Ljava/lang/Object;Ljava/lang/String;)V 11 7 kotlin/reflect/jvm/internal/KDeclarationContainerImpl <init> ()V 12 1 java/lang/Object <init> ()V 11 21 kotlin/reflect/jvm/internal/KClassImpl$data$1 <init> (Lkotlin/reflect/jvm/internal/KClassImpl;)V 12 7 kotlin/jvm/internal/Lambda <init> (I)V 13 1 java/lang/Object <init> ()V 11 27 kotlin/reflect/jvm/internal/ReflectProperties lazy (Lkotlin/jvm/functions/Function0;)Lkotlin/reflect/jvm/internal/ReflectProperties$LazyVal; 12 13 kotlin/reflect/jvm/internal/ReflectProperties$LazyVal <init> (Lkotlin/jvm/functions/Function0;)V 13 9 kotlin/reflect/jvm/internal/ReflectProperties$Val <init> ()V 14 1 java/lang/Object <init> ()V 10 228 java/lang/ref/WeakReference <init> (Ljava/lang/Object;)V 11 2 java/lang/ref/Reference <init> (Ljava/lang/Object;)V 12 3 java/lang/ref/Reference <init> (Ljava/lang/Object;Ljava/lang/ref/ReferenceQueue;)V 13 1 java/lang/Object <init> ()V 6 13 org/jetbrains/kotlin/util/TypeRegistry getId (Lkotlin/reflect/KClass;)I 7 3 kotlin/jvm/internal/Intrinsics checkNotNullParameter (Ljava/lang/Object;Ljava/lang/String;)V 7 17 org/jetbrains/kotlin/util/TypeRegistry$getId$1 <init> (Lorg/jetbrains/kotlin/util/TypeRegistry;)V 8 7 kotlin/jvm/internal/Lambda <init> (I)V 9 1 java/lang/Object <init> ()V 7 23 org/jetbrains/kotlin/types/TypeAttributes$Companion customComputeIfAbsent (Ljava/util/concurrent/ConcurrentHashMap;Lkotlin/reflect/KClass;Lkotlin/jvm/functions/Function1;)I 8 3 kotlin/jvm/internal/Intrinsics checkNotNullParameter (Ljava/lang/Object;Ljava/lang/String;)V 8 9 kotlin/jvm/internal/Intrinsics checkNotNullParameter (Ljava/lang/Object;Ljava/lang/String;)V 8 15 kotlin/jvm/internal/Intrinsics checkNotNullParameter (Ljava/lang/Object;Ljava/lang/String;)V 8 20 java/util/concurrent/ConcurrentHashMap get (Ljava/lang/Object;)Ljava/lang/Object; 9 4 java/util/concurrent/ConcurrentHashMap spread (I)I 9 34 java/util/concurrent/ConcurrentHashMap tabAt ([Ljava/util/concurrent/ConcurrentHashMap$Node;I)Ljava/util/concurrent/ConcurrentHashMap$Node; 9 149 java/lang/String equals (Ljava/lang/Object;)Z 8 126 java/lang/Integer intValue ()I 6 18 org/jetbrains/kotlin/util/AttributeArrayOwner getArrayMap ()Lorg/jetbrains/kotlin/util/ArrayMap; 5 17 org/jetbrains/kotlin/util/AbstractArrayMapOwner isEmpty ()Z 6 1 org/jetbrains/kotlin/util/AttributeArrayOwner getArrayMap ()Lorg/jetbrains/kotlin/util/ArrayMap; 6 4 org/jetbrains/kotlin/util/EmptyArrayMap getSize ()I 6 4 org/jetbrains/kotlin/util/OneElementArrayMap getSize ()I 5 28 org/jetbrains/kotlin/types/TypeAttributes <init> (Lorg/jetbrains/kotlin/types/TypeAttribute;)V 6 2 kotlin/collections/CollectionsKt__CollectionsJVMKt listOf (Ljava/lang/Object;)Ljava/util/List; 7 1 java/util/Collections singletonList (Ljava/lang/Object;)Ljava/util/List; 8 5 java/util/Collections$SingletonList <init> (Ljava/lang/Object;)V 9 1 java/util/AbstractList <init> ()V 10 1 java/util/AbstractCollection <init> ()V 11 1 java/lang/Object <init> ()V 7 7 kotlin/jvm/internal/Intrinsics checkNotNullExpressionValue (Ljava/lang/Object;Ljava/lang/String;)V 6 5 org/jetbrains/kotlin/types/TypeAttributes <init> (Ljava/util/List;)V 7 1 org/jetbrains/kotlin/util/AttributeArrayOwner <init> ()V 8 7 kotlin/jvm/internal/Intrinsics checkNotNull (Ljava/lang/Object;Ljava/lang/String;)V 8 13 org/jetbrains/kotlin/util/AttributeArrayOwner <init> (Lorg/jetbrains/kotlin/util/ArrayMap;)V 9 3 kotlin/jvm/internal/Intrinsics checkNotNullParameter (Ljava/lang/Object;Ljava/lang/String;)V 9 7 org/jetbrains/kotlin/util/AbstractArrayMapOwner <init> ()V 10 1 java/lang/Object <init> ()V 7 33 org/jetbrains/kotlin/types/AnnotationsTypeAttribute getKey ()Lkotlin/reflect/KClass; 8 2 kotlin/jvm/internal/Reflection getOrCreateKotlinClass (Ljava/lang/Class;)Lkotlin/reflect/KClass; 9 4 kotlin/reflect/jvm/internal/ReflectionFactoryImpl getOrCreateKotlinClass (Ljava/lang/Class;)Lkotlin/reflect/KClass; 10 1 kotlin/reflect/jvm/internal/KClassCacheKt getOrCreateKotlinClass (Ljava/lang/Class;)Lkotlin/reflect/jvm/internal/KClassImpl; 11 3 kotlin/jvm/internal/Intrinsics checkNotNullParameter (Ljava/lang/Object;Ljava/lang/String;)V 11 7 java/lang/Class getName ()Ljava/lang/String; 11 15 kotlin/reflect/jvm/internal/pcollections/HashPMap get (Ljava/lang/Object;)Ljava/lang/Object; 12 2 java/lang/String hashCode ()I 13 17 java/lang/String isLatin1 ()Z 13 27 java/lang/StringLatin1 hashCode ([B)I 12 5 kotlin/reflect/jvm/internal/pcollections/HashPMap getEntries (I)Lkotlin/reflect/jvm/internal/pcollections/ConsPStack; 13 5 kotlin/reflect/jvm/internal/pcollections/IntTreePMap get (I)Ljava/lang/Object; 14 6 kotlin/reflect/jvm/internal/pcollections/IntTree get (J)Ljava/lang/Object; 15 28 kotlin/reflect/jvm/internal/pcollections/IntTree get (J)Ljava/lang/Object; 15 51 kotlin/reflect/jvm/internal/pcollections/IntTree get (J)Ljava/lang/Object; 13 16 kotlin/reflect/jvm/internal/pcollections/ConsPStack empty ()Lkotlin/reflect/jvm/internal/pcollections/ConsPStack; 12 14 kotlin/reflect/jvm/internal/pcollections/ConsPStack size ()I 12 33 java/lang/String equals (Ljava/lang/Object;)Z 11 51 kotlin/reflect/jvm/internal/KClassImpl getJClass ()Ljava/lang/Class; 11 55 kotlin/jvm/internal/Intrinsics areEqual (Ljava/lang/Object;Ljava/lang/Object;)Z 12 18 java/lang/Object equals (Ljava/lang/Object;)Z 11 215 kotlin/reflect/jvm/internal/KClassImpl <init> (Ljava/lang/Class;)V 12 3 kotlin/jvm/internal/Intrinsics checkNotNullParameter (Ljava/lang/Object;Ljava/lang/String;)V 12 7 kotlin/reflect/jvm/internal/KDeclarationContainerImpl <init> ()V 13 1 java/lang/Object <init> ()V 12 21 kotlin/reflect/jvm/internal/KClassImpl$data$1 <init> (Lkotlin/reflect/jvm/internal/KClassImpl;)V 13 7 kotlin/jvm/internal/Lambda <init> (I)V 14 1 java/lang/Object <init> ()V 12 27 kotlin/reflect/jvm/internal/ReflectProperties lazy (Lkotlin/jvm/functions/Function0;)Lkotlin/reflect/jvm/internal/ReflectProperties$LazyVal; 13 13 kotlin/reflect/jvm/internal/ReflectProperties$LazyVal <init> (Lkotlin/jvm/functions/Function0;)V 14 9 kotlin/reflect/jvm/internal/ReflectProperties$Val <init> ()V 15 1 java/lang/Object <init> ()V 11 228 java/lang/ref/WeakReference <init> (Ljava/lang/Object;)V 12 2 java/lang/ref/Reference <init> (Ljava/lang/Object;)V 13 3 java/lang/ref/Reference <init> (Ljava/lang/Object;Ljava/lang/ref/ReferenceQueue;)V 14 1 java/lang/Object <init> ()V 7 37 org/jetbrains/kotlin/util/AttributeArrayOwner registerComponent (Lkotlin/reflect/KClass;Ljava/lang/Object;)V 8 3 kotlin/jvm/internal/Intrinsics checkNotNullParameter (Ljava/lang/Object;Ljava/lang/String;)V 8 9 kotlin/jvm/internal/Intrinsics checkNotNullParameter (Ljava/lang/Object;Ljava/lang/String;)V 8 13 org/jetbrains/kotlin/types/TypeAttributes getTypeRegistry ()Lorg/jetbrains/kotlin/util/TypeRegistry; 8 17 org/jetbrains/kotlin/util/TypeRegistry getId (Lkotlin/reflect/KClass;)I 9 3 kotlin/jvm/internal/Intrinsics checkNotNullParameter (Ljava/lang/Object;Ljava/lang/String;)V 9 17 org/jetbrains/kotlin/util/TypeRegistry$getId$1 <init> (Lorg/jetbrains/kotlin/util/TypeRegistry;)V 10 7 kotlin/jvm/internal/Lambda <init> (I)V 11 1 java/lang/Object <init> ()V 9 23 org/jetbrains/kotlin/types/TypeAttributes$Companion customComputeIfAbsent (Ljava/util/concurrent/ConcurrentHashMap;Lkotlin/reflect/KClass;Lkotlin/jvm/functions/Function1;)I 10 3 kotlin/jvm/internal/Intrinsics checkNotNullParameter (Ljava/lang/Object;Ljava/lang/String;)V 10 9 kotlin/jvm/internal/Intrinsics checkNotNullParameter (Ljava/lang/Object;Ljava/lang/String;)V 10 15 kotlin/jvm/internal/Intrinsics checkNotNullParameter (Ljava/lang/Object;Ljava/lang/String;)V 10 20 java/util/concurrent/ConcurrentHashMap get (Ljava/lang/Object;)Ljava/lang/Object; 11 4 java/util/concurrent/ConcurrentHashMap spread (I)I 11 34 java/util/concurrent/ConcurrentHashMap tabAt ([Ljava/util/concurrent/ConcurrentHashMap$Node;I)Ljava/util/concurrent/ConcurrentHashMap$Node; 11 149 java/lang/String equals (Ljava/lang/Object;)Z 10 126 java/lang/Integer intValue ()I 8 76 kotlin/jvm/internal/Intrinsics checkNotNull (Ljava/lang/Object;Ljava/lang/String;)V 8 86 org/jetbrains/kotlin/util/OneElementArrayMap getIndex ()I 8 100 org/jetbrains/kotlin/util/OneElementArrayMap <init> (Ljava/lang/Object;I)V 9 3 kotlin/jvm/internal/Intrinsics checkNotNullParameter (Ljava/lang/Object;Ljava/lang/String;)V 9 8 org/jetbrains/kotlin/util/ArrayMap <init> (Lkotlin/jvm/internal/DefaultConstructorMarker;)V 10 1 org/jetbrains/kotlin/util/ArrayMap <init> ()V 11 1 java/lang/Object <init> ()V 8 59 org/jetbrains/kotlin/util/OneElementArrayMap <init> (Ljava/lang/Object;I)V 9 3 kotlin/jvm/internal/Intrinsics checkNotNullParameter (Ljava/lang/Object;Ljava/lang/String;)V 9 8 org/jetbrains/kotlin/util/ArrayMap <init> (Lkotlin/jvm/internal/DefaultConstructorMarker;)V 10 1 org/jetbrains/kotlin/util/ArrayMap <init> ()V 11 1 java/lang/Object <init> ()V 5 51 org/jetbrains/kotlin/types/TypeAttributes$Companion create (Ljava/util/List;)Lorg/jetbrains/kotlin/types/TypeAttributes; 6 3 kotlin/jvm/internal/Intrinsics checkNotNullParameter (Ljava/lang/Object;Ljava/lang/String;)V 6 7 java/util/AbstractCollection isEmpty ()Z 7 1 java/util/Collections$SingletonList size ()I 6 7 java/util/ArrayList isEmpty ()Z 6 16 org/jetbrains/kotlin/types/TypeAttributes$Companion getEmpty ()Lorg/jetbrains/kotlin/types/TypeAttributes; 7 0 org/jetbrains/kotlin/types/TypeAttributes access$getEmpty$cp ()Lorg/jetbrains/kotlin/types/TypeAttributes; 6 28 org/jetbrains/kotlin/types/TypeAttributes <init> (Ljava/util/List;Lkotlin/jvm/internal/DefaultConstructorMarker;)V 7 2 org/jetbrains/kotlin/types/TypeAttributes <init> (Ljava/util/List;)V 8 1 org/jetbrains/kotlin/util/AttributeArrayOwner <init> ()V 9 7 kotlin/jvm/internal/Intrinsics checkNotNull (Ljava/lang/Object;Ljava/lang/String;)V 9 13 org/jetbrains/kotlin/util/AttributeArrayOwner <init> (Lorg/jetbrains/kotlin/util/ArrayMap;)V 10 3 kotlin/jvm/internal/Intrinsics checkNotNullParameter (Ljava/lang/Object;Ljava/lang/String;)V 10 7 org/jetbrains/kotlin/util/AbstractArrayMapOwner <init> ()V 11 1 java/lang/Object <init> ()V 8 33 org/jetbrains/kotlin/types/AnnotationsTypeAttribute getKey ()Lkotlin/reflect/KClass; 9 2 kotlin/jvm/internal/Reflection getOrCreateKotlinClass (Ljava/lang/Class;)Lkotlin/reflect/KClass; 10 4 kotlin/reflect/jvm/internal/ReflectionFactoryImpl getOrCreateKotlinClass (Ljava/lang/Class;)Lkotlin/reflect/KClass; 11 1 kotlin/reflect/jvm/internal/KClassCacheKt getOrCreateKotlinClass (Ljava/lang/Class;)Lkotlin/reflect/jvm/internal/KClassImpl; 12 3 kotlin/jvm/internal/Intrinsics checkNotNullParameter (Ljava/lang/Object;Ljava/lang/String;)V 12 7 java/lang/Class getName ()Ljava/lang/String; 12 15 kotlin/reflect/jvm/internal/pcollections/HashPMap get (Ljava/lang/Object;)Ljava/lang/Object; 13 2 java/lang/String hashCode ()I 14 17 java/lang/String isLatin1 ()Z 14 27 java/lang/StringLatin1 hashCode ([B)I 13 5 kotlin/reflect/jvm/internal/pcollections/HashPMap getEntries (I)Lkotlin/reflect/jvm/internal/pcollections/ConsPStack; 14 5 kotlin/reflect/jvm/internal/pcollections/IntTreePMap get (I)Ljava/lang/Object; 15 6 kotlin/reflect/jvm/internal/pcollections/IntTree get (J)Ljava/lang/Object; 16 28 kotlin/reflect/jvm/internal/pcollections/IntTree get (J)Ljava/lang/Object; 16 51 kotlin/reflect/jvm/internal/pcollections/IntTree get (J)Ljava/lang/Object; 14 16 kotlin/reflect/jvm/internal/pcollections/ConsPStack empty ()Lkotlin/reflect/jvm/internal/pcollections/ConsPStack; 13 14 kotlin/reflect/jvm/internal/pcollections/ConsPStack size ()I 13 33 java/lang/String equals (Ljava/lang/Object;)Z 12 51 kotlin/reflect/jvm/internal/KClassImpl getJClass ()Ljava/lang/Class; 12 55 kotlin/jvm/internal/Intrinsics areEqual (Ljava/lang/Object;Ljava/lang/Object;)Z 13 18 java/lang/Object equals (Ljava/lang/Object;)Z 12 215 kotlin/reflect/jvm/internal/KClassImpl <init> (Ljava/lang/Class;)V 13 3 kotlin/jvm/internal/Intrinsics checkNotNullParameter (Ljava/lang/Object;Ljava/lang/String;)V 13 7 kotlin/reflect/jvm/internal/KDeclarationContainerImpl <init> ()V 14 1 java/lang/Object <init> ()V 13 21 kotlin/reflect/jvm/internal/KClassImpl$data$1 <init> (Lkotlin/reflect/jvm/internal/KClassImpl;)V 14 7 kotlin/jvm/internal/Lambda <init> (I)V 15 1 java/lang/Object <init> ()V 13 27 kotlin/reflect/jvm/internal/ReflectProperties lazy (Lkotlin/jvm/functions/Function0;)Lkotlin/reflect/jvm/internal/ReflectProperties$LazyVal; 14 13 kotlin/reflect/jvm/internal/ReflectProperties$LazyVal <init> (Lkotlin/jvm/functions/Function0;)V 15 9 kotlin/reflect/jvm/internal/ReflectProperties$Val <init> ()V 16 1 java/lang/Object <init> ()V 12 228 java/lang/ref/WeakReference <init> (Ljava/lang/Object;)V 13 2 java/lang/ref/Reference <init> (Ljava/lang/Object;)V 14 3 java/lang/ref/Reference <init> (Ljava/lang/Object;Ljava/lang/ref/ReferenceQueue;)V 15 1 java/lang/Object <init> ()V 8 37 org/jetbrains/kotlin/util/AttributeArrayOwner registerComponent (Lkotlin/reflect/KClass;Ljava/lang/Object;)V 9 3 kotlin/jvm/internal/Intrinsics checkNotNullParameter (Ljava/lang/Object;Ljava/lang/String;)V 9 9 kotlin/jvm/internal/Intrinsics checkNotNullParameter (Ljava/lang/Object;Ljava/lang/String;)V 9 13 org/jetbrains/kotlin/types/TypeAttributes getTypeRegistry ()Lorg/jetbrains/kotlin/util/TypeRegistry; 9 17 org/jetbrains/kotlin/util/TypeRegistry getId (Lkotlin/reflect/KClass;)I 10 3 kotlin/jvm/internal/Intrinsics checkNotNullParameter (Ljava/lang/Object;Ljava/lang/String;)V 10 17 org/jetbrains/kotlin/util/TypeRegistry$getId$1 <init> (Lorg/jetbrains/kotlin/util/TypeRegistry;)V 11 7 kotlin/jvm/internal/Lambda <init> (I)V 12 1 java/lang/Object <init> ()V 10 23 org/jetbrains/kotlin/types/TypeAttributes$Companion customComputeIfAbsent (Ljava/util/concurrent/ConcurrentHashMap;Lkotlin/reflect/KClass;Lkotlin/jvm/functions/Function1;)I 11 3 kotlin/jvm/internal/Intrinsics checkNotNullParameter (Ljava/lang/Object;Ljava/lang/String;)V 11 9 kotlin/jvm/internal/Intrinsics checkNotNullParameter (Ljava/lang/Object;Ljava/lang/String;)V 11 15 kotlin/jvm/internal/Intrinsics checkNotNullParameter (Ljava/lang/Object;Ljava/lang/String;)V 11 20 java/util/concurrent/ConcurrentHashMap get (Ljava/lang/Object;)Ljava/lang/Object; 12 4 java/util/concurrent/ConcurrentHashMap spread (I)I 12 34 java/util/concurrent/ConcurrentHashMap tabAt ([Ljava/util/concurrent/ConcurrentHashMap$Node;I)Ljava/util/concurrent/ConcurrentHashMap$Node; 12 149 java/lang/String equals (Ljava/lang/Object;)Z 11 126 java/lang/Integer intValue ()I 9 76 kotlin/jvm/internal/Intrinsics checkNotNull (Ljava/lang/Object;Ljava/lang/String;)V 9 86 org/jetbrains/kotlin/util/OneElementArrayMap getIndex ()I 9 100 org/jetbrains/kotlin/util/OneElementArrayMap <init> (Ljava/lang/Object;I)V 10 3 kotlin/jvm/internal/Intrinsics checkNotNullParameter (Ljava/lang/Object;Ljava/lang/String;)V 10 8 org/jetbrains/kotlin/util/ArrayMap <init> (Lkotlin/jvm/internal/DefaultConstructorMarker;)V 11 1 org/jetbrains/kotlin/util/ArrayMap <init> ()V 12 1 java/lang/Object <init> ()V 9 59 org/jetbrains/kotlin/util/OneElementArrayMap <init> (Ljava/lang/Object;I)V 10 3 kotlin/jvm/internal/Intrinsics checkNotNullParameter (Ljava/lang/Object;Ljava/lang/String;)V 10 8 org/jetbrains/kotlin/util/ArrayMap <init> (Lkotlin/jvm/internal/DefaultConstructorMarker;)V 11 1 org/jetbrains/kotlin/util/ArrayMap <init> ()V 12 1 java/lang/Object <init> ()V 3 87 org/jetbrains/kotlin/types/UnwrappedType unwrap ()Lorg/jetbrains/kotlin/types/UnwrappedType; 3 105 org/jetbrains/kotlin/types/FlexibleType getLowerBound ()Lorg/jetbrains/kotlin/types/SimpleType; 3 119 org/jetbrains/kotlin/types/FlexibleType getUpperBound ()Lorg/jetbrains/kotlin/types/SimpleType; 3 153 org/jetbrains/kotlin/types/TypeSubstitutionKt replace (Lorg/jetbrains/kotlin/types/SimpleType;Ljava/util/List;Lorg/jetbrains/kotlin/types/TypeAttributes;)Lorg/jetbrains/kotlin/types/SimpleType; 4 3 kotlin/jvm/internal/Intrinsics checkNotNullParameter (Ljava/lang/Object;Ljava/lang/String;)V 4 9 kotlin/jvm/internal/Intrinsics checkNotNullParameter (Ljava/lang/Object;Ljava/lang/String;)V 4 15 kotlin/jvm/internal/Intrinsics checkNotNullParameter (Ljava/lang/Object;Ljava/lang/String;)V 4 19 java/util/ArrayList isEmpty ()Z 4 29 org/jetbrains/kotlin/types/SimpleTypeImpl getAttributes ()Lorg/jetbrains/kotlin/types/TypeAttributes; 5 3 org/jetbrains/kotlin/types/TypeAttributes$Companion getEmpty ()Lorg/jetbrains/kotlin/types/TypeAttributes; 6 0 org/jetbrains/kotlin/types/TypeAttributes access$getEmpty$cp ()Lorg/jetbrains/kotlin/types/TypeAttributes; 4 38 java/util/ArrayList isEmpty ()Z 4 38 java/util/AbstractCollection isEmpty ()Z 5 1 java/util/Collections$SingletonList size ()I 4 54 org/jetbrains/kotlin/types/SimpleTypeImpl getConstructor ()Lorg/jetbrains/kotlin/types/TypeConstructor; 4 59 org/jetbrains/kotlin/types/SimpleTypeImpl isMarkedNullable ()Z 4 66 org/jetbrains/kotlin/types/KotlinTypeFactory simpleType$default (Lorg/jetbrains/kotlin/types/TypeAttributes;Lorg/jetbrains/kotlin/types/TypeConstructor;Ljava/util/List;ZLorg/jetbrains/kotlin/types/checker/KotlinTypeRefiner;ILjava/lang/Object;)Lorg/jetbrains/kotlin/types/SimpleType; 5 17 org/jetbrains/kotlin/types/KotlinTypeFactory simpleType (Lorg/jetbrains/kotlin/types/TypeAttributes;Lorg/jetbrains/kotlin/types/TypeConstructor;Ljava/util/List;ZLorg/jetbrains/kotlin/types/checker/KotlinTypeRefiner;)Lorg/jetbrains/kotlin/types/SimpleType; 6 3 kotlin/jvm/internal/Intrinsics checkNotNullParameter (Ljava/lang/Object;Ljava/lang/String;)V 6 9 kotlin/jvm/internal/Intrinsics checkNotNullParameter (Ljava/lang/Object;Ljava/lang/String;)V 6 15 kotlin/jvm/internal/Intrinsics checkNotNullParameter (Ljava/lang/Object;Ljava/lang/String;)V 6 19 org/jetbrains/kotlin/util/AbstractArrayMapOwner isEmpty ()Z 7 1 org/jetbrains/kotlin/util/AttributeArrayOwner getArrayMap ()Lorg/jetbrains/kotlin/util/ArrayMap; 7 4 org/jetbrains/kotlin/util/EmptyArrayMap getSize ()I 7 4 org/jetbrains/kotlin/util/OneElementArrayMap getSize ()I 6 54 kotlin/jvm/internal/Intrinsics checkNotNull (Ljava/lang/Object;)V 6 65 kotlin/jvm/internal/Intrinsics checkNotNullExpressionValue (Ljava/lang/Object;Ljava/lang/String;)V 6 84 org/jetbrains/kotlin/types/KotlinTypeFactory computeMemberScope (Lorg/jetbrains/kotlin/types/TypeConstructor;Ljava/util/List;Lorg/jetbrains/kotlin/types/checker/KotlinTypeRefiner;)Lorg/jetbrains/kotlin/resolve/scopes/MemberScope; 7 25 org/jetbrains/kotlin/descriptors/impl/AbstractTypeParameterDescriptor getDefaultType ()Lorg/jetbrains/kotlin/types/SimpleType; 7 30 org/jetbrains/kotlin/types/SimpleTypeImpl getMemberScope ()Lorg/jetbrains/kotlin/resolve/scopes/MemberScope; 7 55 org/jetbrains/kotlin/resolve/descriptorUtil/DescriptorUtilsKt getModule (Lorg/jetbrains/kotlin/descriptors/DeclarationDescriptor;)Lorg/jetbrains/kotlin/descriptors/ModuleDescriptor; 8 3 kotlin/jvm/internal/Intrinsics checkNotNullParameter (Ljava/lang/Object;Ljava/lang/String;)V 8 7 org/jetbrains/kotlin/resolve/DescriptorUtils getContainingModule (Lorg/jetbrains/kotlin/descriptors/DeclarationDescriptor;)Lorg/jetbrains/kotlin/descriptors/ModuleDescriptor; 9 10 org/jetbrains/kotlin/resolve/DescriptorUtils getContainingModuleOrNull (Lorg/jetbrains/kotlin/descriptors/DeclarationDescriptor;)Lorg/jetbrains/kotlin/descriptors/ModuleDescriptor; 8 14 kotlin/jvm/internal/Intrinsics checkNotNullExpressionValue (Ljava/lang/Object;Ljava/lang/String;)V 7 58 org/jetbrains/kotlin/resolve/descriptorUtil/DescriptorUtilsKt getKotlinTypeRefiner (Lorg/jetbrains/kotlin/descriptors/ModuleDescriptor;)Lorg/jetbrains/kotlin/types/checker/KotlinTypeRefiner; 8 3 kotlin/jvm/internal/Intrinsics checkNotNullParameter (Ljava/lang/Object;Ljava/lang/String;)V 8 7 org/jetbrains/kotlin/types/checker/KotlinTypeRefinerKt getREFINER_CAPABILITY ()Lorg/jetbrains/kotlin/descriptors/ModuleCapability; 8 10 org/jetbrains/kotlin/descriptors/impl/ModuleDescriptorImpl getCapability (Lorg/jetbrains/kotlin/descriptors/ModuleCapability;)Ljava/lang/Object; 9 4 kotlin/jvm/internal/Intrinsics checkNotNullParameter (Ljava/lang/Object;Ljava/lang/String;)V 9 12 kotlin/collections/EmptyMap get (Ljava/lang/Object;)Ljava/lang/Object; 10 2 kotlin/collections/EmptyMap get (Ljava/lang/Object;)Ljava/lang/Void; 7 64 java/util/ArrayList isEmpty ()Z 7 79 org/jetbrains/kotlin/descriptors/impl/ModuleAwareClassDescriptorKt getRefinedUnsubstitutedMemberScopeIfPossible (Lorg/jetbrains/kotlin/descriptors/ClassDescriptor;Lorg/jetbrains/kotlin/types/checker/KotlinTypeRefiner;)Lorg/jetbrains/kotlin/resolve/scopes/MemberScope; 8 3 kotlin/jvm/internal/Intrinsics checkNotNullParameter (Ljava/lang/Object;Ljava/lang/String;)V 8 9 kotlin/jvm/internal/Intrinsics checkNotNullParameter (Ljava/lang/Object;Ljava/lang/String;)V 7 95 org/jetbrains/kotlin/types/TypeConstructorSubstitution$Companion create (Lorg/jetbrains/kotlin/types/TypeConstructor;Ljava/util/List;)Lorg/jetbrains/kotlin/types/TypeSubstitution; 8 3 kotlin/jvm/internal/Intrinsics checkNotNullParameter (Ljava/lang/Object;Ljava/lang/String;)V 8 9 kotlin/jvm/internal/Intrinsics checkNotNullParameter (Ljava/lang/Object;Ljava/lang/String;)V 8 21 kotlin/jvm/internal/Intrinsics checkNotNullExpressionValue (Ljava/lang/Object;Ljava/lang/String;)V 8 26 kotlin/collections/CollectionsKt___CollectionsKt lastOrNull (Ljava/util/List;)Ljava/lang/Object; 8 36 org/jetbrains/kotlin/descriptors/impl/AbstractTypeParameterDescriptor isCapturedFromOuterDeclaration ()Z 7 137 org/jetbrains/kotlin/name/Name toString ()Ljava/lang/String;
